{
"type": "FeatureCollection",
"name": "tehran_speed_cameras",
"crs": { "type": "name", "properties": { "name": "urn:ogc:def:crs:OGC:1.3:CRS84" } },
"features": [
{ "type": "Feature", "properties": { "camera_id": 1332, "type": "report_map_camera_speed", "highway": 11, "zoom_level": 14, "longitude": 51.204839944839478, "latitude": 35.639510823531019, "tile_x": 10522, "tile_y": 6454, "zoom": 14 }, "geometry": { "type": "Point", "coordinates": [ 51.204839944839478, 35.639510823531019 ] } },
{ "type": "Feature", "properties": { "camera_id": 1345, "type": "report_map_camera_speed", "highway": 13, "zoom_level": 14, "longitude": 51.205000877380371, "latitude": 35.69454997247729, "tile_x": 10522, "tile_y": 6450, "zoom": 14 }, "geometry": { "type": "Point", "coordinates": [ 51.205000877380371, 35.69454997247729 ] } },
{ "type": "Feature", "properties": { "camera_id": 1355, "type": "report_map_camera_speed", "highway": 15, "zoom_level": 14, "longitude": 51.205290555953979, "latitude": 35.694610965599544, "tile_x": 10522, "tile_y": 6450, "zoom": 14 }, "geometry": { "type": "Point", "coordinates": [ 51.205290555953979, 35.694610965599544 ] } },
{ "type": "Feature", "properties": { "camera_id": 1386, "type": "report_map_camera_speed", "highway": 15, "zoom_level": 14, "longitude": 51.209662556648254, "latitude": 35.692811648883669, "tile_x": 10522, "tile_y": 6450, "zoom": 14 }, "geometry": { "type": "Point", "coordinates": [ 51.209662556648254, 35.692811648883669 ] } },
{ "type": "Feature", "properties": { "camera_id": 1405, "type": "report_map_camera_speed", "highway": 0, "zoom_level": 14, "longitude": 51.209871768951416, "latitude": 35.693029485996938, "tile_x": 10522, "tile_y": 6450, "zoom": 14 }, "geometry": { "type": "Point", "coordinates": [ 51.209871768951416, 35.693029485996938 ] } },
{ "type": "Feature", "properties": { "camera_id": 1424, "type": "report_map_camera_speed", "highway": 17, "zoom_level": 14, "longitude": 51.21126115322113, "latitude": 35.6138326742986, "tile_x": 10522, "tile_y": 6455, "zoom": 14 }, "geometry": { "type": "Point", "coordinates": [ 51.21126115322113, 35.6138326742986 ] } },
{ "type": "Feature", "properties": { "camera_id": 1491, "type": "report_map_camera_speed", "highway": 0, "zoom_level": 14, "longitude": 51.213696599006653, "latitude": 35.615245644721739, "tile_x": 10522, "tile_y": 6455, "zoom": 14 }, "geometry": { "type": "Point", "coordinates": [ 51.213696599006653, 35.615245644721739 ] } },
{ "type": "Feature", "properties": { "camera_id": 1501, "type": "report_map_camera_speed", "highway": 15, "zoom_level": 14, "longitude": 51.427441835403442, "latitude": 35.77429344347626, "tile_x": 10532, "tile_y": 6446, "zoom": 14 }, "geometry": { "type": "Point", "coordinates": [ 51.427441835403442, 35.77429344347626 ] } },
{ "type": "Feature", "properties": { "camera_id": 1502, "type": "report_map_camera_speed", "highway": 15, "zoom_level": 14, "longitude": 51.427592039108283, "latitude": 35.774202045274421, "tile_x": 10532, "tile_y": 6446, "zoom": 14 }, "geometry": { "type": "Point", "coordinates": [ 51.427592039108283, 35.774202045274421 ] } },
{ "type": "Feature", "properties": { "camera_id": 1543, "type": "report_map_camera_speed", "highway": 15, "zoom_level": 14, "longitude": 51.429142355918877, "latitude": 35.749189809802573, "tile_x": 10532, "tile_y": 6447, "zoom": 14 }, "geometry": { "type": "Point", "coordinates": [ 51.429142355918877, 35.749189809802573 ] } },
{ "type": "Feature", "properties": { "camera_id": 1563, "type": "report_map_camera_speed", "highway": 15, "zoom_level": 14, "longitude": 51.429909467697136, "latitude": 35.779481207283069, "tile_x": 10532, "tile_y": 6446, "zoom": 14 }, "geometry": { "type": "Point", "coordinates": [ 51.429909467697136, 35.779481207283069 ] } },
{ "type": "Feature", "properties": { "camera_id": 1575, "type": "report_map_camera_speed", "highway": 11, "zoom_level": 14, "longitude": 51.430204510688782, "latitude": 35.647680404818594, "tile_x": 10532, "tile_y": 6453, "zoom": 14 }, "geometry": { "type": "Point", "coordinates": [ 51.430204510688782, 35.647680404818594 ] } },
{ "type": "Feature", "properties": { "camera_id": 1618, "type": "report_map_camera_speed", "highway": 0, "zoom_level": 14, "longitude": 51.432607769966125, "latitude": 35.78050827474015, "tile_x": 10532, "tile_y": 6446, "zoom": 14 }, "geometry": { "type": "Point", "coordinates": [ 51.432607769966125, 35.78050827474015 ] } },
{ "type": "Feature", "properties": { "camera_id": 1621, "type": "report_map_camera_speed", "highway": 13, "zoom_level": 14, "longitude": 51.217199563980103, "latitude": 35.63894406599227, "tile_x": 10522, "tile_y": 6454, "zoom": 14 }, "geometry": { "type": "Point", "coordinates": [ 51.217199563980103, 35.63894406599227 ] } },
{ "type": "Feature", "properties": { "camera_id": 1651, "type": "report_map_camera_speed", "highway": 15, "zoom_level": 14, "longitude": 51.433873772621162, "latitude": 35.577479358107993, "tile_x": 10532, "tile_y": 6457, "zoom": 14 }, "geometry": { "type": "Point", "coordinates": [ 51.433873772621162, 35.577479358107993 ] } },
{ "type": "Feature", "properties": { "camera_id": 1662, "type": "report_map_camera_speed", "highway": 0, "zoom_level": 14, "longitude": 51.433948874473572, "latitude": 35.782157647680094, "tile_x": 10532, "tile_y": 6445, "zoom": 14 }, "geometry": { "type": "Point", "coordinates": [ 51.433948874473572, 35.782157647680094 ] } },
{ "type": "Feature", "properties": { "camera_id": 1664, "type": "report_map_camera_speed", "highway": 8, "zoom_level": 14, "longitude": 51.218465566635132, "latitude": 35.572326442751887, "tile_x": 10522, "tile_y": 6457, "zoom": 14 }, "geometry": { "type": "Point", "coordinates": [ 51.218465566635132, 35.572326442751887 ] } },
{ "type": "Feature", "properties": { "camera_id": 1665, "type": "report_map_camera_speed", "highway": 15, "zoom_level": 14, "longitude": 51.434109807014472, "latitude": 35.782127184637815, "tile_x": 10532, "tile_y": 6445, "zoom": 14 }, "geometry": { "type": "Point", "coordinates": [ 51.434109807014472, 35.782127184637815 ] } },
{ "type": "Feature", "properties": { "camera_id": 1704, "type": "report_map_camera_speed", "highway": 13, "zoom_level": 14, "longitude": 51.435091495513923, "latitude": 35.626753446390325, "tile_x": 10532, "tile_y": 6454, "zoom": 14 }, "geometry": { "type": "Point", "coordinates": [ 51.435091495513923, 35.626753446390325 ] } },
{ "type": "Feature", "properties": { "camera_id": 1712, "type": "report_map_camera_speed", "highway": 15, "zoom_level": 14, "longitude": 51.435649394989007, "latitude": 35.744448525862637, "tile_x": 10532, "tile_y": 6448, "zoom": 14 }, "geometry": { "type": "Point", "coordinates": [ 51.435649394989007, 35.744448525862637 ] } },
{ "type": "Feature", "properties": { "camera_id": 1715, "type": "report_map_camera_speed", "highway": 13, "zoom_level": 14, "longitude": 51.221652030944817, "latitude": 35.665729862893102, "tile_x": 10523, "tile_y": 6452, "zoom": 14 }, "geometry": { "type": "Point", "coordinates": [ 51.221652030944817, 35.665729862893102 ] } },
{ "type": "Feature", "properties": { "camera_id": 1721, "type": "report_map_camera_speed", "highway": 15, "zoom_level": 14, "longitude": 51.435762047767639, "latitude": 35.744169874126662, "tile_x": 10532, "tile_y": 6448, "zoom": 14 }, "geometry": { "type": "Point", "coordinates": [ 51.435762047767639, 35.744169874126662 ] } },
{ "type": "Feature", "properties": { "camera_id": 1730, "type": "report_map_camera_speed", "highway": 0, "zoom_level": 14, "longitude": 51.435799598693848, "latitude": 35.783576342145736, "tile_x": 10532, "tile_y": 6445, "zoom": 14 }, "geometry": { "type": "Point", "coordinates": [ 51.435799598693848, 35.783576342145736 ] } },
{ "type": "Feature", "properties": { "camera_id": 1744, "type": "report_map_camera_speed", "highway": 13, "zoom_level": 14, "longitude": 51.436067819595337, "latitude": 35.778941556352692, "tile_x": 10532, "tile_y": 6446, "zoom": 14 }, "geometry": { "type": "Point", "coordinates": [ 51.436067819595337, 35.778941556352692 ] } },
{ "type": "Feature", "properties": { "camera_id": 1752, "type": "report_map_camera_speed", "highway": 13, "zoom_level": 14, "longitude": 51.222236752510071, "latitude": 35.668279385027603, "tile_x": 10523, "tile_y": 6452, "zoom": 14 }, "geometry": { "type": "Point", "coordinates": [ 51.222236752510071, 35.668279385027603 ] } },
{ "type": "Feature", "properties": { "camera_id": 1754, "type": "report_map_camera_speed", "highway": 0, "zoom_level": 14, "longitude": 51.436148285865777, "latitude": 35.627294128431188, "tile_x": 10532, "tile_y": 6454, "zoom": 14 }, "geometry": { "type": "Point", "coordinates": [ 51.436148285865777, 35.627294128431188 ] } },
{ "type": "Feature", "properties": { "camera_id": 1770, "type": "report_map_camera_speed", "highway": 0, "zoom_level": 14, "longitude": 51.436561346054077, "latitude": 35.627638593308454, "tile_x": 10532, "tile_y": 6454, "zoom": 14 }, "geometry": { "type": "Point", "coordinates": [ 51.436561346054077, 35.627638593308454 ] } },
{ "type": "Feature", "properties": { "camera_id": 1777, "type": "report_map_camera_speed", "highway": 15, "zoom_level": 14, "longitude": 51.436679363250732, "latitude": 35.784224755418578, "tile_x": 10532, "tile_y": 6445, "zoom": 14 }, "geometry": { "type": "Point", "coordinates": [ 51.436679363250732, 35.784224755418578 ] } },
{ "type": "Feature", "properties": { "camera_id": 1792, "type": "report_map_camera_speed", "highway": 15, "zoom_level": 14, "longitude": 51.437355279922485, "latitude": 35.749751430789182, "tile_x": 10532, "tile_y": 6447, "zoom": 14 }, "geometry": { "type": "Point", "coordinates": [ 51.437355279922485, 35.749751430789182 ] } },
{ "type": "Feature", "properties": { "camera_id": 1799, "type": "report_map_camera_speed", "highway": 8, "zoom_level": 14, "longitude": 51.275897026062012, "latitude": 35.615690463578026, "tile_x": 10525, "tile_y": 6455, "zoom": 14 }, "geometry": { "type": "Point", "coordinates": [ 51.275897026062012, 35.615690463578026 ] } },
{ "type": "Feature", "properties": { "camera_id": 1806, "type": "report_map_camera_speed", "highway": 13, "zoom_level": 14, "longitude": 51.222445964813232, "latitude": 35.668514721427506, "tile_x": 10523, "tile_y": 6452, "zoom": 14 }, "geometry": { "type": "Point", "coordinates": [ 51.222445964813232, 35.668514721427506 ] } },
{ "type": "Feature", "properties": { "camera_id": 1809, "type": "report_map_camera_speed", "highway": 11, "zoom_level": 14, "longitude": 51.437580585479736, "latitude": 35.646756246490874, "tile_x": 10532, "tile_y": 6453, "zoom": 14 }, "geometry": { "type": "Point", "coordinates": [ 51.437580585479736, 35.646756246490874 ] } },
{ "type": "Feature", "properties": { "camera_id": 1833, "type": "report_map_camera_speed", "highway": 13, "zoom_level": 14, "longitude": 51.438294053077698, "latitude": 35.724365687864299, "tile_x": 10532, "tile_y": 6449, "zoom": 14 }, "geometry": { "type": "Point", "coordinates": [ 51.438294053077698, 35.724365687864299 ] } },
{ "type": "Feature", "properties": { "camera_id": 1842, "type": "report_map_camera_speed", "highway": 0, "zoom_level": 14, "longitude": 51.438707113265991, "latitude": 35.628432164972459, "tile_x": 10533, "tile_y": 6454, "zoom": 14 }, "geometry": { "type": "Point", "coordinates": [ 51.438707113265991, 35.628432164972459 ] } },
{ "type": "Feature", "properties": { "camera_id": 1857, "type": "report_map_camera_speed", "highway": 13, "zoom_level": 14, "longitude": 51.438959240913391, "latitude": 35.683535592592335, "tile_x": 10533, "tile_y": 6451, "zoom": 14 }, "geometry": { "type": "Point", "coordinates": [ 51.438959240913391, 35.683535592592335 ] } },
{ "type": "Feature", "properties": { "camera_id": 1883, "type": "report_map_camera_speed", "highway": 13, "zoom_level": 14, "longitude": 51.439822912216187, "latitude": 35.674227953360841, "tile_x": 10533, "tile_y": 6452, "zoom": 14 }, "geometry": { "type": "Point", "coordinates": [ 51.439822912216187, 35.674227953360841 ] } },
{ "type": "Feature", "properties": { "camera_id": 1884, "type": "report_map_camera_speed", "highway": 15, "zoom_level": 14, "longitude": 51.439839005470283, "latitude": 35.742741768670761, "tile_x": 10533, "tile_y": 6448, "zoom": 14 }, "geometry": { "type": "Point", "coordinates": [ 51.439839005470283, 35.742741768670761 ] } },
{ "type": "Feature", "properties": { "camera_id": 1911, "type": "report_map_camera_speed", "highway": 15, "zoom_level": 14, "longitude": 51.440289616584778, "latitude": 35.578277790351791, "tile_x": 10533, "tile_y": 6457, "zoom": 14 }, "geometry": { "type": "Point", "coordinates": [ 51.440289616584778, 35.578277790351791 ] } },
{ "type": "Feature", "properties": { "camera_id": 1912, "type": "report_map_camera_speed", "highway": 15, "zoom_level": 14, "longitude": 51.440337896347046, "latitude": 35.57809454431105, "tile_x": 10533, "tile_y": 6457, "zoom": 14 }, "geometry": { "type": "Point", "coordinates": [ 51.440337896347046, 35.57809454431105 ] } },
{ "type": "Feature", "properties": { "camera_id": 1923, "type": "report_map_camera_speed", "highway": 15, "zoom_level": 14, "longitude": 51.440649032592773, "latitude": 35.785038528350142, "tile_x": 10533, "tile_y": 6445, "zoom": 14 }, "geometry": { "type": "Point", "coordinates": [ 51.440649032592773, 35.785038528350142 ] } },
{ "type": "Feature", "properties": { "camera_id": 1957, "type": "report_map_camera_speed", "highway": 15, "zoom_level": 14, "longitude": 51.442204713821411, "latitude": 35.785464994259897, "tile_x": 10533, "tile_y": 6445, "zoom": 14 }, "geometry": { "type": "Point", "coordinates": [ 51.442204713821411, 35.785464994259897 ] } },
{ "type": "Feature", "properties": { "camera_id": 1972, "type": "report_map_camera_speed", "highway": 15, "zoom_level": 14, "longitude": 51.442843079566963, "latitude": 35.785447587532865, "tile_x": 10533, "tile_y": 6445, "zoom": 14 }, "geometry": { "type": "Point", "coordinates": [ 51.442843079566963, 35.785447587532865 ] } },
{ "type": "Feature", "properties": { "camera_id": 2012, "type": "report_map_camera_speed", "highway": 0, "zoom_level": 14, "longitude": 51.444076895713806, "latitude": 35.644912257127686, "tile_x": 10533, "tile_y": 6453, "zoom": 14 }, "geometry": { "type": "Point", "coordinates": [ 51.444076895713806, 35.644912257127686 ] } },
{ "type": "Feature", "properties": { "camera_id": 2013, "type": "report_map_camera_speed", "highway": 13, "zoom_level": 14, "longitude": 51.444119811058052, "latitude": 35.64678240206225, "tile_x": 10533, "tile_y": 6453, "zoom": 14 }, "geometry": { "type": "Point", "coordinates": [ 51.444119811058052, 35.64678240206225 ] } },
{ "type": "Feature", "properties": { "camera_id": 2018, "type": "report_map_camera_speed", "highway": 0, "zoom_level": 14, "longitude": 51.444768905639648, "latitude": 35.789899233791161, "tile_x": 10533, "tile_y": 6445, "zoom": 14 }, "geometry": { "type": "Point", "coordinates": [ 51.444768905639648, 35.789899233791161 ] } },
{ "type": "Feature", "properties": { "camera_id": 2030, "type": "report_map_camera_speed", "highway": 0, "zoom_level": 14, "longitude": 51.445450186729431, "latitude": 35.645182537190301, "tile_x": 10533, "tile_y": 6453, "zoom": 14 }, "geometry": { "type": "Point", "coordinates": [ 51.445450186729431, 35.645182537190301 ] } },
{ "type": "Feature", "properties": { "camera_id": 2065, "type": "report_map_camera_speed", "highway": 0, "zoom_level": 14, "longitude": 51.446051001548767, "latitude": 35.715145568795243, "tile_x": 10533, "tile_y": 6449, "zoom": 14 }, "geometry": { "type": "Point", "coordinates": [ 51.446051001548767, 35.715145568795243 ] } },
{ "type": "Feature", "properties": { "camera_id": 2066, "type": "report_map_camera_speed", "highway": 0, "zoom_level": 14, "longitude": 51.446211934089661, "latitude": 35.715080235850216, "tile_x": 10533, "tile_y": 6449, "zoom": 14 }, "geometry": { "type": "Point", "coordinates": [ 51.446211934089661, 35.715080235850216 ] } },
{ "type": "Feature", "properties": { "camera_id": 2070, "type": "report_map_camera_speed", "highway": 0, "zoom_level": 14, "longitude": 51.266037225723267, "latitude": 35.576475852743201, "tile_x": 10525, "tile_y": 6457, "zoom": 14 }, "geometry": { "type": "Point", "coordinates": [ 51.266037225723267, 35.576475852743201 ] } },
{ "type": "Feature", "properties": { "camera_id": 2093, "type": "report_map_camera_speed", "highway": 13, "zoom_level": 14, "longitude": 51.447123885154717, "latitude": 35.743072673434789, "tile_x": 10533, "tile_y": 6448, "zoom": 14 }, "geometry": { "type": "Point", "coordinates": [ 51.447123885154717, 35.743072673434789 ] } },
{ "type": "Feature", "properties": { "camera_id": 2094, "type": "report_map_camera_speed", "highway": 13, "zoom_level": 14, "longitude": 51.266407370567322, "latitude": 35.705035747408395, "tile_x": 10525, "tile_y": 6450, "zoom": 14 }, "geometry": { "type": "Point", "coordinates": [ 51.266407370567322, 35.705035747408395 ] } },
{ "type": "Feature", "properties": { "camera_id": 2109, "type": "report_map_camera_speed", "highway": 0, "zoom_level": 14, "longitude": 51.26644492149353, "latitude": 35.757113088254805, "tile_x": 10525, "tile_y": 6447, "zoom": 14 }, "geometry": { "type": "Point", "coordinates": [ 51.26644492149353, 35.757113088254805 ] } },
{ "type": "Feature", "properties": { "camera_id": 2112, "type": "report_map_camera_speed", "highway": 15, "zoom_level": 14, "longitude": 51.448127031326287, "latitude": 35.787136022306768, "tile_x": 10533, "tile_y": 6445, "zoom": 14 }, "geometry": { "type": "Point", "coordinates": [ 51.448127031326287, 35.787136022306768 ] } },
{ "type": "Feature", "properties": { "camera_id": 2113, "type": "report_map_camera_speed", "highway": 15, "zoom_level": 14, "longitude": 51.448454260826111, "latitude": 35.645282802142304, "tile_x": 10533, "tile_y": 6453, "zoom": 14 }, "geometry": { "type": "Point", "coordinates": [ 51.448454260826111, 35.645282802142304 ] } },
{ "type": "Feature", "properties": { "camera_id": 2127, "type": "report_map_camera_speed", "highway": 15, "zoom_level": 14, "longitude": 51.448829770088203, "latitude": 35.583879681268883, "tile_x": 10533, "tile_y": 6457, "zoom": 14 }, "geometry": { "type": "Point", "coordinates": [ 51.448829770088203, 35.583879681268883 ] } },
{ "type": "Feature", "properties": { "camera_id": 2136, "type": "report_map_camera_speed", "highway": 15, "zoom_level": 14, "longitude": 51.449816823005683, "latitude": 35.629295492231975, "tile_x": 10533, "tile_y": 6454, "zoom": 14 }, "geometry": { "type": "Point", "coordinates": [ 51.449816823005683, 35.629295492231975 ] } },
{ "type": "Feature", "properties": { "camera_id": 2149, "type": "report_map_camera_speed", "highway": 0, "zoom_level": 14, "longitude": 51.450396180152893, "latitude": 35.585838505481178, "tile_x": 10533, "tile_y": 6456, "zoom": 14 }, "geometry": { "type": "Point", "coordinates": [ 51.450396180152893, 35.585838505481178 ] } },
{ "type": "Feature", "properties": { "camera_id": 2203, "type": "report_map_camera_speed", "highway": 0, "zoom_level": 14, "longitude": 51.267614364624023, "latitude": 35.704979118343495, "tile_x": 10525, "tile_y": 6450, "zoom": 14 }, "geometry": { "type": "Point", "coordinates": [ 51.267614364624023, 35.704979118343495 ] } },
{ "type": "Feature", "properties": { "camera_id": 2212, "type": "report_map_camera_speed", "highway": 0, "zoom_level": 14, "longitude": 51.267748475074768, "latitude": 35.705096732510221, "tile_x": 10525, "tile_y": 6450, "zoom": 14 }, "geometry": { "type": "Point", "coordinates": [ 51.267748475074768, 35.705096732510221 ] } },
{ "type": "Feature", "properties": { "camera_id": 2226, "type": "report_map_camera_speed", "highway": 13, "zoom_level": 14, "longitude": 51.267769932746887, "latitude": 35.737007319002153, "tile_x": 10525, "tile_y": 6448, "zoom": 14 }, "geometry": { "type": "Point", "coordinates": [ 51.267769932746887, 35.737007319002153 ] } },
{ "type": "Feature", "properties": { "camera_id": 2233, "type": "report_map_camera_speed", "highway": 0, "zoom_level": 14, "longitude": 51.267893314361572, "latitude": 35.737103114264087, "tile_x": 10525, "tile_y": 6448, "zoom": 14 }, "geometry": { "type": "Point", "coordinates": [ 51.267893314361572, 35.737103114264087 ] } },
{ "type": "Feature", "properties": { "camera_id": 2241, "type": "report_map_camera_speed", "highway": 15, "zoom_level": 14, "longitude": 51.451506614685059, "latitude": 35.788624252082954, "tile_x": 10533, "tile_y": 6445, "zoom": 14 }, "geometry": { "type": "Point", "coordinates": [ 51.451506614685059, 35.788624252082954 ] } },
{ "type": "Feature", "properties": { "camera_id": 2242, "type": "report_map_camera_speed", "highway": 15, "zoom_level": 14, "longitude": 51.451528072357178, "latitude": 35.598925188075988, "tile_x": 10533, "tile_y": 6456, "zoom": 14 }, "geometry": { "type": "Point", "coordinates": [ 51.451528072357178, 35.598925188075988 ] } },
{ "type": "Feature", "properties": { "camera_id": 2253, "type": "report_map_camera_speed", "highway": 15, "zoom_level": 14, "longitude": 51.285789012908936, "latitude": 35.676367586376401, "tile_x": 10526, "tile_y": 6451, "zoom": 14 }, "geometry": { "type": "Point", "coordinates": [ 51.285789012908936, 35.676367586376401 ] } },
{ "type": "Feature", "properties": { "camera_id": 2266, "type": "report_map_camera_speed", "highway": 15, "zoom_level": 14, "longitude": 51.451608538627625, "latitude": 35.788576385477114, "tile_x": 10533, "tile_y": 6445, "zoom": 14 }, "geometry": { "type": "Point", "coordinates": [ 51.451608538627625, 35.788576385477114 ] } },
{ "type": "Feature", "properties": { "camera_id": 2273, "type": "report_map_camera_speed", "highway": 0, "zoom_level": 14, "longitude": 51.451619267463677, "latitude": 35.722514781206243, "tile_x": 10533, "tile_y": 6449, "zoom": 14 }, "geometry": { "type": "Point", "coordinates": [ 51.451619267463677, 35.722514781206243 ] } },
{ "type": "Feature", "properties": { "camera_id": 2276, "type": "report_map_camera_speed", "highway": 8, "zoom_level": 14, "longitude": 51.270151734352112, "latitude": 35.775351043599393, "tile_x": 10525, "tile_y": 6446, "zoom": 14 }, "geometry": { "type": "Point", "coordinates": [ 51.270151734352112, 35.775351043599393 ] } },
{ "type": "Feature", "properties": { "camera_id": 2288, "type": "report_map_camera_speed", "highway": 11, "zoom_level": 14, "longitude": 51.451785564422607, "latitude": 35.722314445200659, "tile_x": 10533, "tile_y": 6449, "zoom": 14 }, "geometry": { "type": "Point", "coordinates": [ 51.451785564422607, 35.722314445200659 ] } },
{ "type": "Feature", "properties": { "camera_id": 2289, "type": "report_map_camera_speed", "highway": 0, "zoom_level": 14, "longitude": 51.451887488365173, "latitude": 35.598851036235288, "tile_x": 10533, "tile_y": 6456, "zoom": 14 }, "geometry": { "type": "Point", "coordinates": [ 51.451887488365173, 35.598851036235288 ] } },
{ "type": "Feature", "properties": { "camera_id": 2300, "type": "report_map_camera_speed", "highway": 15, "zoom_level": 14, "longitude": 51.231061220169067, "latitude": 35.674829322407163, "tile_x": 10523, "tile_y": 6452, "zoom": 14 }, "geometry": { "type": "Point", "coordinates": [ 51.231061220169067, 35.674829322407163 ] } },
{ "type": "Feature", "properties": { "camera_id": 2326, "type": "report_map_camera_speed", "highway": 0, "zoom_level": 14, "longitude": 51.285789012908936, "latitude": 35.676511388574781, "tile_x": 10526, "tile_y": 6451, "zoom": 14 }, "geometry": { "type": "Point", "coordinates": [ 51.285789012908936, 35.676511388574781 ] } },
{ "type": "Feature", "properties": { "camera_id": 2334, "type": "report_map_camera_speed", "highway": 11, "zoom_level": 14, "longitude": 51.454043984413147, "latitude": 35.744661867938717, "tile_x": 10533, "tile_y": 6448, "zoom": 14 }, "geometry": { "type": "Point", "coordinates": [ 51.454043984413147, 35.744661867938717 ] } },
{ "type": "Feature", "properties": { "camera_id": 2335, "type": "report_map_camera_speed", "highway": 0, "zoom_level": 14, "longitude": 51.454634070396423, "latitude": 35.790099399710165, "tile_x": 10533, "tile_y": 6445, "zoom": 14 }, "geometry": { "type": "Point", "coordinates": [ 51.454634070396423, 35.790099399710165 ] } },
{ "type": "Feature", "properties": { "camera_id": 2343, "type": "report_map_camera_speed", "highway": 10, "zoom_level": 14, "longitude": 51.454735994338989, "latitude": 35.792022707409764, "tile_x": 10533, "tile_y": 6445, "zoom": 14 }, "geometry": { "type": "Point", "coordinates": [ 51.454735994338989, 35.792022707409764 ] } },
{ "type": "Feature", "properties": { "camera_id": 2344, "type": "report_map_camera_speed", "highway": 15, "zoom_level": 14, "longitude": 51.454875469207757, "latitude": 35.755093162517625, "tile_x": 10533, "tile_y": 6447, "zoom": 14 }, "geometry": { "type": "Point", "coordinates": [ 51.454875469207757, 35.755093162517625 ] } },
{ "type": "Feature", "properties": { "camera_id": 2350, "type": "report_map_camera_speed", "highway": 15, "zoom_level": 14, "longitude": 51.274314522743225, "latitude": 35.582544686755007, "tile_x": 10525, "tile_y": 6457, "zoom": 14 }, "geometry": { "type": "Point", "coordinates": [ 51.274314522743225, 35.582544686755007 ] } },
{ "type": "Feature", "properties": { "camera_id": 2351, "type": "report_map_camera_speed", "highway": 15, "zoom_level": 14, "longitude": 51.27444326877594, "latitude": 35.582387627113746, "tile_x": 10525, "tile_y": 6457, "zoom": 14 }, "geometry": { "type": "Point", "coordinates": [ 51.27444326877594, 35.582387627113746 ] } },
{ "type": "Feature", "properties": { "camera_id": 2366, "type": "report_map_camera_speed", "highway": 15, "zoom_level": 14, "longitude": 51.454875469207757, "latitude": 35.604015329606817, "tile_x": 10533, "tile_y": 6455, "zoom": 14 }, "geometry": { "type": "Point", "coordinates": [ 51.454875469207757, 35.604015329606817 ] } },
{ "type": "Feature", "properties": { "camera_id": 2381, "type": "report_map_camera_speed", "highway": 15, "zoom_level": 14, "longitude": 51.275151371955872, "latitude": 35.71545045516374, "tile_x": 10525, "tile_y": 6449, "zoom": 14 }, "geometry": { "type": "Point", "coordinates": [ 51.275151371955872, 35.71545045516374 ] } },
{ "type": "Feature", "properties": { "camera_id": 2387, "type": "report_map_camera_speed", "highway": 13, "zoom_level": 14, "longitude": 51.455980539321899, "latitude": 35.671761421317129, "tile_x": 10533, "tile_y": 6452, "zoom": 14 }, "geometry": { "type": "Point", "coordinates": [ 51.455980539321899, 35.671761421317129 ] } },
{ "type": "Feature", "properties": { "camera_id": 2388, "type": "report_map_camera_speed", "highway": 0, "zoom_level": 14, "longitude": 51.456173658370972, "latitude": 35.645051756629009, "tile_x": 10533, "tile_y": 6453, "zoom": 14 }, "geometry": { "type": "Point", "coordinates": [ 51.456173658370972, 35.645051756629009 ] } },
{ "type": "Feature", "properties": { "camera_id": 2413, "type": "report_map_camera_speed", "highway": 13, "zoom_level": 14, "longitude": 51.275977492332458, "latitude": 35.731459705899461, "tile_x": 10525, "tile_y": 6448, "zoom": 14 }, "geometry": { "type": "Point", "coordinates": [ 51.275977492332458, 35.731459705899461 ] } },
{ "type": "Feature", "properties": { "camera_id": 2416, "type": "report_map_camera_speed", "highway": 15, "zoom_level": 14, "longitude": 51.456361413002014, "latitude": 35.741278804810712, "tile_x": 10533, "tile_y": 6448, "zoom": 14 }, "geometry": { "type": "Point", "coordinates": [ 51.456361413002014, 35.741278804810712 ] } },
{ "type": "Feature", "properties": { "camera_id": 2417, "type": "report_map_camera_speed", "highway": 15, "zoom_level": 14, "longitude": 51.456565260887146, "latitude": 35.711974681416066, "tile_x": 10533, "tile_y": 6449, "zoom": 14 }, "geometry": { "type": "Point", "coordinates": [ 51.456565260887146, 35.711974681416066 ] } },
{ "type": "Feature", "properties": { "camera_id": 2429, "type": "report_map_camera_speed", "highway": 0, "zoom_level": 14, "longitude": 51.276020407676697, "latitude": 35.731603408759582, "tile_x": 10525, "tile_y": 6448, "zoom": 14 }, "geometry": { "type": "Point", "coordinates": [ 51.276020407676697, 35.731603408759582 ] } },
{ "type": "Feature", "properties": { "camera_id": 2444, "type": "report_map_camera_speed", "highway": 15, "zoom_level": 14, "longitude": 51.456769108772278, "latitude": 35.692907497286811, "tile_x": 10533, "tile_y": 6450, "zoom": 14 }, "geometry": { "type": "Point", "coordinates": [ 51.456769108772278, 35.692907497286811 ] } },
{ "type": "Feature", "properties": { "camera_id": 2445, "type": "report_map_camera_speed", "highway": 0, "zoom_level": 14, "longitude": 51.456774473190308, "latitude": 35.712031305511296, "tile_x": 10533, "tile_y": 6449, "zoom": 14 }, "geometry": { "type": "Point", "coordinates": [ 51.456774473190308, 35.712031305511296 ] } },
{ "type": "Feature", "properties": { "camera_id": 2452, "type": "report_map_camera_speed", "highway": 15, "zoom_level": 14, "longitude": 51.456983685493469, "latitude": 35.690254196679867, "tile_x": 10533, "tile_y": 6451, "zoom": 14 }, "geometry": { "type": "Point", "coordinates": [ 51.456983685493469, 35.690254196679867 ] } },
{ "type": "Feature", "properties": { "camera_id": 2453, "type": "report_map_camera_speed", "highway": 15, "zoom_level": 14, "longitude": 51.457037329673767, "latitude": 35.692833432621768, "tile_x": 10533, "tile_y": 6450, "zoom": 14 }, "geometry": { "type": "Point", "coordinates": [ 51.457037329673767, 35.692833432621768 ] } },
{ "type": "Feature", "properties": { "camera_id": 2454, "type": "report_map_camera_speed", "highway": 15, "zoom_level": 14, "longitude": 51.457053422927856, "latitude": 35.689121397778706, "tile_x": 10533, "tile_y": 6451, "zoom": 14 }, "geometry": { "type": "Point", "coordinates": [ 51.457053422927856, 35.689121397778706 ] } },
{ "type": "Feature", "properties": { "camera_id": 2469, "type": "report_map_camera_speed", "highway": 0, "zoom_level": 14, "longitude": 51.457316279411323, "latitude": 35.701664069907217, "tile_x": 10533, "tile_y": 6450, "zoom": 14 }, "geometry": { "type": "Point", "coordinates": [ 51.457316279411323, 35.701664069907217 ] } },
{ "type": "Feature", "properties": { "camera_id": 2470, "type": "report_map_camera_speed", "highway": 15, "zoom_level": 14, "longitude": 51.277388334274292, "latitude": 35.740212043381455, "tile_x": 10525, "tile_y": 6448, "zoom": 14 }, "geometry": { "type": "Point", "coordinates": [ 51.277388334274292, 35.740212043381455 ] } },
{ "type": "Feature", "properties": { "camera_id": 2472, "type": "report_map_camera_speed", "highway": 0, "zoom_level": 14, "longitude": 51.457509398460388, "latitude": 35.644990725627153, "tile_x": 10533, "tile_y": 6453, "zoom": 14 }, "geometry": { "type": "Point", "coordinates": [ 51.457509398460388, 35.644990725627153 ] } },
{ "type": "Feature", "properties": { "camera_id": 2473, "type": "report_map_camera_speed", "highway": 0, "zoom_level": 14, "longitude": 51.457520127296448, "latitude": 35.701311211694225, "tile_x": 10533, "tile_y": 6450, "zoom": 14 }, "geometry": { "type": "Point", "coordinates": [ 51.457520127296448, 35.701311211694225 ] } },
{ "type": "Feature", "properties": { "camera_id": 2474, "type": "report_map_camera_speed", "highway": 15, "zoom_level": 14, "longitude": 51.457734704017639, "latitude": 35.626430779559264, "tile_x": 10533, "tile_y": 6454, "zoom": 14 }, "geometry": { "type": "Point", "coordinates": [ 51.457734704017639, 35.626430779559264 ] } },
{ "type": "Feature", "properties": { "camera_id": 2486, "type": "report_map_camera_speed", "highway": 15, "zoom_level": 14, "longitude": 51.458104848861694, "latitude": 35.792296840237391, "tile_x": 10533, "tile_y": 6445, "zoom": 14 }, "geometry": { "type": "Point", "coordinates": [ 51.458104848861694, 35.792296840237391 ] } },
{ "type": "Feature", "properties": { "camera_id": 2487, "type": "report_map_camera_speed", "highway": 14, "zoom_level": 14, "longitude": 51.45821213722229, "latitude": 35.792684105636212, "tile_x": 10533, "tile_y": 6445, "zoom": 14 }, "geometry": { "type": "Point", "coordinates": [ 51.45821213722229, 35.792684105636212 ] } },
{ "type": "Feature", "properties": { "camera_id": 2495, "type": "report_map_camera_speed", "highway": 15, "zoom_level": 14, "longitude": 51.458737850189209, "latitude": 35.792745023617044, "tile_x": 10533, "tile_y": 6445, "zoom": 14 }, "geometry": { "type": "Point", "coordinates": [ 51.458737850189209, 35.792745023617044 ] } },
{ "type": "Feature", "properties": { "camera_id": 2503, "type": "report_map_camera_speed", "highway": 13, "zoom_level": 14, "longitude": 51.459381580352783, "latitude": 35.659523506311466, "tile_x": 10533, "tile_y": 6452, "zoom": 14 }, "geometry": { "type": "Point", "coordinates": [ 51.459381580352783, 35.659523506311466 ] } },
{ "type": "Feature", "properties": { "camera_id": 2504, "type": "report_map_camera_speed", "highway": 0, "zoom_level": 14, "longitude": 51.459778547286987, "latitude": 35.680685897019096, "tile_x": 10533, "tile_y": 6451, "zoom": 14 }, "geometry": { "type": "Point", "coordinates": [ 51.459778547286987, 35.680685897019096 ] } },
{ "type": "Feature", "properties": { "camera_id": 2505, "type": "report_map_camera_speed", "highway": 15, "zoom_level": 14, "longitude": 51.278960108757019, "latitude": 35.753795855585402, "tile_x": 10525, "tile_y": 6447, "zoom": 14 }, "geometry": { "type": "Point", "coordinates": [ 51.278960108757019, 35.753795855585402 ] } },
{ "type": "Feature", "properties": { "camera_id": 2506, "type": "report_map_camera_speed", "highway": 15, "zoom_level": 14, "longitude": 51.279104948043823, "latitude": 35.739598104813567, "tile_x": 10525, "tile_y": 6448, "zoom": 14 }, "geometry": { "type": "Point", "coordinates": [ 51.279104948043823, 35.739598104813567 ] } },
{ "type": "Feature", "properties": { "camera_id": 2507, "type": "report_map_camera_speed", "highway": 0, "zoom_level": 14, "longitude": 51.460159420967102, "latitude": 35.742841911047115, "tile_x": 10533, "tile_y": 6448, "zoom": 14 }, "geometry": { "type": "Point", "coordinates": [ 51.460159420967102, 35.742841911047115 ] } },
{ "type": "Feature", "properties": { "camera_id": 2539, "type": "report_map_camera_speed", "highway": 15, "zoom_level": 14, "longitude": 51.279115676879883, "latitude": 35.75394822494539, "tile_x": 10525, "tile_y": 6447, "zoom": 14 }, "geometry": { "type": "Point", "coordinates": [ 51.279115676879883, 35.75394822494539 ] } },
{ "type": "Feature", "properties": { "camera_id": 2547, "type": "report_map_camera_speed", "highway": 11, "zoom_level": 14, "longitude": 51.461371779441833, "latitude": 35.751196824716139, "tile_x": 10534, "tile_y": 6447, "zoom": 14 }, "geometry": { "type": "Point", "coordinates": [ 51.461371779441833, 35.751196824716139 ] } },
{ "type": "Feature", "properties": { "camera_id": 2594, "type": "report_map_camera_speed", "highway": 0, "zoom_level": 14, "longitude": 51.461618542671197, "latitude": 35.742946407305539, "tile_x": 10534, "tile_y": 6448, "zoom": 14 }, "geometry": { "type": "Point", "coordinates": [ 51.461618542671197, 35.742946407305539 ] } },
{ "type": "Feature", "properties": { "camera_id": 2595, "type": "report_map_camera_speed", "highway": 15, "zoom_level": 14, "longitude": 51.461629271507263, "latitude": 35.742950761313324, "tile_x": 10534, "tile_y": 6448, "zoom": 14 }, "geometry": { "type": "Point", "coordinates": [ 51.461629271507263, 35.742950761313324 ] } },
{ "type": "Feature", "properties": { "camera_id": 2619, "type": "report_map_camera_speed", "highway": 0, "zoom_level": 14, "longitude": 51.461634635925293, "latitude": 35.673382542836073, "tile_x": 10534, "tile_y": 6452, "zoom": 14 }, "geometry": { "type": "Point", "coordinates": [ 51.461634635925293, 35.673382542836073 ] } },
{ "type": "Feature", "properties": { "camera_id": 2620, "type": "report_map_camera_speed", "highway": 0, "zoom_level": 14, "longitude": 51.461758017539978, "latitude": 35.756743062591816, "tile_x": 10534, "tile_y": 6447, "zoom": 14 }, "geometry": { "type": "Point", "coordinates": [ 51.461758017539978, 35.756743062591816 ] } },
{ "type": "Feature", "properties": { "camera_id": 2631, "type": "report_map_camera_speed", "highway": 15, "zoom_level": 14, "longitude": 51.462004780769348, "latitude": 35.64917124147388, "tile_x": 10534, "tile_y": 6453, "zoom": 14 }, "geometry": { "type": "Point", "coordinates": [ 51.462004780769348, 35.64917124147388 ] } },
{ "type": "Feature", "properties": { "camera_id": 2637, "type": "report_map_camera_speed", "highway": 15, "zoom_level": 14, "longitude": 51.462095975875854, "latitude": 35.672798594255056, "tile_x": 10534, "tile_y": 6452, "zoom": 14 }, "geometry": { "type": "Point", "coordinates": [ 51.462095975875854, 35.672798594255056 ] } },
{ "type": "Feature", "properties": { "camera_id": 2638, "type": "report_map_camera_speed", "highway": 0, "zoom_level": 14, "longitude": 51.462230086326599, "latitude": 35.649227910154586, "tile_x": 10534, "tile_y": 6453, "zoom": 14 }, "geometry": { "type": "Point", "coordinates": [ 51.462230086326599, 35.649227910154586 ] } },
{ "type": "Feature", "properties": { "camera_id": 2663, "type": "report_map_camera_speed", "highway": 0, "zoom_level": 14, "longitude": 51.569770574569702, "latitude": 35.761757852256991, "tile_x": 10538, "tile_y": 6447, "zoom": 14 }, "geometry": { "type": "Point", "coordinates": [ 51.569770574569702, 35.761757852256991 ] } },
{ "type": "Feature", "properties": { "camera_id": 2673, "type": "report_map_camera_speed", "highway": 15, "zoom_level": 14, "longitude": 51.569985151290894, "latitude": 35.745667615738959, "tile_x": 10538, "tile_y": 6448, "zoom": 14 }, "geometry": { "type": "Point", "coordinates": [ 51.569985151290894, 35.745667615738959 ] } },
{ "type": "Feature", "properties": { "camera_id": 2674, "type": "report_map_camera_speed", "highway": 0, "zoom_level": 14, "longitude": 51.5703284740448, "latitude": 35.761583732912904, "tile_x": 10539, "tile_y": 6447, "zoom": 14 }, "geometry": { "type": "Point", "coordinates": [ 51.5703284740448, 35.761583732912904 ] } },
{ "type": "Feature", "properties": { "camera_id": 2686, "type": "report_map_camera_speed", "highway": 15, "zoom_level": 14, "longitude": 51.462551951408393, "latitude": 35.663297935140925, "tile_x": 10534, "tile_y": 6452, "zoom": 14 }, "geometry": { "type": "Point", "coordinates": [ 51.462551951408393, 35.663297935140925 ] } },
{ "type": "Feature", "properties": { "camera_id": 2687, "type": "report_map_camera_speed", "highway": 0, "zoom_level": 14, "longitude": 51.570371389389038, "latitude": 35.745567476917223, "tile_x": 10539, "tile_y": 6448, "zoom": 14 }, "geometry": { "type": "Point", "coordinates": [ 51.570371389389038, 35.745567476917223 ] } },
{ "type": "Feature", "properties": { "camera_id": 2697, "type": "report_map_camera_speed", "highway": 0, "zoom_level": 14, "longitude": 51.281787157058723, "latitude": 35.702513536977968, "tile_x": 10525, "tile_y": 6450, "zoom": 14 }, "geometry": { "type": "Point", "coordinates": [ 51.281787157058723, 35.702513536977968 ] } },
{ "type": "Feature", "properties": { "camera_id": 2726, "type": "report_map_camera_speed", "highway": 15, "zoom_level": 14, "longitude": 51.281996369361877, "latitude": 35.753700080409793, "tile_x": 10525, "tile_y": 6447, "zoom": 14 }, "geometry": { "type": "Point", "coordinates": [ 51.281996369361877, 35.753700080409793 ] } },
{ "type": "Feature", "properties": { "camera_id": 2755, "type": "report_map_camera_speed", "highway": 15, "zoom_level": 14, "longitude": 51.282489895820618, "latitude": 35.75383503630583, "tile_x": 10525, "tile_y": 6447, "zoom": 14 }, "geometry": { "type": "Point", "coordinates": [ 51.282489895820618, 35.75383503630583 ] } },
{ "type": "Feature", "properties": { "camera_id": 2756, "type": "report_map_camera_speed", "highway": 0, "zoom_level": 14, "longitude": 51.282817125320442, "latitude": 35.70216503876177, "tile_x": 10525, "tile_y": 6450, "zoom": 14 }, "geometry": { "type": "Point", "coordinates": [ 51.282817125320442, 35.70216503876177 ] } },
{ "type": "Feature", "properties": { "camera_id": 2757, "type": "report_map_camera_speed", "highway": 0, "zoom_level": 14, "longitude": 51.462766528129578, "latitude": 35.663193334436258, "tile_x": 10534, "tile_y": 6452, "zoom": 14 }, "geometry": { "type": "Point", "coordinates": [ 51.462766528129578, 35.663193334436258 ] } },
{ "type": "Feature", "properties": { "camera_id": 2806, "type": "report_map_camera_speed", "highway": 15, "zoom_level": 14, "longitude": 51.283578872680657, "latitude": 35.737194555088429, "tile_x": 10525, "tile_y": 6448, "zoom": 14 }, "geometry": { "type": "Point", "coordinates": [ 51.283578872680657, 35.737194555088429 ] } },
{ "type": "Feature", "properties": { "camera_id": 2814, "type": "report_map_camera_speed", "highway": 15, "zoom_level": 14, "longitude": 51.463088393211365, "latitude": 35.719805847353484, "tile_x": 10534, "tile_y": 6449, "zoom": 14 }, "geometry": { "type": "Point", "coordinates": [ 51.463088393211365, 35.719805847353484 ] } },
{ "type": "Feature", "properties": { "camera_id": 2815, "type": "report_map_camera_speed", "highway": 15, "zoom_level": 14, "longitude": 51.463115215301521, "latitude": 35.719575017541686, "tile_x": 10534, "tile_y": 6449, "zoom": 14 }, "geometry": { "type": "Point", "coordinates": [ 51.463115215301521, 35.719575017541686 ] } },
{ "type": "Feature", "properties": { "camera_id": 2829, "type": "report_map_camera_speed", "highway": 15, "zoom_level": 14, "longitude": 51.203600764274597, "latitude": 35.742271533219004, "tile_x": 10522, "tile_y": 6448, "zoom": 14 }, "geometry": { "type": "Point", "coordinates": [ 51.203600764274597, 35.742271533219004 ] } },
{ "type": "Feature", "properties": { "camera_id": 2836, "type": "report_map_camera_speed", "highway": 15, "zoom_level": 14, "longitude": 51.203708052635193, "latitude": 35.741984165742259, "tile_x": 10522, "tile_y": 6448, "zoom": 14 }, "geometry": { "type": "Point", "coordinates": [ 51.203708052635193, 35.741984165742259 ] } },
{ "type": "Feature", "properties": { "camera_id": 2838, "type": "report_map_camera_speed", "highway": 15, "zoom_level": 14, "longitude": 51.463994979858398, "latitude": 35.636502602952184, "tile_x": 10534, "tile_y": 6454, "zoom": 14 }, "geometry": { "type": "Point", "coordinates": [ 51.463994979858398, 35.636502602952184 ] } },
{ "type": "Feature", "properties": { "camera_id": 2852, "type": "report_map_camera_speed", "highway": 0, "zoom_level": 14, "longitude": 51.464322209358215, "latitude": 35.79254921565532, "tile_x": 10534, "tile_y": 6445, "zoom": 14 }, "geometry": { "type": "Point", "coordinates": [ 51.464322209358215, 35.79254921565532 ] } },
{ "type": "Feature", "properties": { "camera_id": 2867, "type": "report_map_camera_speed", "highway": 15, "zoom_level": 14, "longitude": 51.575408577919006, "latitude": 35.73607113196671, "tile_x": 10539, "tile_y": 6448, "zoom": 14 }, "geometry": { "type": "Point", "coordinates": [ 51.575408577919006, 35.73607113196671 ] } },
{ "type": "Feature", "properties": { "camera_id": 2910, "type": "report_map_camera_speed", "highway": 15, "zoom_level": 14, "longitude": 51.464912295341492, "latitude": 35.749760138060104, "tile_x": 10534, "tile_y": 6447, "zoom": 14 }, "geometry": { "type": "Point", "coordinates": [ 51.464912295341492, 35.749760138060104 ] } },
{ "type": "Feature", "properties": { "camera_id": 2924, "type": "report_map_camera_speed", "highway": 15, "zoom_level": 14, "longitude": 51.575585603713989, "latitude": 35.736184345867663, "tile_x": 10539, "tile_y": 6448, "zoom": 14 }, "geometry": { "type": "Point", "coordinates": [ 51.575585603713989, 35.736184345867663 ] } },
{ "type": "Feature", "properties": { "camera_id": 2928, "type": "report_map_camera_speed", "highway": 15, "zoom_level": 14, "longitude": 51.465384364128113, "latitude": 35.614229529623344, "tile_x": 10534, "tile_y": 6455, "zoom": 14 }, "geometry": { "type": "Point", "coordinates": [ 51.465384364128113, 35.614229529623344 ] } },
{ "type": "Feature", "properties": { "camera_id": 2934, "type": "report_map_camera_speed", "highway": 0, "zoom_level": 14, "longitude": 51.465684771537781, "latitude": 35.641847566008131, "tile_x": 10534, "tile_y": 6453, "zoom": 14 }, "geometry": { "type": "Point", "coordinates": [ 51.465684771537781, 35.641847566008131 ] } },
{ "type": "Feature", "properties": { "camera_id": 2943, "type": "report_map_camera_speed", "highway": 11, "zoom_level": 14, "longitude": 51.204839944839478, "latitude": 35.639510823531019, "tile_x": 10522, "tile_y": 6453, "zoom": 14 }, "geometry": { "type": "Point", "coordinates": [ 51.204839944839478, 35.639510823531019 ] } },
{ "type": "Feature", "properties": { "camera_id": 2945, "type": "report_map_camera_speed", "highway": 15, "zoom_level": 14, "longitude": 51.465936899185181, "latitude": 35.621215605312685, "tile_x": 10534, "tile_y": 6455, "zoom": 14 }, "geometry": { "type": "Point", "coordinates": [ 51.465936899185181, 35.621215605312685 ] } },
{ "type": "Feature", "properties": { "camera_id": 2975, "type": "report_map_camera_speed", "highway": 15, "zoom_level": 14, "longitude": 51.286008954048157, "latitude": 35.644829429183531, "tile_x": 10526, "tile_y": 6453, "zoom": 14 }, "geometry": { "type": "Point", "coordinates": [ 51.286008954048157, 35.644829429183531 ] } },
{ "type": "Feature", "properties": { "camera_id": 2976, "type": "report_map_camera_speed", "highway": 0, "zoom_level": 14, "longitude": 51.286298632621765, "latitude": 35.719609859820281, "tile_x": 10526, "tile_y": 6449, "zoom": 14 }, "geometry": { "type": "Point", "coordinates": [ 51.286298632621765, 35.719609859820281 ] } },
{ "type": "Feature", "properties": { "camera_id": 3007, "type": "report_map_camera_speed", "highway": 0, "zoom_level": 14, "longitude": 51.286513209342957, "latitude": 35.719344187061154, "tile_x": 10526, "tile_y": 6449, "zoom": 14 }, "geometry": { "type": "Point", "coordinates": [ 51.286513209342957, 35.719344187061154 ] } },
{ "type": "Feature", "properties": { "camera_id": 3017, "type": "report_map_camera_speed", "highway": 15, "zoom_level": 14, "longitude": 51.466564536094666, "latitude": 35.621246129897351, "tile_x": 10534, "tile_y": 6454, "zoom": 14 }, "geometry": { "type": "Point", "coordinates": [ 51.466564536094666, 35.621246129897351 ] } },
{ "type": "Feature", "properties": { "camera_id": 3031, "type": "report_map_camera_speed", "highway": 17, "zoom_level": 14, "longitude": 51.20577335357666, "latitude": 35.721251784922025, "tile_x": 10522, "tile_y": 6449, "zoom": 14 }, "geometry": { "type": "Point", "coordinates": [ 51.20577335357666, 35.721251784922025 ] } },
{ "type": "Feature", "properties": { "camera_id": 3039, "type": "report_map_camera_speed", "highway": 15, "zoom_level": 14, "longitude": 51.467363834381104, "latitude": 35.765044283394509, "tile_x": 10534, "tile_y": 6446, "zoom": 14 }, "geometry": { "type": "Point", "coordinates": [ 51.467363834381104, 35.765044283394509 ] } },
{ "type": "Feature", "properties": { "camera_id": 3067, "type": "report_map_camera_speed", "highway": 17, "zoom_level": 14, "longitude": 51.206481456756592, "latitude": 35.72122565375301, "tile_x": 10522, "tile_y": 6449, "zoom": 14 }, "geometry": { "type": "Point", "coordinates": [ 51.206481456756592, 35.72122565375301 ] } },
{ "type": "Feature", "properties": { "camera_id": 3069, "type": "report_map_camera_speed", "highway": 15, "zoom_level": 14, "longitude": 51.287221312522888, "latitude": 35.716234443326563, "tile_x": 10526, "tile_y": 6449, "zoom": 14 }, "geometry": { "type": "Point", "coordinates": [ 51.287221312522888, 35.716234443326563 ] } },
{ "type": "Feature", "properties": { "camera_id": 3070, "type": "report_map_camera_speed", "highway": 15, "zoom_level": 14, "longitude": 51.209662556648254, "latitude": 35.692811648883669, "tile_x": 10522, "tile_y": 6451, "zoom": 14 }, "geometry": { "type": "Point", "coordinates": [ 51.209662556648254, 35.692811648883669 ] } },
{ "type": "Feature", "properties": { "camera_id": 3092, "type": "report_map_camera_speed", "highway": 13, "zoom_level": 14, "longitude": 51.468801498413086, "latitude": 35.669804701221146, "tile_x": 10534, "tile_y": 6452, "zoom": 14 }, "geometry": { "type": "Point", "coordinates": [ 51.468801498413086, 35.669804701221146 ] } },
{ "type": "Feature", "properties": { "camera_id": 3098, "type": "report_map_camera_speed", "highway": 15, "zoom_level": 14, "longitude": 51.468855142593377, "latitude": 35.791718114269941, "tile_x": 10534, "tile_y": 6445, "zoom": 14 }, "geometry": { "type": "Point", "coordinates": [ 51.468855142593377, 35.791718114269941 ] } },
{ "type": "Feature", "properties": { "camera_id": 3100, "type": "report_map_camera_speed", "highway": 15, "zoom_level": 14, "longitude": 51.287527084350586, "latitude": 35.588979504411384, "tile_x": 10526, "tile_y": 6456, "zoom": 14 }, "geometry": { "type": "Point", "coordinates": [ 51.287527084350586, 35.588979504411384 ] } },
{ "type": "Feature", "properties": { "camera_id": 3108, "type": "report_map_camera_speed", "highway": 15, "zoom_level": 14, "longitude": 51.288068890571601, "latitude": 35.589415744517304, "tile_x": 10526, "tile_y": 6456, "zoom": 14 }, "geometry": { "type": "Point", "coordinates": [ 51.288068890571601, 35.589415744517304 ] } },
{ "type": "Feature", "properties": { "camera_id": 3141, "type": "report_map_camera_speed", "highway": 0, "zoom_level": 14, "longitude": 51.209871768951416, "latitude": 35.693029485996938, "tile_x": 10522, "tile_y": 6451, "zoom": 14 }, "geometry": { "type": "Point", "coordinates": [ 51.209871768951416, 35.693029485996938 ] } },
{ "type": "Feature", "properties": { "camera_id": 3142, "type": "report_map_camera_speed", "highway": 15, "zoom_level": 14, "longitude": 51.288465857505798, "latitude": 35.753438874799549, "tile_x": 10526, "tile_y": 6447, "zoom": 14 }, "geometry": { "type": "Point", "coordinates": [ 51.288465857505798, 35.753438874799549 ] } },
{ "type": "Feature", "properties": { "camera_id": 3149, "type": "report_map_camera_speed", "highway": 15, "zoom_level": 14, "longitude": 51.288771629333496, "latitude": 35.753599951693872, "tile_x": 10526, "tile_y": 6447, "zoom": 14 }, "geometry": { "type": "Point", "coordinates": [ 51.288771629333496, 35.753599951693872 ] } },
{ "type": "Feature", "properties": { "camera_id": 3169, "type": "report_map_camera_speed", "highway": 15, "zoom_level": 14, "longitude": 51.469965577125549, "latitude": 35.791426574028307, "tile_x": 10534, "tile_y": 6445, "zoom": 14 }, "geometry": { "type": "Point", "coordinates": [ 51.469965577125549, 35.791426574028307 ] } },
{ "type": "Feature", "properties": { "camera_id": 3170, "type": "report_map_camera_speed", "highway": 0, "zoom_level": 14, "longitude": 51.47020161151886, "latitude": 35.6350246096208, "tile_x": 10534, "tile_y": 6454, "zoom": 14 }, "geometry": { "type": "Point", "coordinates": [ 51.47020161151886, 35.6350246096208 ] } },
{ "type": "Feature", "properties": { "camera_id": 3191, "type": "report_map_camera_speed", "highway": 0, "zoom_level": 14, "longitude": 51.301082968711853, "latitude": 35.675883886171093, "tile_x": 10526, "tile_y": 6451, "zoom": 14 }, "geometry": { "type": "Point", "coordinates": [ 51.301082968711853, 35.675883886171093 ] } },
{ "type": "Feature", "properties": { "camera_id": 3192, "type": "report_map_camera_speed", "highway": 15, "zoom_level": 14, "longitude": 51.210467219352722, "latitude": 35.740351376298015, "tile_x": 10522, "tile_y": 6448, "zoom": 14 }, "geometry": { "type": "Point", "coordinates": [ 51.210467219352722, 35.740351376298015 ] } },
{ "type": "Feature", "properties": { "camera_id": 3195, "type": "report_map_camera_speed", "highway": 15, "zoom_level": 14, "longitude": 51.301211714744568, "latitude": 35.676018973910871, "tile_x": 10526, "tile_y": 6451, "zoom": 14 }, "geometry": { "type": "Point", "coordinates": [ 51.301211714744568, 35.676018973910871 ] } },
{ "type": "Feature", "properties": { "camera_id": 3229, "type": "report_map_camera_speed", "highway": 15, "zoom_level": 14, "longitude": 51.471295952796936, "latitude": 35.724287297395563, "tile_x": 10534, "tile_y": 6449, "zoom": 14 }, "geometry": { "type": "Point", "coordinates": [ 51.471295952796936, 35.724287297395563 ] } },
{ "type": "Feature", "properties": { "camera_id": 3253, "type": "report_map_camera_speed", "highway": 15, "zoom_level": 14, "longitude": 51.471419334411621, "latitude": 35.724139226299705, "tile_x": 10534, "tile_y": 6449, "zoom": 14 }, "geometry": { "type": "Point", "coordinates": [ 51.471419334411621, 35.724139226299705 ] } },
{ "type": "Feature", "properties": { "camera_id": 3265, "type": "report_map_camera_speed", "highway": 0, "zoom_level": 14, "longitude": 51.461414694786072, "latitude": 35.579036948054352, "tile_x": 10534, "tile_y": 6457, "zoom": 14 }, "geometry": { "type": "Point", "coordinates": [ 51.461414694786072, 35.579036948054352 ] } },
{ "type": "Feature", "properties": { "camera_id": 3266, "type": "report_map_camera_speed", "highway": 0, "zoom_level": 14, "longitude": 51.461554169654846, "latitude": 35.57904567396313, "tile_x": 10534, "tile_y": 6457, "zoom": 14 }, "geometry": { "type": "Point", "coordinates": [ 51.461554169654846, 35.57904567396313 ] } },
{ "type": "Feature", "properties": { "camera_id": 3292, "type": "report_map_camera_speed", "highway": 0, "zoom_level": 14, "longitude": 51.213240623474121, "latitude": 35.715093302443513, "tile_x": 10522, "tile_y": 6449, "zoom": 14 }, "geometry": { "type": "Point", "coordinates": [ 51.213240623474121, 35.715093302443513 ] } },
{ "type": "Feature", "properties": { "camera_id": 3320, "type": "report_map_camera_speed", "highway": 0, "zoom_level": 14, "longitude": 51.213836073875427, "latitude": 35.715128146681799, "tile_x": 10522, "tile_y": 6449, "zoom": 14 }, "geometry": { "type": "Point", "coordinates": [ 51.213836073875427, 35.715128146681799 ] } },
{ "type": "Feature", "properties": { "camera_id": 3347, "type": "report_map_camera_speed", "highway": 11, "zoom_level": 14, "longitude": 51.474214196205139, "latitude": 35.732487393377511, "tile_x": 10534, "tile_y": 6448, "zoom": 14 }, "geometry": { "type": "Point", "coordinates": [ 51.474214196205139, 35.732487393377511 ] } },
{ "type": "Feature", "properties": { "camera_id": 3426, "type": "report_map_camera_speed", "highway": 15, "zoom_level": 14, "longitude": 51.476848125457757, "latitude": 35.615895428296895, "tile_x": 10534, "tile_y": 6455, "zoom": 14 }, "geometry": { "type": "Point", "coordinates": [ 51.476848125457757, 35.615895428296895 ] } },
{ "type": "Feature", "properties": { "camera_id": 3438, "type": "report_map_camera_speed", "highway": 15, "zoom_level": 14, "longitude": 51.294500827789307, "latitude": 35.750613445989259, "tile_x": 10526, "tile_y": 6447, "zoom": 14 }, "geometry": { "type": "Point", "coordinates": [ 51.294500827789307, 35.750613445989259 ] } },
{ "type": "Feature", "properties": { "camera_id": 3453, "type": "report_map_camera_speed", "highway": 15, "zoom_level": 14, "longitude": 51.585933566093445, "latitude": 35.724666183946539, "tile_x": 10539, "tile_y": 6449, "zoom": 14 }, "geometry": { "type": "Point", "coordinates": [ 51.585933566093445, 35.724666183946539 ] } },
{ "type": "Feature", "properties": { "camera_id": 3457, "type": "report_map_camera_speed", "highway": 13, "zoom_level": 14, "longitude": 51.294602751731873, "latitude": 35.670157698815714, "tile_x": 10526, "tile_y": 6452, "zoom": 14 }, "geometry": { "type": "Point", "coordinates": [ 51.294602751731873, 35.670157698815714 ] } },
{ "type": "Feature", "properties": { "camera_id": 3470, "type": "report_map_camera_speed", "highway": 0, "zoom_level": 14, "longitude": 51.294726133346558, "latitude": 35.731490188346001, "tile_x": 10526, "tile_y": 6448, "zoom": 14 }, "geometry": { "type": "Point", "coordinates": [ 51.294726133346558, 35.731490188346001 ] } },
{ "type": "Feature", "properties": { "camera_id": 3500, "type": "report_map_camera_speed", "highway": 15, "zoom_level": 14, "longitude": 51.588470935821533, "latitude": 35.722362351682598, "tile_x": 10539, "tile_y": 6449, "zoom": 14 }, "geometry": { "type": "Point", "coordinates": [ 51.588470935821533, 35.722362351682598 ] } },
{ "type": "Feature", "properties": { "camera_id": 3511, "type": "report_map_camera_speed", "highway": 0, "zoom_level": 14, "longitude": 51.591319441795349, "latitude": 35.748123154382455, "tile_x": 10539, "tile_y": 6447, "zoom": 14 }, "geometry": { "type": "Point", "coordinates": [ 51.591319441795349, 35.748123154382455 ] } },
{ "type": "Feature", "properties": { "camera_id": 3524, "type": "report_map_camera_speed", "highway": 15, "zoom_level": 14, "longitude": 51.296195983886719, "latitude": 35.763686198510875, "tile_x": 10526, "tile_y": 6447, "zoom": 14 }, "geometry": { "type": "Point", "coordinates": [ 51.296195983886719, 35.763686198510875 ] } },
{ "type": "Feature", "properties": { "camera_id": 3545, "type": "report_map_camera_speed", "highway": 15, "zoom_level": 14, "longitude": 51.592177748680122, "latitude": 35.748266827170028, "tile_x": 10539, "tile_y": 6447, "zoom": 14 }, "geometry": { "type": "Point", "coordinates": [ 51.592177748680122, 35.748266827170028 ] } },
{ "type": "Feature", "properties": { "camera_id": 3554, "type": "report_map_camera_speed", "highway": 15, "zoom_level": 14, "longitude": 51.296206712722778, "latitude": 35.763538200680223, "tile_x": 10526, "tile_y": 6447, "zoom": 14 }, "geometry": { "type": "Point", "coordinates": [ 51.296206712722778, 35.763538200680223 ] } },
{ "type": "Feature", "properties": { "camera_id": 3555, "type": "report_map_camera_speed", "highway": 15, "zoom_level": 14, "longitude": 51.296217441558838, "latitude": 35.745062427026824, "tile_x": 10526, "tile_y": 6448, "zoom": 14 }, "geometry": { "type": "Point", "coordinates": [ 51.296217441558838, 35.745062427026824 ] } },
{ "type": "Feature", "properties": { "camera_id": 3568, "type": "report_map_camera_speed", "highway": 15, "zoom_level": 14, "longitude": 51.29666268825531, "latitude": 35.75320378901727, "tile_x": 10526, "tile_y": 6447, "zoom": 14 }, "geometry": { "type": "Point", "coordinates": [ 51.29666268825531, 35.75320378901727 ] } },
{ "type": "Feature", "properties": { "camera_id": 3572, "type": "report_map_camera_speed", "highway": 15, "zoom_level": 14, "longitude": 51.478752493858337, "latitude": 35.790508432846465, "tile_x": 10534, "tile_y": 6445, "zoom": 14 }, "geometry": { "type": "Point", "coordinates": [ 51.478752493858337, 35.790508432846465 ] } },
{ "type": "Feature", "properties": { "camera_id": 3582, "type": "report_map_camera_speed", "highway": 15, "zoom_level": 14, "longitude": 51.29667341709137, "latitude": 35.753386633574607, "tile_x": 10526, "tile_y": 6447, "zoom": 14 }, "geometry": { "type": "Point", "coordinates": [ 51.29667341709137, 35.753386633574607 ] } },
{ "type": "Feature", "properties": { "camera_id": 3590, "type": "report_map_camera_speed", "highway": 15, "zoom_level": 14, "longitude": 51.479514241218567, "latitude": 35.738056706269646, "tile_x": 10534, "tile_y": 6448, "zoom": 14 }, "geometry": { "type": "Point", "coordinates": [ 51.479514241218567, 35.738056706269646 ] } },
{ "type": "Feature", "properties": { "camera_id": 3604, "type": "report_map_camera_speed", "highway": 0, "zoom_level": 14, "longitude": 51.464622616767883, "latitude": 35.57237880257653, "tile_x": 10534, "tile_y": 6457, "zoom": 14 }, "geometry": { "type": "Point", "coordinates": [ 51.464622616767883, 35.57237880257653 ] } },
{ "type": "Feature", "properties": { "camera_id": 3647, "type": "report_map_camera_speed", "highway": 15, "zoom_level": 14, "longitude": 51.479524970054626, "latitude": 35.738270065474552, "tile_x": 10534, "tile_y": 6448, "zoom": 14 }, "geometry": { "type": "Point", "coordinates": [ 51.479524970054626, 35.738270065474552 ] } },
{ "type": "Feature", "properties": { "camera_id": 3687, "type": "report_map_camera_speed", "highway": 15, "zoom_level": 14, "longitude": 51.297397613525391, "latitude": 35.699642737513592, "tile_x": 10526, "tile_y": 6450, "zoom": 14 }, "geometry": { "type": "Point", "coordinates": [ 51.297397613525391, 35.699642737513592 ] } },
{ "type": "Feature", "properties": { "camera_id": 3688, "type": "report_map_camera_speed", "highway": 0, "zoom_level": 14, "longitude": 51.464681625366211, "latitude": 35.572500975367603, "tile_x": 10534, "tile_y": 6457, "zoom": 14 }, "geometry": { "type": "Point", "coordinates": [ 51.464681625366211, 35.572500975367603 ] } },
{ "type": "Feature", "properties": { "camera_id": 3689, "type": "report_map_camera_speed", "highway": 0, "zoom_level": 14, "longitude": 51.464874744415283, "latitude": 35.572452978936184, "tile_x": 10534, "tile_y": 6457, "zoom": 14 }, "geometry": { "type": "Point", "coordinates": [ 51.464874744415283, 35.572452978936184 ] } },
{ "type": "Feature", "properties": { "camera_id": 3708, "type": "report_map_camera_speed", "highway": 15, "zoom_level": 14, "longitude": 51.387723684310913, "latitude": 35.765436034340553, "tile_x": 10530, "tile_y": 6446, "zoom": 14 }, "geometry": { "type": "Point", "coordinates": [ 51.387723684310913, 35.765436034340553 ] } },
{ "type": "Feature", "properties": { "camera_id": 3740, "type": "report_map_camera_speed", "highway": 13, "zoom_level": 14, "longitude": 51.219425797462463, "latitude": 35.646917539044566, "tile_x": 10523, "tile_y": 6453, "zoom": 14 }, "geometry": { "type": "Point", "coordinates": [ 51.219425797462463, 35.646917539044566 ] } },
{ "type": "Feature", "properties": { "camera_id": 3741, "type": "report_map_camera_speed", "highway": 15, "zoom_level": 14, "longitude": 51.388115286827087, "latitude": 35.764717822799014, "tile_x": 10530, "tile_y": 6446, "zoom": 14 }, "geometry": { "type": "Point", "coordinates": [ 51.388115286827087, 35.764717822799014 ] } },
{ "type": "Feature", "properties": { "camera_id": 3755, "type": "report_map_camera_speed", "highway": 15, "zoom_level": 14, "longitude": 51.298776268959045, "latitude": 35.770210888011626, "tile_x": 10526, "tile_y": 6446, "zoom": 14 }, "geometry": { "type": "Point", "coordinates": [ 51.298776268959045, 35.770210888011626 ] } },
{ "type": "Feature", "properties": { "camera_id": 3790, "type": "report_map_camera_speed", "highway": 15, "zoom_level": 14, "longitude": 51.299865245819092, "latitude": 35.600560872971364, "tile_x": 10526, "tile_y": 6456, "zoom": 14 }, "geometry": { "type": "Point", "coordinates": [ 51.299865245819092, 35.600560872971364 ] } },
{ "type": "Feature", "properties": { "camera_id": 3807, "type": "report_map_camera_speed", "highway": 13, "zoom_level": 14, "longitude": 51.389096975326538, "latitude": 35.649323810907291, "tile_x": 10530, "tile_y": 6453, "zoom": 14 }, "geometry": { "type": "Point", "coordinates": [ 51.389096975326538, 35.649323810907291 ] } },
{ "type": "Feature", "properties": { "camera_id": 3824, "type": "report_map_camera_speed", "highway": 15, "zoom_level": 14, "longitude": 51.300187110900879, "latitude": 35.600635023227838, "tile_x": 10526, "tile_y": 6456, "zoom": 14 }, "geometry": { "type": "Point", "coordinates": [ 51.300187110900879, 35.600635023227838 ] } },
{ "type": "Feature", "properties": { "camera_id": 3843, "type": "report_map_camera_speed", "highway": 15, "zoom_level": 14, "longitude": 51.599092483520508, "latitude": 35.724012930147524, "tile_x": 10540, "tile_y": 6449, "zoom": 14 }, "geometry": { "type": "Point", "coordinates": [ 51.599092483520508, 35.724012930147524 ] } },
{ "type": "Feature", "properties": { "camera_id": 3850, "type": "report_map_camera_speed", "highway": 0, "zoom_level": 14, "longitude": 51.300804018974304, "latitude": 35.775673108332541, "tile_x": 10526, "tile_y": 6446, "zoom": 14 }, "geometry": { "type": "Point", "coordinates": [ 51.300804018974304, 35.775673108332541 ] } },
{ "type": "Feature", "properties": { "camera_id": 3870, "type": "report_map_camera_speed", "highway": 0, "zoom_level": 14, "longitude": 51.253940463066101, "latitude": 35.635168486278637, "tile_x": 10524, "tile_y": 6454, "zoom": 14 }, "geometry": { "type": "Point", "coordinates": [ 51.253940463066101, 35.635168486278637 ] } },
{ "type": "Feature", "properties": { "camera_id": 3886, "type": "report_map_camera_speed", "highway": 15, "zoom_level": 14, "longitude": 51.389483213424683, "latitude": 35.750487191821321, "tile_x": 10530, "tile_y": 6447, "zoom": 14 }, "geometry": { "type": "Point", "coordinates": [ 51.389483213424683, 35.750487191821321 ] } },
{ "type": "Feature", "properties": { "camera_id": 3900, "type": "report_map_camera_speed", "highway": 15, "zoom_level": 14, "longitude": 51.599108576774597, "latitude": 35.723821308017023, "tile_x": 10540, "tile_y": 6449, "zoom": 14 }, "geometry": { "type": "Point", "coordinates": [ 51.599108576774597, 35.723821308017023 ] } },
{ "type": "Feature", "properties": { "camera_id": 3905, "type": "report_map_camera_speed", "highway": 0, "zoom_level": 14, "longitude": 51.254256963729858, "latitude": 35.791239465548543, "tile_x": 10524, "tile_y": 6445, "zoom": 14 }, "geometry": { "type": "Point", "coordinates": [ 51.254256963729858, 35.791239465548543 ] } },
{ "type": "Feature", "properties": { "camera_id": 3936, "type": "report_map_camera_speed", "highway": 0, "zoom_level": 14, "longitude": 51.301887631416321, "latitude": 35.753134133837307, "tile_x": 10526, "tile_y": 6447, "zoom": 14 }, "geometry": { "type": "Point", "coordinates": [ 51.301887631416321, 35.753134133837307 ] } },
{ "type": "Feature", "properties": { "camera_id": 3937, "type": "report_map_camera_speed", "highway": 0, "zoom_level": 14, "longitude": 51.389767527580261, "latitude": 35.614286223080427, "tile_x": 10530, "tile_y": 6455, "zoom": 14 }, "geometry": { "type": "Point", "coordinates": [ 51.389767527580261, 35.614286223080427 ] } },
{ "type": "Feature", "properties": { "camera_id": 3951, "type": "report_map_camera_speed", "highway": 17, "zoom_level": 14, "longitude": 51.254273056983948, "latitude": 35.790882652807881, "tile_x": 10524, "tile_y": 6445, "zoom": 14 }, "geometry": { "type": "Point", "coordinates": [ 51.254273056983948, 35.790882652807881 ] } },
{ "type": "Feature", "properties": { "camera_id": 3972, "type": "report_map_camera_speed", "highway": 0, "zoom_level": 14, "longitude": 51.39004111289978, "latitude": 35.596373452886063, "tile_x": 10530, "tile_y": 6456, "zoom": 14 }, "geometry": { "type": "Point", "coordinates": [ 51.39004111289978, 35.596373452886063 ] } },
{ "type": "Feature", "properties": { "camera_id": 3978, "type": "report_map_camera_speed", "highway": 0, "zoom_level": 14, "longitude": 51.390084028244019, "latitude": 35.775716630493719, "tile_x": 10530, "tile_y": 6446, "zoom": 14 }, "geometry": { "type": "Point", "coordinates": [ 51.390084028244019, 35.775716630493719 ] } },
{ "type": "Feature", "properties": { "camera_id": 3983, "type": "report_map_camera_speed", "highway": 0, "zoom_level": 14, "longitude": 51.302289962768562, "latitude": 35.753334392315381, "tile_x": 10526, "tile_y": 6447, "zoom": 14 }, "geometry": { "type": "Point", "coordinates": [ 51.302289962768562, 35.753334392315381 ] } },
{ "type": "Feature", "properties": { "camera_id": 4001, "type": "report_map_camera_speed", "highway": 15, "zoom_level": 14, "longitude": 51.302348971366882, "latitude": 35.732060643407671, "tile_x": 10526, "tile_y": 6448, "zoom": 14 }, "geometry": { "type": "Point", "coordinates": [ 51.302348971366882, 35.732060643407671 ] } },
{ "type": "Feature", "properties": { "camera_id": 4002, "type": "report_map_camera_speed", "highway": 0, "zoom_level": 14, "longitude": 51.390126943588257, "latitude": 35.614469386282551, "tile_x": 10530, "tile_y": 6455, "zoom": 14 }, "geometry": { "type": "Point", "coordinates": [ 51.390126943588257, 35.614469386282551 ] } },
{ "type": "Feature", "properties": { "camera_id": 4003, "type": "report_map_camera_speed", "highway": 0, "zoom_level": 14, "longitude": 51.390164494514472, "latitude": 35.608097677005055, "tile_x": 10530, "tile_y": 6455, "zoom": 14 }, "geometry": { "type": "Point", "coordinates": [ 51.390164494514472, 35.608097677005055 ] } },
{ "type": "Feature", "properties": { "camera_id": 4011, "type": "report_map_camera_speed", "highway": 0, "zoom_level": 14, "longitude": 51.302354335784912, "latitude": 35.732199990588043, "tile_x": 10526, "tile_y": 6448, "zoom": 14 }, "geometry": { "type": "Point", "coordinates": [ 51.302354335784912, 35.732199990588043 ] } },
{ "type": "Feature", "properties": { "camera_id": 4030, "type": "report_map_camera_speed", "highway": 15, "zoom_level": 14, "longitude": 51.390341520309448, "latitude": 35.607500166947275, "tile_x": 10530, "tile_y": 6455, "zoom": 14 }, "geometry": { "type": "Point", "coordinates": [ 51.390341520309448, 35.607500166947275 ] } },
{ "type": "Feature", "properties": { "camera_id": 4031, "type": "report_map_camera_speed", "highway": 15, "zoom_level": 14, "longitude": 51.390352249145508, "latitude": 35.59783471290671, "tile_x": 10530, "tile_y": 6456, "zoom": 14 }, "geometry": { "type": "Point", "coordinates": [ 51.390352249145508, 35.59783471290671 ] } },
{ "type": "Feature", "properties": { "camera_id": 4046, "type": "report_map_camera_speed", "highway": 0, "zoom_level": 14, "longitude": 51.390577554702759, "latitude": 35.586484165322311, "tile_x": 10530, "tile_y": 6456, "zoom": 14 }, "geometry": { "type": "Point", "coordinates": [ 51.390577554702759, 35.586484165322311 ] } },
{ "type": "Feature", "properties": { "camera_id": 4056, "type": "report_map_camera_speed", "highway": 0, "zoom_level": 14, "longitude": 51.390706300735474, "latitude": 35.586741555294012, "tile_x": 10530, "tile_y": 6456, "zoom": 14 }, "geometry": { "type": "Point", "coordinates": [ 51.390706300735474, 35.586741555294012 ] } },
{ "type": "Feature", "properties": { "camera_id": 4057, "type": "report_map_camera_speed", "highway": 15, "zoom_level": 14, "longitude": 51.390920877456665, "latitude": 35.63805468452108, "tile_x": 10530, "tile_y": 6454, "zoom": 14 }, "geometry": { "type": "Point", "coordinates": [ 51.390920877456665, 35.63805468452108 ] } },
{ "type": "Feature", "properties": { "camera_id": 4092, "type": "report_map_camera_speed", "highway": 15, "zoom_level": 14, "longitude": 51.391087174415588, "latitude": 35.776765507373085, "tile_x": 10530, "tile_y": 6446, "zoom": 14 }, "geometry": { "type": "Point", "coordinates": [ 51.391087174415588, 35.776765507373085 ] } },
{ "type": "Feature", "properties": { "camera_id": 4093, "type": "report_map_camera_speed", "highway": 0, "zoom_level": 14, "longitude": 51.391097903251648, "latitude": 35.776382516589308, "tile_x": 10530, "tile_y": 6446, "zoom": 14 }, "geometry": { "type": "Point", "coordinates": [ 51.391097903251648, 35.776382516589308 ] } },
{ "type": "Feature", "properties": { "camera_id": 4103, "type": "report_map_camera_speed", "highway": 15, "zoom_level": 14, "longitude": 51.224302053451538, "latitude": 35.713159423331462, "tile_x": 10523, "tile_y": 6449, "zoom": 14 }, "geometry": { "type": "Point", "coordinates": [ 51.224302053451538, 35.713159423331462 ] } },
{ "type": "Feature", "properties": { "camera_id": 4106, "type": "report_map_camera_speed", "highway": 15, "zoom_level": 14, "longitude": 51.391103267669678, "latitude": 35.637967489726449, "tile_x": 10530, "tile_y": 6454, "zoom": 14 }, "geometry": { "type": "Point", "coordinates": [ 51.391103267669678, 35.637967489726449 ] } },
{ "type": "Feature", "properties": { "camera_id": 4140, "type": "report_map_camera_speed", "highway": 13, "zoom_level": 14, "longitude": 51.224414706230156, "latitude": 35.687121532757338, "tile_x": 10523, "tile_y": 6451, "zoom": 14 }, "geometry": { "type": "Point", "coordinates": [ 51.224414706230156, 35.687121532757338 ] } },
{ "type": "Feature", "properties": { "camera_id": 4208, "type": "report_map_camera_speed", "highway": 0, "zoom_level": 14, "longitude": 51.391575336456299, "latitude": 35.776247598941993, "tile_x": 10530, "tile_y": 6446, "zoom": 14 }, "geometry": { "type": "Point", "coordinates": [ 51.391575336456299, 35.776247598941993 ] } },
{ "type": "Feature", "properties": { "camera_id": 4221, "type": "report_map_camera_speed", "highway": 13, "zoom_level": 14, "longitude": 51.22626006603241, "latitude": 35.712959063803723, "tile_x": 10523, "tile_y": 6449, "zoom": 14 }, "geometry": { "type": "Point", "coordinates": [ 51.22626006603241, 35.712959063803723 ] } },
{ "type": "Feature", "properties": { "camera_id": 4240, "type": "report_map_camera_speed", "highway": 15, "zoom_level": 14, "longitude": 51.391961574554443, "latitude": 35.568678624064646, "tile_x": 10530, "tile_y": 6457, "zoom": 14 }, "geometry": { "type": "Point", "coordinates": [ 51.391961574554443, 35.568678624064646 ] } },
{ "type": "Feature", "properties": { "camera_id": 4241, "type": "report_map_camera_speed", "highway": 0, "zoom_level": 14, "longitude": 51.227086186408997, "latitude": 35.739606813195138, "tile_x": 10523, "tile_y": 6448, "zoom": 14 }, "geometry": { "type": "Point", "coordinates": [ 51.227086186408997, 35.739606813195138 ] } },
{ "type": "Feature", "properties": { "camera_id": 4242, "type": "report_map_camera_speed", "highway": 15, "zoom_level": 14, "longitude": 51.227327585220337, "latitude": 35.739458770578757, "tile_x": 10523, "tile_y": 6448, "zoom": 14 }, "geometry": { "type": "Point", "coordinates": [ 51.227327585220337, 35.739458770578757 ] } },
{ "type": "Feature", "properties": { "camera_id": 4259, "type": "report_map_camera_speed", "highway": 15, "zoom_level": 14, "longitude": 51.392015218734741, "latitude": 35.789542415032969, "tile_x": 10530, "tile_y": 6445, "zoom": 14 }, "geometry": { "type": "Point", "coordinates": [ 51.392015218734741, 35.789542415032969 ] } },
{ "type": "Feature", "properties": { "camera_id": 4309, "type": "report_map_camera_speed", "highway": 15, "zoom_level": 14, "longitude": 51.392208337783813, "latitude": 35.570376014904504, "tile_x": 10530, "tile_y": 6457, "zoom": 14 }, "geometry": { "type": "Point", "coordinates": [ 51.392208337783813, 35.570376014904504 ] } },
{ "type": "Feature", "properties": { "camera_id": 4342, "type": "report_map_camera_speed", "highway": 13, "zoom_level": 14, "longitude": 51.228910088539124, "latitude": 35.711961614311456, "tile_x": 10523, "tile_y": 6449, "zoom": 14 }, "geometry": { "type": "Point", "coordinates": [ 51.228910088539124, 35.711961614311456 ] } },
{ "type": "Feature", "properties": { "camera_id": 4343, "type": "report_map_camera_speed", "highway": 15, "zoom_level": 14, "longitude": 51.229151487350464, "latitude": 35.712100996650214, "tile_x": 10523, "tile_y": 6449, "zoom": 14 }, "geometry": { "type": "Point", "coordinates": [ 51.229151487350464, 35.712100996650214 ] } },
{ "type": "Feature", "properties": { "camera_id": 4401, "type": "report_map_camera_speed", "highway": 15, "zoom_level": 14, "longitude": 51.230862736701965, "latitude": 35.75777042371832, "tile_x": 10523, "tile_y": 6447, "zoom": 14 }, "geometry": { "type": "Point", "coordinates": [ 51.230862736701965, 35.75777042371832 ] } },
{ "type": "Feature", "properties": { "camera_id": 4408, "type": "report_map_camera_speed", "highway": 15, "zoom_level": 14, "longitude": 51.231061220169067, "latitude": 35.674829322407163, "tile_x": 10523, "tile_y": 6451, "zoom": 14 }, "geometry": { "type": "Point", "coordinates": [ 51.231061220169067, 35.674829322407163 ] } },
{ "type": "Feature", "properties": { "camera_id": 4430, "type": "report_map_camera_speed", "highway": 15, "zoom_level": 14, "longitude": 51.231635212898254, "latitude": 35.757709478936853, "tile_x": 10523, "tile_y": 6447, "zoom": 14 }, "geometry": { "type": "Point", "coordinates": [ 51.231635212898254, 35.757709478936853 ] } },
{ "type": "Feature", "properties": { "camera_id": 4489, "type": "report_map_camera_speed", "highway": 15, "zoom_level": 14, "longitude": 51.305835843086243, "latitude": 35.606754363460965, "tile_x": 10526, "tile_y": 6455, "zoom": 14 }, "geometry": { "type": "Point", "coordinates": [ 51.305835843086243, 35.606754363460965 ] } },
{ "type": "Feature", "properties": { "camera_id": 4494, "type": "report_map_camera_speed", "highway": 13, "zoom_level": 14, "longitude": 51.232729554176331, "latitude": 35.683413589362765, "tile_x": 10523, "tile_y": 6451, "zoom": 14 }, "geometry": { "type": "Point", "coordinates": [ 51.232729554176331, 35.683413589362765 ] } },
{ "type": "Feature", "properties": { "camera_id": 4495, "type": "report_map_camera_speed", "highway": 15, "zoom_level": 14, "longitude": 51.233228445053101, "latitude": 35.683600951388584, "tile_x": 10523, "tile_y": 6451, "zoom": 14 }, "geometry": { "type": "Point", "coordinates": [ 51.233228445053101, 35.683600951388584 ] } },
{ "type": "Feature", "properties": { "camera_id": 4528, "type": "report_map_camera_speed", "highway": 15, "zoom_level": 14, "longitude": 51.262067556381226, "latitude": 35.65475945172539, "tile_x": 10524, "tile_y": 6453, "zoom": 14 }, "geometry": { "type": "Point", "coordinates": [ 51.262067556381226, 35.65475945172539 ] } },
{ "type": "Feature", "properties": { "camera_id": 4552, "type": "report_map_camera_speed", "highway": 15, "zoom_level": 14, "longitude": 51.233561038970947, "latitude": 35.683675024626268, "tile_x": 10523, "tile_y": 6451, "zoom": 14 }, "geometry": { "type": "Point", "coordinates": [ 51.233561038970947, 35.683675024626268 ] } },
{ "type": "Feature", "properties": { "camera_id": 4601, "type": "report_map_camera_speed", "highway": 15, "zoom_level": 14, "longitude": 51.308035254478455, "latitude": 35.608826022646241, "tile_x": 10527, "tile_y": 6455, "zoom": 14 }, "geometry": { "type": "Point", "coordinates": [ 51.308035254478455, 35.608826022646241 ] } },
{ "type": "Feature", "properties": { "camera_id": 4622, "type": "report_map_camera_speed", "highway": 0, "zoom_level": 14, "longitude": 51.393764019012451, "latitude": 35.655905814703587, "tile_x": 10530, "tile_y": 6453, "zoom": 14 }, "geometry": { "type": "Point", "coordinates": [ 51.393764019012451, 35.655905814703587 ] } },
{ "type": "Feature", "properties": { "camera_id": 4627, "type": "report_map_camera_speed", "highway": 13, "zoom_level": 14, "longitude": 51.234033107757568, "latitude": 35.683670667378898, "tile_x": 10523, "tile_y": 6451, "zoom": 14 }, "geometry": { "type": "Point", "coordinates": [ 51.234033107757568, 35.683670667378898 ] } },
{ "type": "Feature", "properties": { "camera_id": 4668, "type": "report_map_camera_speed", "highway": 15, "zoom_level": 14, "longitude": 51.309317350387573, "latitude": 35.725258462760841, "tile_x": 10527, "tile_y": 6449, "zoom": 14 }, "geometry": { "type": "Point", "coordinates": [ 51.309317350387573, 35.725258462760841 ] } },
{ "type": "Feature", "properties": { "camera_id": 4670, "type": "report_map_camera_speed", "highway": 15, "zoom_level": 14, "longitude": 51.309800148010254, "latitude": 35.707575301811751, "tile_x": 10527, "tile_y": 6450, "zoom": 14 }, "geometry": { "type": "Point", "coordinates": [ 51.309800148010254, 35.707575301811751 ] } },
{ "type": "Feature", "properties": { "camera_id": 4728, "type": "report_map_camera_speed", "highway": 15, "zoom_level": 14, "longitude": 51.311312913894653, "latitude": 35.753112366581057, "tile_x": 10527, "tile_y": 6447, "zoom": 14 }, "geometry": { "type": "Point", "coordinates": [ 51.311312913894653, 35.753112366581057 ] } },
{ "type": "Feature", "properties": { "camera_id": 4729, "type": "report_map_camera_speed", "highway": 15, "zoom_level": 14, "longitude": 51.311318278312683, "latitude": 35.753256030362238, "tile_x": 10527, "tile_y": 6447, "zoom": 14 }, "geometry": { "type": "Point", "coordinates": [ 51.311318278312683, 35.753256030362238 ] } },
{ "type": "Feature", "properties": { "camera_id": 4742, "type": "report_map_camera_speed", "highway": 15, "zoom_level": 14, "longitude": 51.235781908035278, "latitude": 35.758392928455315, "tile_x": 10523, "tile_y": 6447, "zoom": 14 }, "geometry": { "type": "Point", "coordinates": [ 51.235781908035278, 35.758392928455315 ] } },
{ "type": "Feature", "properties": { "camera_id": 4757, "type": "report_map_camera_speed", "highway": 15, "zoom_level": 14, "longitude": 51.394348740577698, "latitude": 35.727022208147467, "tile_x": 10530, "tile_y": 6449, "zoom": 14 }, "geometry": { "type": "Point", "coordinates": [ 51.394348740577698, 35.727022208147467 ] } },
{ "type": "Feature", "properties": { "camera_id": 4762, "type": "report_map_camera_speed", "highway": 15, "zoom_level": 14, "longitude": 51.236178874969482, "latitude": 35.758610586305082, "tile_x": 10523, "tile_y": 6447, "zoom": 14 }, "geometry": { "type": "Point", "coordinates": [ 51.236178874969482, 35.758610586305082 ] } },
{ "type": "Feature", "properties": { "camera_id": 4764, "type": "report_map_camera_speed", "highway": 0, "zoom_level": 14, "longitude": 51.312257051467896, "latitude": 35.735535540945683, "tile_x": 10527, "tile_y": 6448, "zoom": 14 }, "geometry": { "type": "Point", "coordinates": [ 51.312257051467896, 35.735535540945683 ] } },
{ "type": "Feature", "properties": { "camera_id": 4776, "type": "report_map_camera_speed", "highway": 0, "zoom_level": 14, "longitude": 51.394477486610413, "latitude": 35.727401081690608, "tile_x": 10531, "tile_y": 6449, "zoom": 14 }, "geometry": { "type": "Point", "coordinates": [ 51.394477486610413, 35.727401081690608 ] } },
{ "type": "Feature", "properties": { "camera_id": 4777, "type": "report_map_camera_speed", "highway": 13, "zoom_level": 14, "longitude": 51.394675970077522, "latitude": 35.778332268641726, "tile_x": 10531, "tile_y": 6446, "zoom": 14 }, "geometry": { "type": "Point", "coordinates": [ 51.394675970077522, 35.778332268641726 ] } },
{ "type": "Feature", "properties": { "camera_id": 4792, "type": "report_map_camera_speed", "highway": 0, "zoom_level": 14, "longitude": 51.313367486000061, "latitude": 35.769013937031211, "tile_x": 10527, "tile_y": 6446, "zoom": 14 }, "geometry": { "type": "Point", "coordinates": [ 51.313367486000061, 35.769013937031211 ] } },
{ "type": "Feature", "properties": { "camera_id": 4814, "type": "report_map_camera_speed", "highway": 0, "zoom_level": 14, "longitude": 51.313753724098206, "latitude": 35.769031347356403, "tile_x": 10527, "tile_y": 6446, "zoom": 14 }, "geometry": { "type": "Point", "coordinates": [ 51.313753724098206, 35.769031347356403 ] } },
{ "type": "Feature", "properties": { "camera_id": 4827, "type": "report_map_camera_speed", "highway": 15, "zoom_level": 14, "longitude": 51.314231157302856, "latitude": 35.746925871067269, "tile_x": 10527, "tile_y": 6447, "zoom": 14 }, "geometry": { "type": "Point", "coordinates": [ 51.314231157302856, 35.746925871067269 ] } },
{ "type": "Feature", "properties": { "camera_id": 4828, "type": "report_map_camera_speed", "highway": 15, "zoom_level": 14, "longitude": 51.314257979393005, "latitude": 35.614870599450164, "tile_x": 10527, "tile_y": 6455, "zoom": 14 }, "geometry": { "type": "Point", "coordinates": [ 51.314257979393005, 35.614870599450164 ] } },
{ "type": "Feature", "properties": { "camera_id": 4862, "type": "report_map_camera_speed", "highway": 15, "zoom_level": 14, "longitude": 51.314408183097839, "latitude": 35.74691716348628, "tile_x": 10527, "tile_y": 6447, "zoom": 14 }, "geometry": { "type": "Point", "coordinates": [ 51.314408183097839, 35.74691716348628 ] } },
{ "type": "Feature", "properties": { "camera_id": 4870, "type": "report_map_camera_speed", "highway": 0, "zoom_level": 14, "longitude": 51.315180659294128, "latitude": 35.753012237125645, "tile_x": 10527, "tile_y": 6447, "zoom": 14 }, "geometry": { "type": "Point", "coordinates": [ 51.315180659294128, 35.753012237125645 ] } },
{ "type": "Feature", "properties": { "camera_id": 4893, "type": "report_map_camera_speed", "highway": 0, "zoom_level": 14, "longitude": 51.263730525970459, "latitude": 35.82951790237513, "tile_x": 10525, "tile_y": 6443, "zoom": 14 }, "geometry": { "type": "Point", "coordinates": [ 51.263730525970459, 35.82951790237513 ] } },
{ "type": "Feature", "properties": { "camera_id": 4898, "type": "report_map_camera_speed", "highway": 0, "zoom_level": 14, "longitude": 51.315438151359558, "latitude": 35.753155901087588, "tile_x": 10527, "tile_y": 6447, "zoom": 14 }, "geometry": { "type": "Point", "coordinates": [ 51.315438151359558, 35.753155901087588 ] } },
{ "type": "Feature", "properties": { "camera_id": 4902, "type": "report_map_camera_speed", "highway": 11, "zoom_level": 14, "longitude": 51.395223140716553, "latitude": 35.607665900111243, "tile_x": 10531, "tile_y": 6455, "zoom": 14 }, "geometry": { "type": "Point", "coordinates": [ 51.395223140716553, 35.607665900111243 ] } },
{ "type": "Feature", "properties": { "camera_id": 4946, "type": "report_map_camera_speed", "highway": 0, "zoom_level": 14, "longitude": 51.239140033721917, "latitude": 35.710236737696761, "tile_x": 10523, "tile_y": 6450, "zoom": 14 }, "geometry": { "type": "Point", "coordinates": [ 51.239140033721917, 35.710236737696761 ] } },
{ "type": "Feature", "properties": { "camera_id": 4956, "type": "report_map_camera_speed", "highway": 0, "zoom_level": 14, "longitude": 51.23973548412323, "latitude": 35.710280295646442, "tile_x": 10523, "tile_y": 6450, "zoom": 14 }, "geometry": { "type": "Point", "coordinates": [ 51.23973548412323, 35.710280295646442 ] } },
{ "type": "Feature", "properties": { "camera_id": 4967, "type": "report_map_camera_speed", "highway": 0, "zoom_level": 14, "longitude": 51.240041255950928, "latitude": 35.759359324761071, "tile_x": 10523, "tile_y": 6447, "zoom": 14 }, "geometry": { "type": "Point", "coordinates": [ 51.240041255950928, 35.759359324761071 ] } },
{ "type": "Feature", "properties": { "camera_id": 4981, "type": "report_map_camera_speed", "highway": 0, "zoom_level": 14, "longitude": 51.240465044975281, "latitude": 35.759267909396975, "tile_x": 10523, "tile_y": 6447, "zoom": 14 }, "geometry": { "type": "Point", "coordinates": [ 51.240465044975281, 35.759267909396975 ] } },
{ "type": "Feature", "properties": { "camera_id": 4983, "type": "report_map_camera_speed", "highway": 0, "zoom_level": 14, "longitude": 51.39703631401062, "latitude": 35.751009621560776, "tile_x": 10531, "tile_y": 6447, "zoom": 14 }, "geometry": { "type": "Point", "coordinates": [ 51.39703631401062, 35.751009621560776 ] } },
{ "type": "Feature", "properties": { "camera_id": 5007, "type": "report_map_camera_speed", "highway": 0, "zoom_level": 14, "longitude": 51.241682767868042, "latitude": 35.692066641459363, "tile_x": 10524, "tile_y": 6451, "zoom": 14 }, "geometry": { "type": "Point", "coordinates": [ 51.241682767868042, 35.692066641459363 ] } },
{ "type": "Feature", "properties": { "camera_id": 5015, "type": "report_map_camera_speed", "highway": 13, "zoom_level": 14, "longitude": 51.24172031879425, "latitude": 35.736497860445638, "tile_x": 10524, "tile_y": 6448, "zoom": 14 }, "geometry": { "type": "Point", "coordinates": [ 51.24172031879425, 35.736497860445638 ] } },
{ "type": "Feature", "properties": { "camera_id": 5034, "type": "report_map_camera_speed", "highway": 0, "zoom_level": 14, "longitude": 51.242085099220283, "latitude": 35.692145063621219, "tile_x": 10524, "tile_y": 6451, "zoom": 14 }, "geometry": { "type": "Point", "coordinates": [ 51.242085099220283, 35.692145063621219 ] } },
{ "type": "Feature", "properties": { "camera_id": 5065, "type": "report_map_camera_speed", "highway": 13, "zoom_level": 14, "longitude": 51.397497653961182, "latitude": 35.659933210451491, "tile_x": 10531, "tile_y": 6452, "zoom": 14 }, "geometry": { "type": "Point", "coordinates": [ 51.397497653961182, 35.659933210451491 ] } },
{ "type": "Feature", "properties": { "camera_id": 5082, "type": "report_map_camera_speed", "highway": 0, "zoom_level": 14, "longitude": 51.398200392723083, "latitude": 35.734024545234014, "tile_x": 10531, "tile_y": 6448, "zoom": 14 }, "geometry": { "type": "Point", "coordinates": [ 51.398200392723083, 35.734024545234014 ] } },
{ "type": "Feature", "properties": { "camera_id": 5111, "type": "report_map_camera_speed", "highway": 15, "zoom_level": 14, "longitude": 51.398683190345757, "latitude": 35.776661055524102, "tile_x": 10531, "tile_y": 6446, "zoom": 14 }, "geometry": { "type": "Point", "coordinates": [ 51.398683190345757, 35.776661055524102 ] } },
{ "type": "Feature", "properties": { "camera_id": 5115, "type": "report_map_camera_speed", "highway": 15, "zoom_level": 14, "longitude": 51.398865580558777, "latitude": 35.77665670336075, "tile_x": 10531, "tile_y": 6446, "zoom": 14 }, "geometry": { "type": "Point", "coordinates": [ 51.398865580558777, 35.77665670336075 ] } },
{ "type": "Feature", "properties": { "camera_id": 5141, "type": "report_map_camera_speed", "highway": 15, "zoom_level": 14, "longitude": 51.317428350448608, "latitude": 35.736763475997186, "tile_x": 10527, "tile_y": 6448, "zoom": 14 }, "geometry": { "type": "Point", "coordinates": [ 51.317428350448608, 35.736763475997186 ] } },
{ "type": "Feature", "properties": { "camera_id": 5142, "type": "report_map_camera_speed", "highway": 15, "zoom_level": 14, "longitude": 51.243946552276611, "latitude": 35.759968757837463, "tile_x": 10524, "tile_y": 6447, "zoom": 14 }, "geometry": { "type": "Point", "coordinates": [ 51.243946552276611, 35.759968757837463 ] } },
{ "type": "Feature", "properties": { "camera_id": 5152, "type": "report_map_camera_speed", "highway": 0, "zoom_level": 14, "longitude": 51.318227648735046, "latitude": 35.769740814865628, "tile_x": 10527, "tile_y": 6446, "zoom": 14 }, "geometry": { "type": "Point", "coordinates": [ 51.318227648735046, 35.769740814865628 ] } },
{ "type": "Feature", "properties": { "camera_id": 5209, "type": "report_map_camera_speed", "highway": 15, "zoom_level": 14, "longitude": 51.244450807571411, "latitude": 35.760247354260422, "tile_x": 10524, "tile_y": 6447, "zoom": 14 }, "geometry": { "type": "Point", "coordinates": [ 51.244450807571411, 35.760247354260422 ] } },
{ "type": "Feature", "properties": { "camera_id": 5223, "type": "report_map_camera_speed", "highway": 8, "zoom_level": 14, "longitude": 51.318871378898621, "latitude": 35.78646152302661, "tile_x": 10527, "tile_y": 6445, "zoom": 14 }, "geometry": { "type": "Point", "coordinates": [ 51.318871378898621, 35.78646152302661 ] } },
{ "type": "Feature", "properties": { "camera_id": 5229, "type": "report_map_camera_speed", "highway": 13, "zoom_level": 14, "longitude": 51.319252252578735, "latitude": 35.627922012664143, "tile_x": 10527, "tile_y": 6454, "zoom": 14 }, "geometry": { "type": "Point", "coordinates": [ 51.319252252578735, 35.627922012664143 ] } },
{ "type": "Feature", "properties": { "camera_id": 5276, "type": "report_map_camera_speed", "highway": 8, "zoom_level": 14, "longitude": 51.319472193717957, "latitude": 35.786561610378243, "tile_x": 10527, "tile_y": 6445, "zoom": 14 }, "geometry": { "type": "Point", "coordinates": [ 51.319472193717957, 35.786561610378243 ] } },
{ "type": "Feature", "properties": { "camera_id": 5349, "type": "report_map_camera_speed", "highway": 11, "zoom_level": 14, "longitude": 51.40129566192627, "latitude": 35.608145652071642, "tile_x": 10531, "tile_y": 6455, "zoom": 14 }, "geometry": { "type": "Point", "coordinates": [ 51.40129566192627, 35.608145652071642 ] } },
{ "type": "Feature", "properties": { "camera_id": 5354, "type": "report_map_camera_speed", "highway": 15, "zoom_level": 14, "longitude": 51.31988525390625, "latitude": 35.699233237209043, "tile_x": 10527, "tile_y": 6450, "zoom": 14 }, "geometry": { "type": "Point", "coordinates": [ 51.31988525390625, 35.699233237209043 ] } },
{ "type": "Feature", "properties": { "camera_id": 5361, "type": "report_map_camera_speed", "highway": 15, "zoom_level": 14, "longitude": 51.40129566192627, "latitude": 35.742963823335266, "tile_x": 10531, "tile_y": 6448, "zoom": 14 }, "geometry": { "type": "Point", "coordinates": [ 51.40129566192627, 35.742963823335266 ] } },
{ "type": "Feature", "properties": { "camera_id": 5375, "type": "report_map_camera_speed", "highway": 0, "zoom_level": 14, "longitude": 51.245303750038147, "latitude": 35.695839531415025, "tile_x": 10524, "tile_y": 6450, "zoom": 14 }, "geometry": { "type": "Point", "coordinates": [ 51.245303750038147, 35.695839531415025 ] } },
{ "type": "Feature", "properties": { "camera_id": 5395, "type": "report_map_camera_speed", "highway": 11, "zoom_level": 14, "longitude": 51.401354670524597, "latitude": 35.6080191722886, "tile_x": 10531, "tile_y": 6455, "zoom": 14 }, "geometry": { "type": "Point", "coordinates": [ 51.401354670524597, 35.6080191722886 ] } },
{ "type": "Feature", "properties": { "camera_id": 5396, "type": "report_map_camera_speed", "highway": 15, "zoom_level": 14, "longitude": 51.401419043540962, "latitude": 35.744348385507308, "tile_x": 10531, "tile_y": 6448, "zoom": 14 }, "geometry": { "type": "Point", "coordinates": [ 51.401419043540962, 35.744348385507308 ] } },
{ "type": "Feature", "properties": { "camera_id": 5404, "type": "report_map_camera_speed", "highway": 0, "zoom_level": 14, "longitude": 51.320770382881165, "latitude": 35.699403136526826, "tile_x": 10527, "tile_y": 6450, "zoom": 14 }, "geometry": { "type": "Point", "coordinates": [ 51.320770382881165, 35.699403136526826 ] } },
{ "type": "Feature", "properties": { "camera_id": 5411, "type": "report_map_camera_speed", "highway": 15, "zoom_level": 14, "longitude": 51.321017146110535, "latitude": 35.618346242330048, "tile_x": 10527, "tile_y": 6455, "zoom": 14 }, "geometry": { "type": "Point", "coordinates": [ 51.321017146110535, 35.618346242330048 ] } },
{ "type": "Feature", "properties": { "camera_id": 5412, "type": "report_map_camera_speed", "highway": 15, "zoom_level": 14, "longitude": 51.321119070053101, "latitude": 35.715250101395846, "tile_x": 10527, "tile_y": 6449, "zoom": 14 }, "geometry": { "type": "Point", "coordinates": [ 51.321119070053101, 35.715250101395846 ] } },
{ "type": "Feature", "properties": { "camera_id": 5419, "type": "report_map_camera_speed", "highway": 15, "zoom_level": 14, "longitude": 51.402261257171631, "latitude": 35.766350112378234, "tile_x": 10531, "tile_y": 6446, "zoom": 14 }, "geometry": { "type": "Point", "coordinates": [ 51.402261257171631, 35.766350112378234 ] } },
{ "type": "Feature", "properties": { "camera_id": 5428, "type": "report_map_camera_speed", "highway": 15, "zoom_level": 14, "longitude": 51.321167349815369, "latitude": 35.618590447443033, "tile_x": 10527, "tile_y": 6455, "zoom": 14 }, "geometry": { "type": "Point", "coordinates": [ 51.321167349815369, 35.618590447443033 ] } },
{ "type": "Feature", "properties": { "camera_id": 5439, "type": "report_map_camera_speed", "highway": 15, "zoom_level": 14, "longitude": 51.246816515922553, "latitude": 35.696501729252688, "tile_x": 10524, "tile_y": 6450, "zoom": 14 }, "geometry": { "type": "Point", "coordinates": [ 51.246816515922553, 35.696501729252688 ] } },
{ "type": "Feature", "properties": { "camera_id": 5448, "type": "report_map_camera_speed", "highway": 15, "zoom_level": 14, "longitude": 51.402974724769592, "latitude": 35.777348694341399, "tile_x": 10531, "tile_y": 6446, "zoom": 14 }, "geometry": { "type": "Point", "coordinates": [ 51.402974724769592, 35.777348694341399 ] } },
{ "type": "Feature", "properties": { "camera_id": 5462, "type": "report_map_camera_speed", "highway": 15, "zoom_level": 14, "longitude": 51.403044462203979, "latitude": 35.769135809227464, "tile_x": 10531, "tile_y": 6446, "zoom": 14 }, "geometry": { "type": "Point", "coordinates": [ 51.403044462203979, 35.769135809227464 ] } },
{ "type": "Feature", "properties": { "camera_id": 5472, "type": "report_map_camera_speed", "highway": 15, "zoom_level": 14, "longitude": 51.403119564056396, "latitude": 35.751196824716139, "tile_x": 10531, "tile_y": 6447, "zoom": 14 }, "geometry": { "type": "Point", "coordinates": [ 51.403119564056396, 35.751196824716139 ] } },
{ "type": "Feature", "properties": { "camera_id": 5478, "type": "report_map_camera_speed", "highway": 15, "zoom_level": 14, "longitude": 51.40329122543335, "latitude": 35.777444441046804, "tile_x": 10531, "tile_y": 6446, "zoom": 14 }, "geometry": { "type": "Point", "coordinates": [ 51.40329122543335, 35.777444441046804 ] } },
{ "type": "Feature", "properties": { "camera_id": 5479, "type": "report_map_camera_speed", "highway": 15, "zoom_level": 14, "longitude": 51.403323411941528, "latitude": 35.748815393609839, "tile_x": 10531, "tile_y": 6447, "zoom": 14 }, "geometry": { "type": "Point", "coordinates": [ 51.403323411941528, 35.748815393609839 ] } },
{ "type": "Feature", "properties": { "camera_id": 5491, "type": "report_map_camera_speed", "highway": 11, "zoom_level": 14, "longitude": 51.322824954986572, "latitude": 35.69715085205916, "tile_x": 10527, "tile_y": 6450, "zoom": 14 }, "geometry": { "type": "Point", "coordinates": [ 51.322824954986572, 35.69715085205916 ] } },
{ "type": "Feature", "properties": { "camera_id": 5502, "type": "report_map_camera_speed", "highway": 15, "zoom_level": 14, "longitude": 51.403736472129822, "latitude": 35.751392734523463, "tile_x": 10531, "tile_y": 6447, "zoom": 14 }, "geometry": { "type": "Point", "coordinates": [ 51.403736472129822, 35.751392734523463 ] } },
{ "type": "Feature", "properties": { "camera_id": 5510, "type": "report_map_camera_speed", "highway": 11, "zoom_level": 14, "longitude": 51.322953701019287, "latitude": 35.697233625728451, "tile_x": 10527, "tile_y": 6450, "zoom": 14 }, "geometry": { "type": "Point", "coordinates": [ 51.322953701019287, 35.697233625728451 ] } },
{ "type": "Feature", "properties": { "camera_id": 5514, "type": "report_map_camera_speed", "highway": 15, "zoom_level": 14, "longitude": 51.404052972793579, "latitude": 35.749350895297084, "tile_x": 10531, "tile_y": 6447, "zoom": 14 }, "geometry": { "type": "Point", "coordinates": [ 51.404052972793579, 35.749350895297084 ] } },
{ "type": "Feature", "properties": { "camera_id": 5518, "type": "report_map_camera_speed", "highway": 13, "zoom_level": 14, "longitude": 51.247288584709167, "latitude": 35.696540938162748, "tile_x": 10524, "tile_y": 6450, "zoom": 14 }, "geometry": { "type": "Point", "coordinates": [ 51.247288584709167, 35.696540938162748 ] } },
{ "type": "Feature", "properties": { "camera_id": 5523, "type": "report_map_camera_speed", "highway": 11, "zoom_level": 14, "longitude": 51.404154896736152, "latitude": 35.764456653357939, "tile_x": 10531, "tile_y": 6446, "zoom": 14 }, "geometry": { "type": "Point", "coordinates": [ 51.404154896736152, 35.764456653357939 ] } },
{ "type": "Feature", "properties": { "camera_id": 5536, "type": "report_map_camera_speed", "highway": 15, "zoom_level": 14, "longitude": 51.404305100440979, "latitude": 35.61453480161024, "tile_x": 10531, "tile_y": 6455, "zoom": 14 }, "geometry": { "type": "Point", "coordinates": [ 51.404305100440979, 35.61453480161024 ] } },
{ "type": "Feature", "properties": { "camera_id": 5537, "type": "report_map_camera_speed", "highway": 15, "zoom_level": 14, "longitude": 51.404321193695068, "latitude": 35.744095857095338, "tile_x": 10531, "tile_y": 6448, "zoom": 14 }, "geometry": { "type": "Point", "coordinates": [ 51.404321193695068, 35.744095857095338 ] } },
{ "type": "Feature", "properties": { "camera_id": 5549, "type": "report_map_camera_speed", "highway": 0, "zoom_level": 14, "longitude": 51.404348015785217, "latitude": 35.743973946540784, "tile_x": 10531, "tile_y": 6448, "zoom": 14 }, "geometry": { "type": "Point", "coordinates": [ 51.404348015785217, 35.743973946540784 ] } },
{ "type": "Feature", "properties": { "camera_id": 5573, "type": "report_map_camera_speed", "highway": 15, "zoom_level": 14, "longitude": 51.323935389518738, "latitude": 35.699485907858204, "tile_x": 10527, "tile_y": 6450, "zoom": 14 }, "geometry": { "type": "Point", "coordinates": [ 51.323935389518738, 35.699485907858204 ] } },
{ "type": "Feature", "properties": { "camera_id": 5591, "type": "report_map_camera_speed", "highway": 11, "zoom_level": 14, "longitude": 51.324439644813538, "latitude": 35.695181684697523, "tile_x": 10527, "tile_y": 6450, "zoom": 14 }, "geometry": { "type": "Point", "coordinates": [ 51.324439644813538, 35.695181684697523 ] } },
{ "type": "Feature", "properties": { "camera_id": 5601, "type": "report_map_camera_speed", "highway": 13, "zoom_level": 14, "longitude": 51.247546076774597, "latitude": 35.597738750380543, "tile_x": 10524, "tile_y": 6456, "zoom": 14 }, "geometry": { "type": "Point", "coordinates": [ 51.247546076774597, 35.597738750380543 ] } },
{ "type": "Feature", "properties": { "camera_id": 5606, "type": "report_map_camera_speed", "highway": 11, "zoom_level": 14, "longitude": 51.324557662010193, "latitude": 35.695260103796407, "tile_x": 10527, "tile_y": 6450, "zoom": 14 }, "geometry": { "type": "Point", "coordinates": [ 51.324557662010193, 35.695260103796407 ] } },
{ "type": "Feature", "properties": { "camera_id": 5607, "type": "report_map_camera_speed", "highway": 0, "zoom_level": 14, "longitude": 51.324729323387146, "latitude": 35.621089146194947, "tile_x": 10527, "tile_y": 6455, "zoom": 14 }, "geometry": { "type": "Point", "coordinates": [ 51.324729323387146, 35.621089146194947 ] } },
{ "type": "Feature", "properties": { "camera_id": 5629, "type": "report_map_camera_speed", "highway": 0, "zoom_level": 14, "longitude": 51.405426263809197, "latitude": 35.777392215585422, "tile_x": 10531, "tile_y": 6446, "zoom": 14 }, "geometry": { "type": "Point", "coordinates": [ 51.405426263809197, 35.777392215585422 ] } },
{ "type": "Feature", "properties": { "camera_id": 5650, "type": "report_map_camera_speed", "highway": 13, "zoom_level": 14, "longitude": 51.247690916061401, "latitude": 35.597677683258532, "tile_x": 10524, "tile_y": 6456, "zoom": 14 }, "geometry": { "type": "Point", "coordinates": [ 51.247690916061401, 35.597677683258532 ] } },
{ "type": "Feature", "properties": { "camera_id": 5656, "type": "report_map_camera_speed", "highway": 15, "zoom_level": 14, "longitude": 51.406112909317017, "latitude": 35.774724319298521, "tile_x": 10531, "tile_y": 6446, "zoom": 14 }, "geometry": { "type": "Point", "coordinates": [ 51.406112909317017, 35.774724319298521 ] } },
{ "type": "Feature", "properties": { "camera_id": 5660, "type": "report_map_camera_speed", "highway": 0, "zoom_level": 14, "longitude": 51.325019001960754, "latitude": 35.674960054208917, "tile_x": 10527, "tile_y": 6451, "zoom": 14 }, "geometry": { "type": "Point", "coordinates": [ 51.325019001960754, 35.674960054208917 ] } },
{ "type": "Feature", "properties": { "camera_id": 5666, "type": "report_map_camera_speed", "highway": 15, "zoom_level": 14, "longitude": 51.24773383140564, "latitude": 35.697782543677, "tile_x": 10524, "tile_y": 6450, "zoom": 14 }, "geometry": { "type": "Point", "coordinates": [ 51.24773383140564, 35.697782543677 ] } },
{ "type": "Feature", "properties": { "camera_id": 5677, "type": "report_map_camera_speed", "highway": 13, "zoom_level": 14, "longitude": 51.406306028366089, "latitude": 35.720106360634759, "tile_x": 10531, "tile_y": 6449, "zoom": 14 }, "geometry": { "type": "Point", "coordinates": [ 51.406306028366089, 35.720106360634759 ] } },
{ "type": "Feature", "properties": { "camera_id": 5689, "type": "report_map_camera_speed", "highway": 0, "zoom_level": 14, "longitude": 51.325533986091614, "latitude": 35.620448126211741, "tile_x": 10527, "tile_y": 6455, "zoom": 14 }, "geometry": { "type": "Point", "coordinates": [ 51.325533986091614, 35.620448126211741 ] } },
{ "type": "Feature", "properties": { "camera_id": 5714, "type": "report_map_camera_speed", "highway": 15, "zoom_level": 14, "longitude": 51.326494216918952, "latitude": 35.738692427928768, "tile_x": 10527, "tile_y": 6448, "zoom": 14 }, "geometry": { "type": "Point", "coordinates": [ 51.326494216918952, 35.738692427928768 ] } },
{ "type": "Feature", "properties": { "camera_id": 5715, "type": "report_map_camera_speed", "highway": 15, "zoom_level": 14, "longitude": 51.326526403427117, "latitude": 35.73886224312939, "tile_x": 10527, "tile_y": 6448, "zoom": 14 }, "geometry": { "type": "Point", "coordinates": [ 51.326526403427117, 35.73886224312939 ] } },
{ "type": "Feature", "properties": { "camera_id": 5728, "type": "report_map_camera_speed", "highway": 8, "zoom_level": 14, "longitude": 51.326665878295898, "latitude": 35.750077952796772, "tile_x": 10527, "tile_y": 6447, "zoom": 14 }, "geometry": { "type": "Point", "coordinates": [ 51.326665878295898, 35.750077952796772 ] } },
{ "type": "Feature", "properties": { "camera_id": 5751, "type": "report_map_camera_speed", "highway": 13, "zoom_level": 14, "longitude": 51.087938547134399, "latitude": 35.650304607450146, "tile_x": 10517, "tile_y": 6453, "zoom": 14 }, "geometry": { "type": "Point", "coordinates": [ 51.087938547134399, 35.650304607450146 ] } },
{ "type": "Feature", "properties": { "camera_id": 5761, "type": "report_map_camera_speed", "highway": 0, "zoom_level": 14, "longitude": 51.407577395439148, "latitude": 35.743769310547357, "tile_x": 10531, "tile_y": 6448, "zoom": 14 }, "geometry": { "type": "Point", "coordinates": [ 51.407577395439148, 35.743769310547357 ] } },
{ "type": "Feature", "properties": { "camera_id": 5770, "type": "report_map_camera_speed", "highway": 13, "zoom_level": 14, "longitude": 51.088002920150757, "latitude": 35.650431020350702, "tile_x": 10517, "tile_y": 6453, "zoom": 14 }, "geometry": { "type": "Point", "coordinates": [ 51.088002920150757, 35.650431020350702 ] } },
{ "type": "Feature", "properties": { "camera_id": 5798, "type": "report_map_camera_speed", "highway": 15, "zoom_level": 14, "longitude": 51.408199667930603, "latitude": 35.751279542249165, "tile_x": 10531, "tile_y": 6447, "zoom": 14 }, "geometry": { "type": "Point", "coordinates": [ 51.408199667930603, 35.751279542249165 ] } },
{ "type": "Feature", "properties": { "camera_id": 5799, "type": "report_map_camera_speed", "highway": 0, "zoom_level": 14, "longitude": 51.408580541610718, "latitude": 35.678406938787532, "tile_x": 10531, "tile_y": 6451, "zoom": 14 }, "geometry": { "type": "Point", "coordinates": [ 51.408580541610718, 35.678406938787532 ] } },
{ "type": "Feature", "properties": { "camera_id": 5815, "type": "report_map_camera_speed", "highway": 0, "zoom_level": 14, "longitude": 51.408752202987671, "latitude": 35.584939808116772, "tile_x": 10531, "tile_y": 6457, "zoom": 14 }, "geometry": { "type": "Point", "coordinates": [ 51.408752202987671, 35.584939808116772 ] } },
{ "type": "Feature", "properties": { "camera_id": 5816, "type": "report_map_camera_speed", "highway": 0, "zoom_level": 14, "longitude": 51.40878438949585, "latitude": 35.584782753173073, "tile_x": 10531, "tile_y": 6457, "zoom": 14 }, "geometry": { "type": "Point", "coordinates": [ 51.40878438949585, 35.584782753173073 ] } },
{ "type": "Feature", "properties": { "camera_id": 5853, "type": "report_map_camera_speed", "highway": 0, "zoom_level": 14, "longitude": 51.250378489494317, "latitude": 35.702452549900102, "tile_x": 10524, "tile_y": 6450, "zoom": 14 }, "geometry": { "type": "Point", "coordinates": [ 51.250378489494317, 35.702452549900102 ] } },
{ "type": "Feature", "properties": { "camera_id": 5854, "type": "report_map_camera_speed", "highway": 13, "zoom_level": 14, "longitude": 51.250904202461243, "latitude": 35.737764969288648, "tile_x": 10524, "tile_y": 6448, "zoom": 14 }, "geometry": { "type": "Point", "coordinates": [ 51.250904202461243, 35.737764969288648 ] } },
{ "type": "Feature", "properties": { "camera_id": 5880, "type": "report_map_camera_speed", "highway": 13, "zoom_level": 14, "longitude": 51.251038312911987, "latitude": 35.737743197829289, "tile_x": 10524, "tile_y": 6448, "zoom": 14 }, "geometry": { "type": "Point", "coordinates": [ 51.251038312911987, 35.737743197829289 ] } },
{ "type": "Feature", "properties": { "camera_id": 5885, "type": "report_map_camera_speed", "highway": 13, "zoom_level": 14, "longitude": 51.092267632484443, "latitude": 35.691369552187339, "tile_x": 10517, "tile_y": 6451, "zoom": 14 }, "geometry": { "type": "Point", "coordinates": [ 51.092267632484443, 35.691369552187339 ] } },
{ "type": "Feature", "properties": { "camera_id": 5894, "type": "report_map_camera_speed", "highway": 15, "zoom_level": 14, "longitude": 51.409202814102173, "latitude": 35.751466744769616, "tile_x": 10531, "tile_y": 6447, "zoom": 14 }, "geometry": { "type": "Point", "coordinates": [ 51.409202814102173, 35.751466744769616 ] } },
{ "type": "Feature", "properties": { "camera_id": 5923, "type": "report_map_camera_speed", "highway": 15, "zoom_level": 14, "longitude": 51.333789825439453, "latitude": 35.751096692850595, "tile_x": 10528, "tile_y": 6447, "zoom": 14 }, "geometry": { "type": "Point", "coordinates": [ 51.333789825439453, 35.751096692850595 ] } },
{ "type": "Feature", "properties": { "camera_id": 5925, "type": "report_map_camera_speed", "highway": 0, "zoom_level": 14, "longitude": 51.409798264503479, "latitude": 35.779320182792112, "tile_x": 10531, "tile_y": 6446, "zoom": 14 }, "geometry": { "type": "Point", "coordinates": [ 51.409798264503479, 35.779320182792112 ] } },
{ "type": "Feature", "properties": { "camera_id": 5961, "type": "report_map_camera_speed", "highway": 0, "zoom_level": 14, "longitude": 51.093201041221619, "latitude": 35.691055860027269, "tile_x": 10517, "tile_y": 6451, "zoom": 14 }, "geometry": { "type": "Point", "coordinates": [ 51.093201041221619, 35.691055860027269 ] } },
{ "type": "Feature", "properties": { "camera_id": 5995, "type": "report_map_camera_speed", "highway": 15, "zoom_level": 14, "longitude": 51.252309679985046, "latitude": 35.714117657585852, "tile_x": 10524, "tile_y": 6449, "zoom": 14 }, "geometry": { "type": "Point", "coordinates": [ 51.252309679985046, 35.714117657585852 ] } },
{ "type": "Feature", "properties": { "camera_id": 6072, "type": "report_map_camera_speed", "highway": 0, "zoom_level": 14, "longitude": 51.411284208297729, "latitude": 35.692271410275332, "tile_x": 10531, "tile_y": 6451, "zoom": 14 }, "geometry": { "type": "Point", "coordinates": [ 51.411284208297729, 35.692271410275332 ] } },
{ "type": "Feature", "properties": { "camera_id": 6074, "type": "report_map_camera_speed", "highway": 8, "zoom_level": 14, "longitude": 51.33611261844635, "latitude": 35.579979340708952, "tile_x": 10528, "tile_y": 6457, "zoom": 14 }, "geometry": { "type": "Point", "coordinates": [ 51.33611261844635, 35.579979340708952 ] } },
{ "type": "Feature", "properties": { "camera_id": 6108, "type": "report_map_camera_speed", "highway": 13, "zoom_level": 14, "longitude": 51.252551078796387, "latitude": 35.731111334253271, "tile_x": 10524, "tile_y": 6448, "zoom": 14 }, "geometry": { "type": "Point", "coordinates": [ 51.252551078796387, 35.731111334253271 ] } },
{ "type": "Feature", "properties": { "camera_id": 6110, "type": "report_map_camera_speed", "highway": 0, "zoom_level": 14, "longitude": 51.252615451812737, "latitude": 35.724448433275398, "tile_x": 10524, "tile_y": 6449, "zoom": 14 }, "geometry": { "type": "Point", "coordinates": [ 51.252615451812737, 35.724448433275398 ] } },
{ "type": "Feature", "properties": { "camera_id": 6130, "type": "report_map_camera_speed", "highway": 0, "zoom_level": 14, "longitude": 51.336380839347839, "latitude": 35.62810514463655, "tile_x": 10528, "tile_y": 6454, "zoom": 14 }, "geometry": { "type": "Point", "coordinates": [ 51.336380839347839, 35.62810514463655 ] } },
{ "type": "Feature", "properties": { "camera_id": 6134, "type": "report_map_camera_speed", "highway": 15, "zoom_level": 14, "longitude": 51.480919718742371, "latitude": 35.790025425407521, "tile_x": 10534, "tile_y": 6445, "zoom": 14 }, "geometry": { "type": "Point", "coordinates": [ 51.480919718742371, 35.790025425407521 ] } },
{ "type": "Feature", "properties": { "camera_id": 6168, "type": "report_map_camera_speed", "highway": 0, "zoom_level": 14, "longitude": 51.252760291099548, "latitude": 35.712924218617047, "tile_x": 10524, "tile_y": 6449, "zoom": 14 }, "geometry": { "type": "Point", "coordinates": [ 51.252760291099548, 35.712924218617047 ] } },
{ "type": "Feature", "properties": { "camera_id": 6171, "type": "report_map_camera_speed", "highway": 15, "zoom_level": 14, "longitude": 51.336514949798577, "latitude": 35.628392922602771, "tile_x": 10528, "tile_y": 6454, "zoom": 14 }, "geometry": { "type": "Point", "coordinates": [ 51.336514949798577, 35.628392922602771 ] } },
{ "type": "Feature", "properties": { "camera_id": 6172, "type": "report_map_camera_speed", "highway": 15, "zoom_level": 14, "longitude": 51.337212324142456, "latitude": 35.740512479678841, "tile_x": 10528, "tile_y": 6448, "zoom": 14 }, "geometry": { "type": "Point", "coordinates": [ 51.337212324142456, 35.740512479678841 ] } },
{ "type": "Feature", "properties": { "camera_id": 6191, "type": "report_map_camera_speed", "highway": 15, "zoom_level": 14, "longitude": 51.337314248085022, "latitude": 35.740669228601341, "tile_x": 10528, "tile_y": 6448, "zoom": 14 }, "geometry": { "type": "Point", "coordinates": [ 51.337314248085022, 35.740669228601341 ] } },
{ "type": "Feature", "properties": { "camera_id": 6294, "type": "report_map_camera_speed", "highway": 0, "zoom_level": 14, "longitude": 51.253597140312202, "latitude": 35.753173314883533, "tile_x": 10524, "tile_y": 6447, "zoom": 14 }, "geometry": { "type": "Point", "coordinates": [ 51.253597140312202, 35.753173314883533 ] } },
{ "type": "Feature", "properties": { "camera_id": 6305, "type": "report_map_camera_speed", "highway": 15, "zoom_level": 14, "longitude": 51.337593197822571, "latitude": 35.77055473605337, "tile_x": 10528, "tile_y": 6446, "zoom": 14 }, "geometry": { "type": "Point", "coordinates": [ 51.337593197822571, 35.77055473605337 ] } },
{ "type": "Feature", "properties": { "camera_id": 6308, "type": "report_map_camera_speed", "highway": 15, "zoom_level": 14, "longitude": 51.483601927757263, "latitude": 35.74265468824111, "tile_x": 10535, "tile_y": 6448, "zoom": 14 }, "geometry": { "type": "Point", "coordinates": [ 51.483601927757263, 35.74265468824111 ] } },
{ "type": "Feature", "properties": { "camera_id": 6328, "type": "report_map_camera_speed", "highway": 15, "zoom_level": 14, "longitude": 51.25396192073822, "latitude": 35.757726891736318, "tile_x": 10524, "tile_y": 6447, "zoom": 14 }, "geometry": { "type": "Point", "coordinates": [ 51.25396192073822, 35.757726891736318 ] } },
{ "type": "Feature", "properties": { "camera_id": 6367, "type": "report_map_camera_speed", "highway": 15, "zoom_level": 14, "longitude": 51.483601927757263, "latitude": 35.748279888319679, "tile_x": 10535, "tile_y": 6447, "zoom": 14 }, "geometry": { "type": "Point", "coordinates": [ 51.483601927757263, 35.748279888319679 ] } },
{ "type": "Feature", "properties": { "camera_id": 6370, "type": "report_map_camera_speed", "highway": 13, "zoom_level": 14, "longitude": 51.254079937934883, "latitude": 35.757705125736393, "tile_x": 10524, "tile_y": 6447, "zoom": 14 }, "geometry": { "type": "Point", "coordinates": [ 51.254079937934883, 35.757705125736393 ] } },
{ "type": "Feature", "properties": { "camera_id": 6392, "type": "report_map_camera_speed", "highway": 15, "zoom_level": 14, "longitude": 51.484073996543891, "latitude": 35.742354260027597, "tile_x": 10535, "tile_y": 6448, "zoom": 14 }, "geometry": { "type": "Point", "coordinates": [ 51.484073996543891, 35.742354260027597 ] } },
{ "type": "Feature", "properties": { "camera_id": 6399, "type": "report_map_camera_speed", "highway": 11, "zoom_level": 14, "longitude": 51.414497494697571, "latitude": 35.706699752742203, "tile_x": 10531, "tile_y": 6450, "zoom": 14 }, "geometry": { "type": "Point", "coordinates": [ 51.414497494697571, 35.706699752742203 ] } },
{ "type": "Feature", "properties": { "camera_id": 6403, "type": "report_map_camera_speed", "highway": 0, "zoom_level": 14, "longitude": 51.254101395607002, "latitude": 35.740603916587801, "tile_x": 10524, "tile_y": 6448, "zoom": 14 }, "geometry": { "type": "Point", "coordinates": [ 51.254101395607002, 35.740603916587801 ] } },
{ "type": "Feature", "properties": { "camera_id": 6412, "type": "report_map_camera_speed", "highway": 15, "zoom_level": 14, "longitude": 51.414840817451477, "latitude": 35.615454971550498, "tile_x": 10531, "tile_y": 6455, "zoom": 14 }, "geometry": { "type": "Point", "coordinates": [ 51.414840817451477, 35.615454971550498 ] } },
{ "type": "Feature", "properties": { "camera_id": 6413, "type": "report_map_camera_speed", "highway": 15, "zoom_level": 14, "longitude": 51.414937376976013, "latitude": 35.615228200794618, "tile_x": 10531, "tile_y": 6455, "zoom": 14 }, "geometry": { "type": "Point", "coordinates": [ 51.414937376976013, 35.615228200794618 ] } },
{ "type": "Feature", "properties": { "camera_id": 6417, "type": "report_map_camera_speed", "highway": 15, "zoom_level": 14, "longitude": 51.48417592048645, "latitude": 35.640334794629091, "tile_x": 10535, "tile_y": 6453, "zoom": 14 }, "geometry": { "type": "Point", "coordinates": [ 51.48417592048645, 35.640334794629091 ] } },
{ "type": "Feature", "properties": { "camera_id": 6418, "type": "report_map_camera_speed", "highway": 15, "zoom_level": 14, "longitude": 51.484234929084778, "latitude": 35.788563330943248, "tile_x": 10535, "tile_y": 6445, "zoom": 14 }, "geometry": { "type": "Point", "coordinates": [ 51.484234929084778, 35.788563330943248 ] } },
{ "type": "Feature", "properties": { "camera_id": 6426, "type": "report_map_camera_speed", "highway": 15, "zoom_level": 14, "longitude": 51.415581107139587, "latitude": 35.74104368311145, "tile_x": 10531, "tile_y": 6448, "zoom": 14 }, "geometry": { "type": "Point", "coordinates": [ 51.415581107139587, 35.74104368311145 ] } },
{ "type": "Feature", "properties": { "camera_id": 6434, "type": "report_map_camera_speed", "highway": 15, "zoom_level": 14, "longitude": 51.484417319297791, "latitude": 35.640308636947019, "tile_x": 10535, "tile_y": 6453, "zoom": 14 }, "geometry": { "type": "Point", "coordinates": [ 51.484417319297791, 35.640308636947019 ] } },
{ "type": "Feature", "properties": { "camera_id": 6436, "type": "report_map_camera_speed", "highway": 15, "zoom_level": 14, "longitude": 51.340194940567017, "latitude": 35.691447975034585, "tile_x": 10528, "tile_y": 6451, "zoom": 14 }, "geometry": { "type": "Point", "coordinates": [ 51.340194940567017, 35.691447975034585 ] } },
{ "type": "Feature", "properties": { "camera_id": 6445, "type": "report_map_camera_speed", "highway": 15, "zoom_level": 14, "longitude": 51.25447690486908, "latitude": 35.759259203166351, "tile_x": 10524, "tile_y": 6447, "zoom": 14 }, "geometry": { "type": "Point", "coordinates": [ 51.25447690486908, 35.759259203166351 ] } },
{ "type": "Feature", "properties": { "camera_id": 6454, "type": "report_map_camera_speed", "highway": 15, "zoom_level": 14, "longitude": 51.254750490188599, "latitude": 35.759899108579283, "tile_x": 10524, "tile_y": 6447, "zoom": 14 }, "geometry": { "type": "Point", "coordinates": [ 51.254750490188599, 35.759899108579283 ] } },
{ "type": "Feature", "properties": { "camera_id": 6458, "type": "report_map_camera_speed", "highway": 15, "zoom_level": 14, "longitude": 51.254788041114807, "latitude": 35.760042760107467, "tile_x": 10524, "tile_y": 6447, "zoom": 14 }, "geometry": { "type": "Point", "coordinates": [ 51.254788041114807, 35.760042760107467 ] } },
{ "type": "Feature", "properties": { "camera_id": 6468, "type": "report_map_camera_speed", "highway": 0, "zoom_level": 14, "longitude": 51.484873294830322, "latitude": 35.757635474496617, "tile_x": 10535, "tile_y": 6447, "zoom": 14 }, "geometry": { "type": "Point", "coordinates": [ 51.484873294830322, 35.757635474496617 ] } },
{ "type": "Feature", "properties": { "camera_id": 6480, "type": "report_map_camera_speed", "highway": 0, "zoom_level": 14, "longitude": 51.254820227622986, "latitude": 35.679518102461486, "tile_x": 10524, "tile_y": 6451, "zoom": 14 }, "geometry": { "type": "Point", "coordinates": [ 51.254820227622986, 35.679518102461486 ] } },
{ "type": "Feature", "properties": { "camera_id": 6484, "type": "report_map_camera_speed", "highway": 15, "zoom_level": 14, "longitude": 51.485388278961182, "latitude": 35.758597526850885, "tile_x": 10535, "tile_y": 6447, "zoom": 14 }, "geometry": { "type": "Point", "coordinates": [ 51.485388278961182, 35.758597526850885 ] } },
{ "type": "Feature", "properties": { "camera_id": 6496, "type": "report_map_camera_speed", "highway": 0, "zoom_level": 14, "longitude": 51.485415101051331, "latitude": 35.75878906529757, "tile_x": 10535, "tile_y": 6447, "zoom": 14 }, "geometry": { "type": "Point", "coordinates": [ 51.485415101051331, 35.75878906529757 ] } },
{ "type": "Feature", "properties": { "camera_id": 6498, "type": "report_map_camera_speed", "highway": 15, "zoom_level": 14, "longitude": 51.340404152870178, "latitude": 35.691548181893872, "tile_x": 10528, "tile_y": 6451, "zoom": 14 }, "geometry": { "type": "Point", "coordinates": [ 51.340404152870178, 35.691548181893872 ] } },
{ "type": "Feature", "properties": { "camera_id": 6540, "type": "report_map_camera_speed", "highway": 15, "zoom_level": 14, "longitude": 51.342753767967217, "latitude": 35.751061864346099, "tile_x": 10528, "tile_y": 6447, "zoom": 14 }, "geometry": { "type": "Point", "coordinates": [ 51.342753767967217, 35.751061864346099 ] } },
{ "type": "Feature", "properties": { "camera_id": 6552, "type": "report_map_camera_speed", "highway": 15, "zoom_level": 14, "longitude": 51.256402730941772, "latitude": 35.679143358794754, "tile_x": 10524, "tile_y": 6451, "zoom": 14 }, "geometry": { "type": "Point", "coordinates": [ 51.256402730941772, 35.679143358794754 ] } },
{ "type": "Feature", "properties": { "camera_id": 6567, "type": "report_map_camera_speed", "highway": 15, "zoom_level": 14, "longitude": 51.486482620239258, "latitude": 35.650356916260854, "tile_x": 10535, "tile_y": 6453, "zoom": 14 }, "geometry": { "type": "Point", "coordinates": [ 51.486482620239258, 35.650356916260854 ] } },
{ "type": "Feature", "properties": { "camera_id": 6579, "type": "report_map_camera_speed", "highway": 15, "zoom_level": 14, "longitude": 51.343483328819282, "latitude": 35.77814948141792, "tile_x": 10528, "tile_y": 6446, "zoom": 14 }, "geometry": { "type": "Point", "coordinates": [ 51.343483328819282, 35.77814948141792 ] } },
{ "type": "Feature", "properties": { "camera_id": 6582, "type": "report_map_camera_speed", "highway": 15, "zoom_level": 14, "longitude": 51.486734747886658, "latitude": 35.651769241201947, "tile_x": 10535, "tile_y": 6453, "zoom": 14 }, "geometry": { "type": "Point", "coordinates": [ 51.486734747886658, 35.651769241201947 ] } },
{ "type": "Feature", "properties": { "camera_id": 6595, "type": "report_map_camera_speed", "highway": 15, "zoom_level": 14, "longitude": 51.343542337417603, "latitude": 35.75125342093223, "tile_x": 10528, "tile_y": 6447, "zoom": 14 }, "geometry": { "type": "Point", "coordinates": [ 51.343542337417603, 35.75125342093223 ] } },
{ "type": "Feature", "properties": { "camera_id": 6609, "type": "report_map_camera_speed", "highway": 15, "zoom_level": 14, "longitude": 51.256687045097351, "latitude": 35.714705659264979, "tile_x": 10524, "tile_y": 6449, "zoom": 14 }, "geometry": { "type": "Point", "coordinates": [ 51.256687045097351, 35.714705659264979 ] } },
{ "type": "Feature", "properties": { "camera_id": 6615, "type": "report_map_camera_speed", "highway": 13, "zoom_level": 14, "longitude": 51.343971490859992, "latitude": 35.677426487402428, "tile_x": 10528, "tile_y": 6451, "zoom": 14 }, "geometry": { "type": "Point", "coordinates": [ 51.343971490859992, 35.677426487402428 ] } },
{ "type": "Feature", "properties": { "camera_id": 6616, "type": "report_map_camera_speed", "highway": 0, "zoom_level": 14, "longitude": 51.344046592712402, "latitude": 35.776012580558003, "tile_x": 10528, "tile_y": 6446, "zoom": 14 }, "geometry": { "type": "Point", "coordinates": [ 51.344046592712402, 35.776012580558003 ] } },
{ "type": "Feature", "properties": { "camera_id": 6625, "type": "report_map_camera_speed", "highway": 15, "zoom_level": 14, "longitude": 51.257084012031562, "latitude": 35.707078722922844, "tile_x": 10524, "tile_y": 6450, "zoom": 14 }, "geometry": { "type": "Point", "coordinates": [ 51.257084012031562, 35.707078722922844 ] } },
{ "type": "Feature", "properties": { "camera_id": 6668, "type": "report_map_camera_speed", "highway": 0, "zoom_level": 14, "longitude": 51.487501859664917, "latitude": 35.791900870293937, "tile_x": 10535, "tile_y": 6445, "zoom": 14 }, "geometry": { "type": "Point", "coordinates": [ 51.487501859664917, 35.791900870293937 ] } },
{ "type": "Feature", "properties": { "camera_id": 6673, "type": "report_map_camera_speed", "highway": 11, "zoom_level": 14, "longitude": 51.416546702384949, "latitude": 35.652540778539468, "tile_x": 10532, "tile_y": 6453, "zoom": 14 }, "geometry": { "type": "Point", "coordinates": [ 51.416546702384949, 35.652540778539468 ] } },
{ "type": "Feature", "properties": { "camera_id": 6674, "type": "report_map_camera_speed", "highway": 13, "zoom_level": 14, "longitude": 51.416616439819336, "latitude": 35.701529025590418, "tile_x": 10532, "tile_y": 6450, "zoom": 14 }, "geometry": { "type": "Point", "coordinates": [ 51.416616439819336, 35.701529025590418 ] } },
{ "type": "Feature", "properties": { "camera_id": 6691, "type": "report_map_camera_speed", "highway": 15, "zoom_level": 14, "longitude": 51.487973928451538, "latitude": 35.787014177699128, "tile_x": 10535, "tile_y": 6445, "zoom": 14 }, "geometry": { "type": "Point", "coordinates": [ 51.487973928451538, 35.787014177699128 ] } },
{ "type": "Feature", "properties": { "camera_id": 6694, "type": "report_map_camera_speed", "highway": 0, "zoom_level": 14, "longitude": 51.34485125541687, "latitude": 35.676620329461649, "tile_x": 10528, "tile_y": 6451, "zoom": 14 }, "geometry": { "type": "Point", "coordinates": [ 51.34485125541687, 35.676620329461649 ] } },
{ "type": "Feature", "properties": { "camera_id": 6703, "type": "report_map_camera_speed", "highway": 15, "zoom_level": 14, "longitude": 51.416932940483093, "latitude": 35.751754078014137, "tile_x": 10532, "tile_y": 6447, "zoom": 14 }, "geometry": { "type": "Point", "coordinates": [ 51.416932940483093, 35.751754078014137 ] } },
{ "type": "Feature", "properties": { "camera_id": 6709, "type": "report_map_camera_speed", "highway": 13, "zoom_level": 14, "longitude": 51.257110834121697, "latitude": 35.707231181682722, "tile_x": 10524, "tile_y": 6450, "zoom": 14 }, "geometry": { "type": "Point", "coordinates": [ 51.257110834121697, 35.707231181682722 ] } },
{ "type": "Feature", "properties": { "camera_id": 6722, "type": "report_map_camera_speed", "highway": 0, "zoom_level": 14, "longitude": 51.488993167877197, "latitude": 35.628480127842572, "tile_x": 10535, "tile_y": 6454, "zoom": 14 }, "geometry": { "type": "Point", "coordinates": [ 51.488993167877197, 35.628480127842572 ] } },
{ "type": "Feature", "properties": { "camera_id": 6723, "type": "report_map_camera_speed", "highway": 0, "zoom_level": 14, "longitude": 51.489073634147651, "latitude": 35.794568190143416, "tile_x": 10535, "tile_y": 6445, "zoom": 14 }, "geometry": { "type": "Point", "coordinates": [ 51.489073634147651, 35.794568190143416 ] } },
{ "type": "Feature", "properties": { "camera_id": 6733, "type": "report_map_camera_speed", "highway": 15, "zoom_level": 14, "longitude": 51.489159464836121, "latitude": 35.794533380673059, "tile_x": 10535, "tile_y": 6445, "zoom": 14 }, "geometry": { "type": "Point", "coordinates": [ 51.489159464836121, 35.794533380673059 ] } },
{ "type": "Feature", "properties": { "camera_id": 6736, "type": "report_map_camera_speed", "highway": 15, "zoom_level": 14, "longitude": 51.417694687843323, "latitude": 35.7517018356832, "tile_x": 10532, "tile_y": 6447, "zoom": 14 }, "geometry": { "type": "Point", "coordinates": [ 51.417694687843323, 35.7517018356832 ] } },
{ "type": "Feature", "properties": { "camera_id": 6741, "type": "report_map_camera_speed", "highway": 15, "zoom_level": 14, "longitude": 51.345022916793823, "latitude": 35.771220665374877, "tile_x": 10528, "tile_y": 6446, "zoom": 14 }, "geometry": { "type": "Point", "coordinates": [ 51.345022916793823, 35.771220665374877 ] } },
{ "type": "Feature", "properties": { "camera_id": 6745, "type": "report_map_camera_speed", "highway": 15, "zoom_level": 14, "longitude": 51.345065832138062, "latitude": 35.771390411172817, "tile_x": 10528, "tile_y": 6446, "zoom": 14 }, "geometry": { "type": "Point", "coordinates": [ 51.345065832138062, 35.771390411172817 ] } },
{ "type": "Feature", "properties": { "camera_id": 6750, "type": "report_map_camera_speed", "highway": 15, "zoom_level": 14, "longitude": 51.345366239547729, "latitude": 35.783750413342375, "tile_x": 10528, "tile_y": 6445, "zoom": 14 }, "geometry": { "type": "Point", "coordinates": [ 51.345366239547729, 35.783750413342375 ] } },
{ "type": "Feature", "properties": { "camera_id": 6751, "type": "report_map_camera_speed", "highway": 15, "zoom_level": 14, "longitude": 51.345629096031189, "latitude": 35.784133368633206, "tile_x": 10528, "tile_y": 6445, "zoom": 14 }, "geometry": { "type": "Point", "coordinates": [ 51.345629096031189, 35.784133368633206 ] } },
{ "type": "Feature", "properties": { "camera_id": 6756, "type": "report_map_camera_speed", "highway": 0, "zoom_level": 14, "longitude": 51.489513516426086, "latitude": 35.628170548810743, "tile_x": 10535, "tile_y": 6454, "zoom": 14 }, "geometry": { "type": "Point", "coordinates": [ 51.489513516426086, 35.628170548810743 ] } },
{ "type": "Feature", "properties": { "camera_id": 6768, "type": "report_map_camera_speed", "highway": 0, "zoom_level": 14, "longitude": 51.418547630310059, "latitude": 35.599732130135777, "tile_x": 10532, "tile_y": 6456, "zoom": 14 }, "geometry": { "type": "Point", "coordinates": [ 51.418547630310059, 35.599732130135777 ] } },
{ "type": "Feature", "properties": { "camera_id": 6777, "type": "report_map_camera_speed", "highway": 0, "zoom_level": 14, "longitude": 51.346492767333984, "latitude": 35.766707035236522, "tile_x": 10528, "tile_y": 6446, "zoom": 14 }, "geometry": { "type": "Point", "coordinates": [ 51.346492767333984, 35.766707035236522 ] } },
{ "type": "Feature", "properties": { "camera_id": 6778, "type": "report_map_camera_speed", "highway": 15, "zoom_level": 14, "longitude": 51.346514225006104, "latitude": 35.65766673566808, "tile_x": 10528, "tile_y": 6452, "zoom": 14 }, "geometry": { "type": "Point", "coordinates": [ 51.346514225006104, 35.65766673566808 ] } },
{ "type": "Feature", "properties": { "camera_id": 6780, "type": "report_map_camera_speed", "highway": 0, "zoom_level": 14, "longitude": 51.490044593811042, "latitude": 35.779838071208793, "tile_x": 10535, "tile_y": 6446, "zoom": 14 }, "geometry": { "type": "Point", "coordinates": [ 51.490044593811042, 35.779838071208793 ] } },
{ "type": "Feature", "properties": { "camera_id": 6785, "type": "report_map_camera_speed", "highway": 15, "zoom_level": 14, "longitude": 51.34660005569458, "latitude": 35.767137952163026, "tile_x": 10528, "tile_y": 6446, "zoom": 14 }, "geometry": { "type": "Point", "coordinates": [ 51.34660005569458, 35.767137952163026 ] } },
{ "type": "Feature", "properties": { "camera_id": 6796, "type": "report_map_camera_speed", "highway": 11, "zoom_level": 14, "longitude": 51.482706069946289, "latitude": 35.582902432565774, "tile_x": 10535, "tile_y": 6457, "zoom": 14 }, "geometry": { "type": "Point", "coordinates": [ 51.482706069946289, 35.582902432565774 ] } },
{ "type": "Feature", "properties": { "camera_id": 6798, "type": "report_map_camera_speed", "highway": 0, "zoom_level": 14, "longitude": 51.418644189834602, "latitude": 35.59976266291882, "tile_x": 10532, "tile_y": 6456, "zoom": 14 }, "geometry": { "type": "Point", "coordinates": [ 51.418644189834602, 35.59976266291882 ] } },
{ "type": "Feature", "properties": { "camera_id": 6803, "type": "report_map_camera_speed", "highway": 0, "zoom_level": 14, "longitude": 51.346921920776367, "latitude": 35.713041821061026, "tile_x": 10528, "tile_y": 6449, "zoom": 14 }, "geometry": { "type": "Point", "coordinates": [ 51.346921920776367, 35.713041821061026 ] } },
{ "type": "Feature", "properties": { "camera_id": 6809, "type": "report_map_camera_speed", "highway": 15, "zoom_level": 14, "longitude": 51.346932649612427, "latitude": 35.655975554886133, "tile_x": 10528, "tile_y": 6453, "zoom": 14 }, "geometry": { "type": "Point", "coordinates": [ 51.346932649612427, 35.655975554886133 ] } },
{ "type": "Feature", "properties": { "camera_id": 6818, "type": "report_map_camera_speed", "highway": 11, "zoom_level": 14, "longitude": 51.482813358306885, "latitude": 35.583015863830603, "tile_x": 10535, "tile_y": 6457, "zoom": 14 }, "geometry": { "type": "Point", "coordinates": [ 51.482813358306885, 35.583015863830603 ] } },
{ "type": "Feature", "properties": { "camera_id": 6820, "type": "report_map_camera_speed", "highway": 15, "zoom_level": 14, "longitude": 51.346964836120605, "latitude": 35.712915507317994, "tile_x": 10528, "tile_y": 6449, "zoom": 14 }, "geometry": { "type": "Point", "coordinates": [ 51.346964836120605, 35.712915507317994 ] } },
{ "type": "Feature", "properties": { "camera_id": 6823, "type": "report_map_camera_speed", "highway": 0, "zoom_level": 14, "longitude": 51.26069962978363, "latitude": 35.729413000656656, "tile_x": 10524, "tile_y": 6448, "zoom": 14 }, "geometry": { "type": "Point", "coordinates": [ 51.26069962978363, 35.729413000656656 ] } },
{ "type": "Feature", "properties": { "camera_id": 6828, "type": "report_map_camera_speed", "highway": 0, "zoom_level": 14, "longitude": 51.260747909545898, "latitude": 35.728999298526254, "tile_x": 10524, "tile_y": 6448, "zoom": 14 }, "geometry": { "type": "Point", "coordinates": [ 51.260747909545898, 35.728999298526254 ] } },
{ "type": "Feature", "properties": { "camera_id": 6829, "type": "report_map_camera_speed", "highway": 15, "zoom_level": 14, "longitude": 51.491230130195618, "latitude": 35.788210857718227, "tile_x": 10535, "tile_y": 6445, "zoom": 14 }, "geometry": { "type": "Point", "coordinates": [ 51.491230130195618, 35.788210857718227 ] } },
{ "type": "Feature", "properties": { "camera_id": 6830, "type": "report_map_camera_speed", "highway": 15, "zoom_level": 14, "longitude": 51.491267681121833, "latitude": 35.791735519623664, "tile_x": 10535, "tile_y": 6445, "zoom": 14 }, "geometry": { "type": "Point", "coordinates": [ 51.491267681121833, 35.791735519623664 ] } },
{ "type": "Feature", "properties": { "camera_id": 6831, "type": "report_map_camera_speed", "highway": 13, "zoom_level": 14, "longitude": 51.260823011398323, "latitude": 35.763155146192894, "tile_x": 10524, "tile_y": 6447, "zoom": 14 }, "geometry": { "type": "Point", "coordinates": [ 51.260823011398323, 35.763155146192894 ] } },
{ "type": "Feature", "properties": { "camera_id": 6836, "type": "report_map_camera_speed", "highway": 13, "zoom_level": 14, "longitude": 51.347302794456482, "latitude": 35.673033917331495, "tile_x": 10528, "tile_y": 6452, "zoom": 14 }, "geometry": { "type": "Point", "coordinates": [ 51.347302794456482, 35.673033917331495 ] } },
{ "type": "Feature", "properties": { "camera_id": 6839, "type": "report_map_camera_speed", "highway": 15, "zoom_level": 14, "longitude": 51.260871291160583, "latitude": 35.763011500284605, "tile_x": 10524, "tile_y": 6447, "zoom": 14 }, "geometry": { "type": "Point", "coordinates": [ 51.260871291160583, 35.763011500284605 ] } },
{ "type": "Feature", "properties": { "camera_id": 6852, "type": "report_map_camera_speed", "highway": 15, "zoom_level": 14, "longitude": 51.491573452949517, "latitude": 35.79816218588585, "tile_x": 10535, "tile_y": 6445, "zoom": 14 }, "geometry": { "type": "Point", "coordinates": [ 51.491573452949517, 35.79816218588585 ] } },
{ "type": "Feature", "properties": { "camera_id": 6868, "type": "report_map_camera_speed", "highway": 0, "zoom_level": 14, "longitude": 51.49242639541626, "latitude": 35.67949195761161, "tile_x": 10535, "tile_y": 6451, "zoom": 14 }, "geometry": { "type": "Point", "coordinates": [ 51.49242639541626, 35.67949195761161 ] } },
{ "type": "Feature", "properties": { "camera_id": 6896, "type": "report_map_camera_speed", "highway": 14, "zoom_level": 14, "longitude": 51.493729948997498, "latitude": 35.786030710813435, "tile_x": 10535, "tile_y": 6445, "zoom": 14 }, "geometry": { "type": "Point", "coordinates": [ 51.493729948997498, 35.786030710813435 ] } },
{ "type": "Feature", "properties": { "camera_id": 6941, "type": "report_map_camera_speed", "highway": 15, "zoom_level": 14, "longitude": 51.261278986930847, "latitude": 35.76305502937511, "tile_x": 10524, "tile_y": 6447, "zoom": 14 }, "geometry": { "type": "Point", "coordinates": [ 51.261278986930847, 35.76305502937511 ] } },
{ "type": "Feature", "properties": { "camera_id": 6950, "type": "report_map_camera_speed", "highway": 15, "zoom_level": 14, "longitude": 51.261311173439033, "latitude": 35.569114974758179, "tile_x": 10524, "tile_y": 6457, "zoom": 14 }, "geometry": { "type": "Point", "coordinates": [ 51.261311173439033, 35.569114974758179 ] } },
{ "type": "Feature", "properties": { "camera_id": 6951, "type": "report_map_camera_speed", "highway": 13, "zoom_level": 14, "longitude": 51.261348724365234, "latitude": 35.762915736201649, "tile_x": 10524, "tile_y": 6447, "zoom": 14 }, "geometry": { "type": "Point", "coordinates": [ 51.261348724365234, 35.762915736201649 ] } },
{ "type": "Feature", "properties": { "camera_id": 6970, "type": "report_map_camera_speed", "highway": 15, "zoom_level": 14, "longitude": 51.262067556381226, "latitude": 35.65475945172539, "tile_x": 10525, "tile_y": 6453, "zoom": 14 }, "geometry": { "type": "Point", "coordinates": [ 51.262067556381226, 35.65475945172539 ] } },
{ "type": "Feature", "properties": { "camera_id": 7004, "type": "report_map_camera_speed", "highway": 15, "zoom_level": 14, "longitude": 51.496438980102539, "latitude": 35.695743686535629, "tile_x": 10535, "tile_y": 6450, "zoom": 14 }, "geometry": { "type": "Point", "coordinates": [ 51.496438980102539, 35.695743686535629 ] } },
{ "type": "Feature", "properties": { "camera_id": 7032, "type": "report_map_camera_speed", "highway": 0, "zoom_level": 14, "longitude": 51.420205235481262, "latitude": 35.752093652329272, "tile_x": 10532, "tile_y": 6447, "zoom": 14 }, "geometry": { "type": "Point", "coordinates": [ 51.420205235481262, 35.752093652329272 ] } },
{ "type": "Feature", "properties": { "camera_id": 7037, "type": "report_map_camera_speed", "highway": 15, "zoom_level": 14, "longitude": 51.348182559013367, "latitude": 35.732404656317158, "tile_x": 10528, "tile_y": 6448, "zoom": 14 }, "geometry": { "type": "Point", "coordinates": [ 51.348182559013367, 35.732404656317158 ] } },
{ "type": "Feature", "properties": { "camera_id": 7065, "type": "report_map_camera_speed", "highway": 15, "zoom_level": 14, "longitude": 51.348402500152588, "latitude": 35.759485564853101, "tile_x": 10528, "tile_y": 6447, "zoom": 14 }, "geometry": { "type": "Point", "coordinates": [ 51.348402500152588, 35.759485564853101 ] } },
{ "type": "Feature", "properties": { "camera_id": 7084, "type": "report_map_camera_speed", "highway": 0, "zoom_level": 14, "longitude": 51.420607566833496, "latitude": 35.761043960524376, "tile_x": 10532, "tile_y": 6447, "zoom": 14 }, "geometry": { "type": "Point", "coordinates": [ 51.420607566833496, 35.761043960524376 ] } },
{ "type": "Feature", "properties": { "camera_id": 7085, "type": "report_map_camera_speed", "highway": 0, "zoom_level": 14, "longitude": 51.420634388923645, "latitude": 35.733353950055545, "tile_x": 10532, "tile_y": 6448, "zoom": 14 }, "geometry": { "type": "Point", "coordinates": [ 51.420634388923645, 35.733353950055545 ] } },
{ "type": "Feature", "properties": { "camera_id": 7100, "type": "report_map_camera_speed", "highway": 0, "zoom_level": 14, "longitude": 51.349046230316162, "latitude": 35.650962824155137, "tile_x": 10528, "tile_y": 6453, "zoom": 14 }, "geometry": { "type": "Point", "coordinates": [ 51.349046230316162, 35.650962824155137 ] } },
{ "type": "Feature", "properties": { "camera_id": 7114, "type": "report_map_camera_speed", "highway": 0, "zoom_level": 14, "longitude": 51.262566447258003, "latitude": 35.771625443217985, "tile_x": 10524, "tile_y": 6446, "zoom": 14 }, "geometry": { "type": "Point", "coordinates": [ 51.262566447258003, 35.771625443217985 ] } },
{ "type": "Feature", "properties": { "camera_id": 7115, "type": "report_map_camera_speed", "highway": 17, "zoom_level": 14, "longitude": 51.262684464454651, "latitude": 35.771603681020757, "tile_x": 10525, "tile_y": 6446, "zoom": 14 }, "geometry": { "type": "Point", "coordinates": [ 51.262684464454651, 35.771603681020757 ] } },
{ "type": "Feature", "properties": { "camera_id": 7149, "type": "report_map_camera_speed", "highway": 0, "zoom_level": 14, "longitude": 51.349791884422302, "latitude": 35.649628948899952, "tile_x": 10528, "tile_y": 6453, "zoom": 14 }, "geometry": { "type": "Point", "coordinates": [ 51.349791884422302, 35.649628948899952 ] } },
{ "type": "Feature", "properties": { "camera_id": 7181, "type": "report_map_camera_speed", "highway": 15, "zoom_level": 14, "longitude": 51.50166928768158, "latitude": 35.799019325508894, "tile_x": 10535, "tile_y": 6445, "zoom": 14 }, "geometry": { "type": "Point", "coordinates": [ 51.50166928768158, 35.799019325508894 ] } },
{ "type": "Feature", "properties": { "camera_id": 7190, "type": "report_map_camera_speed", "highway": 15, "zoom_level": 14, "longitude": 51.350548267364502, "latitude": 35.726464781727493, "tile_x": 10529, "tile_y": 6449, "zoom": 14 }, "geometry": { "type": "Point", "coordinates": [ 51.350548267364502, 35.726464781727493 ] } },
{ "type": "Feature", "properties": { "camera_id": 7209, "type": "report_map_camera_speed", "highway": 11, "zoom_level": 14, "longitude": 51.121991872787483, "latitude": 35.650539996828563, "tile_x": 10518, "tile_y": 6453, "zoom": 14 }, "geometry": { "type": "Point", "coordinates": [ 51.121991872787483, 35.650539996828563 ] } },
{ "type": "Feature", "properties": { "camera_id": 7211, "type": "report_map_camera_speed", "highway": 11, "zoom_level": 14, "longitude": 51.122286915779121, "latitude": 35.649742285571797, "tile_x": 10518, "tile_y": 6453, "zoom": 14 }, "geometry": { "type": "Point", "coordinates": [ 51.122286915779121, 35.649742285571797 ] } },
{ "type": "Feature", "properties": { "camera_id": 7228, "type": "report_map_camera_speed", "highway": 15, "zoom_level": 14, "longitude": 51.351562142372131, "latitude": 35.740181564273449, "tile_x": 10529, "tile_y": 6448, "zoom": 14 }, "geometry": { "type": "Point", "coordinates": [ 51.351562142372131, 35.740181564273449 ] } },
{ "type": "Feature", "properties": { "camera_id": 7229, "type": "report_map_camera_speed", "highway": 0, "zoom_level": 14, "longitude": 51.351723074913032, "latitude": 35.740360084597206, "tile_x": 10529, "tile_y": 6448, "zoom": 14 }, "geometry": { "type": "Point", "coordinates": [ 51.351723074913032, 35.740360084597206 ] } },
{ "type": "Feature", "properties": { "camera_id": 7235, "type": "report_map_camera_speed", "highway": 0, "zoom_level": 14, "longitude": 51.422549486160278, "latitude": 35.767120541423381, "tile_x": 10532, "tile_y": 6446, "zoom": 14 }, "geometry": { "type": "Point", "coordinates": [ 51.422549486160278, 35.767120541423381 ] } },
{ "type": "Feature", "properties": { "camera_id": 7238, "type": "report_map_camera_speed", "highway": 15, "zoom_level": 14, "longitude": 51.351975202560425, "latitude": 35.64444144451253, "tile_x": 10529, "tile_y": 6453, "zoom": 14 }, "geometry": { "type": "Point", "coordinates": [ 51.351975202560425, 35.64444144451253 ] } },
{ "type": "Feature", "properties": { "camera_id": 7242, "type": "report_map_camera_speed", "highway": 0, "zoom_level": 14, "longitude": 51.263279914855957, "latitude": 35.775220476444069, "tile_x": 10525, "tile_y": 6446, "zoom": 14 }, "geometry": { "type": "Point", "coordinates": [ 51.263279914855957, 35.775220476444069 ] } },
{ "type": "Feature", "properties": { "camera_id": 7244, "type": "report_map_camera_speed", "highway": 0, "zoom_level": 14, "longitude": 51.50440514087677, "latitude": 35.723385801460843, "tile_x": 10536, "tile_y": 6449, "zoom": 14 }, "geometry": { "type": "Point", "coordinates": [ 51.50440514087677, 35.723385801460843 ] } },
{ "type": "Feature", "properties": { "camera_id": 7275, "type": "report_map_camera_speed", "highway": 17, "zoom_level": 14, "longitude": 51.263371109962463, "latitude": 35.775037682066419, "tile_x": 10525, "tile_y": 6446, "zoom": 14 }, "geometry": { "type": "Point", "coordinates": [ 51.263371109962463, 35.775037682066419 ] } },
{ "type": "Feature", "properties": { "camera_id": 7280, "type": "report_map_camera_speed", "highway": 15, "zoom_level": 14, "longitude": 51.353697180747993, "latitude": 35.750670042620222, "tile_x": 10529, "tile_y": 6447, "zoom": 14 }, "geometry": { "type": "Point", "coordinates": [ 51.353697180747993, 35.750670042620222 ] } },
{ "type": "Feature", "properties": { "camera_id": 7288, "type": "report_map_camera_speed", "highway": 15, "zoom_level": 14, "longitude": 51.263607144355774, "latitude": 35.757509231469115, "tile_x": 10525, "tile_y": 6447, "zoom": 14 }, "geometry": { "type": "Point", "coordinates": [ 51.263607144355774, 35.757509231469115 ] } },
{ "type": "Feature", "properties": { "camera_id": 7289, "type": "report_map_camera_speed", "highway": 15, "zoom_level": 14, "longitude": 51.504802107810974, "latitude": 35.758345043648454, "tile_x": 10536, "tile_y": 6447, "zoom": 14 }, "geometry": { "type": "Point", "coordinates": [ 51.504802107810974, 35.758345043648454 ] } },
{ "type": "Feature", "properties": { "camera_id": 7290, "type": "report_map_camera_speed", "highway": 15, "zoom_level": 14, "longitude": 51.505032777786255, "latitude": 35.711225497291878, "tile_x": 10536, "tile_y": 6449, "zoom": 14 }, "geometry": { "type": "Point", "coordinates": [ 51.505032777786255, 35.711225497291878 ] } },
{ "type": "Feature", "properties": { "camera_id": 7302, "type": "report_map_camera_speed", "highway": 15, "zoom_level": 14, "longitude": 51.424668431282043, "latitude": 35.724744574042447, "tile_x": 10532, "tile_y": 6449, "zoom": 14 }, "geometry": { "type": "Point", "coordinates": [ 51.424668431282043, 35.724744574042447 ] } },
{ "type": "Feature", "properties": { "camera_id": 7303, "type": "report_map_camera_speed", "highway": 15, "zoom_level": 14, "longitude": 51.424877643585205, "latitude": 35.723821308017023, "tile_x": 10532, "tile_y": 6449, "zoom": 14 }, "geometry": { "type": "Point", "coordinates": [ 51.424877643585205, 35.723821308017023 ] } },
{ "type": "Feature", "properties": { "camera_id": 7306, "type": "report_map_camera_speed", "highway": 13, "zoom_level": 14, "longitude": 51.26371443271637, "latitude": 35.689552734641509, "tile_x": 10525, "tile_y": 6451, "zoom": 14 }, "geometry": { "type": "Point", "coordinates": [ 51.26371443271637, 35.689552734641509 ] } },
{ "type": "Feature", "properties": { "camera_id": 7310, "type": "report_map_camera_speed", "highway": 11, "zoom_level": 14, "longitude": 51.425204873085022, "latitude": 35.573892859369856, "tile_x": 10532, "tile_y": 6457, "zoom": 14 }, "geometry": { "type": "Point", "coordinates": [ 51.425204873085022, 35.573892859369856 ] } },
{ "type": "Feature", "properties": { "camera_id": 7313, "type": "report_map_camera_speed", "highway": 15, "zoom_level": 14, "longitude": 51.425215601921082, "latitude": 35.740212043381455, "tile_x": 10532, "tile_y": 6448, "zoom": 14 }, "geometry": { "type": "Point", "coordinates": [ 51.425215601921082, 35.740212043381455 ] } },
{ "type": "Feature", "properties": { "camera_id": 7339, "type": "report_map_camera_speed", "highway": 15, "zoom_level": 14, "longitude": 51.354995369911201, "latitude": 35.687653092186686, "tile_x": 10529, "tile_y": 6451, "zoom": 14 }, "geometry": { "type": "Point", "coordinates": [ 51.354995369911201, 35.687653092186686 ] } },
{ "type": "Feature", "properties": { "camera_id": 7340, "type": "report_map_camera_speed", "highway": 0, "zoom_level": 14, "longitude": 51.355279684066772, "latitude": 35.688886122143181, "tile_x": 10529, "tile_y": 6451, "zoom": 14 }, "geometry": { "type": "Point", "coordinates": [ 51.355279684066772, 35.688886122143181 ] } },
{ "type": "Feature", "properties": { "camera_id": 7345, "type": "report_map_camera_speed", "highway": 0, "zoom_level": 14, "longitude": 51.263896822929382, "latitude": 35.757326396384506, "tile_x": 10525, "tile_y": 6447, "zoom": 14 }, "geometry": { "type": "Point", "coordinates": [ 51.263896822929382, 35.757326396384506 ] } },
{ "type": "Feature", "properties": { "camera_id": 7371, "type": "report_map_camera_speed", "highway": 13, "zoom_level": 14, "longitude": 51.425430178642273, "latitude": 35.668867724726539, "tile_x": 10532, "tile_y": 6452, "zoom": 14 }, "geometry": { "type": "Point", "coordinates": [ 51.425430178642273, 35.668867724726539 ] } },
{ "type": "Feature", "properties": { "camera_id": 7381, "type": "report_map_camera_speed", "highway": 0, "zoom_level": 14, "longitude": 51.355901956558228, "latitude": 35.691334697563818, "tile_x": 10529, "tile_y": 6451, "zoom": 14 }, "geometry": { "type": "Point", "coordinates": [ 51.355901956558228, 35.691334697563818 ] } },
{ "type": "Feature", "properties": { "camera_id": 7384, "type": "report_map_camera_speed", "highway": 8, "zoom_level": 14, "longitude": 51.264186501502991, "latitude": 35.602959817011744, "tile_x": 10525, "tile_y": 6456, "zoom": 14 }, "geometry": { "type": "Point", "coordinates": [ 51.264186501502991, 35.602959817011744 ] } },
{ "type": "Feature", "properties": { "camera_id": 7422, "type": "report_map_camera_speed", "highway": 15, "zoom_level": 14, "longitude": 51.356025338172913, "latitude": 35.692445681193966, "tile_x": 10529, "tile_y": 6451, "zoom": 14 }, "geometry": { "type": "Point", "coordinates": [ 51.356025338172913, 35.692445681193966 ] } },
{ "type": "Feature", "properties": { "camera_id": 7424, "type": "report_map_camera_speed", "highway": 0, "zoom_level": 14, "longitude": 51.50939404964447, "latitude": 35.783793931081973, "tile_x": 10536, "tile_y": 6445, "zoom": 14 }, "geometry": { "type": "Point", "coordinates": [ 51.50939404964447, 35.783793931081973 ] } },
{ "type": "Feature", "properties": { "camera_id": 7442, "type": "report_map_camera_speed", "highway": 8, "zoom_level": 14, "longitude": 51.264218688011169, "latitude": 35.602876945598702, "tile_x": 10525, "tile_y": 6456, "zoom": 14 }, "geometry": { "type": "Point", "coordinates": [ 51.264218688011169, 35.602876945598702 ] } },
{ "type": "Feature", "properties": { "camera_id": 7467, "type": "report_map_camera_speed", "highway": 0, "zoom_level": 14, "longitude": 51.264599561691277, "latitude": 35.741448614495006, "tile_x": 10525, "tile_y": 6448, "zoom": 14 }, "geometry": { "type": "Point", "coordinates": [ 51.264599561691277, 35.741448614495006 ] } },
{ "type": "Feature", "properties": { "camera_id": 7473, "type": "report_map_camera_speed", "highway": 15, "zoom_level": 14, "longitude": 51.356433033943176, "latitude": 35.694340852846814, "tile_x": 10529, "tile_y": 6450, "zoom": 14 }, "geometry": { "type": "Point", "coordinates": [ 51.356433033943176, 35.694340852846814 ] } },
{ "type": "Feature", "properties": { "camera_id": 7480, "type": "report_map_camera_speed", "highway": 13, "zoom_level": 14, "longitude": 51.133670210838318, "latitude": 35.647253200882595, "tile_x": 10519, "tile_y": 6453, "zoom": 14 }, "geometry": { "type": "Point", "coordinates": [ 51.133670210838318, 35.647253200882595 ] } },
{ "type": "Feature", "properties": { "camera_id": 7483, "type": "report_map_camera_speed", "highway": 15, "zoom_level": 14, "longitude": 51.356905102729797, "latitude": 35.773510026908731, "tile_x": 10529, "tile_y": 6446, "zoom": 14 }, "geometry": { "type": "Point", "coordinates": [ 51.356905102729797, 35.773510026908731 ] } },
{ "type": "Feature", "properties": { "camera_id": 7484, "type": "report_map_camera_speed", "highway": 15, "zoom_level": 14, "longitude": 51.265763640403748, "latitude": 35.576362412215367, "tile_x": 10525, "tile_y": 6457, "zoom": 14 }, "geometry": { "type": "Point", "coordinates": [ 51.265763640403748, 35.576362412215367 ] } },
{ "type": "Feature", "properties": { "camera_id": 7500, "type": "report_map_camera_speed", "highway": 15, "zoom_level": 14, "longitude": 51.357039213180542, "latitude": 35.773718938748068, "tile_x": 10529, "tile_y": 6446, "zoom": 14 }, "geometry": { "type": "Point", "coordinates": [ 51.357039213180542, 35.773718938748068 ] } },
{ "type": "Feature", "properties": { "camera_id": 7517, "type": "report_map_camera_speed", "highway": 0, "zoom_level": 14, "longitude": 51.514082551002502, "latitude": 35.72854640109869, "tile_x": 10536, "tile_y": 6448, "zoom": 14 }, "geometry": { "type": "Point", "coordinates": [ 51.514082551002502, 35.72854640109869 ] } },
{ "type": "Feature", "properties": { "camera_id": 7518, "type": "report_map_camera_speed", "highway": 0, "zoom_level": 14, "longitude": 51.514179110527039, "latitude": 35.728350435067405, "tile_x": 10536, "tile_y": 6448, "zoom": 14 }, "geometry": { "type": "Point", "coordinates": [ 51.514179110527039, 35.728350435067405 ] } },
{ "type": "Feature", "properties": { "camera_id": 7530, "type": "report_map_camera_speed", "highway": 13, "zoom_level": 14, "longitude": 51.357972621917725, "latitude": 35.700261340368577, "tile_x": 10529, "tile_y": 6450, "zoom": 14 }, "geometry": { "type": "Point", "coordinates": [ 51.357972621917725, 35.700261340368577 ] } },
{ "type": "Feature", "properties": { "camera_id": 7540, "type": "report_map_camera_speed", "highway": 15, "zoom_level": 14, "longitude": 51.357988715171807, "latitude": 35.749847210716908, "tile_x": 10529, "tile_y": 6447, "zoom": 14 }, "geometry": { "type": "Point", "coordinates": [ 51.357988715171807, 35.749847210716908 ] } },
{ "type": "Feature", "properties": { "camera_id": 7567, "type": "report_map_camera_speed", "highway": 15, "zoom_level": 14, "longitude": 51.359469294548042, "latitude": 35.749860271607218, "tile_x": 10529, "tile_y": 6447, "zoom": 14 }, "geometry": { "type": "Point", "coordinates": [ 51.359469294548042, 35.749860271607218 ] } },
{ "type": "Feature", "properties": { "camera_id": 7595, "type": "report_map_camera_speed", "highway": 13, "zoom_level": 14, "longitude": 51.568644046783447, "latitude": 35.791248168278301, "tile_x": 10538, "tile_y": 6445, "zoom": 14 }, "geometry": { "type": "Point", "coordinates": [ 51.568644046783447, 35.791248168278301 ] } },
{ "type": "Feature", "properties": { "camera_id": 7617, "type": "report_map_camera_speed", "highway": 15, "zoom_level": 14, "longitude": 51.360713839530952, "latitude": 35.784320493842941, "tile_x": 10529, "tile_y": 6445, "zoom": 14 }, "geometry": { "type": "Point", "coordinates": [ 51.360713839530952, 35.784320493842941 ] } },
{ "type": "Feature", "properties": { "camera_id": 7685, "type": "report_map_camera_speed", "highway": 0, "zoom_level": 14, "longitude": 51.362317800521851, "latitude": 35.620639996677511, "tile_x": 10529, "tile_y": 6455, "zoom": 14 }, "geometry": { "type": "Point", "coordinates": [ 51.362317800521851, 35.620639996677511 ] } },
{ "type": "Feature", "properties": { "camera_id": 7708, "type": "report_map_camera_speed", "highway": 15, "zoom_level": 14, "longitude": 51.362645030021667, "latitude": 35.619706804177753, "tile_x": 10529, "tile_y": 6455, "zoom": 14 }, "geometry": { "type": "Point", "coordinates": [ 51.362645030021667, 35.619706804177753 ] } },
{ "type": "Feature", "properties": { "camera_id": 7712, "type": "report_map_camera_speed", "highway": 17, "zoom_level": 14, "longitude": 51.516925692558289, "latitude": 35.663838369931973, "tile_x": 10536, "tile_y": 6452, "zoom": 14 }, "geometry": { "type": "Point", "coordinates": [ 51.516925692558289, 35.663838369931973 ] } },
{ "type": "Feature", "properties": { "camera_id": 7729, "type": "report_map_camera_speed", "highway": 0, "zoom_level": 14, "longitude": 51.362988352775567, "latitude": 35.774733023836525, "tile_x": 10529, "tile_y": 6446, "zoom": 14 }, "geometry": { "type": "Point", "coordinates": [ 51.362988352775567, 35.774733023836525 ] } },
{ "type": "Feature", "properties": { "camera_id": 7743, "type": "report_map_camera_speed", "highway": 0, "zoom_level": 14, "longitude": 51.516984701156616, "latitude": 35.567784097713691, "tile_x": 10536, "tile_y": 6457, "zoom": 14 }, "geometry": { "type": "Point", "coordinates": [ 51.516984701156616, 35.567784097713691 ] } },
{ "type": "Feature", "properties": { "camera_id": 7744, "type": "report_map_camera_speed", "highway": 17, "zoom_level": 14, "longitude": 51.517065167427063, "latitude": 35.66257444412971, "tile_x": 10536, "tile_y": 6452, "zoom": 14 }, "geometry": { "type": "Point", "coordinates": [ 51.517065167427063, 35.66257444412971 ] } },
{ "type": "Feature", "properties": { "camera_id": 7745, "type": "report_map_camera_speed", "highway": 11, "zoom_level": 14, "longitude": 51.491117477416992, "latitude": 35.580446170000208, "tile_x": 10535, "tile_y": 6457, "zoom": 14 }, "geometry": { "type": "Point", "coordinates": [ 51.491117477416992, 35.580446170000208 ] } },
{ "type": "Feature", "properties": { "camera_id": 7769, "type": "report_map_camera_speed", "highway": 15, "zoom_level": 14, "longitude": 51.517113447189331, "latitude": 35.596116093880603, "tile_x": 10536, "tile_y": 6456, "zoom": 14 }, "geometry": { "type": "Point", "coordinates": [ 51.517113447189331, 35.596116093880603 ] } },
{ "type": "Feature", "properties": { "camera_id": 7776, "type": "report_map_camera_speed", "highway": 0, "zoom_level": 14, "longitude": 51.517494320869446, "latitude": 35.79558200927778, "tile_x": 10536, "tile_y": 6445, "zoom": 14 }, "geometry": { "type": "Point", "coordinates": [ 51.517494320869446, 35.79558200927778 ] } },
{ "type": "Feature", "properties": { "camera_id": 7788, "type": "report_map_camera_speed", "highway": 11, "zoom_level": 14, "longitude": 51.491214036941528, "latitude": 35.580511613141326, "tile_x": 10535, "tile_y": 6457, "zoom": 14 }, "geometry": { "type": "Point", "coordinates": [ 51.491214036941528, 35.580511613141326 ] } },
{ "type": "Feature", "properties": { "camera_id": 7790, "type": "report_map_camera_speed", "highway": 0, "zoom_level": 14, "longitude": 51.140027046203613, "latitude": 35.756843187352786, "tile_x": 10519, "tile_y": 6447, "zoom": 14 }, "geometry": { "type": "Point", "coordinates": [ 51.140027046203613, 35.756843187352786 ] } },
{ "type": "Feature", "properties": { "camera_id": 7818, "type": "report_map_camera_speed", "highway": 15, "zoom_level": 14, "longitude": 51.364533305168152, "latitude": 35.72501022879382, "tile_x": 10529, "tile_y": 6449, "zoom": 14 }, "geometry": { "type": "Point", "coordinates": [ 51.364533305168152, 35.72501022879382 ] } },
{ "type": "Feature", "properties": { "camera_id": 7826, "type": "report_map_camera_speed", "highway": 15, "zoom_level": 14, "longitude": 51.364683508872986, "latitude": 35.749198517134943, "tile_x": 10529, "tile_y": 6447, "zoom": 14 }, "geometry": { "type": "Point", "coordinates": [ 51.364683508872986, 35.749198517134943 ] } },
{ "type": "Feature", "properties": { "camera_id": 7827, "type": "report_map_camera_speed", "highway": 15, "zoom_level": 14, "longitude": 51.364742517471313, "latitude": 35.725001518816022, "tile_x": 10529, "tile_y": 6449, "zoom": 14 }, "geometry": { "type": "Point", "coordinates": [ 51.364742517471313, 35.725001518816022 ] } },
{ "type": "Feature", "properties": { "camera_id": 7840, "type": "report_map_camera_speed", "highway": 15, "zoom_level": 14, "longitude": 51.518653035163879, "latitude": 35.594711509811411, "tile_x": 10536, "tile_y": 6456, "zoom": 14 }, "geometry": { "type": "Point", "coordinates": [ 51.518653035163879, 35.594711509811411 ] } },
{ "type": "Feature", "properties": { "camera_id": 7882, "type": "report_map_camera_speed", "highway": 15, "zoom_level": 14, "longitude": 51.365633010864258, "latitude": 35.612123121160046, "tile_x": 10529, "tile_y": 6455, "zoom": 14 }, "geometry": { "type": "Point", "coordinates": [ 51.365633010864258, 35.612123121160046 ] } },
{ "type": "Feature", "properties": { "camera_id": 7883, "type": "report_map_camera_speed", "highway": 0, "zoom_level": 14, "longitude": 51.365718841552734, "latitude": 35.611944313746768, "tile_x": 10529, "tile_y": 6455, "zoom": 14 }, "geometry": { "type": "Point", "coordinates": [ 51.365718841552734, 35.611944313746768 ] } },
{ "type": "Feature", "properties": { "camera_id": 7925, "type": "report_map_camera_speed", "highway": 8, "zoom_level": 14, "longitude": 51.142677068710327, "latitude": 35.694018459008873, "tile_x": 10519, "tile_y": 6450, "zoom": 14 }, "geometry": { "type": "Point", "coordinates": [ 51.142677068710327, 35.694018459008873 ] } },
{ "type": "Feature", "properties": { "camera_id": 7975, "type": "report_map_camera_speed", "highway": 17, "zoom_level": 14, "longitude": 51.088249683380127, "latitude": 35.75054378854206, "tile_x": 10517, "tile_y": 6447, "zoom": 14 }, "geometry": { "type": "Point", "coordinates": [ 51.088249683380127, 35.75054378854206 ] } },
{ "type": "Feature", "properties": { "camera_id": 8005, "type": "report_map_camera_speed", "highway": 0, "zoom_level": 14, "longitude": 51.525358557701111, "latitude": 35.589136551123339, "tile_x": 10536, "tile_y": 6456, "zoom": 14 }, "geometry": { "type": "Point", "coordinates": [ 51.525358557701111, 35.589136551123339 ] } },
{ "type": "Feature", "properties": { "camera_id": 8006, "type": "report_map_camera_speed", "highway": 15, "zoom_level": 14, "longitude": 51.525540947914124, "latitude": 35.58918017515532, "tile_x": 10536, "tile_y": 6456, "zoom": 14 }, "geometry": { "type": "Point", "coordinates": [ 51.525540947914124, 35.58918017515532 ] } },
{ "type": "Feature", "properties": { "camera_id": 8026, "type": "report_map_camera_speed", "highway": 13, "zoom_level": 14, "longitude": 51.089124083518982, "latitude": 35.600264271258418, "tile_x": 10517, "tile_y": 6456, "zoom": 14 }, "geometry": { "type": "Point", "coordinates": [ 51.089124083518982, 35.600264271258418 ] } },
{ "type": "Feature", "properties": { "camera_id": 8061, "type": "report_map_camera_speed", "highway": 13, "zoom_level": 14, "longitude": 51.089263558387763, "latitude": 35.600277356651283, "tile_x": 10517, "tile_y": 6456, "zoom": 14 }, "geometry": { "type": "Point", "coordinates": [ 51.089263558387763, 35.600277356651283 ] } },
{ "type": "Feature", "properties": { "camera_id": 8085, "type": "report_map_camera_speed", "highway": 13, "zoom_level": 14, "longitude": 51.150444746017456, "latitude": 35.70987520579564, "tile_x": 10519, "tile_y": 6450, "zoom": 14 }, "geometry": { "type": "Point", "coordinates": [ 51.150444746017456, 35.70987520579564 ] } },
{ "type": "Feature", "properties": { "camera_id": 8097, "type": "report_map_camera_speed", "highway": 13, "zoom_level": 14, "longitude": 51.150637865066528, "latitude": 35.709844715078404, "tile_x": 10519, "tile_y": 6450, "zoom": 14 }, "geometry": { "type": "Point", "coordinates": [ 51.150637865066528, 35.709844715078404 ] } },
{ "type": "Feature", "properties": { "camera_id": 8105, "type": "report_map_camera_speed", "highway": 17, "zoom_level": 14, "longitude": 51.092814803123474, "latitude": 35.749233346454858, "tile_x": 10517, "tile_y": 6447, "zoom": 14 }, "geometry": { "type": "Point", "coordinates": [ 51.092814803123474, 35.749233346454858 ] } },
{ "type": "Feature", "properties": { "camera_id": 8109, "type": "report_map_camera_speed", "highway": 0, "zoom_level": 14, "longitude": 51.531350612640381, "latitude": 35.751558169096306, "tile_x": 10537, "tile_y": 6447, "zoom": 14 }, "geometry": { "type": "Point", "coordinates": [ 51.531350612640381, 35.751558169096306 ] } },
{ "type": "Feature", "properties": { "camera_id": 8143, "type": "report_map_camera_speed", "highway": 8, "zoom_level": 14, "longitude": 51.152236461639411, "latitude": 35.595945974761698, "tile_x": 10519, "tile_y": 6456, "zoom": 14 }, "geometry": { "type": "Point", "coordinates": [ 51.152236461639411, 35.595945974761698 ] } },
{ "type": "Feature", "properties": { "camera_id": 8145, "type": "report_map_camera_speed", "highway": 0, "zoom_level": 14, "longitude": 51.531946063041687, "latitude": 35.752119773370417, "tile_x": 10537, "tile_y": 6447, "zoom": 14 }, "geometry": { "type": "Point", "coordinates": [ 51.531946063041687, 35.752119773370417 ] } },
{ "type": "Feature", "properties": { "camera_id": 8146, "type": "report_map_camera_speed", "highway": 15, "zoom_level": 14, "longitude": 51.532015800476081, "latitude": 35.77691348059092, "tile_x": 10537, "tile_y": 6446, "zoom": 14 }, "geometry": { "type": "Point", "coordinates": [ 51.532015800476081, 35.77691348059092 ] } },
{ "type": "Feature", "properties": { "camera_id": 8154, "type": "report_map_camera_speed", "highway": 15, "zoom_level": 14, "longitude": 51.532047986984253, "latitude": 35.777087566376977, "tile_x": 10537, "tile_y": 6446, "zoom": 14 }, "geometry": { "type": "Point", "coordinates": [ 51.532047986984253, 35.777087566376977 ] } },
{ "type": "Feature", "properties": { "camera_id": 8193, "type": "report_map_camera_speed", "highway": 8, "zoom_level": 14, "longitude": 51.154274940490723, "latitude": 35.612402234372119, "tile_x": 10520, "tile_y": 6455, "zoom": 14 }, "geometry": { "type": "Point", "coordinates": [ 51.154274940490723, 35.612402234372119 ] } },
{ "type": "Feature", "properties": { "camera_id": 8194, "type": "report_map_camera_speed", "highway": 0, "zoom_level": 14, "longitude": 51.369007229804993, "latitude": 35.749076614395179, "tile_x": 10529, "tile_y": 6447, "zoom": 14 }, "geometry": { "type": "Point", "coordinates": [ 51.369007229804993, 35.749076614395179 ] } },
{ "type": "Feature", "properties": { "camera_id": 8206, "type": "report_map_camera_speed", "highway": 15, "zoom_level": 14, "longitude": 51.096827387809753, "latitude": 35.741252680211758, "tile_x": 10517, "tile_y": 6448, "zoom": 14 }, "geometry": { "type": "Point", "coordinates": [ 51.096827387809753, 35.741252680211758 ] } },
{ "type": "Feature", "properties": { "camera_id": 8224, "type": "report_map_camera_speed", "highway": 13, "zoom_level": 14, "longitude": 51.534655094146729, "latitude": 35.724561663698672, "tile_x": 10537, "tile_y": 6449, "zoom": 14 }, "geometry": { "type": "Point", "coordinates": [ 51.534655094146729, 35.724561663698672 ] } },
{ "type": "Feature", "properties": { "camera_id": 8238, "type": "report_map_camera_speed", "highway": 11, "zoom_level": 14, "longitude": 51.581835150718689, "latitude": 35.817325967329026, "tile_x": 10539, "tile_y": 6444, "zoom": 14 }, "geometry": { "type": "Point", "coordinates": [ 51.581835150718689, 35.817325967329026 ] } },
{ "type": "Feature", "properties": { "camera_id": 8247, "type": "report_map_camera_speed", "highway": 8, "zoom_level": 14, "longitude": 51.155642867088318, "latitude": 35.642850251716283, "tile_x": 10520, "tile_y": 6453, "zoom": 14 }, "geometry": { "type": "Point", "coordinates": [ 51.155642867088318, 35.642850251716283 ] } },
{ "type": "Feature", "properties": { "camera_id": 8248, "type": "report_map_camera_speed", "highway": 15, "zoom_level": 14, "longitude": 51.369388103485107, "latitude": 35.787653859805374, "tile_x": 10529, "tile_y": 6445, "zoom": 14 }, "geometry": { "type": "Point", "coordinates": [ 51.369388103485107, 35.787653859805374 ] } },
{ "type": "Feature", "properties": { "camera_id": 8259, "type": "report_map_camera_speed", "highway": 15, "zoom_level": 14, "longitude": 51.535964012146003, "latitude": 35.759603098551821, "tile_x": 10537, "tile_y": 6447, "zoom": 14 }, "geometry": { "type": "Point", "coordinates": [ 51.535964012146003, 35.759603098551821 ] } },
{ "type": "Feature", "properties": { "camera_id": 8260, "type": "report_map_camera_speed", "highway": 15, "zoom_level": 14, "longitude": 51.536178588867188, "latitude": 35.767068309181553, "tile_x": 10537, "tile_y": 6446, "zoom": 14 }, "geometry": { "type": "Point", "coordinates": [ 51.536178588867188, 35.767068309181553 ] } },
{ "type": "Feature", "properties": { "camera_id": 8261, "type": "report_map_camera_speed", "highway": 0, "zoom_level": 14, "longitude": 51.582334041595459, "latitude": 35.815381522004905, "tile_x": 10539, "tile_y": 6444, "zoom": 14 }, "geometry": { "type": "Point", "coordinates": [ 51.582334041595459, 35.815381522004905 ] } },
{ "type": "Feature", "properties": { "camera_id": 8270, "type": "report_map_camera_speed", "highway": 8, "zoom_level": 14, "longitude": 51.098994612693787, "latitude": 35.57802037317537, "tile_x": 10517, "tile_y": 6457, "zoom": 14 }, "geometry": { "type": "Point", "coordinates": [ 51.098994612693787, 35.57802037317537 ] } },
{ "type": "Feature", "properties": { "camera_id": 8271, "type": "report_map_camera_speed", "highway": 8, "zoom_level": 14, "longitude": 51.099069714546211, "latitude": 35.57790257181869, "tile_x": 10517, "tile_y": 6457, "zoom": 14 }, "geometry": { "type": "Point", "coordinates": [ 51.099069714546211, 35.57790257181869 ] } },
{ "type": "Feature", "properties": { "camera_id": 8285, "type": "report_map_camera_speed", "highway": 15, "zoom_level": 14, "longitude": 51.369522213935852, "latitude": 35.749259468434808, "tile_x": 10529, "tile_y": 6447, "zoom": 14 }, "geometry": { "type": "Point", "coordinates": [ 51.369522213935852, 35.749259468434808 ] } },
{ "type": "Feature", "properties": { "camera_id": 8290, "type": "report_map_camera_speed", "highway": 0, "zoom_level": 14, "longitude": 51.582924127578735, "latitude": 35.815242320513065, "tile_x": 10539, "tile_y": 6444, "zoom": 14 }, "geometry": { "type": "Point", "coordinates": [ 51.582924127578735, 35.815242320513065 ] } },
{ "type": "Feature", "properties": { "camera_id": 8293, "type": "report_map_camera_speed", "highway": 15, "zoom_level": 14, "longitude": 51.09915018081665, "latitude": 35.740773727711563, "tile_x": 10517, "tile_y": 6448, "zoom": 14 }, "geometry": { "type": "Point", "coordinates": [ 51.09915018081665, 35.740773727711563 ] } },
{ "type": "Feature", "properties": { "camera_id": 8326, "type": "report_map_camera_speed", "highway": 0, "zoom_level": 14, "longitude": 51.537192463874817, "latitude": 35.724883934022493, "tile_x": 10537, "tile_y": 6449, "zoom": 14 }, "geometry": { "type": "Point", "coordinates": [ 51.537192463874817, 35.724883934022493 ] } },
{ "type": "Feature", "properties": { "camera_id": 8364, "type": "report_map_camera_speed", "highway": 15, "zoom_level": 14, "longitude": 51.369736790657043, "latitude": 35.787923656156885, "tile_x": 10529, "tile_y": 6445, "zoom": 14 }, "geometry": { "type": "Point", "coordinates": [ 51.369736790657043, 35.787923656156885 ] } },
{ "type": "Feature", "properties": { "camera_id": 8385, "type": "report_map_camera_speed", "highway": 0, "zoom_level": 14, "longitude": 51.538286805152893, "latitude": 35.751005267993776, "tile_x": 10537, "tile_y": 6447, "zoom": 14 }, "geometry": { "type": "Point", "coordinates": [ 51.538286805152893, 35.751005267993776 ] } },
{ "type": "Feature", "properties": { "camera_id": 8397, "type": "report_map_camera_speed", "highway": 0, "zoom_level": 14, "longitude": 51.53836190700531, "latitude": 35.723194177821902, "tile_x": 10537, "tile_y": 6449, "zoom": 14 }, "geometry": { "type": "Point", "coordinates": [ 51.53836190700531, 35.723194177821902 ] } },
{ "type": "Feature", "properties": { "camera_id": 8423, "type": "report_map_camera_speed", "highway": 13, "zoom_level": 14, "longitude": 51.538533568382263, "latitude": 35.793763217240219, "tile_x": 10537, "tile_y": 6445, "zoom": 14 }, "geometry": { "type": "Point", "coordinates": [ 51.538533568382263, 35.793763217240219 ] } },
{ "type": "Feature", "properties": { "camera_id": 8425, "type": "report_map_camera_speed", "highway": 13, "zoom_level": 14, "longitude": 51.538748145103455, "latitude": 35.793789324597455, "tile_x": 10537, "tile_y": 6445, "zoom": 14 }, "geometry": { "type": "Point", "coordinates": [ 51.538748145103455, 35.793789324597455 ] } },
{ "type": "Feature", "properties": { "camera_id": 8426, "type": "report_map_camera_speed", "highway": 15, "zoom_level": 14, "longitude": 51.538828611373901, "latitude": 35.723337895594312, "tile_x": 10537, "tile_y": 6449, "zoom": 14 }, "geometry": { "type": "Point", "coordinates": [ 51.538828611373901, 35.723337895594312 ] } },
{ "type": "Feature", "properties": { "camera_id": 8430, "type": "report_map_camera_speed", "highway": 0, "zoom_level": 14, "longitude": 51.539096832275391, "latitude": 35.751114107097131, "tile_x": 10537, "tile_y": 6447, "zoom": 14 }, "geometry": { "type": "Point", "coordinates": [ 51.539096832275391, 35.751114107097131 ] } },
{ "type": "Feature", "properties": { "camera_id": 8497, "type": "report_map_camera_speed", "highway": 13, "zoom_level": 14, "longitude": 51.102374196052551, "latitude": 35.575625044868403, "tile_x": 10517, "tile_y": 6457, "zoom": 14 }, "geometry": { "type": "Point", "coordinates": [ 51.102374196052551, 35.575625044868403 ] } },
{ "type": "Feature", "properties": { "camera_id": 8604, "type": "report_map_camera_speed", "highway": 15, "zoom_level": 14, "longitude": 51.371104717254639, "latitude": 35.648338643146239, "tile_x": 10529, "tile_y": 6453, "zoom": 14 }, "geometry": { "type": "Point", "coordinates": [ 51.371104717254639, 35.648338643146239 ] } },
{ "type": "Feature", "properties": { "camera_id": 8607, "type": "report_map_camera_speed", "highway": 17, "zoom_level": 14, "longitude": 51.371845006942749, "latitude": 35.573949581402545, "tile_x": 10529, "tile_y": 6457, "zoom": 14 }, "geometry": { "type": "Point", "coordinates": [ 51.371845006942749, 35.573949581402545 ] } },
{ "type": "Feature", "properties": { "camera_id": 8612, "type": "report_map_camera_speed", "highway": 17, "zoom_level": 14, "longitude": 51.103205680847168, "latitude": 35.74322070933129, "tile_x": 10517, "tile_y": 6448, "zoom": 14 }, "geometry": { "type": "Point", "coordinates": [ 51.103205680847168, 35.74322070933129 ] } },
{ "type": "Feature", "properties": { "camera_id": 8631, "type": "report_map_camera_speed", "highway": 17, "zoom_level": 14, "longitude": 51.103506088256843, "latitude": 35.743381806905866, "tile_x": 10517, "tile_y": 6448, "zoom": 14 }, "geometry": { "type": "Point", "coordinates": [ 51.103506088256843, 35.743381806905866 ] } },
{ "type": "Feature", "properties": { "camera_id": 8655, "type": "report_map_camera_speed", "highway": 8, "zoom_level": 14, "longitude": 51.104106903076172, "latitude": 35.576244608420275, "tile_x": 10517, "tile_y": 6457, "zoom": 14 }, "geometry": { "type": "Point", "coordinates": [ 51.104106903076172, 35.576244608420275 ] } },
{ "type": "Feature", "properties": { "camera_id": 8667, "type": "report_map_camera_speed", "highway": 8, "zoom_level": 14, "longitude": 51.104273200035095, "latitude": 35.576183524902746, "tile_x": 10517, "tile_y": 6457, "zoom": 14 }, "geometry": { "type": "Point", "coordinates": [ 51.104273200035095, 35.576183524902746 ] } },
{ "type": "Feature", "properties": { "camera_id": 8747, "type": "report_map_camera_speed", "highway": 17, "zoom_level": 14, "longitude": 51.372660398483283, "latitude": 35.595701700522739, "tile_x": 10530, "tile_y": 6456, "zoom": 14 }, "geometry": { "type": "Point", "coordinates": [ 51.372660398483283, 35.595701700522739 ] } },
{ "type": "Feature", "properties": { "camera_id": 8769, "type": "report_map_camera_speed", "highway": 13, "zoom_level": 14, "longitude": 51.373347043991089, "latitude": 35.624852309538213, "tile_x": 10530, "tile_y": 6454, "zoom": 14 }, "geometry": { "type": "Point", "coordinates": [ 51.373347043991089, 35.624852309538213 ] } },
{ "type": "Feature", "properties": { "camera_id": 8782, "type": "report_map_camera_speed", "highway": 8, "zoom_level": 14, "longitude": 51.173790693283081, "latitude": 35.70524483899186, "tile_x": 10520, "tile_y": 6450, "zoom": 14 }, "geometry": { "type": "Point", "coordinates": [ 51.173790693283081, 35.70524483899186 ] } },
{ "type": "Feature", "properties": { "camera_id": 8828, "type": "report_map_camera_speed", "highway": 15, "zoom_level": 14, "longitude": 51.37457549571991, "latitude": 35.652802314928678, "tile_x": 10530, "tile_y": 6453, "zoom": 14 }, "geometry": { "type": "Point", "coordinates": [ 51.37457549571991, 35.652802314928678 ] } },
{ "type": "Feature", "properties": { "camera_id": 9002, "type": "report_map_camera_speed", "highway": 11, "zoom_level": 14, "longitude": 51.375487446784973, "latitude": 35.613004068921711, "tile_x": 10530, "tile_y": 6455, "zoom": 14 }, "geometry": { "type": "Point", "coordinates": [ 51.375487446784973, 35.613004068921711 ] } },
{ "type": "Feature", "properties": { "camera_id": 9048, "type": "report_map_camera_speed", "highway": 11, "zoom_level": 14, "longitude": 51.375519633293152, "latitude": 35.613108735337683, "tile_x": 10530, "tile_y": 6455, "zoom": 14 }, "geometry": { "type": "Point", "coordinates": [ 51.375519633293152, 35.613108735337683 ] } },
{ "type": "Feature", "properties": { "camera_id": 9078, "type": "report_map_camera_speed", "highway": 15, "zoom_level": 14, "longitude": 51.376485228538513, "latitude": 35.776765507373085, "tile_x": 10530, "tile_y": 6446, "zoom": 14 }, "geometry": { "type": "Point", "coordinates": [ 51.376485228538513, 35.776765507373085 ] } },
{ "type": "Feature", "properties": { "camera_id": 9137, "type": "report_map_camera_speed", "highway": 0, "zoom_level": 14, "longitude": 51.376914381980896, "latitude": 35.777030988538321, "tile_x": 10530, "tile_y": 6446, "zoom": 14 }, "geometry": { "type": "Point", "coordinates": [ 51.376914381980896, 35.777030988538321 ] } },
{ "type": "Feature", "properties": { "camera_id": 9162, "type": "report_map_camera_speed", "highway": 0, "zoom_level": 14, "longitude": 51.559186577796936, "latitude": 35.773862565319249, "tile_x": 10538, "tile_y": 6446, "zoom": 14 }, "geometry": { "type": "Point", "coordinates": [ 51.559186577796936, 35.773862565319249 ] } },
{ "type": "Feature", "properties": { "camera_id": 9175, "type": "report_map_camera_speed", "highway": 11, "zoom_level": 14, "longitude": 51.111204028129578, "latitude": 35.691273701935984, "tile_x": 10518, "tile_y": 6451, "zoom": 14 }, "geometry": { "type": "Point", "coordinates": [ 51.111204028129578, 35.691273701935984 ] } },
{ "type": "Feature", "properties": { "camera_id": 9185, "type": "report_map_camera_speed", "highway": 0, "zoom_level": 14, "longitude": 51.559363603591919, "latitude": 35.773792928226221, "tile_x": 10538, "tile_y": 6446, "zoom": 14 }, "geometry": { "type": "Point", "coordinates": [ 51.559363603591919, 35.773792928226221 ] } },
{ "type": "Feature", "properties": { "camera_id": 9223, "type": "report_map_camera_speed", "highway": 11, "zoom_level": 14, "longitude": 51.186633110046387, "latitude": 35.630546864183323, "tile_x": 10521, "tile_y": 6454, "zoom": 14 }, "geometry": { "type": "Point", "coordinates": [ 51.186633110046387, 35.630546864183323 ] } },
{ "type": "Feature", "properties": { "camera_id": 9241, "type": "report_map_camera_speed", "highway": 11, "zoom_level": 14, "longitude": 51.111719012260437, "latitude": 35.692293194160989, "tile_x": 10518, "tile_y": 6451, "zoom": 14 }, "geometry": { "type": "Point", "coordinates": [ 51.111719012260437, 35.692293194160989 ] } },
{ "type": "Feature", "properties": { "camera_id": 9283, "type": "report_map_camera_speed", "highway": 15, "zoom_level": 14, "longitude": 51.377756595611572, "latitude": 35.74170550538026, "tile_x": 10530, "tile_y": 6448, "zoom": 14 }, "geometry": { "type": "Point", "coordinates": [ 51.377756595611572, 35.74170550538026 ] } },
{ "type": "Feature", "properties": { "camera_id": 9302, "type": "report_map_camera_speed", "highway": 15, "zoom_level": 14, "longitude": 51.377858519554138, "latitude": 35.713664675556046, "tile_x": 10530, "tile_y": 6449, "zoom": 14 }, "geometry": { "type": "Point", "coordinates": [ 51.377858519554138, 35.713664675556046 ] } },
{ "type": "Feature", "properties": { "camera_id": 9330, "type": "report_map_camera_speed", "highway": 0, "zoom_level": 14, "longitude": 51.116466522216797, "latitude": 35.736389001357068, "tile_x": 10518, "tile_y": 6448, "zoom": 14 }, "geometry": { "type": "Point", "coordinates": [ 51.116466522216797, 35.736389001357068 ] } },
{ "type": "Feature", "properties": { "camera_id": 9344, "type": "report_map_camera_speed", "highway": 0, "zoom_level": 14, "longitude": 51.116707921028137, "latitude": 35.736436899374375, "tile_x": 10518, "tile_y": 6448, "zoom": 14 }, "geometry": { "type": "Point", "coordinates": [ 51.116707921028137, 35.736436899374375 ] } },
{ "type": "Feature", "properties": { "camera_id": 9364, "type": "report_map_camera_speed", "highway": 15, "zoom_level": 14, "longitude": 51.378116011619568, "latitude": 35.741570528916782, "tile_x": 10530, "tile_y": 6448, "zoom": 14 }, "geometry": { "type": "Point", "coordinates": [ 51.378116011619568, 35.741570528916782 ] } },
{ "type": "Feature", "properties": { "camera_id": 9371, "type": "report_map_camera_speed", "highway": 15, "zoom_level": 14, "longitude": 51.378126740455627, "latitude": 35.711974681416066, "tile_x": 10530, "tile_y": 6449, "zoom": 14 }, "geometry": { "type": "Point", "coordinates": [ 51.378126740455627, 35.711974681416066 ] } },
{ "type": "Feature", "properties": { "camera_id": 9405, "type": "report_map_camera_speed", "highway": 0, "zoom_level": 14, "longitude": 51.379038691520691, "latitude": 35.692375972872206, "tile_x": 10530, "tile_y": 6451, "zoom": 14 }, "geometry": { "type": "Point", "coordinates": [ 51.379038691520691, 35.692375972872206 ] } },
{ "type": "Feature", "properties": { "camera_id": 9486, "type": "report_map_camera_speed", "highway": 0, "zoom_level": 14, "longitude": 51.379725337028503, "latitude": 35.684289394123411, "tile_x": 10530, "tile_y": 6451, "zoom": 14 }, "geometry": { "type": "Point", "coordinates": [ 51.379725337028503, 35.684289394123411 ] } },
{ "type": "Feature", "properties": { "camera_id": 9504, "type": "report_map_camera_speed", "highway": 15, "zoom_level": 14, "longitude": 51.379977464675903, "latitude": 35.725511050915735, "tile_x": 10530, "tile_y": 6449, "zoom": 14 }, "geometry": { "type": "Point", "coordinates": [ 51.379977464675903, 35.725511050915735 ] } },
{ "type": "Feature", "properties": { "camera_id": 9537, "type": "report_map_camera_speed", "highway": 15, "zoom_level": 14, "longitude": 51.380079388618469, "latitude": 35.680651037727536, "tile_x": 10530, "tile_y": 6451, "zoom": 14 }, "geometry": { "type": "Point", "coordinates": [ 51.380079388618469, 35.680651037727536 ] } },
{ "type": "Feature", "properties": { "camera_id": 9552, "type": "report_map_camera_speed", "highway": 0, "zoom_level": 14, "longitude": 51.380143761634827, "latitude": 35.681322076414965, "tile_x": 10530, "tile_y": 6451, "zoom": 14 }, "geometry": { "type": "Point", "coordinates": [ 51.380143761634827, 35.681322076414965 ] } },
{ "type": "Feature", "properties": { "camera_id": 9607, "type": "report_map_camera_speed", "highway": 13, "zoom_level": 14, "longitude": 51.123837232589722, "latitude": 35.682280693321715, "tile_x": 10518, "tile_y": 6451, "zoom": 14 }, "geometry": { "type": "Point", "coordinates": [ 51.123837232589722, 35.682280693321715 ] } },
{ "type": "Feature", "properties": { "camera_id": 9650, "type": "report_map_camera_speed", "highway": 0, "zoom_level": 14, "longitude": 51.202136278152473, "latitude": 35.69587874065067, "tile_x": 10522, "tile_y": 6450, "zoom": 14 }, "geometry": { "type": "Point", "coordinates": [ 51.202136278152473, 35.69587874065067 ] } },
{ "type": "Feature", "properties": { "camera_id": 9672, "type": "report_map_camera_speed", "highway": 13, "zoom_level": 14, "longitude": 51.12389087677002, "latitude": 35.682197904134149, "tile_x": 10518, "tile_y": 6451, "zoom": 14 }, "geometry": { "type": "Point", "coordinates": [ 51.12389087677002, 35.682197904134149 ] } },
{ "type": "Feature", "properties": { "camera_id": 9692, "type": "report_map_camera_speed", "highway": 11, "zoom_level": 14, "longitude": 51.125360727310181, "latitude": 35.71979713680669, "tile_x": 10518, "tile_y": 6449, "zoom": 14 }, "geometry": { "type": "Point", "coordinates": [ 51.125360727310181, 35.71979713680669 ] } },
{ "type": "Feature", "properties": { "camera_id": 9693, "type": "report_map_camera_speed", "highway": 11, "zoom_level": 14, "longitude": 51.125457286834717, "latitude": 35.72015862369841, "tile_x": 10518, "tile_y": 6449, "zoom": 14 }, "geometry": { "type": "Point", "coordinates": [ 51.125457286834717, 35.72015862369841 ] } },
{ "type": "Feature", "properties": { "camera_id": 9723, "type": "report_map_camera_speed", "highway": 0, "zoom_level": 14, "longitude": 51.20303750038147, "latitude": 35.695678337688172, "tile_x": 10522, "tile_y": 6450, "zoom": 14 }, "geometry": { "type": "Point", "coordinates": [ 51.20303750038147, 35.695678337688172 ] } },
{ "type": "Feature", "properties": { "camera_id": 9730, "type": "report_map_camera_speed", "highway": 15, "zoom_level": 14, "longitude": 51.126889586448669, "latitude": 35.753404047320068, "tile_x": 10518, "tile_y": 6447, "zoom": 14 }, "geometry": { "type": "Point", "coordinates": [ 51.126889586448669, 35.753404047320068 ] } },
{ "type": "Feature", "properties": { "camera_id": 9784, "type": "report_map_camera_speed", "highway": 15, "zoom_level": 14, "longitude": 51.381855010986328, "latitude": 35.663563794648496, "tile_x": 10530, "tile_y": 6452, "zoom": 14 }, "geometry": { "type": "Point", "coordinates": [ 51.381855010986328, 35.663563794648496 ] } },
{ "type": "Feature", "properties": { "camera_id": 9838, "type": "report_map_camera_speed", "highway": 15, "zoom_level": 14, "longitude": 51.382128596305847, "latitude": 35.791652844159515, "tile_x": 10530, "tile_y": 6445, "zoom": 14 }, "geometry": { "type": "Point", "coordinates": [ 51.382128596305847, 35.791652844159515 ] } },
{ "type": "Feature", "properties": { "camera_id": 9858, "type": "report_map_camera_speed", "highway": 15, "zoom_level": 14, "longitude": 51.382268071174622, "latitude": 35.724640053897424, "tile_x": 10530, "tile_y": 6449, "zoom": 14 }, "geometry": { "type": "Point", "coordinates": [ 51.382268071174622, 35.724640053897424 ] } },
{ "type": "Feature", "properties": { "camera_id": 9874, "type": "report_map_camera_speed", "highway": 15, "zoom_level": 14, "longitude": 51.382327079772949, "latitude": 35.724544243644019, "tile_x": 10530, "tile_y": 6449, "zoom": 14 }, "geometry": { "type": "Point", "coordinates": [ 51.382327079772949, 35.724544243644019 ] } },
{ "type": "Feature", "properties": { "camera_id": 9954, "type": "report_map_camera_speed", "highway": 15, "zoom_level": 14, "longitude": 51.383088827133179, "latitude": 35.792114085124048, "tile_x": 10530, "tile_y": 6445, "zoom": 14 }, "geometry": { "type": "Point", "coordinates": [ 51.383088827133179, 35.792114085124048 ] } },
{ "type": "Feature", "properties": { "camera_id": 9971, "type": "report_map_camera_speed", "highway": 0, "zoom_level": 14, "longitude": 51.383142471313477, "latitude": 35.7372903501251, "tile_x": 10530, "tile_y": 6448, "zoom": 14 }, "geometry": { "type": "Point", "coordinates": [ 51.383142471313477, 35.7372903501251 ] } },
{ "type": "Feature", "properties": { "camera_id": 9998, "type": "report_map_camera_speed", "highway": 0, "zoom_level": 14, "longitude": 51.3833087682724, "latitude": 35.737346956228976, "tile_x": 10530, "tile_y": 6448, "zoom": 14 }, "geometry": { "type": "Point", "coordinates": [ 51.3833087682724, 35.737346956228976 ] } },
{ "type": "Feature", "properties": { "camera_id": 10020, "type": "report_map_camera_speed", "highway": 15, "zoom_level": 14, "longitude": 51.383405327796936, "latitude": 35.731729692877153, "tile_x": 10530, "tile_y": 6448, "zoom": 14 }, "geometry": { "type": "Point", "coordinates": [ 51.383405327796936, 35.731729692877153 ] } },
{ "type": "Feature", "properties": { "camera_id": 10027, "type": "report_map_camera_speed", "highway": 15, "zoom_level": 14, "longitude": 51.384349465370178, "latitude": 35.744204705647, "tile_x": 10530, "tile_y": 6448, "zoom": 14 }, "geometry": { "type": "Point", "coordinates": [ 51.384349465370178, 35.744204705647 ] } },
{ "type": "Feature", "properties": { "camera_id": 10028, "type": "report_map_camera_speed", "highway": 15, "zoom_level": 14, "longitude": 51.384537220001221, "latitude": 35.744043609737673, "tile_x": 10530, "tile_y": 6448, "zoom": 14 }, "geometry": { "type": "Point", "coordinates": [ 51.384537220001221, 35.744043609737673 ] } },
{ "type": "Feature", "properties": { "camera_id": 10072, "type": "report_map_camera_speed", "highway": 13, "zoom_level": 14, "longitude": 51.384585499763489, "latitude": 35.663249993168293, "tile_x": 10530, "tile_y": 6452, "zoom": 14 }, "geometry": { "type": "Point", "coordinates": [ 51.384585499763489, 35.663249993168293 ] } },
{ "type": "Feature", "properties": { "camera_id": 10120, "type": "report_map_camera_speed", "highway": 0, "zoom_level": 14, "longitude": 51.384644508361816, "latitude": 35.750143257037536, "tile_x": 10530, "tile_y": 6447, "zoom": 14 }, "geometry": { "type": "Point", "coordinates": [ 51.384644508361816, 35.750143257037536 ] } },
{ "type": "Feature", "properties": { "camera_id": 10162, "type": "report_map_camera_speed", "highway": 12, "zoom_level": 14, "longitude": 51.384682059288025, "latitude": 35.66332408529567, "tile_x": 10530, "tile_y": 6452, "zoom": 14 }, "geometry": { "type": "Point", "coordinates": [ 51.384682059288025, 35.66332408529567 ] } },
{ "type": "Feature", "properties": { "camera_id": 10203, "type": "report_map_camera_speed", "highway": 0, "zoom_level": 14, "longitude": 51.384928822517402, "latitude": 35.750343523041757, "tile_x": 10530, "tile_y": 6447, "zoom": 14 }, "geometry": { "type": "Point", "coordinates": [ 51.384928822517402, 35.750343523041757 ] } },
{ "type": "Feature", "properties": { "camera_id": 10285, "type": "report_map_camera_speed", "highway": 13, "zoom_level": 14, "longitude": 51.385384798049927, "latitude": 35.687936298633083, "tile_x": 10530, "tile_y": 6451, "zoom": 14 }, "geometry": { "type": "Point", "coordinates": [ 51.385384798049927, 35.687936298633083 ] } },
{ "type": "Feature", "properties": { "camera_id": 10300, "type": "report_map_camera_speed", "highway": 13, "zoom_level": 14, "longitude": 51.385422348976135, "latitude": 35.688053937938314, "tile_x": 10530, "tile_y": 6451, "zoom": 14 }, "geometry": { "type": "Point", "coordinates": [ 51.385422348976135, 35.688053937938314 ] } },
{ "type": "Feature", "properties": { "camera_id": 10358, "type": "report_map_camera_speed", "highway": 13, "zoom_level": 14, "longitude": 51.385872960090637, "latitude": 35.740834685462517, "tile_x": 10530, "tile_y": 6448, "zoom": 14 }, "geometry": { "type": "Point", "coordinates": [ 51.385872960090637, 35.740834685462517 ] } },
{ "type": "Feature", "properties": { "camera_id": 10371, "type": "report_map_camera_speed", "highway": 15, "zoom_level": 14, "longitude": 51.385931968688965, "latitude": 35.750056184704604, "tile_x": 10530, "tile_y": 6447, "zoom": 14 }, "geometry": { "type": "Point", "coordinates": [ 51.385931968688965, 35.750056184704604 ] } },
{ "type": "Feature", "properties": { "camera_id": 10414, "type": "report_map_camera_speed", "highway": 8, "zoom_level": 14, "longitude": 51.152236461639411, "latitude": 35.595945974761698, "tile_x": 10520, "tile_y": 6456, "zoom": 14 }, "geometry": { "type": "Point", "coordinates": [ 51.152236461639411, 35.595945974761698 ] } },
{ "type": "Feature", "properties": { "camera_id": 10427, "type": "report_map_camera_speed", "highway": 15, "zoom_level": 14, "longitude": 51.386141180992126, "latitude": 35.749825442561637, "tile_x": 10530, "tile_y": 6447, "zoom": 14 }, "geometry": { "type": "Point", "coordinates": [ 51.386141180992126, 35.749825442561637 ] } },
{ "type": "Feature", "properties": { "camera_id": 10428, "type": "report_map_camera_speed", "highway": 13, "zoom_level": 14, "longitude": 51.386168003082282, "latitude": 35.738487778359605, "tile_x": 10530, "tile_y": 6448, "zoom": 14 }, "geometry": { "type": "Point", "coordinates": [ 51.386168003082282, 35.738487778359605 ] } },
{ "type": "Feature", "properties": { "camera_id": 10546, "type": "report_map_camera_speed", "highway": 0, "zoom_level": 14, "longitude": 51.386473774909973, "latitude": 35.735182832696267, "tile_x": 10530, "tile_y": 6448, "zoom": 14 }, "geometry": { "type": "Point", "coordinates": [ 51.386473774909973, 35.735182832696267 ] } },
{ "type": "Feature", "properties": { "camera_id": 10549, "type": "report_map_camera_speed", "highway": 13, "zoom_level": 14, "longitude": 51.386473774909973, "latitude": 35.737381790734432, "tile_x": 10530, "tile_y": 6448, "zoom": 14 }, "geometry": { "type": "Point", "coordinates": [ 51.386473774909973, 35.737381790734432 ] } },
{ "type": "Feature", "properties": { "camera_id": 10572, "type": "report_map_camera_speed", "highway": 15, "zoom_level": 14, "longitude": 51.386570334434509, "latitude": 35.755854993979924, "tile_x": 10530, "tile_y": 6447, "zoom": 14 }, "geometry": { "type": "Point", "coordinates": [ 51.386570334434509, 35.755854993979924 ] } },
{ "type": "Feature", "properties": { "camera_id": 10602, "type": "report_map_camera_speed", "highway": 0, "zoom_level": 14, "longitude": 51.157520413398743, "latitude": 35.761235493081443, "tile_x": 10520, "tile_y": 6447, "zoom": 14 }, "geometry": { "type": "Point", "coordinates": [ 51.157520413398743, 35.761235493081443 ] } },
{ "type": "Feature", "properties": { "camera_id": 10660, "type": "report_map_camera_speed", "highway": 8, "zoom_level": 14, "longitude": 51.157606244087219, "latitude": 35.593599166430074, "tile_x": 10520, "tile_y": 6456, "zoom": 14 }, "geometry": { "type": "Point", "coordinates": [ 51.157606244087219, 35.593599166430074 ] } },
{ "type": "Feature", "properties": { "camera_id": 10684, "type": "report_map_camera_speed", "highway": 15, "zoom_level": 14, "longitude": 51.157686710357673, "latitude": 35.761622909798547, "tile_x": 10520, "tile_y": 6447, "zoom": 14 }, "geometry": { "type": "Point", "coordinates": [ 51.157686710357673, 35.761622909798547 ] } },
{ "type": "Feature", "properties": { "camera_id": 10858, "type": "report_map_camera_speed", "highway": 15, "zoom_level": 14, "longitude": 51.16357147693634, "latitude": 35.761148432885392, "tile_x": 10520, "tile_y": 6447, "zoom": 14 }, "geometry": { "type": "Point", "coordinates": [ 51.16357147693634, 35.761148432885392 ] } },
{ "type": "Feature", "properties": { "camera_id": 10962, "type": "report_map_camera_speed", "highway": 14, "zoom_level": 14, "longitude": 51.165357828140259, "latitude": 35.761692557547619, "tile_x": 10520, "tile_y": 6447, "zoom": 14 }, "geometry": { "type": "Point", "coordinates": [ 51.165357828140259, 35.761692557547619 ] } },
{ "type": "Feature", "properties": { "camera_id": 10999, "type": "report_map_camera_speed", "highway": 11, "zoom_level": 14, "longitude": 51.165368556976318, "latitude": 35.579796098561225, "tile_x": 10520, "tile_y": 6457, "zoom": 14 }, "geometry": { "type": "Point", "coordinates": [ 51.165368556976318, 35.579796098561225 ] } },
{ "type": "Feature", "properties": { "camera_id": 11162, "type": "report_map_camera_speed", "highway": 17, "zoom_level": 14, "longitude": 51.172218918800354, "latitude": 35.73452531067791, "tile_x": 10520, "tile_y": 6448, "zoom": 14 }, "geometry": { "type": "Point", "coordinates": [ 51.172218918800354, 35.73452531067791 ] } },
{ "type": "Feature", "properties": { "camera_id": 11163, "type": "report_map_camera_speed", "highway": 0, "zoom_level": 14, "longitude": 51.172846555709839, "latitude": 35.749882039752968, "tile_x": 10520, "tile_y": 6447, "zoom": 14 }, "geometry": { "type": "Point", "coordinates": [ 51.172846555709839, 35.749882039752968 ] } },
{ "type": "Feature", "properties": { "camera_id": 11174, "type": "report_map_camera_speed", "highway": 15, "zoom_level": 14, "longitude": 51.172980666160583, "latitude": 35.750012648502413, "tile_x": 10520, "tile_y": 6447, "zoom": 14 }, "geometry": { "type": "Point", "coordinates": [ 51.172980666160583, 35.750012648502413 ] } },
{ "type": "Feature", "properties": { "camera_id": 11495, "type": "report_map_camera_speed", "highway": 8, "zoom_level": 14, "longitude": 51.181724667549133, "latitude": 35.701729413849371, "tile_x": 10521, "tile_y": 6450, "zoom": 14 }, "geometry": { "type": "Point", "coordinates": [ 51.181724667549133, 35.701729413849371 ] } },
{ "type": "Feature", "properties": { "camera_id": 11777, "type": "report_map_camera_speed", "highway": 12, "zoom_level": 14, "longitude": 51.188478469848633, "latitude": 35.719675189051578, "tile_x": 10521, "tile_y": 6449, "zoom": 14 }, "geometry": { "type": "Point", "coordinates": [ 51.188478469848633, 35.719675189051578 ] } },
{ "type": "Feature", "properties": { "camera_id": 12096, "type": "report_map_camera_speed", "highway": 15, "zoom_level": 14, "longitude": 51.195715069770813, "latitude": 35.744487711184782, "tile_x": 10521, "tile_y": 6448, "zoom": 14 }, "geometry": { "type": "Point", "coordinates": [ 51.195715069770813, 35.744487711184782 ] } },
{ "type": "Feature", "properties": { "camera_id": 12170, "type": "report_map_camera_speed", "highway": 0, "zoom_level": 14, "longitude": 51.088550090789802, "latitude": 35.611268330889864, "tile_x": 10517, "tile_y": 6455, "zoom": 14 }, "geometry": { "type": "Point", "coordinates": [ 51.088550090789802, 35.611268330889864 ] } },
{ "type": "Feature", "properties": { "camera_id": 12330, "type": "report_map_camera_speed", "highway": 8, "zoom_level": 14, "longitude": 51.092809438705437, "latitude": 35.632365024759117, "tile_x": 10517, "tile_y": 6454, "zoom": 14 }, "geometry": { "type": "Point", "coordinates": [ 51.092809438705437, 35.632365024759117 ] } },
{ "type": "Feature", "properties": { "camera_id": 12336, "type": "report_map_camera_speed", "highway": 13, "zoom_level": 14, "longitude": 51.200972199440002, "latitude": 35.675923105215887, "tile_x": 10522, "tile_y": 6451, "zoom": 14 }, "geometry": { "type": "Point", "coordinates": [ 51.200972199440002, 35.675923105215887 ] } },
{ "type": "Feature", "properties": { "camera_id": 12359, "type": "report_map_camera_speed", "highway": 8, "zoom_level": 14, "longitude": 51.092846989631653, "latitude": 35.632474025877762, "tile_x": 10517, "tile_y": 6454, "zoom": 14 }, "geometry": { "type": "Point", "coordinates": [ 51.092846989631653, 35.632474025877762 ] } },
{ "type": "Feature", "properties": { "camera_id": 12360, "type": "report_map_camera_speed", "highway": 13, "zoom_level": 14, "longitude": 51.20104193687439, "latitude": 35.675835951756852, "tile_x": 10522, "tile_y": 6451, "zoom": 14 }, "geometry": { "type": "Point", "coordinates": [ 51.20104193687439, 35.675835951756852 ] } },
{ "type": "Feature", "properties": { "camera_id": 12739, "type": "report_map_camera_speed", "highway": 8, "zoom_level": 14, "longitude": 51.103093028068542, "latitude": 35.624791263110403, "tile_x": 10517, "tile_y": 6454, "zoom": 14 }, "geometry": { "type": "Point", "coordinates": [ 51.103093028068542, 35.624791263110403 ] } },
{ "type": "Feature", "properties": { "camera_id": 12834, "type": "report_map_camera_speed", "highway": 8, "zoom_level": 14, "longitude": 51.104139089584351, "latitude": 35.624128470322702, "tile_x": 10517, "tile_y": 6454, "zoom": 14 }, "geometry": { "type": "Point", "coordinates": [ 51.104139089584351, 35.624128470322702 ] } },
{ "type": "Feature", "properties": { "camera_id": 13331, "type": "report_map_camera_speed", "highway": 8, "zoom_level": 14, "longitude": 51.119475960731513, "latitude": 35.611098243981267, "tile_x": 10518, "tile_y": 6455, "zoom": 14 }, "geometry": { "type": "Point", "coordinates": [ 51.119475960731513, 35.611098243981267 ] } },
{ "type": "Feature", "properties": { "camera_id": 13733, "type": "report_map_camera_speed", "highway": 8, "zoom_level": 14, "longitude": 51.130891442298889, "latitude": 35.608097677005055, "tile_x": 10519, "tile_y": 6455, "zoom": 14 }, "geometry": { "type": "Point", "coordinates": [ 51.130891442298889, 35.608097677005055 ] } },
{ "type": "Feature", "properties": { "camera_id": 13794, "type": "report_map_camera_speed", "highway": 8, "zoom_level": 14, "longitude": 51.131320595741272, "latitude": 35.608389888328233, "tile_x": 10519, "tile_y": 6455, "zoom": 14 }, "geometry": { "type": "Point", "coordinates": [ 51.131320595741272, 35.608389888328233 ] } },
{ "type": "Feature", "properties": { "camera_id": 14013, "type": "report_map_camera_speed", "highway": 8, "zoom_level": 14, "longitude": 51.138187050819397, "latitude": 35.610740624173381, "tile_x": 10519, "tile_y": 6455, "zoom": 14 }, "geometry": { "type": "Point", "coordinates": [ 51.138187050819397, 35.610740624173381 ] } },
{ "type": "Feature", "properties": { "camera_id": 14028, "type": "report_map_camera_speed", "highway": 8, "zoom_level": 14, "longitude": 51.138246059417725, "latitude": 35.610670844512263, "tile_x": 10519, "tile_y": 6455, "zoom": 14 }, "geometry": { "type": "Point", "coordinates": [ 51.138246059417725, 35.610670844512263 ] } },
{ "type": "Feature", "properties": { "camera_id": 14770, "type": "report_map_camera_speed", "highway": 13, "zoom_level": 14, "longitude": 51.603727340698242, "latitude": 35.814802964203707, "tile_x": 10540, "tile_y": 6444, "zoom": 14 }, "geometry": { "type": "Point", "coordinates": [ 51.603727340698242, 35.814802964203707 ] } },
{ "type": "Feature", "properties": { "camera_id": 14798, "type": "report_map_camera_speed", "highway": 13, "zoom_level": 14, "longitude": 51.603813171386719, "latitude": 35.814990017187064, "tile_x": 10540, "tile_y": 6444, "zoom": 14 }, "geometry": { "type": "Point", "coordinates": [ 51.603813171386719, 35.814990017187064 ] } },
{ "type": "Feature", "properties": { "camera_id": 14920, "type": "report_map_camera_speed", "highway": 13, "zoom_level": 14, "longitude": 51.607010364532471, "latitude": 35.816595174671988, "tile_x": 10540, "tile_y": 6444, "zoom": 14 }, "geometry": { "type": "Point", "coordinates": [ 51.607010364532471, 35.816595174671988 ] } }
]
}
