{
"type": "FeatureCollection",
"name": "Mashhad_traffic_signals_osm",
"crs": { "type": "name", "properties": { "name": "urn:ogc:def:crs:OGC:1.3:CRS84" } },
"features": [
{ "type": "Feature", "properties": { "element": "node", "id": 260198918, "highway": "traffic_signals", "junction": null, "traffic_signals": null, "crossing": null, "traffic_signals:direction": null, "surface": null, "crossing:markings": null, "mapillary": null, "source": null, "survey:date": null, "traffic_calming": null }, "geometry": { "type": "Point", "coordinates": [ 59.5440437, 36.2873212 ] } },
{ "type": "Feature", "properties": { "element": "node", "id": 260241641, "highway": "traffic_signals", "junction": null, "traffic_signals": null, "crossing": null, "traffic_signals:direction": null, "surface": null, "crossing:markings": null, "mapillary": null, "source": null, "survey:date": null, "traffic_calming": null }, "geometry": { "type": "Point", "coordinates": [ 59.5996634, 36.2559092 ] } },
{ "type": "Feature", "properties": { "element": "node", "id": 260272741, "highway": "traffic_signals", "junction": null, "traffic_signals": null, "crossing": null, "traffic_signals:direction": null, "surface": null, "crossing:markings": null, "mapillary": null, "source": null, "survey:date": null, "traffic_calming": null }, "geometry": { "type": "Point", "coordinates": [ 59.5598325, 36.2928071 ] } },
{ "type": "Feature", "properties": { "element": "node", "id": 260272750, "highway": "traffic_signals", "junction": "circular", "traffic_signals": null, "crossing": null, "traffic_signals:direction": null, "surface": null, "crossing:markings": null, "mapillary": null, "source": null, "survey:date": null, "traffic_calming": null }, "geometry": { "type": "Point", "coordinates": [ 59.5633112, 36.2998807 ] } },
{ "type": "Feature", "properties": { "element": "node", "id": 260300201, "highway": "traffic_signals", "junction": "circular", "traffic_signals": null, "crossing": null, "traffic_signals:direction": null, "surface": null, "crossing:markings": null, "mapillary": null, "source": null, "survey:date": null, "traffic_calming": null }, "geometry": { "type": "Point", "coordinates": [ 59.5636462, 36.3002668 ] } },
{ "type": "Feature", "properties": { "element": "node", "id": 260300205, "highway": "traffic_signals", "junction": "circular", "traffic_signals": null, "crossing": null, "traffic_signals:direction": null, "surface": null, "crossing:markings": null, "mapillary": null, "source": null, "survey:date": null, "traffic_calming": null }, "geometry": { "type": "Point", "coordinates": [ 59.5631839, 36.3004604 ] } },
{ "type": "Feature", "properties": { "element": "node", "id": 260300206, "highway": "traffic_signals", "junction": "circular", "traffic_signals": null, "crossing": null, "traffic_signals:direction": null, "surface": null, "crossing:markings": null, "mapillary": null, "source": null, "survey:date": null, "traffic_calming": null }, "geometry": { "type": "Point", "coordinates": [ 59.5629269, 36.3001642 ] } },
{ "type": "Feature", "properties": { "element": "node", "id": 260589589, "highway": "traffic_signals", "junction": null, "traffic_signals": null, "crossing": null, "traffic_signals:direction": null, "surface": null, "crossing:markings": null, "mapillary": null, "source": null, "survey:date": null, "traffic_calming": null }, "geometry": { "type": "Point", "coordinates": [ 59.5346996, 36.3261277 ] } },
{ "type": "Feature", "properties": { "element": "node", "id": 260630237, "highway": "traffic_signals", "junction": null, "traffic_signals": null, "crossing": null, "traffic_signals:direction": null, "surface": null, "crossing:markings": null, "mapillary": null, "source": null, "survey:date": null, "traffic_calming": null }, "geometry": { "type": "Point", "coordinates": [ 59.5512569, 36.3392473 ] } },
{ "type": "Feature", "properties": { "element": "node", "id": 260631429, "highway": "traffic_signals", "junction": "circular", "traffic_signals": null, "crossing": null, "traffic_signals:direction": null, "surface": null, "crossing:markings": null, "mapillary": null, "source": null, "survey:date": null, "traffic_calming": null }, "geometry": { "type": "Point", "coordinates": [ 59.5440227, 36.3256241 ] } },
{ "type": "Feature", "properties": { "element": "node", "id": 260631434, "highway": "traffic_signals", "junction": "circular", "traffic_signals": null, "crossing": null, "traffic_signals:direction": null, "surface": null, "crossing:markings": null, "mapillary": null, "source": null, "survey:date": null, "traffic_calming": null }, "geometry": { "type": "Point", "coordinates": [ 59.5444161, 36.3264375 ] } },
{ "type": "Feature", "properties": { "element": "node", "id": 260631446, "highway": "traffic_signals", "junction": "circular", "traffic_signals": null, "crossing": null, "traffic_signals:direction": null, "surface": null, "crossing:markings": null, "mapillary": null, "source": null, "survey:date": null, "traffic_calming": null }, "geometry": { "type": "Point", "coordinates": [ 59.5425878, 36.3260969 ] } },
{ "type": "Feature", "properties": { "element": "node", "id": 260631670, "highway": "traffic_signals", "junction": null, "traffic_signals": null, "crossing": null, "traffic_signals:direction": null, "surface": null, "crossing:markings": null, "mapillary": null, "source": null, "survey:date": null, "traffic_calming": null }, "geometry": { "type": "Point", "coordinates": [ 59.5477995, 36.3254286 ] } },
{ "type": "Feature", "properties": { "element": "node", "id": 260690025, "highway": "traffic_signals", "junction": "circular", "traffic_signals": null, "crossing": null, "traffic_signals:direction": null, "surface": null, "crossing:markings": null, "mapillary": null, "source": null, "survey:date": null, "traffic_calming": null }, "geometry": { "type": "Point", "coordinates": [ 59.5035136, 36.3315011 ] } },
{ "type": "Feature", "properties": { "element": "node", "id": 260723199, "highway": "traffic_signals", "junction": "circular", "traffic_signals": null, "crossing": null, "traffic_signals:direction": null, "surface": null, "crossing:markings": null, "mapillary": null, "source": null, "survey:date": null, "traffic_calming": null }, "geometry": { "type": "Point", "coordinates": [ 59.5627464, 36.3242772 ] } },
{ "type": "Feature", "properties": { "element": "node", "id": 260725638, "highway": "traffic_signals", "junction": null, "traffic_signals": null, "crossing": null, "traffic_signals:direction": null, "surface": null, "crossing:markings": null, "mapillary": null, "source": null, "survey:date": null, "traffic_calming": null }, "geometry": { "type": "Point", "coordinates": [ 59.5704899, 36.3241579 ] } },
{ "type": "Feature", "properties": { "element": "node", "id": 260726422, "highway": "traffic_signals", "junction": null, "traffic_signals": null, "crossing": null, "traffic_signals:direction": null, "surface": null, "crossing:markings": null, "mapillary": null, "source": null, "survey:date": null, "traffic_calming": null }, "geometry": { "type": "Point", "coordinates": [ 59.5982511, 36.2550618 ] } },
{ "type": "Feature", "properties": { "element": "node", "id": 260726476, "highway": "traffic_signals", "junction": "circular", "traffic_signals": null, "crossing": null, "traffic_signals:direction": null, "surface": null, "crossing:markings": null, "mapillary": null, "source": null, "survey:date": null, "traffic_calming": null }, "geometry": { "type": "Point", "coordinates": [ 59.599457, 36.2559863 ] } },
{ "type": "Feature", "properties": { "element": "node", "id": 260726484, "highway": "traffic_signals", "junction": "circular", "traffic_signals": null, "crossing": null, "traffic_signals:direction": null, "surface": null, "crossing:markings": null, "mapillary": null, "source": null, "survey:date": null, "traffic_calming": null }, "geometry": { "type": "Point", "coordinates": [ 59.5980333, 36.2557763 ] } },
{ "type": "Feature", "properties": { "element": "node", "id": 260745682, "highway": "traffic_signals", "junction": "circular", "traffic_signals": null, "crossing": null, "traffic_signals:direction": null, "surface": null, "crossing:markings": null, "mapillary": null, "source": null, "survey:date": null, "traffic_calming": null }, "geometry": { "type": "Point", "coordinates": [ 59.5037273, 36.3317697 ] } },
{ "type": "Feature", "properties": { "element": "node", "id": 260746914, "highway": "traffic_signals", "junction": "circular", "traffic_signals": null, "crossing": null, "traffic_signals:direction": null, "surface": null, "crossing:markings": null, "mapillary": null, "source": null, "survey:date": null, "traffic_calming": null }, "geometry": { "type": "Point", "coordinates": [ 59.5034195, 36.3318712 ] } },
{ "type": "Feature", "properties": { "element": "node", "id": 260747092, "highway": "traffic_signals", "junction": null, "traffic_signals": null, "crossing": null, "traffic_signals:direction": null, "surface": null, "crossing:markings": null, "mapillary": null, "source": null, "survey:date": null, "traffic_calming": null }, "geometry": { "type": "Point", "coordinates": [ 59.5344375, 36.3263198 ] } },
{ "type": "Feature", "properties": { "element": "node", "id": 260763106, "highway": "traffic_signals", "junction": null, "traffic_signals": null, "crossing": null, "traffic_signals:direction": null, "surface": null, "crossing:markings": null, "mapillary": null, "source": null, "survey:date": null, "traffic_calming": null }, "geometry": { "type": "Point", "coordinates": [ 59.6010926, 36.2534893 ] } },
{ "type": "Feature", "properties": { "element": "node", "id": 262493640, "highway": "traffic_signals", "junction": null, "traffic_signals": "چراغ_راهنمایی", "crossing": null, "traffic_signals:direction": null, "surface": null, "crossing:markings": null, "mapillary": null, "source": null, "survey:date": null, "traffic_calming": null }, "geometry": { "type": "Point", "coordinates": [ 59.6459571, 36.2935809 ] } },
{ "type": "Feature", "properties": { "element": "node", "id": 263262031, "highway": "traffic_signals", "junction": null, "traffic_signals": null, "crossing": null, "traffic_signals:direction": null, "surface": null, "crossing:markings": null, "mapillary": null, "source": null, "survey:date": null, "traffic_calming": null }, "geometry": { "type": "Point", "coordinates": [ 59.6180473, 36.2996195 ] } },
{ "type": "Feature", "properties": { "element": "node", "id": 263262443, "highway": "traffic_signals", "junction": null, "traffic_signals": null, "crossing": null, "traffic_signals:direction": null, "surface": null, "crossing:markings": null, "mapillary": null, "source": null, "survey:date": null, "traffic_calming": null }, "geometry": { "type": "Point", "coordinates": [ 59.6176557, 36.299801 ] } },
{ "type": "Feature", "properties": { "element": "node", "id": 263268981, "highway": "traffic_signals", "junction": null, "traffic_signals": null, "crossing": null, "traffic_signals:direction": null, "surface": null, "crossing:markings": null, "mapillary": null, "source": null, "survey:date": null, "traffic_calming": null }, "geometry": { "type": "Point", "coordinates": [ 59.5348501, 36.3263103 ] } },
{ "type": "Feature", "properties": { "element": "node", "id": 264158003, "highway": "traffic_signals", "junction": null, "traffic_signals": null, "crossing": null, "traffic_signals:direction": null, "surface": null, "crossing:markings": null, "mapillary": null, "source": null, "survey:date": null, "traffic_calming": null }, "geometry": { "type": "Point", "coordinates": [ 59.5247727, 36.2987705 ] } },
{ "type": "Feature", "properties": { "element": "node", "id": 264158079, "highway": "traffic_signals", "junction": null, "traffic_signals": null, "crossing": null, "traffic_signals:direction": null, "surface": null, "crossing:markings": null, "mapillary": null, "source": null, "survey:date": null, "traffic_calming": null }, "geometry": { "type": "Point", "coordinates": [ 59.5131169, 36.3045948 ] } },
{ "type": "Feature", "properties": { "element": "node", "id": 264158390, "highway": "traffic_signals", "junction": "circular", "traffic_signals": "signal", "crossing": null, "traffic_signals:direction": null, "surface": null, "crossing:markings": null, "mapillary": null, "source": null, "survey:date": null, "traffic_calming": null }, "geometry": { "type": "Point", "coordinates": [ 59.5047526, 36.3108087 ] } },
{ "type": "Feature", "properties": { "element": "node", "id": 264158405, "highway": "traffic_signals", "junction": "circular", "traffic_signals": "signal", "crossing": null, "traffic_signals:direction": null, "surface": null, "crossing:markings": null, "mapillary": null, "source": null, "survey:date": null, "traffic_calming": null }, "geometry": { "type": "Point", "coordinates": [ 59.5041579, 36.3109161 ] } },
{ "type": "Feature", "properties": { "element": "node", "id": 264158411, "highway": "traffic_signals", "junction": "circular", "traffic_signals": "signal", "crossing": null, "traffic_signals:direction": null, "surface": null, "crossing:markings": null, "mapillary": null, "source": null, "survey:date": null, "traffic_calming": null }, "geometry": { "type": "Point", "coordinates": [ 59.5043973, 36.3106026 ] } },
{ "type": "Feature", "properties": { "element": "node", "id": 264158835, "highway": "traffic_signals", "junction": "circular", "traffic_signals": "signal", "crossing": null, "traffic_signals:direction": null, "surface": null, "crossing:markings": null, "mapillary": null, "source": null, "survey:date": null, "traffic_calming": null }, "geometry": { "type": "Point", "coordinates": [ 59.5001467, 36.3142241 ] } },
{ "type": "Feature", "properties": { "element": "node", "id": 264158865, "highway": "traffic_signals", "junction": "circular", "traffic_signals": "signal", "crossing": null, "traffic_signals:direction": null, "surface": null, "crossing:markings": null, "mapillary": null, "source": null, "survey:date": null, "traffic_calming": null }, "geometry": { "type": "Point", "coordinates": [ 59.5003279, 36.3140093 ] } },
{ "type": "Feature", "properties": { "element": "node", "id": 264158870, "highway": "traffic_signals", "junction": "circular", "traffic_signals": "signal", "crossing": null, "traffic_signals:direction": null, "surface": null, "crossing:markings": null, "mapillary": null, "source": null, "survey:date": null, "traffic_calming": null }, "geometry": { "type": "Point", "coordinates": [ 59.499879, 36.3140733 ] } },
{ "type": "Feature", "properties": { "element": "node", "id": 264158873, "highway": "traffic_signals", "junction": "circular", "traffic_signals": "signal", "crossing": null, "traffic_signals:direction": null, "surface": null, "crossing:markings": null, "mapillary": null, "source": null, "survey:date": null, "traffic_calming": null }, "geometry": { "type": "Point", "coordinates": [ 59.5000645, 36.3138627 ] } },
{ "type": "Feature", "properties": { "element": "node", "id": 264160161, "highway": "traffic_signals", "junction": null, "traffic_signals": null, "crossing": null, "traffic_signals:direction": null, "surface": null, "crossing:markings": null, "mapillary": null, "source": null, "survey:date": null, "traffic_calming": null }, "geometry": { "type": "Point", "coordinates": [ 59.5436098, 36.2874395 ] } },
{ "type": "Feature", "properties": { "element": "node", "id": 264468241, "highway": "traffic_signals", "junction": null, "traffic_signals": null, "crossing": "traffic_signals", "traffic_signals:direction": null, "surface": null, "crossing:markings": null, "mapillary": null, "source": null, "survey:date": null, "traffic_calming": null }, "geometry": { "type": "Point", "coordinates": [ 59.5781129, 36.3315068 ] } },
{ "type": "Feature", "properties": { "element": "node", "id": 264468428, "highway": "traffic_signals", "junction": null, "traffic_signals": null, "crossing": "traffic_signals", "traffic_signals:direction": null, "surface": null, "crossing:markings": null, "mapillary": null, "source": null, "survey:date": null, "traffic_calming": null }, "geometry": { "type": "Point", "coordinates": [ 59.5777483, 36.3317504 ] } },
{ "type": "Feature", "properties": { "element": "node", "id": 264471974, "highway": "traffic_signals", "junction": null, "traffic_signals": null, "crossing": null, "traffic_signals:direction": null, "surface": null, "crossing:markings": null, "mapillary": null, "source": null, "survey:date": null, "traffic_calming": null }, "geometry": { "type": "Point", "coordinates": [ 59.5654505, 36.3194745 ] } },
{ "type": "Feature", "properties": { "element": "node", "id": 264494532, "highway": "traffic_signals", "junction": null, "traffic_signals": null, "crossing": null, "traffic_signals:direction": null, "surface": null, "crossing:markings": null, "mapillary": null, "source": null, "survey:date": null, "traffic_calming": null }, "geometry": { "type": "Point", "coordinates": [ 59.5126581, 36.3044596 ] } },
{ "type": "Feature", "properties": { "element": "node", "id": 264494645, "highway": "traffic_signals", "junction": null, "traffic_signals": null, "crossing": null, "traffic_signals:direction": null, "surface": null, "crossing:markings": null, "mapillary": null, "source": null, "survey:date": null, "traffic_calming": null }, "geometry": { "type": "Point", "coordinates": [ 59.5246359, 36.2986477 ] } },
{ "type": "Feature", "properties": { "element": "node", "id": 264496973, "highway": "traffic_signals", "junction": null, "traffic_signals": null, "crossing": null, "traffic_signals:direction": null, "surface": null, "crossing:markings": null, "mapillary": null, "source": null, "survey:date": null, "traffic_calming": null }, "geometry": { "type": "Point", "coordinates": [ 59.5975948, 36.2496153 ] } },
{ "type": "Feature", "properties": { "element": "node", "id": 264496977, "highway": "traffic_signals", "junction": null, "traffic_signals": null, "crossing": null, "traffic_signals:direction": null, "surface": null, "crossing:markings": null, "mapillary": null, "source": null, "survey:date": null, "traffic_calming": null }, "geometry": { "type": "Point", "coordinates": [ 59.6022054, 36.2469611 ] } },
{ "type": "Feature", "properties": { "element": "node", "id": 264631841, "highway": "traffic_signals", "junction": null, "traffic_signals": null, "crossing": null, "traffic_signals:direction": null, "surface": null, "crossing:markings": null, "mapillary": null, "source": null, "survey:date": null, "traffic_calming": null }, "geometry": { "type": "Point", "coordinates": [ 59.5857661, 36.29849 ] } },
{ "type": "Feature", "properties": { "element": "node", "id": 264661028, "highway": "traffic_signals", "junction": null, "traffic_signals": null, "crossing": null, "traffic_signals:direction": null, "surface": null, "crossing:markings": null, "mapillary": null, "source": null, "survey:date": null, "traffic_calming": null }, "geometry": { "type": "Point", "coordinates": [ 59.5812523, 36.3348719 ] } },
{ "type": "Feature", "properties": { "element": "node", "id": 264661032, "highway": "traffic_signals", "junction": null, "traffic_signals": null, "crossing": "traffic_signals", "traffic_signals:direction": null, "surface": null, "crossing:markings": null, "mapillary": null, "source": null, "survey:date": null, "traffic_calming": null }, "geometry": { "type": "Point", "coordinates": [ 59.5780203, 36.3318554 ] } },
{ "type": "Feature", "properties": { "element": "node", "id": 264883155, "highway": "traffic_signals", "junction": null, "traffic_signals": null, "crossing": null, "traffic_signals:direction": null, "surface": null, "crossing:markings": null, "mapillary": null, "source": null, "survey:date": null, "traffic_calming": null }, "geometry": { "type": "Point", "coordinates": [ 59.6487336, 36.3016986 ] } },
{ "type": "Feature", "properties": { "element": "node", "id": 264905716, "highway": "traffic_signals", "junction": null, "traffic_signals": null, "crossing": null, "traffic_signals:direction": null, "surface": null, "crossing:markings": null, "mapillary": null, "source": null, "survey:date": null, "traffic_calming": null }, "geometry": { "type": "Point", "coordinates": [ 59.6019517, 36.2414452 ] } },
{ "type": "Feature", "properties": { "element": "node", "id": 264905918, "highway": "traffic_signals", "junction": null, "traffic_signals": null, "crossing": null, "traffic_signals:direction": null, "surface": null, "crossing:markings": null, "mapillary": null, "source": null, "survey:date": null, "traffic_calming": null }, "geometry": { "type": "Point", "coordinates": [ 59.6022658, 36.247039 ] } },
{ "type": "Feature", "properties": { "element": "node", "id": 264905920, "highway": "traffic_signals", "junction": null, "traffic_signals": null, "crossing": null, "traffic_signals:direction": null, "surface": null, "crossing:markings": null, "mapillary": null, "source": null, "survey:date": null, "traffic_calming": null }, "geometry": { "type": "Point", "coordinates": [ 59.5976627, 36.2496877 ] } },
{ "type": "Feature", "properties": { "element": "node", "id": 265166521, "highway": "traffic_signals", "junction": null, "traffic_signals": null, "crossing": null, "traffic_signals:direction": null, "surface": null, "crossing:markings": null, "mapillary": null, "source": null, "survey:date": null, "traffic_calming": null }, "geometry": { "type": "Point", "coordinates": [ 59.5676984, 36.2923586 ] } },
{ "type": "Feature", "properties": { "element": "node", "id": 265781366, "highway": "traffic_signals", "junction": null, "traffic_signals": null, "crossing": null, "traffic_signals:direction": null, "surface": null, "crossing:markings": null, "mapillary": null, "source": null, "survey:date": null, "traffic_calming": null }, "geometry": { "type": "Point", "coordinates": [ 59.5839929, 36.3144346 ] } },
{ "type": "Feature", "properties": { "element": "node", "id": 265781996, "highway": "traffic_signals", "junction": "circular", "traffic_signals": null, "crossing": null, "traffic_signals:direction": null, "surface": null, "crossing:markings": null, "mapillary": null, "source": null, "survey:date": null, "traffic_calming": null }, "geometry": { "type": "Point", "coordinates": [ 59.5894826, 36.3198568 ] } },
{ "type": "Feature", "properties": { "element": "node", "id": 265782021, "highway": "traffic_signals", "junction": null, "traffic_signals": null, "crossing": null, "traffic_signals:direction": null, "surface": null, "crossing:markings": null, "mapillary": null, "source": null, "survey:date": null, "traffic_calming": null }, "geometry": { "type": "Point", "coordinates": [ 59.5898421, 36.3199976 ] } },
{ "type": "Feature", "properties": { "element": "node", "id": 265782024, "highway": "traffic_signals", "junction": "circular", "traffic_signals": null, "crossing": null, "traffic_signals:direction": null, "surface": null, "crossing:markings": null, "mapillary": null, "source": null, "survey:date": null, "traffic_calming": null }, "geometry": { "type": "Point", "coordinates": [ 59.589654, 36.3202613 ] } },
{ "type": "Feature", "properties": { "element": "node", "id": 265782026, "highway": "traffic_signals", "junction": "circular", "traffic_signals": null, "crossing": null, "traffic_signals:direction": null, "surface": null, "crossing:markings": null, "mapillary": null, "source": null, "survey:date": null, "traffic_calming": null }, "geometry": { "type": "Point", "coordinates": [ 59.5893494, 36.3201524 ] } },
{ "type": "Feature", "properties": { "element": "node", "id": 265782412, "highway": "traffic_signals", "junction": null, "traffic_signals": null, "crossing": null, "traffic_signals:direction": null, "surface": null, "crossing:markings": null, "mapillary": null, "source": null, "survey:date": null, "traffic_calming": null }, "geometry": { "type": "Point", "coordinates": [ 59.5758938, 36.3164312 ] } },
{ "type": "Feature", "properties": { "element": "node", "id": 265784513, "highway": "traffic_signals", "junction": null, "traffic_signals": "signal", "crossing": "traffic_signals", "traffic_signals:direction": null, "surface": null, "crossing:markings": null, "mapillary": null, "source": null, "survey:date": null, "traffic_calming": null }, "geometry": { "type": "Point", "coordinates": [ 59.5858847, 36.3242463 ] } },
{ "type": "Feature", "properties": { "element": "node", "id": 265808468, "highway": "traffic_signals", "junction": null, "traffic_signals": null, "crossing": null, "traffic_signals:direction": null, "surface": null, "crossing:markings": null, "mapillary": null, "source": null, "survey:date": null, "traffic_calming": null }, "geometry": { "type": "Point", "coordinates": [ 59.5662192, 36.3057565 ] } },
{ "type": "Feature", "properties": { "element": "node", "id": 265808705, "highway": "traffic_signals", "junction": null, "traffic_signals": null, "crossing": null, "traffic_signals:direction": null, "surface": null, "crossing:markings": null, "mapillary": null, "source": null, "survey:date": null, "traffic_calming": null }, "geometry": { "type": "Point", "coordinates": [ 59.5684442, 36.3093668 ] } },
{ "type": "Feature", "properties": { "element": "node", "id": 265809328, "highway": "traffic_signals", "junction": null, "traffic_signals": null, "crossing": null, "traffic_signals:direction": null, "surface": null, "crossing:markings": null, "mapillary": null, "source": null, "survey:date": null, "traffic_calming": null }, "geometry": { "type": "Point", "coordinates": [ 59.5544311, 36.3180179 ] } },
{ "type": "Feature", "properties": { "element": "node", "id": 265809329, "highway": "traffic_signals", "junction": null, "traffic_signals": null, "crossing": null, "traffic_signals:direction": null, "surface": null, "crossing:markings": null, "mapillary": null, "source": null, "survey:date": null, "traffic_calming": null }, "geometry": { "type": "Point", "coordinates": [ 59.5515493, 36.3181851 ] } },
{ "type": "Feature", "properties": { "element": "node", "id": 265809332, "highway": "traffic_signals", "junction": null, "traffic_signals": null, "crossing": null, "traffic_signals:direction": null, "surface": null, "crossing:markings": null, "mapillary": null, "source": null, "survey:date": null, "traffic_calming": null }, "geometry": { "type": "Point", "coordinates": [ 59.5463169, 36.3185236 ] } },
{ "type": "Feature", "properties": { "element": "node", "id": 265809592, "highway": "traffic_signals", "junction": null, "traffic_signals": null, "crossing": null, "traffic_signals:direction": null, "surface": null, "crossing:markings": null, "mapillary": null, "source": null, "survey:date": null, "traffic_calming": null }, "geometry": { "type": "Point", "coordinates": [ 59.545801, 36.3184424 ] } },
{ "type": "Feature", "properties": { "element": "node", "id": 265809595, "highway": "traffic_signals", "junction": null, "traffic_signals": null, "crossing": null, "traffic_signals:direction": null, "surface": null, "crossing:markings": null, "mapillary": null, "source": null, "survey:date": null, "traffic_calming": null }, "geometry": { "type": "Point", "coordinates": [ 59.5515407, 36.3180559 ] } },
{ "type": "Feature", "properties": { "element": "node", "id": 265809597, "highway": "traffic_signals", "junction": null, "traffic_signals": null, "crossing": null, "traffic_signals:direction": null, "surface": null, "crossing:markings": null, "mapillary": null, "source": null, "survey:date": null, "traffic_calming": null }, "geometry": { "type": "Point", "coordinates": [ 59.5544194, 36.3178991 ] } },
{ "type": "Feature", "properties": { "element": "node", "id": 265809837, "highway": "traffic_signals", "junction": null, "traffic_signals": "signal", "crossing": null, "traffic_signals:direction": "both", "surface": null, "crossing:markings": null, "mapillary": null, "source": null, "survey:date": null, "traffic_calming": null }, "geometry": { "type": "Point", "coordinates": [ 59.5507586, 36.3129304 ] } },
{ "type": "Feature", "properties": { "element": "node", "id": 266039401, "highway": "traffic_signals", "junction": null, "traffic_signals": null, "crossing": null, "traffic_signals:direction": null, "surface": null, "crossing:markings": null, "mapillary": null, "source": null, "survey:date": null, "traffic_calming": null }, "geometry": { "type": "Point", "coordinates": [ 59.6370464, 36.2803948 ] } },
{ "type": "Feature", "properties": { "element": "node", "id": 266113930, "highway": "traffic_signals", "junction": null, "traffic_signals": null, "crossing": null, "traffic_signals:direction": null, "surface": null, "crossing:markings": null, "mapillary": null, "source": null, "survey:date": null, "traffic_calming": null }, "geometry": { "type": "Point", "coordinates": [ 59.6428493, 36.2847292 ] } },
{ "type": "Feature", "properties": { "element": "node", "id": 266147906, "highway": "traffic_signals", "junction": null, "traffic_signals": null, "crossing": null, "traffic_signals:direction": null, "surface": null, "crossing:markings": null, "mapillary": null, "source": null, "survey:date": null, "traffic_calming": null }, "geometry": { "type": "Point", "coordinates": [ 59.5651188, 36.3193624 ] } },
{ "type": "Feature", "properties": { "element": "node", "id": 266147909, "highway": "traffic_signals", "junction": null, "traffic_signals": null, "crossing": null, "traffic_signals:direction": null, "surface": null, "crossing:markings": null, "mapillary": null, "source": null, "survey:date": null, "traffic_calming": null }, "geometry": { "type": "Point", "coordinates": [ 59.5698849, 36.3238798 ] } },
{ "type": "Feature", "properties": { "element": "node", "id": 266147918, "highway": "traffic_signals", "junction": null, "traffic_signals": null, "crossing": null, "traffic_signals:direction": null, "surface": null, "crossing:markings": null, "mapillary": null, "source": null, "survey:date": null, "traffic_calming": null }, "geometry": { "type": "Point", "coordinates": [ 59.5811713, 36.3345573 ] } },
{ "type": "Feature", "properties": { "element": "node", "id": 266185826, "highway": "traffic_signals", "junction": null, "traffic_signals": null, "crossing": null, "traffic_signals:direction": null, "surface": null, "crossing:markings": null, "mapillary": null, "source": null, "survey:date": null, "traffic_calming": null }, "geometry": { "type": "Point", "coordinates": [ 59.609249, 36.3032151 ] } },
{ "type": "Feature", "properties": { "element": "node", "id": 266331598, "highway": "traffic_signals", "junction": null, "traffic_signals": null, "crossing": null, "traffic_signals:direction": null, "surface": null, "crossing:markings": null, "mapillary": null, "source": null, "survey:date": null, "traffic_calming": null }, "geometry": { "type": "Point", "coordinates": [ 59.6064662, 36.2908233 ] } },
{ "type": "Feature", "properties": { "element": "node", "id": 266332183, "highway": "traffic_signals", "junction": null, "traffic_signals": null, "crossing": null, "traffic_signals:direction": null, "surface": null, "crossing:markings": null, "mapillary": null, "source": null, "survey:date": null, "traffic_calming": null }, "geometry": { "type": "Point", "coordinates": [ 59.6103873, 36.2939032 ] } },
{ "type": "Feature", "properties": { "element": "node", "id": 266332188, "highway": "traffic_signals", "junction": null, "traffic_signals": null, "crossing": null, "traffic_signals:direction": null, "surface": null, "crossing:markings": null, "mapillary": null, "source": null, "survey:date": null, "traffic_calming": null }, "geometry": { "type": "Point", "coordinates": [ 59.6177049, 36.2995538 ] } },
{ "type": "Feature", "properties": { "element": "node", "id": 266332189, "highway": "traffic_signals", "junction": null, "traffic_signals": null, "crossing": null, "traffic_signals:direction": null, "surface": null, "crossing:markings": null, "mapillary": null, "source": null, "survey:date": null, "traffic_calming": null }, "geometry": { "type": "Point", "coordinates": [ 59.6180442, 36.299807 ] } },
{ "type": "Feature", "properties": { "element": "node", "id": 266362180, "highway": "traffic_signals", "junction": null, "traffic_signals": null, "crossing": null, "traffic_signals:direction": null, "surface": null, "crossing:markings": null, "mapillary": null, "source": null, "survey:date": null, "traffic_calming": null }, "geometry": { "type": "Point", "coordinates": [ 59.5122054, 36.3049544 ] } },
{ "type": "Feature", "properties": { "element": "node", "id": 266623158, "highway": "traffic_signals", "junction": null, "traffic_signals": null, "crossing": null, "traffic_signals:direction": null, "surface": null, "crossing:markings": null, "mapillary": null, "source": null, "survey:date": null, "traffic_calming": null }, "geometry": { "type": "Point", "coordinates": [ 59.5376642, 36.336863 ] } },
{ "type": "Feature", "properties": { "element": "node", "id": 267983404, "highway": "traffic_signals", "junction": null, "traffic_signals": null, "crossing": null, "traffic_signals:direction": null, "surface": null, "crossing:markings": null, "mapillary": null, "source": null, "survey:date": null, "traffic_calming": null }, "geometry": { "type": "Point", "coordinates": [ 59.6360972, 36.2696616 ] } },
{ "type": "Feature", "properties": { "element": "node", "id": 268924000, "highway": "traffic_signals", "junction": "circular", "traffic_signals": null, "crossing": null, "traffic_signals:direction": null, "surface": null, "crossing:markings": null, "mapillary": null, "source": null, "survey:date": null, "traffic_calming": null }, "geometry": { "type": "Point", "coordinates": [ 59.5430541, 36.3268287 ] } },
{ "type": "Feature", "properties": { "element": "node", "id": 268927037, "highway": "traffic_signals", "junction": null, "traffic_signals": null, "crossing": null, "traffic_signals:direction": null, "surface": null, "crossing:markings": null, "mapillary": null, "source": null, "survey:date": null, "traffic_calming": null }, "geometry": { "type": "Point", "coordinates": [ 59.5375922, 36.3373055 ] } },
{ "type": "Feature", "properties": { "element": "node", "id": 268927038, "highway": "traffic_signals", "junction": null, "traffic_signals": null, "crossing": null, "traffic_signals:direction": null, "surface": null, "crossing:markings": null, "mapillary": null, "source": null, "survey:date": null, "traffic_calming": null }, "geometry": { "type": "Point", "coordinates": [ 59.5378239, 36.3371122 ] } },
{ "type": "Feature", "properties": { "element": "node", "id": 268927039, "highway": "traffic_signals", "junction": null, "traffic_signals": null, "crossing": null, "traffic_signals:direction": null, "surface": null, "crossing:markings": null, "mapillary": null, "source": null, "survey:date": null, "traffic_calming": null }, "geometry": { "type": "Point", "coordinates": [ 59.5373316, 36.3370713 ] } },
{ "type": "Feature", "properties": { "element": "node", "id": 269487543, "highway": "traffic_signals", "junction": null, "traffic_signals": null, "crossing": null, "traffic_signals:direction": null, "surface": null, "crossing:markings": null, "mapillary": null, "source": null, "survey:date": null, "traffic_calming": null }, "geometry": { "type": "Point", "coordinates": [ 59.6009011, 36.3319428 ] } },
{ "type": "Feature", "properties": { "element": "node", "id": 269489357, "highway": "traffic_signals", "junction": null, "traffic_signals": null, "crossing": null, "traffic_signals:direction": null, "surface": null, "crossing:markings": null, "mapillary": null, "source": null, "survey:date": null, "traffic_calming": null }, "geometry": { "type": "Point", "coordinates": [ 59.608635, 36.3166831 ] } },
{ "type": "Feature", "properties": { "element": "node", "id": 269490393, "highway": "traffic_signals", "junction": null, "traffic_signals": null, "crossing": null, "traffic_signals:direction": null, "surface": null, "crossing:markings": null, "mapillary": null, "source": null, "survey:date": null, "traffic_calming": null }, "geometry": { "type": "Point", "coordinates": [ 59.5938231, 36.3142558 ] } },
{ "type": "Feature", "properties": { "element": "node", "id": 269490699, "highway": "traffic_signals", "junction": null, "traffic_signals": null, "crossing": null, "traffic_signals:direction": null, "surface": null, "crossing:markings": null, "mapillary": null, "source": null, "survey:date": null, "traffic_calming": null }, "geometry": { "type": "Point", "coordinates": [ 59.6156202, 36.3217278 ] } },
{ "type": "Feature", "properties": { "element": "node", "id": 269490756, "highway": "traffic_signals", "junction": null, "traffic_signals": null, "crossing": null, "traffic_signals:direction": null, "surface": null, "crossing:markings": null, "mapillary": null, "source": null, "survey:date": null, "traffic_calming": null }, "geometry": { "type": "Point", "coordinates": [ 59.6160763, 36.3216421 ] } },
{ "type": "Feature", "properties": { "element": "node", "id": 269490767, "highway": "traffic_signals", "junction": null, "traffic_signals": null, "crossing": null, "traffic_signals:direction": null, "surface": null, "crossing:markings": null, "mapillary": null, "source": null, "survey:date": null, "traffic_calming": null }, "geometry": { "type": "Point", "coordinates": [ 59.6101063, 36.3259317 ] } },
{ "type": "Feature", "properties": { "element": "node", "id": 269680904, "highway": "traffic_signals", "junction": null, "traffic_signals": null, "crossing": null, "traffic_signals:direction": null, "surface": null, "crossing:markings": null, "mapillary": null, "source": null, "survey:date": null, "traffic_calming": null }, "geometry": { "type": "Point", "coordinates": [ 59.637662, 36.312923 ] } },
{ "type": "Feature", "properties": { "element": "node", "id": 276933037, "highway": "traffic_signals", "junction": null, "traffic_signals": null, "crossing": null, "traffic_signals:direction": null, "surface": null, "crossing:markings": null, "mapillary": null, "source": null, "survey:date": null, "traffic_calming": null }, "geometry": { "type": "Point", "coordinates": [ 59.5813794, 36.3346155 ] } },
{ "type": "Feature", "properties": { "element": "node", "id": 277564232, "highway": "traffic_signals", "junction": null, "traffic_signals": null, "crossing": null, "traffic_signals:direction": null, "surface": null, "crossing:markings": null, "mapillary": null, "source": null, "survey:date": null, "traffic_calming": null }, "geometry": { "type": "Point", "coordinates": [ 59.5794333, 36.2850311 ] } },
{ "type": "Feature", "properties": { "element": "node", "id": 278228898, "highway": "traffic_signals", "junction": null, "traffic_signals": null, "crossing": null, "traffic_signals:direction": null, "surface": null, "crossing:markings": null, "mapillary": null, "source": null, "survey:date": null, "traffic_calming": null }, "geometry": { "type": "Point", "coordinates": [ 59.5073408, 36.359203 ] } },
{ "type": "Feature", "properties": { "element": "node", "id": 278794125, "highway": "traffic_signals", "junction": null, "traffic_signals": "signal", "crossing": null, "traffic_signals:direction": null, "surface": null, "crossing:markings": null, "mapillary": null, "source": null, "survey:date": null, "traffic_calming": null }, "geometry": { "type": "Point", "coordinates": [ 59.5902236, 36.2924743 ] } },
{ "type": "Feature", "properties": { "element": "node", "id": 278794422, "highway": "traffic_signals", "junction": null, "traffic_signals": null, "crossing": null, "traffic_signals:direction": null, "surface": null, "crossing:markings": null, "mapillary": null, "source": null, "survey:date": null, "traffic_calming": null }, "geometry": { "type": "Point", "coordinates": [ 59.6019445, 36.2915326 ] } },
{ "type": "Feature", "properties": { "element": "node", "id": 286810052, "highway": "traffic_signals", "junction": null, "traffic_signals": null, "crossing": null, "traffic_signals:direction": null, "surface": null, "crossing:markings": null, "mapillary": null, "source": null, "survey:date": null, "traffic_calming": null }, "geometry": { "type": "Point", "coordinates": [ 59.6087137, 36.3164665 ] } },
{ "type": "Feature", "properties": { "element": "node", "id": 288740507, "highway": "traffic_signals", "junction": null, "traffic_signals": null, "crossing": null, "traffic_signals:direction": null, "surface": null, "crossing:markings": null, "mapillary": null, "source": null, "survey:date": null, "traffic_calming": null }, "geometry": { "type": "Point", "coordinates": [ 59.6099807, 36.326116 ] } },
{ "type": "Feature", "properties": { "element": "node", "id": 289479637, "highway": "traffic_signals", "junction": null, "traffic_signals": null, "crossing": null, "traffic_signals:direction": null, "surface": null, "crossing:markings": null, "mapillary": null, "source": null, "survey:date": null, "traffic_calming": null }, "geometry": { "type": "Point", "coordinates": [ 59.6342591, 36.3056173 ] } },
{ "type": "Feature", "properties": { "element": "node", "id": 290975801, "highway": "traffic_signals", "junction": null, "traffic_signals": null, "crossing": null, "traffic_signals:direction": null, "surface": null, "crossing:markings": null, "mapillary": null, "source": null, "survey:date": null, "traffic_calming": null }, "geometry": { "type": "Point", "coordinates": [ 59.6330991, 36.2655766 ] } },
{ "type": "Feature", "properties": { "element": "node", "id": 292755502, "highway": "traffic_signals", "junction": null, "traffic_signals": null, "crossing": null, "traffic_signals:direction": null, "surface": null, "crossing:markings": null, "mapillary": null, "source": null, "survey:date": null, "traffic_calming": null }, "geometry": { "type": "Point", "coordinates": [ 59.6006667, 36.3318563 ] } },
{ "type": "Feature", "properties": { "element": "node", "id": 314321098, "highway": "traffic_signals", "junction": null, "traffic_signals": null, "crossing": null, "traffic_signals:direction": null, "surface": null, "crossing:markings": null, "mapillary": null, "source": null, "survey:date": null, "traffic_calming": null }, "geometry": { "type": "Point", "coordinates": [ 59.6023576, 36.2914866 ] } },
{ "type": "Feature", "properties": { "element": "node", "id": 417818108, "highway": "traffic_signals", "junction": "circular", "traffic_signals": "signal", "crossing": null, "traffic_signals:direction": null, "surface": null, "crossing:markings": null, "mapillary": null, "source": null, "survey:date": null, "traffic_calming": null }, "geometry": { "type": "Point", "coordinates": [ 59.4881869, 36.3375116 ] } },
{ "type": "Feature", "properties": { "element": "node", "id": 417818114, "highway": "traffic_signals", "junction": "circular", "traffic_signals": "signal", "crossing": null, "traffic_signals:direction": null, "surface": null, "crossing:markings": null, "mapillary": null, "source": null, "survey:date": null, "traffic_calming": null }, "geometry": { "type": "Point", "coordinates": [ 59.4883746, 36.3377318 ] } },
{ "type": "Feature", "properties": { "element": "node", "id": 417818117, "highway": "traffic_signals", "junction": null, "traffic_signals": "signal", "crossing": null, "traffic_signals:direction": null, "surface": null, "crossing:markings": null, "mapillary": null, "source": null, "survey:date": null, "traffic_calming": null }, "geometry": { "type": "Point", "coordinates": [ 59.488092, 36.3378932 ] } },
{ "type": "Feature", "properties": { "element": "node", "id": 417818186, "highway": "traffic_signals", "junction": null, "traffic_signals": null, "crossing": null, "traffic_signals:direction": null, "surface": null, "crossing:markings": null, "mapillary": null, "source": null, "survey:date": null, "traffic_calming": null }, "geometry": { "type": "Point", "coordinates": [ 59.496419, 36.3381203 ] } },
{ "type": "Feature", "properties": { "element": "node", "id": 417978063, "highway": "traffic_signals", "junction": null, "traffic_signals": null, "crossing": null, "traffic_signals:direction": null, "surface": null, "crossing:markings": null, "mapillary": null, "source": null, "survey:date": null, "traffic_calming": null }, "geometry": { "type": "Point", "coordinates": [ 59.4781393, 36.3161937 ] } },
{ "type": "Feature", "properties": { "element": "node", "id": 417978087, "highway": "traffic_signals", "junction": null, "traffic_signals": null, "crossing": null, "traffic_signals:direction": null, "surface": null, "crossing:markings": null, "mapillary": null, "source": null, "survey:date": null, "traffic_calming": null }, "geometry": { "type": "Point", "coordinates": [ 59.4777345, 36.3162271 ] } },
{ "type": "Feature", "properties": { "element": "node", "id": 540874791, "highway": "traffic_signals", "junction": null, "traffic_signals": null, "crossing": null, "traffic_signals:direction": null, "surface": null, "crossing:markings": null, "mapillary": null, "source": null, "survey:date": null, "traffic_calming": null }, "geometry": { "type": "Point", "coordinates": [ 59.5515765, 36.3393583 ] } },
{ "type": "Feature", "properties": { "element": "node", "id": 583413783, "highway": "traffic_signals", "junction": "circular", "traffic_signals": null, "crossing": null, "traffic_signals:direction": null, "surface": null, "crossing:markings": null, "mapillary": null, "source": null, "survey:date": null, "traffic_calming": null }, "geometry": { "type": "Point", "coordinates": [ 59.540745, 36.3145091 ] } },
{ "type": "Feature", "properties": { "element": "node", "id": 583413801, "highway": "traffic_signals", "junction": null, "traffic_signals": null, "crossing": null, "traffic_signals:direction": null, "surface": "asphalt", "crossing:markings": null, "mapillary": null, "source": null, "survey:date": null, "traffic_calming": null }, "geometry": { "type": "Point", "coordinates": [ 59.541366, 36.314932 ] } },
{ "type": "Feature", "properties": { "element": "node", "id": 583413863, "highway": "traffic_signals", "junction": null, "traffic_signals": null, "crossing": null, "traffic_signals:direction": null, "surface": null, "crossing:markings": null, "mapillary": null, "source": null, "survey:date": null, "traffic_calming": null }, "geometry": { "type": "Point", "coordinates": [ 59.5405061, 36.3157668 ] } },
{ "type": "Feature", "properties": { "element": "node", "id": 587823190, "highway": "traffic_signals", "junction": null, "traffic_signals": null, "crossing": null, "traffic_signals:direction": null, "surface": null, "crossing:markings": null, "mapillary": null, "source": null, "survey:date": null, "traffic_calming": null }, "geometry": { "type": "Point", "coordinates": [ 59.6312021, 36.3017381 ] } },
{ "type": "Feature", "properties": { "element": "node", "id": 626897774, "highway": "traffic_signals", "junction": null, "traffic_signals": null, "crossing": null, "traffic_signals:direction": null, "surface": null, "crossing:markings": null, "mapillary": null, "source": null, "survey:date": null, "traffic_calming": null }, "geometry": { "type": "Point", "coordinates": [ 59.6147261, 36.3010987 ] } },
{ "type": "Feature", "properties": { "element": "node", "id": 645347491, "highway": "traffic_signals", "junction": null, "traffic_signals": null, "crossing": null, "traffic_signals:direction": null, "surface": null, "crossing:markings": null, "mapillary": null, "source": null, "survey:date": null, "traffic_calming": null }, "geometry": { "type": "Point", "coordinates": [ 59.5599806, 36.3149418 ] } },
{ "type": "Feature", "properties": { "element": "node", "id": 645347598, "highway": "traffic_signals", "junction": null, "traffic_signals": null, "crossing": null, "traffic_signals:direction": null, "surface": null, "crossing:markings": null, "mapillary": null, "source": null, "survey:date": null, "traffic_calming": null }, "geometry": { "type": "Point", "coordinates": [ 59.5604362, 36.3147641 ] } },
{ "type": "Feature", "properties": { "element": "node", "id": 645347652, "highway": "traffic_signals", "junction": null, "traffic_signals": null, "crossing": null, "traffic_signals:direction": null, "surface": null, "crossing:markings": null, "mapillary": null, "source": null, "survey:date": null, "traffic_calming": null }, "geometry": { "type": "Point", "coordinates": [ 59.5806679, 36.2935301 ] } },
{ "type": "Feature", "properties": { "element": "node", "id": 645347676, "highway": "traffic_signals", "junction": null, "traffic_signals": null, "crossing": null, "traffic_signals:direction": null, "surface": null, "crossing:markings": null, "mapillary": null, "source": null, "survey:date": null, "traffic_calming": null }, "geometry": { "type": "Point", "coordinates": [ 59.581027, 36.2936034 ] } },
{ "type": "Feature", "properties": { "element": "node", "id": 645347928, "highway": "traffic_signals", "junction": null, "traffic_signals": null, "crossing": null, "traffic_signals:direction": null, "surface": null, "crossing:markings": null, "mapillary": null, "source": null, "survey:date": null, "traffic_calming": null }, "geometry": { "type": "Point", "coordinates": [ 59.552132, 36.3074103 ] } },
{ "type": "Feature", "properties": { "element": "node", "id": 645348167, "highway": "traffic_signals", "junction": null, "traffic_signals": null, "crossing": null, "traffic_signals:direction": null, "surface": null, "crossing:markings": null, "mapillary": null, "source": null, "survey:date": null, "traffic_calming": null }, "geometry": { "type": "Point", "coordinates": [ 59.5603054, 36.3150581 ] } },
{ "type": "Feature", "properties": { "element": "node", "id": 645348271, "highway": "traffic_signals", "junction": null, "traffic_signals": null, "crossing": null, "traffic_signals:direction": null, "surface": null, "crossing:markings": null, "mapillary": null, "source": null, "survey:date": null, "traffic_calming": null }, "geometry": { "type": "Point", "coordinates": [ 59.5601159, 36.3146408 ] } },
{ "type": "Feature", "properties": { "element": "node", "id": 647213689, "highway": "traffic_signals", "junction": null, "traffic_signals": null, "crossing": null, "traffic_signals:direction": null, "surface": null, "crossing:markings": null, "mapillary": null, "source": null, "survey:date": null, "traffic_calming": null }, "geometry": { "type": "Point", "coordinates": [ 59.5911728, 36.2984599 ] } },
{ "type": "Feature", "properties": { "element": "node", "id": 647213771, "highway": "traffic_signals", "junction": null, "traffic_signals": null, "crossing": null, "traffic_signals:direction": null, "surface": null, "crossing:markings": null, "mapillary": null, "source": null, "survey:date": null, "traffic_calming": null }, "geometry": { "type": "Point", "coordinates": [ 59.591416, 36.2984519 ] } },
{ "type": "Feature", "properties": { "element": "node", "id": 647214342, "highway": "traffic_signals", "junction": null, "traffic_signals": null, "crossing": null, "traffic_signals:direction": null, "surface": null, "crossing:markings": null, "mapillary": null, "source": null, "survey:date": null, "traffic_calming": null }, "geometry": { "type": "Point", "coordinates": [ 59.5912257, 36.2985603 ] } },
{ "type": "Feature", "properties": { "element": "node", "id": 648215299, "highway": "traffic_signals", "junction": null, "traffic_signals": null, "crossing": null, "traffic_signals:direction": null, "surface": null, "crossing:markings": null, "mapillary": null, "source": null, "survey:date": null, "traffic_calming": null }, "geometry": { "type": "Point", "coordinates": [ 59.5915655, 36.2929246 ] } },
{ "type": "Feature", "properties": { "element": "node", "id": 648508864, "highway": "traffic_signals", "junction": null, "traffic_signals": null, "crossing": null, "traffic_signals:direction": null, "surface": null, "crossing:markings": null, "mapillary": null, "source": null, "survey:date": null, "traffic_calming": null }, "geometry": { "type": "Point", "coordinates": [ 59.5649634, 36.2924764 ] } },
{ "type": "Feature", "properties": { "element": "node", "id": 648508945, "highway": "traffic_signals", "junction": null, "traffic_signals": null, "crossing": null, "traffic_signals:direction": null, "surface": null, "crossing:markings": null, "mapillary": null, "source": null, "survey:date": null, "traffic_calming": null }, "geometry": { "type": "Point", "coordinates": [ 59.564901, 36.2927866 ] } },
{ "type": "Feature", "properties": { "element": "node", "id": 648509027, "highway": "traffic_signals", "junction": null, "traffic_signals": null, "crossing": null, "traffic_signals:direction": null, "surface": null, "crossing:markings": null, "mapillary": null, "source": null, "survey:date": null, "traffic_calming": null }, "geometry": { "type": "Point", "coordinates": [ 59.5651451, 36.2926838 ] } },
{ "type": "Feature", "properties": { "element": "node", "id": 648509036, "highway": "traffic_signals", "junction": null, "traffic_signals": null, "crossing": null, "traffic_signals:direction": null, "surface": null, "crossing:markings": null, "mapillary": null, "source": null, "survey:date": null, "traffic_calming": null }, "geometry": { "type": "Point", "coordinates": [ 59.5647369, 36.2925763 ] } },
{ "type": "Feature", "properties": { "element": "node", "id": 650315327, "highway": "traffic_signals", "junction": null, "traffic_signals": null, "crossing": "traffic_signals", "traffic_signals:direction": null, "surface": null, "crossing:markings": null, "mapillary": null, "source": null, "survey:date": null, "traffic_calming": null }, "geometry": { "type": "Point", "coordinates": [ 59.5958938, 36.2813709 ] } },
{ "type": "Feature", "properties": { "element": "node", "id": 650315329, "highway": "traffic_signals", "junction": null, "traffic_signals": null, "crossing": "traffic_signals", "traffic_signals:direction": null, "surface": null, "crossing:markings": null, "mapillary": null, "source": null, "survey:date": null, "traffic_calming": null }, "geometry": { "type": "Point", "coordinates": [ 59.5960204, 36.281125 ] } },
{ "type": "Feature", "properties": { "element": "node", "id": 650315331, "highway": "traffic_signals", "junction": null, "traffic_signals": null, "crossing": "traffic_signals", "traffic_signals:direction": null, "surface": null, "crossing:markings": null, "mapillary": null, "source": null, "survey:date": null, "traffic_calming": null }, "geometry": { "type": "Point", "coordinates": [ 59.5956916, 36.2812927 ] } },
{ "type": "Feature", "properties": { "element": "node", "id": 650315334, "highway": "traffic_signals", "junction": null, "traffic_signals": null, "crossing": "traffic_signals", "traffic_signals:direction": null, "surface": null, "crossing:markings": null, "mapillary": null, "source": null, "survey:date": null, "traffic_calming": null }, "geometry": { "type": "Point", "coordinates": [ 59.595814, 36.281039 ] } },
{ "type": "Feature", "properties": { "element": "node", "id": 652702277, "highway": "traffic_signals", "junction": null, "traffic_signals": null, "crossing": null, "traffic_signals:direction": null, "surface": null, "crossing:markings": null, "mapillary": null, "source": null, "survey:date": null, "traffic_calming": null }, "geometry": { "type": "Point", "coordinates": [ 59.5581575, 36.3161864 ] } },
{ "type": "Feature", "properties": { "element": "node", "id": 652702278, "highway": "traffic_signals", "junction": null, "traffic_signals": null, "crossing": null, "traffic_signals:direction": null, "surface": null, "crossing:markings": null, "mapillary": null, "source": null, "survey:date": null, "traffic_calming": null }, "geometry": { "type": "Point", "coordinates": [ 59.5482111, 36.3255304 ] } },
{ "type": "Feature", "properties": { "element": "node", "id": 652702279, "highway": "traffic_signals", "junction": null, "traffic_signals": null, "crossing": null, "traffic_signals:direction": null, "surface": null, "crossing:markings": null, "mapillary": null, "source": null, "survey:date": null, "traffic_calming": null }, "geometry": { "type": "Point", "coordinates": [ 59.5480093, 36.325211 ] } },
{ "type": "Feature", "properties": { "element": "node", "id": 655159559, "highway": "traffic_signals", "junction": null, "traffic_signals": null, "crossing": null, "traffic_signals:direction": null, "surface": null, "crossing:markings": null, "mapillary": null, "source": null, "survey:date": null, "traffic_calming": null }, "geometry": { "type": "Point", "coordinates": [ 59.5660549, 36.3058738 ] } },
{ "type": "Feature", "properties": { "element": "node", "id": 656135188, "highway": "traffic_signals", "junction": null, "traffic_signals": null, "crossing": null, "traffic_signals:direction": null, "surface": null, "crossing:markings": null, "mapillary": null, "source": null, "survey:date": null, "traffic_calming": null }, "geometry": { "type": "Point", "coordinates": [ 59.5676201, 36.2926288 ] } },
{ "type": "Feature", "properties": { "element": "node", "id": 656135189, "highway": "traffic_signals", "junction": null, "traffic_signals": null, "crossing": null, "traffic_signals:direction": null, "surface": null, "crossing:markings": null, "mapillary": null, "source": null, "survey:date": null, "traffic_calming": null }, "geometry": { "type": "Point", "coordinates": [ 59.5720656, 36.2924533 ] } },
{ "type": "Feature", "properties": { "element": "node", "id": 656135190, "highway": "traffic_signals", "junction": null, "traffic_signals": null, "crossing": null, "traffic_signals:direction": null, "surface": null, "crossing:markings": null, "mapillary": null, "source": null, "survey:date": null, "traffic_calming": null }, "geometry": { "type": "Point", "coordinates": [ 59.5678892, 36.2925227 ] } },
{ "type": "Feature", "properties": { "element": "node", "id": 656135191, "highway": "traffic_signals", "junction": null, "traffic_signals": null, "crossing": null, "traffic_signals:direction": null, "surface": null, "crossing:markings": null, "mapillary": null, "source": null, "survey:date": null, "traffic_calming": null }, "geometry": { "type": "Point", "coordinates": [ 59.5674987, 36.292425 ] } },
{ "type": "Feature", "properties": { "element": "node", "id": 658405631, "highway": "traffic_signals", "junction": null, "traffic_signals": null, "crossing": null, "traffic_signals:direction": null, "surface": null, "crossing:markings": null, "mapillary": null, "source": null, "survey:date": null, "traffic_calming": null }, "geometry": { "type": "Point", "coordinates": [ 59.5700688, 36.3243068 ] } },
{ "type": "Feature", "properties": { "element": "node", "id": 658920202, "highway": "traffic_signals", "junction": null, "traffic_signals": null, "crossing": null, "traffic_signals:direction": null, "surface": null, "crossing:markings": null, "mapillary": null, "source": null, "survey:date": null, "traffic_calming": null }, "geometry": { "type": "Point", "coordinates": [ 59.5871994, 36.2671 ] } },
{ "type": "Feature", "properties": { "element": "node", "id": 658920204, "highway": "traffic_signals", "junction": null, "traffic_signals": null, "crossing": null, "traffic_signals:direction": null, "surface": null, "crossing:markings": null, "mapillary": null, "source": null, "survey:date": null, "traffic_calming": null }, "geometry": { "type": "Point", "coordinates": [ 59.5871468, 36.267318 ] } },
{ "type": "Feature", "properties": { "element": "node", "id": 658920206, "highway": "traffic_signals", "junction": null, "traffic_signals": null, "crossing": null, "traffic_signals:direction": null, "surface": null, "crossing:markings": null, "mapillary": null, "source": null, "survey:date": null, "traffic_calming": null }, "geometry": { "type": "Point", "coordinates": [ 59.5873646, 36.2670814 ] } },
{ "type": "Feature", "properties": { "element": "node", "id": 659567737, "highway": "traffic_signals", "junction": "circular", "traffic_signals": "signal", "crossing": null, "traffic_signals:direction": null, "surface": null, "crossing:markings": null, "mapillary": null, "source": null, "survey:date": null, "traffic_calming": null }, "geometry": { "type": "Point", "coordinates": [ 59.4878965, 36.3376841 ] } },
{ "type": "Feature", "properties": { "element": "node", "id": 663058508, "highway": "traffic_signals", "junction": null, "traffic_signals": null, "crossing": null, "traffic_signals:direction": null, "surface": null, "crossing:markings": null, "mapillary": null, "source": null, "survey:date": null, "traffic_calming": null }, "geometry": { "type": "Point", "coordinates": [ 59.5264131, 36.3243918 ] } },
{ "type": "Feature", "properties": { "element": "node", "id": 663058510, "highway": "traffic_signals", "junction": null, "traffic_signals": null, "crossing": null, "traffic_signals:direction": null, "surface": null, "crossing:markings": null, "mapillary": null, "source": null, "survey:date": null, "traffic_calming": null }, "geometry": { "type": "Point", "coordinates": [ 59.5265779, 36.3245467 ] } },
{ "type": "Feature", "properties": { "element": "node", "id": 663058511, "highway": "traffic_signals", "junction": null, "traffic_signals": null, "crossing": null, "traffic_signals:direction": null, "surface": null, "crossing:markings": null, "mapillary": null, "source": null, "survey:date": null, "traffic_calming": null }, "geometry": { "type": "Point", "coordinates": [ 59.526584, 36.3242509 ] } },
{ "type": "Feature", "properties": { "element": "node", "id": 663878224, "highway": "traffic_signals", "junction": null, "traffic_signals": null, "crossing": null, "traffic_signals:direction": null, "surface": null, "crossing:markings": null, "mapillary": null, "source": null, "survey:date": null, "traffic_calming": null }, "geometry": { "type": "Point", "coordinates": [ 59.6043502, 36.2622099 ] } },
{ "type": "Feature", "properties": { "element": "node", "id": 663878225, "highway": "traffic_signals", "junction": null, "traffic_signals": null, "crossing": null, "traffic_signals:direction": null, "surface": null, "crossing:markings": null, "mapillary": null, "source": null, "survey:date": null, "traffic_calming": null }, "geometry": { "type": "Point", "coordinates": [ 59.6042255, 36.2624781 ] } },
{ "type": "Feature", "properties": { "element": "node", "id": 663878226, "highway": "traffic_signals", "junction": null, "traffic_signals": null, "crossing": null, "traffic_signals:direction": null, "surface": null, "crossing:markings": null, "mapillary": null, "source": null, "survey:date": null, "traffic_calming": null }, "geometry": { "type": "Point", "coordinates": [ 59.6045892, 36.2623012 ] } },
{ "type": "Feature", "properties": { "element": "node", "id": 663878227, "highway": "traffic_signals", "junction": null, "traffic_signals": null, "crossing": null, "traffic_signals:direction": null, "surface": null, "crossing:markings": null, "mapillary": null, "source": null, "survey:date": null, "traffic_calming": null }, "geometry": { "type": "Point", "coordinates": [ 59.6044995, 36.2625356 ] } },
{ "type": "Feature", "properties": { "element": "node", "id": 664382285, "highway": "traffic_signals", "junction": null, "traffic_signals": null, "crossing": null, "traffic_signals:direction": null, "surface": null, "crossing:markings": null, "mapillary": null, "source": null, "survey:date": null, "traffic_calming": null }, "geometry": { "type": "Point", "coordinates": [ 59.5652989, 36.3197829 ] } },
{ "type": "Feature", "properties": { "element": "node", "id": 664453478, "highway": "traffic_signals", "junction": null, "traffic_signals": null, "crossing": null, "traffic_signals:direction": null, "surface": null, "crossing:markings": null, "mapillary": null, "source": null, "survey:date": null, "traffic_calming": null }, "geometry": { "type": "Point", "coordinates": [ 59.5345962, 36.3264867 ] } },
{ "type": "Feature", "properties": { "element": "node", "id": 664453480, "highway": "traffic_signals", "junction": null, "traffic_signals": null, "crossing": null, "traffic_signals:direction": null, "surface": null, "crossing:markings": null, "mapillary": null, "source": null, "survey:date": null, "traffic_calming": null }, "geometry": { "type": "Point", "coordinates": [ 59.5347823, 36.3277286 ] } },
{ "type": "Feature", "properties": { "element": "node", "id": 664453482, "highway": "traffic_signals", "junction": null, "traffic_signals": null, "crossing": null, "traffic_signals:direction": null, "surface": null, "crossing:markings": null, "mapillary": null, "source": null, "survey:date": null, "traffic_calming": null }, "geometry": { "type": "Point", "coordinates": [ 59.5350819, 36.3275447 ] } },
{ "type": "Feature", "properties": { "element": "node", "id": 664453485, "highway": "traffic_signals", "junction": null, "traffic_signals": null, "crossing": null, "traffic_signals:direction": null, "surface": null, "crossing:markings": null, "mapillary": null, "source": null, "survey:date": null, "traffic_calming": null }, "geometry": { "type": "Point", "coordinates": [ 59.535274, 36.3277388 ] } },
{ "type": "Feature", "properties": { "element": "node", "id": 664453488, "highway": "traffic_signals", "junction": null, "traffic_signals": null, "crossing": null, "traffic_signals:direction": null, "surface": null, "crossing:markings": null, "mapillary": null, "source": null, "survey:date": null, "traffic_calming": null }, "geometry": { "type": "Point", "coordinates": [ 59.5349889, 36.3278872 ] } },
{ "type": "Feature", "properties": { "element": "node", "id": 664453490, "highway": "traffic_signals", "junction": null, "traffic_signals": null, "crossing": null, "traffic_signals:direction": null, "surface": null, "crossing:markings": null, "mapillary": null, "source": null, "survey:date": null, "traffic_calming": null }, "geometry": { "type": "Point", "coordinates": [ 59.5634907, 36.3238459 ] } },
{ "type": "Feature", "properties": { "element": "node", "id": 664453493, "highway": "traffic_signals", "junction": null, "traffic_signals": null, "crossing": null, "traffic_signals:direction": null, "surface": null, "crossing:markings": null, "mapillary": null, "source": null, "survey:date": null, "traffic_calming": null }, "geometry": { "type": "Point", "coordinates": [ 59.5647343, 36.3244908 ] } },
{ "type": "Feature", "properties": { "element": "node", "id": 664453496, "highway": "traffic_signals", "junction": null, "traffic_signals": null, "crossing": null, "traffic_signals:direction": null, "surface": null, "crossing:markings": null, "mapillary": null, "source": null, "survey:date": null, "traffic_calming": null }, "geometry": { "type": "Point", "coordinates": [ 59.5634312, 36.3252293 ] } },
{ "type": "Feature", "properties": { "element": "node", "id": 665507230, "highway": "traffic_signals", "junction": null, "traffic_signals": null, "crossing": null, "traffic_signals:direction": null, "surface": null, "crossing:markings": null, "mapillary": null, "source": null, "survey:date": null, "traffic_calming": null }, "geometry": { "type": "Point", "coordinates": [ 59.5853978, 36.3384446 ] } },
{ "type": "Feature", "properties": { "element": "node", "id": 667353557, "highway": "traffic_signals", "junction": null, "traffic_signals": null, "crossing": null, "traffic_signals:direction": null, "surface": null, "crossing:markings": null, "mapillary": null, "source": null, "survey:date": null, "traffic_calming": null }, "geometry": { "type": "Point", "coordinates": [ 59.522645, 36.3395863 ] } },
{ "type": "Feature", "properties": { "element": "node", "id": 668994147, "highway": "traffic_signals", "junction": null, "traffic_signals": null, "crossing": null, "traffic_signals:direction": null, "surface": null, "crossing:markings": null, "mapillary": null, "source": null, "survey:date": null, "traffic_calming": null }, "geometry": { "type": "Point", "coordinates": [ 59.5759364, 36.3160815 ] } },
{ "type": "Feature", "properties": { "element": "node", "id": 668994148, "highway": "traffic_signals", "junction": null, "traffic_signals": null, "crossing": null, "traffic_signals:direction": null, "surface": null, "crossing:markings": null, "mapillary": null, "source": null, "survey:date": null, "traffic_calming": null }, "geometry": { "type": "Point", "coordinates": [ 59.5757183, 36.3162859 ] } },
{ "type": "Feature", "properties": { "element": "node", "id": 668994159, "highway": "traffic_signals", "junction": null, "traffic_signals": null, "crossing": null, "traffic_signals:direction": null, "surface": null, "crossing:markings": null, "mapillary": null, "source": null, "survey:date": null, "traffic_calming": null }, "geometry": { "type": "Point", "coordinates": [ 59.5761558, 36.316333 ] } },
{ "type": "Feature", "properties": { "element": "node", "id": 668994165, "highway": "traffic_signals", "junction": null, "traffic_signals": null, "crossing": null, "traffic_signals:direction": null, "surface": null, "crossing:markings": null, "mapillary": null, "source": null, "survey:date": null, "traffic_calming": null }, "geometry": { "type": "Point", "coordinates": [ 59.5840784, 36.3147062 ] } },
{ "type": "Feature", "properties": { "element": "node", "id": 668994166, "highway": "traffic_signals", "junction": null, "traffic_signals": null, "crossing": null, "traffic_signals:direction": null, "surface": null, "crossing:markings": null, "mapillary": null, "source": null, "survey:date": null, "traffic_calming": null }, "geometry": { "type": "Point", "coordinates": [ 59.583821, 36.3146049 ] } },
{ "type": "Feature", "properties": { "element": "node", "id": 668994169, "highway": "traffic_signals", "junction": null, "traffic_signals": null, "crossing": "traffic_signals", "traffic_signals:direction": null, "surface": null, "crossing:markings": null, "mapillary": null, "source": null, "survey:date": null, "traffic_calming": null }, "geometry": { "type": "Point", "coordinates": [ 59.5778151, 36.3314059 ] } },
{ "type": "Feature", "properties": { "element": "node", "id": 668994173, "highway": "traffic_signals", "junction": null, "traffic_signals": null, "crossing": null, "traffic_signals:direction": null, "surface": null, "crossing:markings": null, "mapillary": null, "source": null, "survey:date": null, "traffic_calming": null }, "geometry": { "type": "Point", "coordinates": [ 59.5849552, 36.3386051 ] } },
{ "type": "Feature", "properties": { "element": "node", "id": 668994174, "highway": "traffic_signals", "junction": null, "traffic_signals": null, "crossing": null, "traffic_signals:direction": null, "surface": null, "crossing:markings": null, "mapillary": null, "source": null, "survey:date": null, "traffic_calming": null }, "geometry": { "type": "Point", "coordinates": [ 59.5851679, 36.3383434 ] } },
{ "type": "Feature", "properties": { "element": "node", "id": 668994175, "highway": "traffic_signals", "junction": null, "traffic_signals": null, "crossing": null, "traffic_signals:direction": null, "surface": null, "crossing:markings": null, "mapillary": null, "source": null, "survey:date": null, "traffic_calming": null }, "geometry": { "type": "Point", "coordinates": [ 59.5852519, 36.3386644 ] } },
{ "type": "Feature", "properties": { "element": "node", "id": 669958637, "highway": "traffic_signals", "junction": null, "traffic_signals": null, "crossing": "traffic_signals", "traffic_signals:direction": null, "surface": null, "crossing:markings": "zebra", "mapillary": null, "source": null, "survey:date": null, "traffic_calming": null }, "geometry": { "type": "Point", "coordinates": [ 59.5203224, 36.3310086 ] } },
{ "type": "Feature", "properties": { "element": "node", "id": 669958638, "highway": "traffic_signals", "junction": null, "traffic_signals": null, "crossing": "traffic_signals", "traffic_signals:direction": null, "surface": null, "crossing:markings": "zebra", "mapillary": null, "source": null, "survey:date": null, "traffic_calming": null }, "geometry": { "type": "Point", "coordinates": [ 59.5198642, 36.331027 ] } },
{ "type": "Feature", "properties": { "element": "node", "id": 670076293, "highway": "traffic_signals", "junction": null, "traffic_signals": null, "crossing": null, "traffic_signals:direction": null, "surface": null, "crossing:markings": null, "mapillary": null, "source": null, "survey:date": null, "traffic_calming": null }, "geometry": { "type": "Point", "coordinates": [ 59.5581984, 36.3159885 ] } },
{ "type": "Feature", "properties": { "element": "node", "id": 670076372, "highway": "traffic_signals", "junction": null, "traffic_signals": null, "crossing": null, "traffic_signals:direction": null, "surface": null, "crossing:markings": null, "mapillary": null, "source": null, "survey:date": null, "traffic_calming": null }, "geometry": { "type": "Point", "coordinates": [ 59.5958298, 36.3264259 ] } },
{ "type": "Feature", "properties": { "element": "node", "id": 670076373, "highway": "traffic_signals", "junction": null, "traffic_signals": null, "crossing": null, "traffic_signals:direction": null, "surface": null, "crossing:markings": null, "mapillary": null, "source": null, "survey:date": null, "traffic_calming": null }, "geometry": { "type": "Point", "coordinates": [ 59.5956563, 36.3266377 ] } },
{ "type": "Feature", "properties": { "element": "node", "id": 670076374, "highway": "traffic_signals", "junction": null, "traffic_signals": null, "crossing": null, "traffic_signals:direction": null, "surface": null, "crossing:markings": null, "mapillary": null, "source": null, "survey:date": null, "traffic_calming": null }, "geometry": { "type": "Point", "coordinates": [ 59.5956, 36.3263372 ] } },
{ "type": "Feature", "properties": { "element": "node", "id": 670076375, "highway": "traffic_signals", "junction": null, "traffic_signals": null, "crossing": null, "traffic_signals:direction": null, "surface": null, "crossing:markings": null, "mapillary": null, "source": null, "survey:date": null, "traffic_calming": null }, "geometry": { "type": "Point", "coordinates": [ 59.5954659, 36.3265773 ] } },
{ "type": "Feature", "properties": { "element": "node", "id": 676994532, "highway": "traffic_signals", "junction": null, "traffic_signals": null, "crossing": null, "traffic_signals:direction": null, "surface": null, "crossing:markings": null, "mapillary": null, "source": null, "survey:date": null, "traffic_calming": null }, "geometry": { "type": "Point", "coordinates": [ 59.488051, 36.3522882 ] } },
{ "type": "Feature", "properties": { "element": "node", "id": 676994535, "highway": "traffic_signals", "junction": null, "traffic_signals": null, "crossing": null, "traffic_signals:direction": null, "surface": null, "crossing:markings": null, "mapillary": null, "source": null, "survey:date": null, "traffic_calming": null }, "geometry": { "type": "Point", "coordinates": [ 59.4881976, 36.3520313 ] } },
{ "type": "Feature", "properties": { "element": "node", "id": 676994602, "highway": "traffic_signals", "junction": null, "traffic_signals": null, "crossing": null, "traffic_signals:direction": null, "surface": null, "crossing:markings": null, "mapillary": null, "source": null, "survey:date": null, "traffic_calming": null }, "geometry": { "type": "Point", "coordinates": [ 59.4974329, 36.3523519 ] } },
{ "type": "Feature", "properties": { "element": "node", "id": 676994730, "highway": "traffic_signals", "junction": null, "traffic_signals": null, "crossing": null, "traffic_signals:direction": "forward", "surface": null, "crossing:markings": null, "mapillary": null, "source": null, "survey:date": null, "traffic_calming": null }, "geometry": { "type": "Point", "coordinates": [ 59.5201255, 36.3532269 ] } },
{ "type": "Feature", "properties": { "element": "node", "id": 676994747, "highway": "traffic_signals", "junction": null, "traffic_signals": null, "crossing": null, "traffic_signals:direction": null, "surface": null, "crossing:markings": null, "mapillary": null, "source": null, "survey:date": null, "traffic_calming": null }, "geometry": { "type": "Point", "coordinates": [ 59.5065496, 36.3627095 ] } },
{ "type": "Feature", "properties": { "element": "node", "id": 676994794, "highway": "traffic_signals", "junction": null, "traffic_signals": null, "crossing": null, "traffic_signals:direction": null, "surface": null, "crossing:markings": null, "mapillary": null, "source": null, "survey:date": null, "traffic_calming": null }, "geometry": { "type": "Point", "coordinates": [ 59.5088525, 36.3685354 ] } },
{ "type": "Feature", "properties": { "element": "node", "id": 676994798, "highway": "traffic_signals", "junction": null, "traffic_signals": null, "crossing": null, "traffic_signals:direction": null, "surface": null, "crossing:markings": null, "mapillary": null, "source": null, "survey:date": null, "traffic_calming": null }, "geometry": { "type": "Point", "coordinates": [ 59.5085754, 36.3686995 ] } },
{ "type": "Feature", "properties": { "element": "node", "id": 677100845, "highway": "traffic_signals", "junction": null, "traffic_signals": null, "crossing": null, "traffic_signals:direction": null, "surface": null, "crossing:markings": null, "mapillary": null, "source": null, "survey:date": null, "traffic_calming": null }, "geometry": { "type": "Point", "coordinates": [ 59.5746792, 36.3376736 ] } },
{ "type": "Feature", "properties": { "element": "node", "id": 677100847, "highway": "traffic_signals", "junction": null, "traffic_signals": null, "crossing": null, "traffic_signals:direction": null, "surface": null, "crossing:markings": null, "mapillary": null, "source": null, "survey:date": null, "traffic_calming": null }, "geometry": { "type": "Point", "coordinates": [ 59.5743932, 36.337673 ] } },
{ "type": "Feature", "properties": { "element": "node", "id": 677100849, "highway": "traffic_signals", "junction": null, "traffic_signals": null, "crossing": null, "traffic_signals:direction": null, "surface": null, "crossing:markings": null, "mapillary": null, "source": null, "survey:date": null, "traffic_calming": null }, "geometry": { "type": "Point", "coordinates": [ 59.5747087, 36.337438 ] } },
{ "type": "Feature", "properties": { "element": "node", "id": 677410752, "highway": "traffic_signals", "junction": null, "traffic_signals": null, "crossing": null, "traffic_signals:direction": null, "surface": null, "crossing:markings": null, "mapillary": null, "source": null, "survey:date": null, "traffic_calming": null }, "geometry": { "type": "Point", "coordinates": [ 59.5120534, 36.3334755 ] } },
{ "type": "Feature", "properties": { "element": "node", "id": 677410753, "highway": "traffic_signals", "junction": null, "traffic_signals": null, "crossing": null, "traffic_signals:direction": null, "surface": null, "crossing:markings": null, "mapillary": null, "source": null, "survey:date": null, "traffic_calming": null }, "geometry": { "type": "Point", "coordinates": [ 59.5122022, 36.3336352 ] } },
{ "type": "Feature", "properties": { "element": "node", "id": 677410754, "highway": "traffic_signals", "junction": null, "traffic_signals": null, "crossing": null, "traffic_signals:direction": null, "surface": null, "crossing:markings": null, "mapillary": null, "source": null, "survey:date": null, "traffic_calming": null }, "geometry": { "type": "Point", "coordinates": [ 59.5118331, 36.333634 ] } },
{ "type": "Feature", "properties": { "element": "node", "id": 677410763, "highway": "traffic_signals", "junction": null, "traffic_signals": null, "crossing": null, "traffic_signals:direction": null, "surface": null, "crossing:markings": null, "mapillary": null, "source": null, "survey:date": null, "traffic_calming": null }, "geometry": { "type": "Point", "coordinates": [ 59.511998, 36.3338144 ] } },
{ "type": "Feature", "properties": { "element": "node", "id": 679718742, "highway": "traffic_signals", "junction": null, "traffic_signals": null, "crossing": null, "traffic_signals:direction": null, "surface": null, "crossing:markings": null, "mapillary": null, "source": null, "survey:date": null, "traffic_calming": null }, "geometry": { "type": "Point", "coordinates": [ 59.4970477, 36.3108904 ] } },
{ "type": "Feature", "properties": { "element": "node", "id": 679718743, "highway": "traffic_signals", "junction": null, "traffic_signals": null, "crossing": null, "traffic_signals:direction": null, "surface": null, "crossing:markings": null, "mapillary": null, "source": null, "survey:date": null, "traffic_calming": null }, "geometry": { "type": "Point", "coordinates": [ 59.4973882, 36.3111051 ] } },
{ "type": "Feature", "properties": { "element": "node", "id": 679718744, "highway": "traffic_signals", "junction": null, "traffic_signals": null, "crossing": null, "traffic_signals:direction": null, "surface": null, "crossing:markings": null, "mapillary": null, "source": null, "survey:date": null, "traffic_calming": null }, "geometry": { "type": "Point", "coordinates": [ 59.4974367, 36.3108046 ] } },
{ "type": "Feature", "properties": { "element": "node", "id": 687478250, "highway": "traffic_signals", "junction": null, "traffic_signals": null, "crossing": null, "traffic_signals:direction": null, "surface": null, "crossing:markings": null, "mapillary": null, "source": null, "survey:date": null, "traffic_calming": null }, "geometry": { "type": "Point", "coordinates": [ 59.6143632, 36.3113448 ] } },
{ "type": "Feature", "properties": { "element": "node", "id": 687478251, "highway": "traffic_signals", "junction": null, "traffic_signals": null, "crossing": null, "traffic_signals:direction": null, "surface": null, "crossing:markings": null, "mapillary": null, "source": null, "survey:date": null, "traffic_calming": null }, "geometry": { "type": "Point", "coordinates": [ 59.6142517, 36.3116961 ] } },
{ "type": "Feature", "properties": { "element": "node", "id": 687478267, "highway": "traffic_signals", "junction": null, "traffic_signals": null, "crossing": null, "traffic_signals:direction": null, "surface": null, "crossing:markings": null, "mapillary": null, "source": null, "survey:date": null, "traffic_calming": null }, "geometry": { "type": "Point", "coordinates": [ 59.6146205, 36.3115226 ] } },
{ "type": "Feature", "properties": { "element": "node", "id": 687478268, "highway": "traffic_signals", "junction": null, "traffic_signals": null, "crossing": null, "traffic_signals:direction": null, "surface": null, "crossing:markings": null, "mapillary": null, "source": null, "survey:date": null, "traffic_calming": null }, "geometry": { "type": "Point", "coordinates": [ 59.6145383, 36.3118661 ] } },
{ "type": "Feature", "properties": { "element": "node", "id": 687478276, "highway": "traffic_signals", "junction": null, "traffic_signals": null, "crossing": null, "traffic_signals:direction": null, "surface": null, "crossing:markings": null, "mapillary": null, "source": null, "survey:date": null, "traffic_calming": null }, "geometry": { "type": "Point", "coordinates": [ 59.6160905, 36.3141483 ] } },
{ "type": "Feature", "properties": { "element": "node", "id": 687478284, "highway": "traffic_signals", "junction": null, "traffic_signals": null, "crossing": null, "traffic_signals:direction": null, "surface": null, "crossing:markings": null, "mapillary": null, "source": null, "survey:date": null, "traffic_calming": null }, "geometry": { "type": "Point", "coordinates": [ 59.6163725, 36.314291 ] } },
{ "type": "Feature", "properties": { "element": "node", "id": 687478293, "highway": "traffic_signals", "junction": null, "traffic_signals": null, "crossing": null, "traffic_signals:direction": null, "surface": null, "crossing:markings": null, "mapillary": null, "source": null, "survey:date": null, "traffic_calming": null }, "geometry": { "type": "Point", "coordinates": [ 59.6196782, 36.3200115 ] } },
{ "type": "Feature", "properties": { "element": "node", "id": 687478296, "highway": "traffic_signals", "junction": null, "traffic_signals": null, "crossing": null, "traffic_signals:direction": null, "surface": null, "crossing:markings": null, "mapillary": null, "source": null, "survey:date": null, "traffic_calming": null }, "geometry": { "type": "Point", "coordinates": [ 59.6197191, 36.32027 ] } },
{ "type": "Feature", "properties": { "element": "node", "id": 687478297, "highway": "traffic_signals", "junction": null, "traffic_signals": null, "crossing": null, "traffic_signals:direction": null, "surface": null, "crossing:markings": null, "mapillary": null, "source": null, "survey:date": null, "traffic_calming": null }, "geometry": { "type": "Point", "coordinates": [ 59.619891, 36.3201329 ] } },
{ "type": "Feature", "properties": { "element": "node", "id": 687478302, "highway": "traffic_signals", "junction": null, "traffic_signals": null, "crossing": null, "traffic_signals:direction": null, "surface": null, "crossing:markings": null, "mapillary": null, "source": null, "survey:date": null, "traffic_calming": null }, "geometry": { "type": "Point", "coordinates": [ 59.6194987, 36.3201766 ] } },
{ "type": "Feature", "properties": { "element": "node", "id": 687478307, "highway": "traffic_signals", "junction": null, "traffic_signals": null, "crossing": null, "traffic_signals:direction": null, "surface": null, "crossing:markings": null, "mapillary": null, "source": null, "survey:date": null, "traffic_calming": null }, "geometry": { "type": "Point", "coordinates": [ 59.6279857, 36.3168626 ] } },
{ "type": "Feature", "properties": { "element": "node", "id": 687478309, "highway": "traffic_signals", "junction": null, "traffic_signals": null, "crossing": null, "traffic_signals:direction": null, "surface": null, "crossing:markings": null, "mapillary": null, "source": null, "survey:date": null, "traffic_calming": null }, "geometry": { "type": "Point", "coordinates": [ 59.6278714, 36.3169726 ] } },
{ "type": "Feature", "properties": { "element": "node", "id": 687478310, "highway": "traffic_signals", "junction": null, "traffic_signals": null, "crossing": null, "traffic_signals:direction": null, "surface": null, "crossing:markings": null, "mapillary": null, "source": null, "survey:date": null, "traffic_calming": null }, "geometry": { "type": "Point", "coordinates": [ 59.6278379, 36.3167263 ] } },
{ "type": "Feature", "properties": { "element": "node", "id": 687478311, "highway": "traffic_signals", "junction": null, "traffic_signals": null, "crossing": null, "traffic_signals:direction": null, "surface": null, "crossing:markings": null, "mapillary": null, "source": null, "survey:date": null, "traffic_calming": null }, "geometry": { "type": "Point", "coordinates": [ 59.6277017, 36.3168806 ] } },
{ "type": "Feature", "properties": { "element": "node", "id": 687715557, "highway": "traffic_signals", "junction": null, "traffic_signals": null, "crossing": null, "traffic_signals:direction": null, "surface": null, "crossing:markings": null, "mapillary": null, "source": null, "survey:date": null, "traffic_calming": null }, "geometry": { "type": "Point", "coordinates": [ 59.6143719, 36.3010429 ] } },
{ "type": "Feature", "properties": { "element": "node", "id": 687715564, "highway": "traffic_signals", "junction": null, "traffic_signals": null, "crossing": null, "traffic_signals:direction": null, "surface": null, "crossing:markings": null, "mapillary": null, "source": null, "survey:date": null, "traffic_calming": null }, "geometry": { "type": "Point", "coordinates": [ 59.6145972, 36.3009734 ] } },
{ "type": "Feature", "properties": { "element": "node", "id": 687715567, "highway": "traffic_signals", "junction": null, "traffic_signals": null, "crossing": null, "traffic_signals:direction": null, "surface": null, "crossing:markings": null, "mapillary": null, "source": null, "survey:date": null, "traffic_calming": null }, "geometry": { "type": "Point", "coordinates": [ 59.6147896, 36.3009825 ] } },
{ "type": "Feature", "properties": { "element": "node", "id": 687715569, "highway": "traffic_signals", "junction": null, "traffic_signals": null, "crossing": null, "traffic_signals:direction": null, "surface": null, "crossing:markings": null, "mapillary": null, "source": null, "survey:date": null, "traffic_calming": null }, "geometry": { "type": "Point", "coordinates": [ 59.6262072, 36.3140809 ] } },
{ "type": "Feature", "properties": { "element": "node", "id": 687715571, "highway": "traffic_signals", "junction": null, "traffic_signals": null, "crossing": null, "traffic_signals:direction": null, "surface": null, "crossing:markings": null, "mapillary": null, "source": null, "survey:date": null, "traffic_calming": null }, "geometry": { "type": "Point", "coordinates": [ 59.6263171, 36.3144701 ] } },
{ "type": "Feature", "properties": { "element": "node", "id": 687715574, "highway": "traffic_signals", "junction": null, "traffic_signals": null, "crossing": null, "traffic_signals:direction": null, "surface": null, "crossing:markings": null, "mapillary": null, "source": null, "survey:date": null, "traffic_calming": null }, "geometry": { "type": "Point", "coordinates": [ 59.6264295, 36.3142678 ] } },
{ "type": "Feature", "properties": { "element": "node", "id": 687715576, "highway": "traffic_signals", "junction": null, "traffic_signals": null, "crossing": null, "traffic_signals:direction": null, "surface": null, "crossing:markings": null, "mapillary": null, "source": null, "survey:date": null, "traffic_calming": null }, "geometry": { "type": "Point", "coordinates": [ 59.6260433, 36.3143715 ] } },
{ "type": "Feature", "properties": { "element": "node", "id": 690985446, "highway": "traffic_signals", "junction": null, "traffic_signals": null, "crossing": null, "traffic_signals:direction": null, "surface": null, "crossing:markings": null, "mapillary": null, "source": null, "survey:date": null, "traffic_calming": null }, "geometry": { "type": "Point", "coordinates": [ 59.5682119, 36.344853 ] } },
{ "type": "Feature", "properties": { "element": "node", "id": 690985447, "highway": "traffic_signals", "junction": null, "traffic_signals": null, "crossing": null, "traffic_signals:direction": null, "surface": null, "crossing:markings": null, "mapillary": null, "source": null, "survey:date": null, "traffic_calming": null }, "geometry": { "type": "Point", "coordinates": [ 59.5681949, 36.3450704 ] } },
{ "type": "Feature", "properties": { "element": "node", "id": 690985448, "highway": "traffic_signals", "junction": null, "traffic_signals": null, "crossing": null, "traffic_signals:direction": null, "surface": null, "crossing:markings": null, "mapillary": null, "source": null, "survey:date": null, "traffic_calming": null }, "geometry": { "type": "Point", "coordinates": [ 59.5684416, 36.3450492 ] } },
{ "type": "Feature", "properties": { "element": "node", "id": 690985449, "highway": "traffic_signals", "junction": null, "traffic_signals": null, "crossing": null, "traffic_signals:direction": null, "surface": null, "crossing:markings": null, "mapillary": null, "source": null, "survey:date": null, "traffic_calming": null }, "geometry": { "type": "Point", "coordinates": [ 59.5685691, 36.344878 ] } },
{ "type": "Feature", "properties": { "element": "node", "id": 690985457, "highway": "traffic_signals", "junction": null, "traffic_signals": null, "crossing": null, "traffic_signals:direction": null, "surface": null, "crossing:markings": null, "mapillary": null, "source": null, "survey:date": null, "traffic_calming": null }, "geometry": { "type": "Point", "coordinates": [ 59.6097342, 36.3259993 ] } },
{ "type": "Feature", "properties": { "element": "node", "id": 690985458, "highway": "traffic_signals", "junction": null, "traffic_signals": null, "crossing": null, "traffic_signals:direction": null, "surface": null, "crossing:markings": null, "mapillary": null, "source": null, "survey:date": null, "traffic_calming": null }, "geometry": { "type": "Point", "coordinates": [ 59.6098334, 36.3258154 ] } },
{ "type": "Feature", "properties": { "element": "node", "id": 690985461, "highway": "traffic_signals", "junction": null, "traffic_signals": null, "crossing": null, "traffic_signals:direction": null, "surface": null, "crossing:markings": null, "mapillary": null, "source": null, "survey:date": null, "traffic_calming": null }, "geometry": { "type": "Point", "coordinates": [ 59.6008306, 36.3316569 ] } },
{ "type": "Feature", "properties": { "element": "node", "id": 690985462, "highway": "traffic_signals", "junction": null, "traffic_signals": null, "crossing": null, "traffic_signals:direction": null, "surface": null, "crossing:markings": null, "mapillary": null, "source": null, "survey:date": null, "traffic_calming": null }, "geometry": { "type": "Point", "coordinates": [ 59.6010201, 36.3317567 ] } },
{ "type": "Feature", "properties": { "element": "node", "id": 690985473, "highway": "traffic_signals", "junction": null, "traffic_signals": null, "crossing": null, "traffic_signals:direction": null, "surface": null, "crossing:markings": null, "mapillary": null, "source": null, "survey:date": null, "traffic_calming": null }, "geometry": { "type": "Point", "coordinates": [ 59.5936377, 36.3362333 ] } },
{ "type": "Feature", "properties": { "element": "node", "id": 690985474, "highway": "traffic_signals", "junction": null, "traffic_signals": null, "crossing": null, "traffic_signals:direction": null, "surface": null, "crossing:markings": null, "mapillary": null, "source": null, "survey:date": null, "traffic_calming": null }, "geometry": { "type": "Point", "coordinates": [ 59.5939675, 36.3361489 ] } },
{ "type": "Feature", "properties": { "element": "node", "id": 690985475, "highway": "traffic_signals", "junction": null, "traffic_signals": null, "crossing": null, "traffic_signals:direction": null, "surface": null, "crossing:markings": null, "mapillary": null, "source": null, "survey:date": null, "traffic_calming": null }, "geometry": { "type": "Point", "coordinates": [ 59.5937365, 36.3360421 ] } },
{ "type": "Feature", "properties": { "element": "node", "id": 690985480, "highway": "traffic_signals", "junction": null, "traffic_signals": null, "crossing": null, "traffic_signals:direction": null, "surface": null, "crossing:markings": null, "mapillary": null, "source": null, "survey:date": null, "traffic_calming": null }, "geometry": { "type": "Point", "coordinates": [ 59.6157712, 36.3215144 ] } },
{ "type": "Feature", "properties": { "element": "node", "id": 691767053, "highway": "traffic_signals", "junction": null, "traffic_signals": null, "crossing": null, "traffic_signals:direction": null, "surface": null, "crossing:markings": null, "mapillary": null, "source": null, "survey:date": null, "traffic_calming": null }, "geometry": { "type": "Point", "coordinates": [ 59.5900676, 36.3303514 ] } },
{ "type": "Feature", "properties": { "element": "node", "id": 691767060, "highway": "traffic_signals", "junction": null, "traffic_signals": null, "crossing": null, "traffic_signals:direction": null, "surface": null, "crossing:markings": null, "mapillary": null, "source": null, "survey:date": null, "traffic_calming": null }, "geometry": { "type": "Point", "coordinates": [ 59.5902472, 36.3304513 ] } },
{ "type": "Feature", "properties": { "element": "node", "id": 691767061, "highway": "traffic_signals", "junction": null, "traffic_signals": null, "crossing": null, "traffic_signals:direction": null, "surface": null, "crossing:markings": null, "mapillary": null, "source": null, "survey:date": null, "traffic_calming": null }, "geometry": { "type": "Point", "coordinates": [ 59.5901093, 36.330666 ] } },
{ "type": "Feature", "properties": { "element": "node", "id": 691767062, "highway": "traffic_signals", "junction": null, "traffic_signals": null, "crossing": null, "traffic_signals:direction": null, "surface": null, "crossing:markings": null, "mapillary": null, "source": null, "survey:date": null, "traffic_calming": null }, "geometry": { "type": "Point", "coordinates": [ 59.5899093, 36.3305542 ] } },
{ "type": "Feature", "properties": { "element": "node", "id": 694543495, "highway": "traffic_signals", "junction": null, "traffic_signals": null, "crossing": null, "traffic_signals:direction": null, "surface": null, "crossing:markings": null, "mapillary": null, "source": null, "survey:date": null, "traffic_calming": null }, "geometry": { "type": "Point", "coordinates": [ 59.5348938, 36.3550459 ] } },
{ "type": "Feature", "properties": { "element": "node", "id": 694543498, "highway": "traffic_signals", "junction": null, "traffic_signals": null, "crossing": null, "traffic_signals:direction": null, "surface": null, "crossing:markings": null, "mapillary": null, "source": null, "survey:date": null, "traffic_calming": null }, "geometry": { "type": "Point", "coordinates": [ 59.534881, 36.3549053 ] } },
{ "type": "Feature", "properties": { "element": "node", "id": 694543519, "highway": "traffic_signals", "junction": null, "traffic_signals": null, "crossing": null, "traffic_signals:direction": null, "surface": null, "crossing:markings": null, "mapillary": null, "source": null, "survey:date": null, "traffic_calming": null }, "geometry": { "type": "Point", "coordinates": [ 59.5318455, 36.3591545 ] } },
{ "type": "Feature", "properties": { "element": "node", "id": 694543530, "highway": "traffic_signals", "junction": null, "traffic_signals": null, "crossing": null, "traffic_signals:direction": null, "surface": null, "crossing:markings": null, "mapillary": null, "source": null, "survey:date": null, "traffic_calming": null }, "geometry": { "type": "Point", "coordinates": [ 59.5315462, 36.3593149 ] } },
{ "type": "Feature", "properties": { "element": "node", "id": 694543558, "highway": "traffic_signals", "junction": null, "traffic_signals": null, "crossing": null, "traffic_signals:direction": null, "surface": null, "crossing:markings": null, "mapillary": null, "source": null, "survey:date": null, "traffic_calming": null }, "geometry": { "type": "Point", "coordinates": [ 59.5351253, 36.3549677 ] } },
{ "type": "Feature", "properties": { "element": "node", "id": 694543562, "highway": "traffic_signals", "junction": null, "traffic_signals": null, "crossing": null, "traffic_signals:direction": null, "surface": null, "crossing:markings": null, "mapillary": null, "source": null, "survey:date": null, "traffic_calming": null }, "geometry": { "type": "Point", "coordinates": [ 59.5352129, 36.3550756 ] } },
{ "type": "Feature", "properties": { "element": "node", "id": 697038906, "highway": "traffic_signals", "junction": null, "traffic_signals": null, "crossing": null, "traffic_signals:direction": null, "surface": null, "crossing:markings": null, "mapillary": null, "source": null, "survey:date": null, "traffic_calming": null }, "geometry": { "type": "Point", "coordinates": [ 59.6337031, 36.2993283 ] } },
{ "type": "Feature", "properties": { "element": "node", "id": 697038907, "highway": "traffic_signals", "junction": null, "traffic_signals": null, "crossing": null, "traffic_signals:direction": null, "surface": null, "crossing:markings": null, "mapillary": null, "source": null, "survey:date": null, "traffic_calming": null }, "geometry": { "type": "Point", "coordinates": [ 59.6334241, 36.2992489 ] } },
{ "type": "Feature", "properties": { "element": "node", "id": 697038908, "highway": "traffic_signals", "junction": null, "traffic_signals": null, "crossing": null, "traffic_signals:direction": null, "surface": null, "crossing:markings": null, "mapillary": null, "source": null, "survey:date": null, "traffic_calming": null }, "geometry": { "type": "Point", "coordinates": [ 59.6334544, 36.2990111 ] } },
{ "type": "Feature", "properties": { "element": "node", "id": 697038909, "highway": "traffic_signals", "junction": null, "traffic_signals": null, "crossing": null, "traffic_signals:direction": null, "surface": null, "crossing:markings": null, "mapillary": null, "source": null, "survey:date": null, "traffic_calming": null }, "geometry": { "type": "Point", "coordinates": [ 59.6337354, 36.2990579 ] } },
{ "type": "Feature", "properties": { "element": "node", "id": 697038939, "highway": "traffic_signals", "junction": null, "traffic_signals": "چراغ_راهنمایی", "crossing": null, "traffic_signals:direction": null, "surface": null, "crossing:markings": null, "mapillary": null, "source": null, "survey:date": null, "traffic_calming": null }, "geometry": { "type": "Point", "coordinates": [ 59.6377824, 36.3017088 ] } },
{ "type": "Feature", "properties": { "element": "node", "id": 697038940, "highway": "traffic_signals", "junction": null, "traffic_signals": null, "crossing": null, "traffic_signals:direction": null, "surface": null, "crossing:markings": null, "mapillary": null, "source": null, "survey:date": null, "traffic_calming": null }, "geometry": { "type": "Point", "coordinates": [ 59.6377334, 36.3018869 ] } },
{ "type": "Feature", "properties": { "element": "node", "id": 697038942, "highway": "traffic_signals", "junction": null, "traffic_signals": null, "crossing": null, "traffic_signals:direction": null, "surface": null, "crossing:markings": null, "mapillary": null, "source": null, "survey:date": null, "traffic_calming": null }, "geometry": { "type": "Point", "coordinates": [ 59.6373261, 36.312996 ] } },
{ "type": "Feature", "properties": { "element": "node", "id": 697038943, "highway": "traffic_signals", "junction": null, "traffic_signals": null, "crossing": null, "traffic_signals:direction": null, "surface": null, "crossing:markings": null, "mapillary": null, "source": null, "survey:date": null, "traffic_calming": null }, "geometry": { "type": "Point", "coordinates": [ 59.6374965, 36.3131137 ] } },
{ "type": "Feature", "properties": { "element": "node", "id": 697038944, "highway": "traffic_signals", "junction": null, "traffic_signals": null, "crossing": null, "traffic_signals:direction": null, "surface": null, "crossing:markings": null, "mapillary": null, "source": null, "survey:date": null, "traffic_calming": null }, "geometry": { "type": "Point", "coordinates": [ 59.6375223, 36.3128012 ] } },
{ "type": "Feature", "properties": { "element": "node", "id": 703803300, "highway": "traffic_signals", "junction": null, "traffic_signals": null, "crossing": null, "traffic_signals:direction": null, "surface": null, "crossing:markings": null, "mapillary": null, "source": null, "survey:date": null, "traffic_calming": null }, "geometry": { "type": "Point", "coordinates": [ 59.6328202, 36.265576 ] } },
{ "type": "Feature", "properties": { "element": "node", "id": 703803370, "highway": "traffic_signals", "junction": null, "traffic_signals": null, "crossing": null, "traffic_signals:direction": null, "surface": null, "crossing:markings": null, "mapillary": null, "source": null, "survey:date": null, "traffic_calming": null }, "geometry": { "type": "Point", "coordinates": [ 59.6341999, 36.3054626 ] } },
{ "type": "Feature", "properties": { "element": "node", "id": 703803465, "highway": "traffic_signals", "junction": null, "traffic_signals": null, "crossing": null, "traffic_signals:direction": null, "surface": null, "crossing:markings": null, "mapillary": null, "source": null, "survey:date": null, "traffic_calming": null }, "geometry": { "type": "Point", "coordinates": [ 59.6341179, 36.3058625 ] } },
{ "type": "Feature", "properties": { "element": "node", "id": 703803493, "highway": "traffic_signals", "junction": null, "traffic_signals": null, "crossing": null, "traffic_signals:direction": null, "surface": null, "crossing:markings": null, "mapillary": null, "source": null, "survey:date": null, "traffic_calming": null }, "geometry": { "type": "Point", "coordinates": [ 59.6329106, 36.265976 ] } },
{ "type": "Feature", "properties": { "element": "node", "id": 703803514, "highway": "traffic_signals", "junction": null, "traffic_signals": null, "crossing": null, "traffic_signals:direction": null, "surface": null, "crossing:markings": null, "mapillary": null, "source": null, "survey:date": null, "traffic_calming": null }, "geometry": { "type": "Point", "coordinates": [ 59.6340837, 36.3057003 ] } },
{ "type": "Feature", "properties": { "element": "node", "id": 706667916, "highway": "traffic_signals", "junction": null, "traffic_signals": null, "crossing": null, "traffic_signals:direction": null, "surface": null, "crossing:markings": null, "mapillary": null, "source": null, "survey:date": null, "traffic_calming": null }, "geometry": { "type": "Point", "coordinates": [ 59.6036604, 36.3206085 ] } },
{ "type": "Feature", "properties": { "element": "node", "id": 706667944, "highway": "traffic_signals", "junction": null, "traffic_signals": null, "crossing": null, "traffic_signals:direction": null, "surface": null, "crossing:markings": null, "mapillary": null, "source": null, "survey:date": null, "traffic_calming": null }, "geometry": { "type": "Point", "coordinates": [ 59.6039601, 36.3205271 ] } },
{ "type": "Feature", "properties": { "element": "node", "id": 706667955, "highway": "traffic_signals", "junction": null, "traffic_signals": null, "crossing": null, "traffic_signals:direction": null, "surface": null, "crossing:markings": null, "mapillary": null, "source": null, "survey:date": null, "traffic_calming": null }, "geometry": { "type": "Point", "coordinates": [ 59.5938445, 36.3140248 ] } },
{ "type": "Feature", "properties": { "element": "node", "id": 706667962, "highway": "traffic_signals", "junction": null, "traffic_signals": null, "crossing": null, "traffic_signals:direction": null, "surface": null, "crossing:markings": null, "mapillary": null, "source": null, "survey:date": null, "traffic_calming": null }, "geometry": { "type": "Point", "coordinates": [ 59.6037544, 36.3204562 ] } },
{ "type": "Feature", "properties": { "element": "node", "id": 706667982, "highway": "traffic_signals", "junction": null, "traffic_signals": null, "crossing": null, "traffic_signals:direction": null, "surface": null, "crossing:markings": null, "mapillary": null, "source": null, "survey:date": null, "traffic_calming": null }, "geometry": { "type": "Point", "coordinates": [ 59.6038342, 36.3207371 ] } },
{ "type": "Feature", "properties": { "element": "node", "id": 706667986, "highway": "traffic_signals", "junction": null, "traffic_signals": null, "crossing": null, "traffic_signals:direction": null, "surface": null, "crossing:markings": null, "mapillary": null, "source": null, "survey:date": null, "traffic_calming": null }, "geometry": { "type": "Point", "coordinates": [ 59.5934938, 36.3142206 ] } },
{ "type": "Feature", "properties": { "element": "node", "id": 722123756, "highway": "traffic_signals", "junction": null, "traffic_signals": null, "crossing": null, "traffic_signals:direction": null, "surface": null, "crossing:markings": null, "mapillary": null, "source": null, "survey:date": null, "traffic_calming": null }, "geometry": { "type": "Point", "coordinates": [ 59.6362603, 36.2699272 ] } },
{ "type": "Feature", "properties": { "element": "node", "id": 722123765, "highway": "traffic_signals", "junction": null, "traffic_signals": null, "crossing": null, "traffic_signals:direction": null, "surface": null, "crossing:markings": null, "mapillary": null, "source": null, "survey:date": null, "traffic_calming": null }, "geometry": { "type": "Point", "coordinates": [ 59.6298197, 36.2757279 ] } },
{ "type": "Feature", "properties": { "element": "node", "id": 722123785, "highway": "traffic_signals", "junction": null, "traffic_signals": null, "crossing": null, "traffic_signals:direction": null, "surface": null, "crossing:markings": null, "mapillary": null, "source": null, "survey:date": null, "traffic_calming": null }, "geometry": { "type": "Point", "coordinates": [ 59.6364249, 36.269568 ] } },
{ "type": "Feature", "properties": { "element": "node", "id": 722123795, "highway": "traffic_signals", "junction": null, "traffic_signals": null, "crossing": null, "traffic_signals:direction": null, "surface": null, "crossing:markings": null, "mapillary": null, "source": null, "survey:date": null, "traffic_calming": null }, "geometry": { "type": "Point", "coordinates": [ 59.636194, 36.2694314 ] } },
{ "type": "Feature", "properties": { "element": "node", "id": 722123804, "highway": "traffic_signals", "junction": null, "traffic_signals": null, "crossing": null, "traffic_signals:direction": null, "surface": null, "crossing:markings": null, "mapillary": null, "source": null, "survey:date": null, "traffic_calming": null }, "geometry": { "type": "Point", "coordinates": [ 59.629892, 36.2756012 ] } },
{ "type": "Feature", "properties": { "element": "node", "id": 722123814, "highway": "traffic_signals", "junction": null, "traffic_signals": null, "crossing": null, "traffic_signals:direction": null, "surface": null, "crossing:markings": null, "mapillary": null, "source": null, "survey:date": null, "traffic_calming": null }, "geometry": { "type": "Point", "coordinates": [ 59.629526, 36.2757909 ] } },
{ "type": "Feature", "properties": { "element": "node", "id": 731425184, "highway": "traffic_signals", "junction": null, "traffic_signals": null, "crossing": null, "traffic_signals:direction": null, "surface": null, "crossing:markings": null, "mapillary": null, "source": null, "survey:date": null, "traffic_calming": null }, "geometry": { "type": "Point", "coordinates": [ 59.6603059, 36.3156971 ] } },
{ "type": "Feature", "properties": { "element": "node", "id": 731425204, "highway": "traffic_signals", "junction": null, "traffic_signals": null, "crossing": null, "traffic_signals:direction": null, "surface": null, "crossing:markings": null, "mapillary": null, "source": null, "survey:date": null, "traffic_calming": null }, "geometry": { "type": "Point", "coordinates": [ 59.6501771, 36.3096336 ] } },
{ "type": "Feature", "properties": { "element": "node", "id": 731425206, "highway": "traffic_signals", "junction": null, "traffic_signals": null, "crossing": null, "traffic_signals:direction": null, "surface": null, "crossing:markings": null, "mapillary": null, "source": null, "survey:date": null, "traffic_calming": null }, "geometry": { "type": "Point", "coordinates": [ 59.6604126, 36.3159169 ] } },
{ "type": "Feature", "properties": { "element": "node", "id": 731425256, "highway": "traffic_signals", "junction": null, "traffic_signals": null, "crossing": null, "traffic_signals:direction": null, "surface": null, "crossing:markings": null, "mapillary": null, "source": null, "survey:date": null, "traffic_calming": null }, "geometry": { "type": "Point", "coordinates": [ 59.6447729, 36.3059223 ] } },
{ "type": "Feature", "properties": { "element": "node", "id": 731425276, "highway": "traffic_signals", "junction": null, "traffic_signals": null, "crossing": null, "traffic_signals:direction": null, "surface": null, "crossing:markings": null, "mapillary": null, "source": null, "survey:date": null, "traffic_calming": null }, "geometry": { "type": "Point", "coordinates": [ 59.6604937, 36.3156604 ] } },
{ "type": "Feature", "properties": { "element": "node", "id": 731425327, "highway": "traffic_signals", "junction": null, "traffic_signals": null, "crossing": null, "traffic_signals:direction": null, "surface": null, "crossing:markings": null, "mapillary": null, "source": null, "survey:date": null, "traffic_calming": null }, "geometry": { "type": "Point", "coordinates": [ 59.650318, 36.3097027 ] } },
{ "type": "Feature", "properties": { "element": "node", "id": 731425337, "highway": "traffic_signals", "junction": null, "traffic_signals": null, "crossing": null, "traffic_signals:direction": null, "surface": null, "crossing:markings": null, "mapillary": null, "source": null, "survey:date": null, "traffic_calming": null }, "geometry": { "type": "Point", "coordinates": [ 59.6445363, 36.3058872 ] } },
{ "type": "Feature", "properties": { "element": "node", "id": 731425406, "highway": "traffic_signals", "junction": null, "traffic_signals": null, "crossing": null, "traffic_signals:direction": null, "surface": null, "crossing:markings": null, "mapillary": null, "source": null, "survey:date": null, "traffic_calming": null }, "geometry": { "type": "Point", "coordinates": [ 59.650237, 36.3094455 ] } },
{ "type": "Feature", "properties": { "element": "node", "id": 731425450, "highway": "traffic_signals", "junction": null, "traffic_signals": null, "crossing": null, "traffic_signals:direction": null, "surface": null, "crossing:markings": null, "mapillary": null, "source": null, "survey:date": null, "traffic_calming": null }, "geometry": { "type": "Point", "coordinates": [ 59.644408, 36.3061423 ] } },
{ "type": "Feature", "properties": { "element": "node", "id": 731425480, "highway": "traffic_signals", "junction": null, "traffic_signals": null, "crossing": null, "traffic_signals:direction": null, "surface": null, "crossing:markings": null, "mapillary": null, "source": null, "survey:date": null, "traffic_calming": null }, "geometry": { "type": "Point", "coordinates": [ 59.6504097, 36.3093975 ] } },
{ "type": "Feature", "properties": { "element": "node", "id": 731425483, "highway": "traffic_signals", "junction": null, "traffic_signals": null, "crossing": null, "traffic_signals:direction": null, "surface": null, "crossing:markings": null, "mapillary": null, "source": null, "survey:date": null, "traffic_calming": null }, "geometry": { "type": "Point", "coordinates": [ 59.6602604, 36.3159048 ] } },
{ "type": "Feature", "properties": { "element": "node", "id": 731425488, "highway": "traffic_signals", "junction": null, "traffic_signals": null, "crossing": null, "traffic_signals:direction": null, "surface": null, "crossing:markings": null, "mapillary": null, "source": null, "survey:date": null, "traffic_calming": null }, "geometry": { "type": "Point", "coordinates": [ 59.6446807, 36.3061812 ] } },
{ "type": "Feature", "properties": { "element": "node", "id": 731449378, "highway": "traffic_signals", "junction": null, "traffic_signals": null, "crossing": null, "traffic_signals:direction": null, "surface": null, "crossing:markings": null, "mapillary": null, "source": null, "survey:date": null, "traffic_calming": null }, "geometry": { "type": "Point", "coordinates": [ 59.6446914, 36.2831759 ] } },
{ "type": "Feature", "properties": { "element": "node", "id": 731449400, "highway": "traffic_signals", "junction": null, "traffic_signals": null, "crossing": null, "traffic_signals:direction": null, "surface": null, "crossing:markings": null, "mapillary": null, "source": null, "survey:date": null, "traffic_calming": null }, "geometry": { "type": "Point", "coordinates": [ 59.6457798, 36.2933572 ] } },
{ "type": "Feature", "properties": { "element": "node", "id": 731449409, "highway": "traffic_signals", "junction": null, "traffic_signals": null, "crossing": null, "traffic_signals:direction": null, "surface": null, "crossing:markings": null, "mapillary": null, "source": null, "survey:date": null, "traffic_calming": null }, "geometry": { "type": "Point", "coordinates": [ 59.6432616, 36.2844487 ] } },
{ "type": "Feature", "properties": { "element": "node", "id": 731449416, "highway": "traffic_signals", "junction": null, "traffic_signals": null, "crossing": null, "traffic_signals:direction": null, "surface": null, "crossing:markings": null, "mapillary": null, "source": null, "survey:date": null, "traffic_calming": null }, "geometry": { "type": "Point", "coordinates": [ 59.642948, 36.284407 ] } },
{ "type": "Feature", "properties": { "element": "node", "id": 738075692, "highway": "traffic_signals", "junction": null, "traffic_signals": null, "crossing": null, "traffic_signals:direction": null, "surface": null, "crossing:markings": null, "mapillary": null, "source": null, "survey:date": null, "traffic_calming": null }, "geometry": { "type": "Point", "coordinates": [ 59.4974431, 36.3519916 ] } },
{ "type": "Feature", "properties": { "element": "node", "id": 738075694, "highway": "traffic_signals", "junction": null, "traffic_signals": null, "crossing": null, "traffic_signals:direction": null, "surface": null, "crossing:markings": null, "mapillary": null, "source": null, "survey:date": null, "traffic_calming": null }, "geometry": { "type": "Point", "coordinates": [ 59.4972539, 36.3521173 ] } },
{ "type": "Feature", "properties": { "element": "node", "id": 776533718, "highway": "traffic_signals", "junction": null, "traffic_signals": null, "crossing": null, "traffic_signals:direction": null, "surface": null, "crossing:markings": null, "mapillary": null, "source": null, "survey:date": null, "traffic_calming": null }, "geometry": { "type": "Point", "coordinates": [ 59.6310926, 36.3016801 ] } },
{ "type": "Feature", "properties": { "element": "node", "id": 798800133, "highway": "traffic_signals", "junction": null, "traffic_signals": null, "crossing": null, "traffic_signals:direction": null, "surface": null, "crossing:markings": null, "mapillary": null, "source": null, "survey:date": null, "traffic_calming": null }, "geometry": { "type": "Point", "coordinates": [ 59.5380772, 36.2909587 ] } },
{ "type": "Feature", "properties": { "element": "node", "id": 798800135, "highway": "traffic_signals", "junction": null, "traffic_signals": null, "crossing": null, "traffic_signals:direction": null, "surface": null, "crossing:markings": null, "mapillary": null, "source": null, "survey:date": null, "traffic_calming": null }, "geometry": { "type": "Point", "coordinates": [ 59.5244282, 36.3680979 ] } },
{ "type": "Feature", "properties": { "element": "node", "id": 798800158, "highway": "traffic_signals", "junction": null, "traffic_signals": null, "crossing": null, "traffic_signals:direction": null, "surface": null, "crossing:markings": null, "mapillary": null, "source": null, "survey:date": null, "traffic_calming": null }, "geometry": { "type": "Point", "coordinates": [ 59.5439397, 36.2875451 ] } },
{ "type": "Feature", "properties": { "element": "node", "id": 798800174, "highway": "traffic_signals", "junction": null, "traffic_signals": null, "crossing": null, "traffic_signals:direction": null, "surface": null, "crossing:markings": null, "mapillary": null, "source": null, "survey:date": null, "traffic_calming": null }, "geometry": { "type": "Point", "coordinates": [ 59.5377451, 36.2908405 ] } },
{ "type": "Feature", "properties": { "element": "node", "id": 798800238, "highway": "traffic_signals", "junction": null, "traffic_signals": null, "crossing": null, "traffic_signals:direction": null, "surface": null, "crossing:markings": null, "mapillary": null, "source": null, "survey:date": null, "traffic_calming": null }, "geometry": { "type": "Point", "coordinates": [ 59.5379596, 36.291169 ] } },
{ "type": "Feature", "properties": { "element": "node", "id": 798800294, "highway": "traffic_signals", "junction": null, "traffic_signals": null, "crossing": null, "traffic_signals:direction": null, "surface": null, "crossing:markings": null, "mapillary": null, "source": null, "survey:date": null, "traffic_calming": null }, "geometry": { "type": "Point", "coordinates": [ 59.5247642, 36.3678562 ] } },
{ "type": "Feature", "properties": { "element": "node", "id": 798800342, "highway": "traffic_signals", "junction": null, "traffic_signals": null, "crossing": null, "traffic_signals:direction": null, "surface": null, "crossing:markings": null, "mapillary": null, "source": null, "survey:date": null, "traffic_calming": null }, "geometry": { "type": "Point", "coordinates": [ 59.5376403, 36.2910566 ] } },
{ "type": "Feature", "properties": { "element": "node", "id": 846237696, "highway": "traffic_signals", "junction": null, "traffic_signals": null, "crossing": null, "traffic_signals:direction": null, "surface": null, "crossing:markings": null, "mapillary": null, "source": null, "survey:date": null, "traffic_calming": null }, "geometry": { "type": "Point", "coordinates": [ 59.6675778, 36.2658762 ] } },
{ "type": "Feature", "properties": { "element": "node", "id": 846237707, "highway": "traffic_signals", "junction": null, "traffic_signals": null, "crossing": null, "traffic_signals:direction": null, "surface": null, "crossing:markings": null, "mapillary": null, "source": null, "survey:date": null, "traffic_calming": null }, "geometry": { "type": "Point", "coordinates": [ 59.6676816, 36.2661983 ] } },
{ "type": "Feature", "properties": { "element": "node", "id": 846237718, "highway": "traffic_signals", "junction": null, "traffic_signals": null, "crossing": null, "traffic_signals:direction": null, "surface": null, "crossing:markings": null, "mapillary": null, "source": null, "survey:date": null, "traffic_calming": null }, "geometry": { "type": "Point", "coordinates": [ 59.6674323, 36.2660827 ] } },
{ "type": "Feature", "properties": { "element": "node", "id": 846237729, "highway": "traffic_signals", "junction": null, "traffic_signals": null, "crossing": null, "traffic_signals:direction": null, "surface": null, "crossing:markings": null, "mapillary": null, "source": null, "survey:date": null, "traffic_calming": null }, "geometry": { "type": "Point", "coordinates": [ 59.6677986, 36.2660618 ] } },
{ "type": "Feature", "properties": { "element": "node", "id": 874418551, "highway": "traffic_signals", "junction": null, "traffic_signals": null, "crossing": null, "traffic_signals:direction": null, "surface": null, "crossing:markings": null, "mapillary": null, "source": null, "survey:date": null, "traffic_calming": null }, "geometry": { "type": "Point", "coordinates": [ 59.5586421, 36.3159949 ] } },
{ "type": "Feature", "properties": { "element": "node", "id": 879188507, "highway": "traffic_signals", "junction": null, "traffic_signals": null, "crossing": null, "traffic_signals:direction": null, "surface": null, "crossing:markings": null, "mapillary": null, "source": null, "survey:date": null, "traffic_calming": null }, "geometry": { "type": "Point", "coordinates": [ 59.4930414, 36.3182832 ] } },
{ "type": "Feature", "properties": { "element": "node", "id": 879188524, "highway": "traffic_signals", "junction": null, "traffic_signals": null, "crossing": null, "traffic_signals:direction": null, "surface": null, "crossing:markings": null, "mapillary": null, "source": null, "survey:date": null, "traffic_calming": null }, "geometry": { "type": "Point", "coordinates": [ 59.4931987, 36.3180631 ] } },
{ "type": "Feature", "properties": { "element": "node", "id": 879188531, "highway": "traffic_signals", "junction": null, "traffic_signals": null, "crossing": null, "traffic_signals:direction": null, "surface": null, "crossing:markings": null, "mapillary": null, "source": null, "survey:date": null, "traffic_calming": null }, "geometry": { "type": "Point", "coordinates": [ 59.4934664, 36.3181735 ] } },
{ "type": "Feature", "properties": { "element": "node", "id": 879188558, "highway": "traffic_signals", "junction": null, "traffic_signals": null, "crossing": null, "traffic_signals:direction": null, "surface": null, "crossing:markings": null, "mapillary": null, "source": null, "survey:date": null, "traffic_calming": null }, "geometry": { "type": "Point", "coordinates": [ 59.4933087, 36.3184202 ] } },
{ "type": "Feature", "properties": { "element": "node", "id": 985613477, "highway": "traffic_signals", "junction": null, "traffic_signals": null, "crossing": null, "traffic_signals:direction": null, "surface": null, "crossing:markings": null, "mapillary": null, "source": null, "survey:date": null, "traffic_calming": null }, "geometry": { "type": "Point", "coordinates": [ 59.5016429, 36.3518868 ] } },
{ "type": "Feature", "properties": { "element": "node", "id": 985613685, "highway": "traffic_signals", "junction": null, "traffic_signals": null, "crossing": null, "traffic_signals:direction": null, "surface": null, "crossing:markings": null, "mapillary": null, "source": null, "survey:date": null, "traffic_calming": null }, "geometry": { "type": "Point", "coordinates": [ 59.5015336, 36.3522681 ] } },
{ "type": "Feature", "properties": { "element": "node", "id": 985629306, "highway": "traffic_signals", "junction": null, "traffic_signals": null, "crossing": null, "traffic_signals:direction": null, "surface": null, "crossing:markings": null, "mapillary": null, "source": null, "survey:date": null, "traffic_calming": null }, "geometry": { "type": "Point", "coordinates": [ 59.5071747, 36.3518125 ] } },
{ "type": "Feature", "properties": { "element": "node", "id": 985629313, "highway": "traffic_signals", "junction": null, "traffic_signals": null, "crossing": null, "traffic_signals:direction": null, "surface": null, "crossing:markings": null, "mapillary": null, "source": null, "survey:date": null, "traffic_calming": null }, "geometry": { "type": "Point", "coordinates": [ 59.507084, 36.3521071 ] } },
{ "type": "Feature", "properties": { "element": "node", "id": 985634778, "highway": "traffic_signals", "junction": null, "traffic_signals": null, "crossing": null, "traffic_signals:direction": null, "surface": null, "crossing:markings": null, "mapillary": null, "source": null, "survey:date": null, "traffic_calming": null }, "geometry": { "type": "Point", "coordinates": [ 59.5068563, 36.3627076 ] } },
{ "type": "Feature", "properties": { "element": "node", "id": 985634808, "highway": "traffic_signals", "junction": null, "traffic_signals": null, "crossing": null, "traffic_signals:direction": null, "surface": null, "crossing:markings": null, "mapillary": null, "source": null, "survey:date": null, "traffic_calming": null }, "geometry": { "type": "Point", "coordinates": [ 59.5065446, 36.3629245 ] } },
{ "type": "Feature", "properties": { "element": "node", "id": 985867329, "highway": "traffic_signals", "junction": null, "traffic_signals": null, "crossing": null, "traffic_signals:direction": null, "surface": null, "crossing:markings": null, "mapillary": null, "source": null, "survey:date": null, "traffic_calming": null }, "geometry": { "type": "Point", "coordinates": [ 59.577754, 36.2881006 ] } },
{ "type": "Feature", "properties": { "element": "node", "id": 985867340, "highway": "traffic_signals", "junction": "circular", "traffic_signals": null, "crossing": null, "traffic_signals:direction": null, "surface": null, "crossing:markings": null, "mapillary": null, "source": null, "survey:date": null, "traffic_calming": null }, "geometry": { "type": "Point", "coordinates": [ 59.5856873, 36.2911742 ] } },
{ "type": "Feature", "properties": { "element": "node", "id": 985867393, "highway": "traffic_signals", "junction": null, "traffic_signals": null, "crossing": null, "traffic_signals:direction": null, "surface": null, "crossing:markings": null, "mapillary": null, "source": null, "survey:date": null, "traffic_calming": null }, "geometry": { "type": "Point", "coordinates": [ 59.5775774, 36.2881312 ] } },
{ "type": "Feature", "properties": { "element": "node", "id": 1013605294, "highway": "traffic_signals", "junction": null, "traffic_signals": null, "crossing": null, "traffic_signals:direction": null, "surface": null, "crossing:markings": null, "mapillary": null, "source": null, "survey:date": null, "traffic_calming": null }, "geometry": { "type": "Point", "coordinates": [ 59.609037, 36.2675723 ] } },
{ "type": "Feature", "properties": { "element": "node", "id": 1013605298, "highway": "traffic_signals", "junction": null, "traffic_signals": null, "crossing": null, "traffic_signals:direction": null, "surface": null, "crossing:markings": null, "mapillary": null, "source": null, "survey:date": null, "traffic_calming": null }, "geometry": { "type": "Point", "coordinates": [ 59.6093119, 36.268036 ] } },
{ "type": "Feature", "properties": { "element": "node", "id": 1028328262, "highway": "traffic_signals", "junction": null, "traffic_signals": null, "crossing": null, "traffic_signals:direction": null, "surface": null, "crossing:markings": null, "mapillary": null, "source": null, "survey:date": null, "traffic_calming": null }, "geometry": { "type": "Point", "coordinates": [ 59.5024183, 36.3078746 ] } },
{ "type": "Feature", "properties": { "element": "node", "id": 1028328610, "highway": "traffic_signals", "junction": null, "traffic_signals": null, "crossing": null, "traffic_signals:direction": null, "surface": null, "crossing:markings": null, "mapillary": null, "source": null, "survey:date": null, "traffic_calming": null }, "geometry": { "type": "Point", "coordinates": [ 59.5023437, 36.3080581 ] } },
{ "type": "Feature", "properties": { "element": "node", "id": 1028328978, "highway": "traffic_signals", "junction": null, "traffic_signals": null, "crossing": null, "traffic_signals:direction": null, "surface": null, "crossing:markings": null, "mapillary": null, "source": null, "survey:date": null, "traffic_calming": null }, "geometry": { "type": "Point", "coordinates": [ 59.5021557, 36.30784 ] } },
{ "type": "Feature", "properties": { "element": "node", "id": 1028329010, "highway": "traffic_signals", "junction": null, "traffic_signals": null, "crossing": null, "traffic_signals:direction": null, "surface": null, "crossing:markings": null, "mapillary": null, "source": null, "survey:date": null, "traffic_calming": null }, "geometry": { "type": "Point", "coordinates": [ 59.5020655, 36.3080135 ] } },
{ "type": "Feature", "properties": { "element": "node", "id": 1030097847, "highway": "traffic_signals", "junction": null, "traffic_signals": null, "crossing": null, "traffic_signals:direction": null, "surface": null, "crossing:markings": null, "mapillary": null, "source": null, "survey:date": null, "traffic_calming": null }, "geometry": { "type": "Point", "coordinates": [ 59.5032615, 36.3316743 ] } },
{ "type": "Feature", "properties": { "element": "node", "id": 1030590034, "highway": "traffic_signals", "junction": null, "traffic_signals": null, "crossing": null, "traffic_signals:direction": null, "surface": null, "crossing:markings": null, "mapillary": null, "source": null, "survey:date": null, "traffic_calming": null }, "geometry": { "type": "Point", "coordinates": [ 59.5397496, 36.3151469 ] } },
{ "type": "Feature", "properties": { "element": "node", "id": 1034214889, "highway": "traffic_signals", "junction": null, "traffic_signals": null, "crossing": null, "traffic_signals:direction": null, "surface": null, "crossing:markings": null, "mapillary": null, "source": null, "survey:date": null, "traffic_calming": null }, "geometry": { "type": "Point", "coordinates": [ 59.5721846, 36.2921186 ] } },
{ "type": "Feature", "properties": { "element": "node", "id": 1034215061, "highway": "traffic_signals", "junction": null, "traffic_signals": null, "crossing": null, "traffic_signals:direction": null, "surface": null, "crossing:markings": null, "mapillary": null, "source": null, "survey:date": null, "traffic_calming": null }, "geometry": { "type": "Point", "coordinates": [ 59.5719023, 36.2922441 ] } },
{ "type": "Feature", "properties": { "element": "node", "id": 1081996442, "highway": "traffic_signals", "junction": null, "traffic_signals": null, "crossing": null, "traffic_signals:direction": null, "surface": null, "crossing:markings": null, "mapillary": null, "source": null, "survey:date": null, "traffic_calming": null }, "geometry": { "type": "Point", "coordinates": [ 59.6047517, 36.245384 ] } },
{ "type": "Feature", "properties": { "element": "node", "id": 1081996486, "highway": "traffic_signals", "junction": null, "traffic_signals": null, "crossing": null, "traffic_signals:direction": null, "surface": null, "crossing:markings": null, "mapillary": null, "source": null, "survey:date": null, "traffic_calming": null }, "geometry": { "type": "Point", "coordinates": [ 59.6049907, 36.2454702 ] } },
{ "type": "Feature", "properties": { "element": "node", "id": 1081996603, "highway": "traffic_signals", "junction": null, "traffic_signals": null, "crossing": null, "traffic_signals:direction": null, "surface": null, "crossing:markings": null, "mapillary": null, "source": null, "survey:date": null, "traffic_calming": null }, "geometry": { "type": "Point", "coordinates": [ 59.6049277, 36.2456308 ] } },
{ "type": "Feature", "properties": { "element": "node", "id": 1088223513, "highway": "traffic_signals", "junction": null, "traffic_signals": null, "crossing": null, "traffic_signals:direction": null, "surface": "asphalt", "crossing:markings": null, "mapillary": null, "source": null, "survey:date": null, "traffic_calming": null }, "geometry": { "type": "Point", "coordinates": [ 59.559643, 36.2927006 ] } },
{ "type": "Feature", "properties": { "element": "node", "id": 1088223810, "highway": "traffic_signals", "junction": null, "traffic_signals": null, "crossing": null, "traffic_signals:direction": null, "surface": null, "crossing:markings": null, "mapillary": null, "source": null, "survey:date": null, "traffic_calming": null }, "geometry": { "type": "Point", "coordinates": [ 59.5525338, 36.3073342 ] } },
{ "type": "Feature", "properties": { "element": "node", "id": 1088223936, "highway": "traffic_signals", "junction": null, "traffic_signals": null, "crossing": null, "traffic_signals:direction": null, "surface": null, "crossing:markings": null, "mapillary": null, "source": null, "survey:date": null, "traffic_calming": null }, "geometry": { "type": "Point", "coordinates": [ 59.5600274, 36.2929853 ] } },
{ "type": "Feature", "properties": { "element": "node", "id": 1088224372, "highway": "traffic_signals", "junction": null, "traffic_signals": null, "crossing": null, "traffic_signals:direction": null, "surface": null, "crossing:markings": null, "mapillary": null, "source": null, "survey:date": null, "traffic_calming": null }, "geometry": { "type": "Point", "coordinates": [ 59.5597807, 36.293064 ] } },
{ "type": "Feature", "properties": { "element": "node", "id": 1088224374, "highway": "traffic_signals", "junction": null, "traffic_signals": null, "crossing": null, "traffic_signals:direction": null, "surface": null, "crossing:markings": null, "mapillary": null, "source": null, "survey:date": null, "traffic_calming": null }, "geometry": { "type": "Point", "coordinates": [ 59.5524244, 36.3075508 ] } },
{ "type": "Feature", "properties": { "element": "node", "id": 1088499577, "highway": "traffic_signals", "junction": null, "traffic_signals": null, "crossing": null, "traffic_signals:direction": null, "surface": null, "crossing:markings": null, "mapillary": null, "source": null, "survey:date": null, "traffic_calming": null }, "geometry": { "type": "Point", "coordinates": [ 59.5903078, 36.2926206 ] } },
{ "type": "Feature", "properties": { "element": "node", "id": 1088499656, "highway": "traffic_signals", "junction": null, "traffic_signals": null, "crossing": null, "traffic_signals:direction": null, "surface": null, "crossing:markings": null, "mapillary": null, "source": null, "survey:date": null, "traffic_calming": null }, "geometry": { "type": "Point", "coordinates": [ 59.5900966, 36.2926477 ] } },
{ "type": "Feature", "properties": { "element": "node", "id": 1088499728, "highway": "traffic_signals", "junction": null, "traffic_signals": null, "crossing": null, "traffic_signals:direction": null, "surface": null, "crossing:markings": null, "mapillary": null, "source": null, "survey:date": null, "traffic_calming": null }, "geometry": { "type": "Point", "coordinates": [ 59.5729421, 36.2974092 ] } },
{ "type": "Feature", "properties": { "element": "node", "id": 1229962914, "highway": "traffic_signals", "junction": null, "traffic_signals": null, "crossing": null, "traffic_signals:direction": "forward", "surface": null, "crossing:markings": null, "mapillary": null, "source": null, "survey:date": null, "traffic_calming": null }, "geometry": { "type": "Point", "coordinates": [ 59.4808086, 36.3666109 ] } },
{ "type": "Feature", "properties": { "element": "node", "id": 1229964240, "highway": "traffic_signals", "junction": null, "traffic_signals": null, "crossing": null, "traffic_signals:direction": "forward", "surface": null, "crossing:markings": null, "mapillary": null, "source": null, "survey:date": null, "traffic_calming": null }, "geometry": { "type": "Point", "coordinates": [ 59.4805229, 36.3666924 ] } },
{ "type": "Feature", "properties": { "element": "node", "id": 1239565996, "highway": "traffic_signals", "junction": null, "traffic_signals": null, "crossing": null, "traffic_signals:direction": null, "surface": null, "crossing:markings": null, "mapillary": null, "source": null, "survey:date": null, "traffic_calming": null }, "geometry": { "type": "Point", "coordinates": [ 59.5091349, 36.3161304 ] } },
{ "type": "Feature", "properties": { "element": "node", "id": 1239566031, "highway": "traffic_signals", "junction": null, "traffic_signals": null, "crossing": null, "traffic_signals:direction": null, "surface": null, "crossing:markings": null, "mapillary": null, "source": null, "survey:date": null, "traffic_calming": null }, "geometry": { "type": "Point", "coordinates": [ 59.5088422, 36.315596 ] } },
{ "type": "Feature", "properties": { "element": "node", "id": 1241298554, "highway": "traffic_signals", "junction": null, "traffic_signals": null, "crossing": null, "traffic_signals:direction": null, "surface": null, "crossing:markings": null, "mapillary": null, "source": null, "survey:date": null, "traffic_calming": null }, "geometry": { "type": "Point", "coordinates": [ 59.5984101, 36.2550352 ] } },
{ "type": "Feature", "properties": { "element": "node", "id": 1319887546, "highway": "traffic_signals", "junction": null, "traffic_signals": null, "crossing": null, "traffic_signals:direction": null, "surface": null, "crossing:markings": null, "mapillary": null, "source": null, "survey:date": null, "traffic_calming": null }, "geometry": { "type": "Point", "coordinates": [ 59.5916562, 36.2930625 ] } },
{ "type": "Feature", "properties": { "element": "node", "id": 1545729866, "highway": "traffic_signals", "junction": null, "traffic_signals": null, "crossing": null, "traffic_signals:direction": null, "surface": null, "crossing:markings": null, "mapillary": null, "source": null, "survey:date": null, "traffic_calming": null }, "geometry": { "type": "Point", "coordinates": [ 59.5777918, 36.2844474 ] } },
{ "type": "Feature", "properties": { "element": "node", "id": 1545729867, "highway": "traffic_signals", "junction": null, "traffic_signals": null, "crossing": null, "traffic_signals:direction": null, "surface": null, "crossing:markings": null, "mapillary": null, "source": null, "survey:date": null, "traffic_calming": null }, "geometry": { "type": "Point", "coordinates": [ 59.5779919, 36.2844446 ] } },
{ "type": "Feature", "properties": { "element": "node", "id": 1545729870, "highway": "traffic_signals", "junction": null, "traffic_signals": null, "crossing": null, "traffic_signals:direction": null, "surface": null, "crossing:markings": null, "mapillary": null, "source": null, "survey:date": null, "traffic_calming": null }, "geometry": { "type": "Point", "coordinates": [ 59.5780193, 36.2845955 ] } },
{ "type": "Feature", "properties": { "element": "node", "id": 1545729871, "highway": "traffic_signals", "junction": null, "traffic_signals": null, "crossing": null, "traffic_signals:direction": null, "surface": null, "crossing:markings": null, "mapillary": null, "source": null, "survey:date": null, "traffic_calming": null }, "geometry": { "type": "Point", "coordinates": [ 59.579473, 36.2851133 ] } },
{ "type": "Feature", "properties": { "element": "node", "id": 1750032636, "highway": "traffic_signals", "junction": null, "traffic_signals": null, "crossing": null, "traffic_signals:direction": null, "surface": null, "crossing:markings": null, "mapillary": null, "source": null, "survey:date": null, "traffic_calming": null }, "geometry": { "type": "Point", "coordinates": [ 59.5486757, 36.2843645 ] } },
{ "type": "Feature", "properties": { "element": "node", "id": 1750032638, "highway": "traffic_signals", "junction": null, "traffic_signals": null, "crossing": null, "traffic_signals:direction": null, "surface": null, "crossing:markings": null, "mapillary": null, "source": null, "survey:date": null, "traffic_calming": null }, "geometry": { "type": "Point", "coordinates": [ 59.5437228, 36.2872665 ] } },
{ "type": "Feature", "properties": { "element": "node", "id": 1921742985, "highway": "traffic_signals", "junction": "circular", "traffic_signals": null, "crossing": null, "traffic_signals:direction": null, "surface": null, "crossing:markings": null, "mapillary": null, "source": null, "survey:date": null, "traffic_calming": null }, "geometry": { "type": "Point", "coordinates": [ 59.5858352, 36.290881 ] } },
{ "type": "Feature", "properties": { "element": "node", "id": 1921743029, "highway": "traffic_signals", "junction": "circular", "traffic_signals": null, "crossing": null, "traffic_signals:direction": null, "surface": null, "crossing:markings": null, "mapillary": null, "source": null, "survey:date": null, "traffic_calming": null }, "geometry": { "type": "Point", "coordinates": [ 59.5862863, 36.2910293 ] } },
{ "type": "Feature", "properties": { "element": "node", "id": 1921743102, "highway": "traffic_signals", "junction": "circular", "traffic_signals": null, "crossing": null, "traffic_signals:direction": null, "surface": null, "crossing:markings": null, "mapillary": null, "source": null, "survey:date": null, "traffic_calming": null }, "geometry": { "type": "Point", "coordinates": [ 59.5862085, 36.2912688 ] } },
{ "type": "Feature", "properties": { "element": "node", "id": 1921743326, "highway": "traffic_signals", "junction": null, "traffic_signals": null, "crossing": null, "traffic_signals:direction": null, "surface": null, "crossing:markings": null, "mapillary": null, "source": null, "survey:date": null, "traffic_calming": null }, "geometry": { "type": "Point", "coordinates": [ 59.5728633, 36.2970827 ] } },
{ "type": "Feature", "properties": { "element": "node", "id": 1947151869, "highway": "traffic_signals", "junction": null, "traffic_signals": null, "crossing": null, "traffic_signals:direction": null, "surface": null, "crossing:markings": null, "mapillary": null, "source": null, "survey:date": null, "traffic_calming": null }, "geometry": { "type": "Point", "coordinates": [ 59.5957787, 36.3071816 ] } },
{ "type": "Feature", "properties": { "element": "node", "id": 1947151870, "highway": "traffic_signals", "junction": null, "traffic_signals": null, "crossing": null, "traffic_signals:direction": null, "surface": null, "crossing:markings": null, "mapillary": null, "source": null, "survey:date": null, "traffic_calming": null }, "geometry": { "type": "Point", "coordinates": [ 59.596, 36.3072548 ] } },
{ "type": "Feature", "properties": { "element": "node", "id": 1947151872, "highway": "traffic_signals", "junction": null, "traffic_signals": null, "crossing": null, "traffic_signals:direction": null, "surface": null, "crossing:markings": null, "mapillary": null, "source": null, "survey:date": null, "traffic_calming": null }, "geometry": { "type": "Point", "coordinates": [ 59.5956796, 36.3073854 ] } },
{ "type": "Feature", "properties": { "element": "node", "id": 1947151874, "highway": "traffic_signals", "junction": null, "traffic_signals": null, "crossing": null, "traffic_signals:direction": null, "surface": null, "crossing:markings": null, "mapillary": null, "source": null, "survey:date": null, "traffic_calming": null }, "geometry": { "type": "Point", "coordinates": [ 59.595923, 36.3074771 ] } },
{ "type": "Feature", "properties": { "element": "node", "id": 2184147912, "highway": "traffic_signals", "junction": null, "traffic_signals": null, "crossing": null, "traffic_signals:direction": null, "surface": null, "crossing:markings": null, "mapillary": null, "source": null, "survey:date": null, "traffic_calming": null }, "geometry": { "type": "Point", "coordinates": [ 59.604676, 36.2455264 ] } },
{ "type": "Feature", "properties": { "element": "node", "id": 2249333617, "highway": "traffic_signals", "junction": null, "traffic_signals": null, "crossing": null, "traffic_signals:direction": null, "surface": null, "crossing:markings": null, "mapillary": null, "source": null, "survey:date": null, "traffic_calming": null }, "geometry": { "type": "Point", "coordinates": [ 59.5176232, 36.3589946 ] } },
{ "type": "Feature", "properties": { "element": "node", "id": 2249333622, "highway": "traffic_signals", "junction": null, "traffic_signals": null, "crossing": null, "traffic_signals:direction": null, "surface": null, "crossing:markings": null, "mapillary": null, "source": null, "survey:date": null, "traffic_calming": null }, "geometry": { "type": "Point", "coordinates": [ 59.5172395, 36.3590872 ] } },
{ "type": "Feature", "properties": { "element": "node", "id": 2249333626, "highway": "traffic_signals", "junction": null, "traffic_signals": null, "crossing": null, "traffic_signals:direction": null, "surface": null, "crossing:markings": null, "mapillary": null, "source": null, "survey:date": null, "traffic_calming": null }, "geometry": { "type": "Point", "coordinates": [ 59.5175896, 36.359197 ] } },
{ "type": "Feature", "properties": { "element": "node", "id": 2249333632, "highway": "traffic_signals", "junction": null, "traffic_signals": null, "crossing": null, "traffic_signals:direction": null, "surface": null, "crossing:markings": null, "mapillary": null, "source": null, "survey:date": null, "traffic_calming": null }, "geometry": { "type": "Point", "coordinates": [ 59.5172232, 36.3593016 ] } },
{ "type": "Feature", "properties": { "element": "node", "id": 2249333643, "highway": "traffic_signals", "junction": null, "traffic_signals": null, "crossing": null, "traffic_signals:direction": null, "surface": null, "crossing:markings": null, "mapillary": null, "source": null, "survey:date": null, "traffic_calming": null }, "geometry": { "type": "Point", "coordinates": [ 59.5224204, 36.3607006 ] } },
{ "type": "Feature", "properties": { "element": "node", "id": 2249333648, "highway": "traffic_signals", "junction": null, "traffic_signals": null, "crossing": null, "traffic_signals:direction": null, "surface": null, "crossing:markings": null, "mapillary": null, "source": null, "survey:date": null, "traffic_calming": null }, "geometry": { "type": "Point", "coordinates": [ 59.5227668, 36.3607277 ] } },
{ "type": "Feature", "properties": { "element": "node", "id": 2249333658, "highway": "traffic_signals", "junction": null, "traffic_signals": null, "crossing": null, "traffic_signals:direction": null, "surface": null, "crossing:markings": null, "mapillary": null, "source": null, "survey:date": null, "traffic_calming": null }, "geometry": { "type": "Point", "coordinates": [ 59.5224025, 36.3609815 ] } },
{ "type": "Feature", "properties": { "element": "node", "id": 2249333662, "highway": "traffic_signals", "junction": null, "traffic_signals": null, "crossing": null, "traffic_signals:direction": null, "surface": null, "crossing:markings": null, "mapillary": null, "source": null, "survey:date": null, "traffic_calming": null }, "geometry": { "type": "Point", "coordinates": [ 59.5227407, 36.3610041 ] } },
{ "type": "Feature", "properties": { "element": "node", "id": 2249333677, "highway": "traffic_signals", "junction": null, "traffic_signals": null, "crossing": null, "traffic_signals:direction": null, "surface": null, "crossing:markings": null, "mapillary": null, "source": null, "survey:date": null, "traffic_calming": null }, "geometry": { "type": "Point", "coordinates": [ 59.5278408, 36.3634442 ] } },
{ "type": "Feature", "properties": { "element": "node", "id": 2249333681, "highway": "traffic_signals", "junction": null, "traffic_signals": null, "crossing": null, "traffic_signals:direction": null, "surface": null, "crossing:markings": null, "mapillary": null, "source": null, "survey:date": null, "traffic_calming": null }, "geometry": { "type": "Point", "coordinates": [ 59.5281758, 36.3634622 ] } },
{ "type": "Feature", "properties": { "element": "node", "id": 2249333692, "highway": "traffic_signals", "junction": null, "traffic_signals": null, "crossing": null, "traffic_signals:direction": null, "surface": null, "crossing:markings": null, "mapillary": null, "source": null, "survey:date": null, "traffic_calming": null }, "geometry": { "type": "Point", "coordinates": [ 59.5278092, 36.3637203 ] } },
{ "type": "Feature", "properties": { "element": "node", "id": 2249333694, "highway": "traffic_signals", "junction": null, "traffic_signals": null, "crossing": null, "traffic_signals:direction": null, "surface": null, "crossing:markings": null, "mapillary": null, "source": null, "survey:date": null, "traffic_calming": null }, "geometry": { "type": "Point", "coordinates": [ 59.5281218, 36.3637269 ] } },
{ "type": "Feature", "properties": { "element": "node", "id": 2265955465, "highway": "traffic_signals", "junction": null, "traffic_signals": null, "crossing": null, "traffic_signals:direction": null, "surface": null, "crossing:markings": null, "mapillary": null, "source": null, "survey:date": null, "traffic_calming": null }, "geometry": { "type": "Point", "coordinates": [ 59.6443639, 36.2830603 ] } },
{ "type": "Feature", "properties": { "element": "node", "id": 2270892126, "highway": "traffic_signals", "junction": null, "traffic_signals": null, "crossing": null, "traffic_signals:direction": null, "surface": null, "crossing:markings": null, "mapillary": null, "source": null, "survey:date": null, "traffic_calming": null }, "geometry": { "type": "Point", "coordinates": [ 59.6326125, 36.2658973 ] } },
{ "type": "Feature", "properties": { "element": "node", "id": 2270892533, "highway": "traffic_signals", "junction": null, "traffic_signals": null, "crossing": null, "traffic_signals:direction": null, "surface": null, "crossing:markings": null, "mapillary": null, "source": null, "survey:date": null, "traffic_calming": null }, "geometry": { "type": "Point", "coordinates": [ 59.6101287, 36.2938802 ] } },
{ "type": "Feature", "properties": { "element": "node", "id": 2270892539, "highway": "traffic_signals", "junction": null, "traffic_signals": null, "crossing": null, "traffic_signals:direction": null, "surface": null, "crossing:markings": null, "mapillary": null, "source": null, "survey:date": null, "traffic_calming": null }, "geometry": { "type": "Point", "coordinates": [ 59.610044, 36.2940161 ] } },
{ "type": "Feature", "properties": { "element": "node", "id": 2270892541, "highway": "traffic_signals", "junction": null, "traffic_signals": null, "crossing": null, "traffic_signals:direction": null, "surface": null, "crossing:markings": null, "mapillary": null, "source": null, "survey:date": null, "traffic_calming": null }, "geometry": { "type": "Point", "coordinates": [ 59.6103386, 36.2940376 ] } },
{ "type": "Feature", "properties": { "element": "node", "id": 2427124478, "highway": "traffic_signals", "junction": null, "traffic_signals": null, "crossing": null, "traffic_signals:direction": null, "surface": null, "crossing:markings": null, "mapillary": null, "source": null, "survey:date": null, "traffic_calming": null }, "geometry": { "type": "Point", "coordinates": [ 59.5093039, 36.3158091 ] } },
{ "type": "Feature", "properties": { "element": "node", "id": 2427124488, "highway": "traffic_signals", "junction": null, "traffic_signals": null, "crossing": null, "traffic_signals:direction": null, "surface": null, "crossing:markings": null, "mapillary": null, "source": null, "survey:date": null, "traffic_calming": null }, "geometry": { "type": "Point", "coordinates": [ 59.5087253, 36.3160207 ] } },
{ "type": "Feature", "properties": { "element": "node", "id": 2449869721, "highway": "traffic_signals", "junction": null, "traffic_signals": null, "crossing": null, "traffic_signals:direction": null, "surface": null, "crossing:markings": null, "mapillary": null, "source": null, "survey:date": null, "traffic_calming": null }, "geometry": { "type": "Point", "coordinates": [ 59.5135991, 36.3516436 ] } },
{ "type": "Feature", "properties": { "element": "node", "id": 2449869725, "highway": "traffic_signals", "junction": null, "traffic_signals": null, "crossing": null, "traffic_signals:direction": null, "surface": null, "crossing:markings": null, "mapillary": null, "source": null, "survey:date": null, "traffic_calming": null }, "geometry": { "type": "Point", "coordinates": [ 59.513277, 36.3517829 ] } },
{ "type": "Feature", "properties": { "element": "node", "id": 2449869738, "highway": "traffic_signals", "junction": null, "traffic_signals": null, "crossing": null, "traffic_signals:direction": null, "surface": null, "crossing:markings": null, "mapillary": null, "source": null, "survey:date": null, "traffic_calming": null }, "geometry": { "type": "Point", "coordinates": [ 59.5137153, 36.3518419 ] } },
{ "type": "Feature", "properties": { "element": "node", "id": 2449869751, "highway": "traffic_signals", "junction": null, "traffic_signals": null, "crossing": null, "traffic_signals:direction": null, "surface": null, "crossing:markings": null, "mapillary": null, "source": null, "survey:date": null, "traffic_calming": null }, "geometry": { "type": "Point", "coordinates": [ 59.5069666, 36.3519304 ] } },
{ "type": "Feature", "properties": { "element": "node", "id": 2449869754, "highway": "traffic_signals", "junction": null, "traffic_signals": null, "crossing": null, "traffic_signals:direction": null, "surface": null, "crossing:markings": null, "mapillary": null, "source": null, "survey:date": null, "traffic_calming": null }, "geometry": { "type": "Point", "coordinates": [ 59.5134418, 36.3519489 ] } },
{ "type": "Feature", "properties": { "element": "node", "id": 2449869763, "highway": "traffic_signals", "junction": null, "traffic_signals": null, "crossing": null, "traffic_signals:direction": null, "surface": null, "crossing:markings": null, "mapillary": null, "source": null, "survey:date": null, "traffic_calming": null }, "geometry": { "type": "Point", "coordinates": [ 59.5073365, 36.3520352 ] } },
{ "type": "Feature", "properties": { "element": "node", "id": 2449869798, "highway": "traffic_signals", "junction": null, "traffic_signals": null, "crossing": null, "traffic_signals:direction": null, "surface": null, "crossing:markings": null, "mapillary": null, "source": null, "survey:date": null, "traffic_calming": null }, "geometry": { "type": "Point", "coordinates": [ 59.4976542, 36.3522161 ] } },
{ "type": "Feature", "properties": { "element": "node", "id": 2449869821, "highway": "traffic_signals", "junction": null, "traffic_signals": null, "crossing": null, "traffic_signals:direction": "forward", "surface": null, "crossing:markings": null, "mapillary": null, "source": null, "survey:date": null, "traffic_calming": null }, "geometry": { "type": "Point", "coordinates": [ 59.5198862, 36.3531934 ] } },
{ "type": "Feature", "properties": { "element": "node", "id": 2449869828, "highway": "traffic_signals", "junction": null, "traffic_signals": null, "crossing": null, "traffic_signals:direction": "forward", "surface": null, "crossing:markings": null, "mapillary": null, "source": null, "survey:date": null, "traffic_calming": null }, "geometry": { "type": "Point", "coordinates": [ 59.5201488, 36.35346 ] } },
{ "type": "Feature", "properties": { "element": "node", "id": 2449869897, "highway": "traffic_signals", "junction": null, "traffic_signals": null, "crossing": null, "traffic_signals:direction": null, "surface": null, "crossing:markings": null, "mapillary": null, "source": null, "survey:date": null, "traffic_calming": null }, "geometry": { "type": "Point", "coordinates": [ 59.5259537, 36.3562725 ] } },
{ "type": "Feature", "properties": { "element": "node", "id": 2449869898, "highway": "traffic_signals", "junction": null, "traffic_signals": null, "crossing": null, "traffic_signals:direction": null, "surface": null, "crossing:markings": null, "mapillary": null, "source": null, "survey:date": null, "traffic_calming": null }, "geometry": { "type": "Point", "coordinates": [ 59.5262062, 36.3562904 ] } },
{ "type": "Feature", "properties": { "element": "node", "id": 2449869913, "highway": "traffic_signals", "junction": null, "traffic_signals": null, "crossing": null, "traffic_signals:direction": null, "surface": null, "crossing:markings": null, "mapillary": null, "source": null, "survey:date": null, "traffic_calming": null }, "geometry": { "type": "Point", "coordinates": [ 59.5258934, 36.3564645 ] } },
{ "type": "Feature", "properties": { "element": "node", "id": 2449869918, "highway": "traffic_signals", "junction": null, "traffic_signals": null, "crossing": null, "traffic_signals:direction": null, "surface": null, "crossing:markings": null, "mapillary": null, "source": null, "survey:date": null, "traffic_calming": null }, "geometry": { "type": "Point", "coordinates": [ 59.5261484, 36.3565058 ] } },
{ "type": "Feature", "properties": { "element": "node", "id": 2449870439, "highway": "traffic_signals", "junction": null, "traffic_signals": null, "crossing": null, "traffic_signals:direction": null, "surface": null, "crossing:markings": null, "mapillary": null, "source": null, "survey:date": null, "traffic_calming": null }, "geometry": { "type": "Point", "coordinates": [ 59.5117392, 36.3648114 ] } },
{ "type": "Feature", "properties": { "element": "node", "id": 2449870450, "highway": "traffic_signals", "junction": null, "traffic_signals": null, "crossing": null, "traffic_signals:direction": null, "surface": null, "crossing:markings": null, "mapillary": null, "source": null, "survey:date": null, "traffic_calming": null }, "geometry": { "type": "Point", "coordinates": [ 59.5114554, 36.3648667 ] } },
{ "type": "Feature", "properties": { "element": "node", "id": 2449870480, "highway": "traffic_signals", "junction": null, "traffic_signals": null, "crossing": null, "traffic_signals:direction": null, "surface": null, "crossing:markings": null, "mapillary": null, "source": null, "survey:date": null, "traffic_calming": null }, "geometry": { "type": "Point", "coordinates": [ 59.5117613, 36.3649906 ] } },
{ "type": "Feature", "properties": { "element": "node", "id": 2449870483, "highway": "traffic_signals", "junction": null, "traffic_signals": null, "crossing": null, "traffic_signals:direction": null, "surface": null, "crossing:markings": null, "mapillary": null, "source": null, "survey:date": null, "traffic_calming": null }, "geometry": { "type": "Point", "coordinates": [ 59.5114295, 36.3650311 ] } },
{ "type": "Feature", "properties": { "element": "node", "id": 2449870539, "highway": "traffic_signals", "junction": null, "traffic_signals": null, "crossing": null, "traffic_signals:direction": null, "surface": null, "crossing:markings": null, "mapillary": null, "source": null, "survey:date": null, "traffic_calming": null }, "geometry": { "type": "Point", "coordinates": [ 59.5183982, 36.3663813 ] } },
{ "type": "Feature", "properties": { "element": "node", "id": 2449870542, "highway": "traffic_signals", "junction": null, "traffic_signals": null, "crossing": null, "traffic_signals:direction": null, "surface": null, "crossing:markings": null, "mapillary": null, "source": null, "survey:date": null, "traffic_calming": null }, "geometry": { "type": "Point", "coordinates": [ 59.5180873, 36.3663805 ] } },
{ "type": "Feature", "properties": { "element": "node", "id": 2449870560, "highway": "traffic_signals", "junction": null, "traffic_signals": null, "crossing": null, "traffic_signals:direction": null, "surface": null, "crossing:markings": null, "mapillary": null, "source": null, "survey:date": null, "traffic_calming": null }, "geometry": { "type": "Point", "coordinates": [ 59.5183868, 36.3665666 ] } },
{ "type": "Feature", "properties": { "element": "node", "id": 2449870561, "highway": "traffic_signals", "junction": null, "traffic_signals": null, "crossing": null, "traffic_signals:direction": null, "surface": null, "crossing:markings": null, "mapillary": null, "source": null, "survey:date": null, "traffic_calming": null }, "geometry": { "type": "Point", "coordinates": [ 59.5180561, 36.3665792 ] } },
{ "type": "Feature", "properties": { "element": "node", "id": 2449870632, "highway": "traffic_signals", "junction": null, "traffic_signals": null, "crossing": null, "traffic_signals:direction": null, "surface": null, "crossing:markings": null, "mapillary": null, "source": null, "survey:date": null, "traffic_calming": null }, "geometry": { "type": "Point", "coordinates": [ 59.5244587, 36.3678916 ] } },
{ "type": "Feature", "properties": { "element": "node", "id": 2449870649, "highway": "traffic_signals", "junction": null, "traffic_signals": null, "crossing": null, "traffic_signals:direction": null, "surface": null, "crossing:markings": null, "mapillary": null, "source": null, "survey:date": null, "traffic_calming": null }, "geometry": { "type": "Point", "coordinates": [ 59.5247395, 36.3680738 ] } },
{ "type": "Feature", "properties": { "element": "node", "id": 2449870676, "highway": "traffic_signals", "junction": null, "traffic_signals": null, "crossing": null, "traffic_signals:direction": null, "surface": null, "crossing:markings": null, "mapillary": null, "source": null, "survey:date": null, "traffic_calming": null }, "geometry": { "type": "Point", "coordinates": [ 59.5086222, 36.3685145 ] } },
{ "type": "Feature", "properties": { "element": "node", "id": 2449870704, "highway": "traffic_signals", "junction": null, "traffic_signals": null, "crossing": null, "traffic_signals:direction": null, "surface": null, "crossing:markings": null, "mapillary": null, "source": null, "survey:date": null, "traffic_calming": null }, "geometry": { "type": "Point", "coordinates": [ 59.5088414, 36.3687386 ] } },
{ "type": "Feature", "properties": { "element": "node", "id": 2462189452, "highway": "traffic_signals", "junction": null, "traffic_signals": null, "crossing": null, "traffic_signals:direction": null, "surface": null, "crossing:markings": null, "mapillary": null, "source": null, "survey:date": null, "traffic_calming": null }, "geometry": { "type": "Point", "coordinates": [ 59.6257323, 36.2707267 ] } },
{ "type": "Feature", "properties": { "element": "node", "id": 2462189454, "highway": "traffic_signals", "junction": null, "traffic_signals": null, "crossing": null, "traffic_signals:direction": null, "surface": null, "crossing:markings": null, "mapillary": null, "source": null, "survey:date": null, "traffic_calming": null }, "geometry": { "type": "Point", "coordinates": [ 59.6259684, 36.270811 ] } },
{ "type": "Feature", "properties": { "element": "node", "id": 2462189457, "highway": "traffic_signals", "junction": null, "traffic_signals": null, "crossing": null, "traffic_signals:direction": null, "surface": null, "crossing:markings": null, "mapillary": null, "source": null, "survey:date": null, "traffic_calming": null }, "geometry": { "type": "Point", "coordinates": [ 59.6256135, 36.2709004 ] } },
{ "type": "Feature", "properties": { "element": "node", "id": 2462189459, "highway": "traffic_signals", "junction": null, "traffic_signals": null, "crossing": null, "traffic_signals:direction": null, "surface": null, "crossing:markings": null, "mapillary": null, "source": null, "survey:date": null, "traffic_calming": null }, "geometry": { "type": "Point", "coordinates": [ 59.6258539, 36.2710281 ] } },
{ "type": "Feature", "properties": { "element": "node", "id": 2559089550, "highway": "traffic_signals", "junction": null, "traffic_signals": null, "crossing": null, "traffic_signals:direction": null, "surface": null, "crossing:markings": null, "mapillary": null, "source": null, "survey:date": null, "traffic_calming": null }, "geometry": { "type": "Point", "coordinates": [ 59.477976, 36.3163587 ] } },
{ "type": "Feature", "properties": { "element": "node", "id": 2640314679, "highway": "traffic_signals", "junction": null, "traffic_signals": null, "crossing": null, "traffic_signals:direction": null, "surface": null, "crossing:markings": null, "mapillary": null, "source": null, "survey:date": null, "traffic_calming": null }, "geometry": { "type": "Point", "coordinates": [ 59.646019, 36.2933877 ] } },
{ "type": "Feature", "properties": { "element": "node", "id": 2640314683, "highway": "traffic_signals", "junction": null, "traffic_signals": null, "crossing": null, "traffic_signals:direction": null, "surface": null, "crossing:markings": null, "mapillary": null, "source": null, "survey:date": null, "traffic_calming": null }, "geometry": { "type": "Point", "coordinates": [ 59.6457521, 36.2935318 ] } },
{ "type": "Feature", "properties": { "element": "node", "id": 2640314707, "highway": "traffic_signals", "junction": null, "traffic_signals": null, "crossing": null, "traffic_signals:direction": null, "surface": null, "crossing:markings": null, "mapillary": null, "source": null, "survey:date": null, "traffic_calming": null }, "geometry": { "type": "Point", "coordinates": [ 59.6406102, 36.2987785 ] } },
{ "type": "Feature", "properties": { "element": "node", "id": 2640314708, "highway": "traffic_signals", "junction": null, "traffic_signals": null, "crossing": null, "traffic_signals:direction": null, "surface": null, "crossing:markings": null, "mapillary": null, "source": null, "survey:date": null, "traffic_calming": null }, "geometry": { "type": "Point", "coordinates": [ 59.6408158, 36.2988206 ] } },
{ "type": "Feature", "properties": { "element": "node", "id": 2640314713, "highway": "traffic_signals", "junction": null, "traffic_signals": null, "crossing": null, "traffic_signals:direction": null, "surface": null, "crossing:markings": null, "mapillary": null, "source": null, "survey:date": null, "traffic_calming": null }, "geometry": { "type": "Point", "coordinates": [ 59.6405566, 36.2989567 ] } },
{ "type": "Feature", "properties": { "element": "node", "id": 2640314714, "highway": "traffic_signals", "junction": null, "traffic_signals": null, "crossing": null, "traffic_signals:direction": null, "surface": null, "crossing:markings": null, "mapillary": null, "source": null, "survey:date": null, "traffic_calming": null }, "geometry": { "type": "Point", "coordinates": [ 59.6407803, 36.2989916 ] } },
{ "type": "Feature", "properties": { "element": "node", "id": 2719790600, "highway": "traffic_signals", "junction": null, "traffic_signals": null, "crossing": null, "traffic_signals:direction": null, "surface": null, "crossing:markings": null, "mapillary": null, "source": null, "survey:date": null, "traffic_calming": null }, "geometry": { "type": "Point", "coordinates": [ 59.6030634, 36.273885 ] } },
{ "type": "Feature", "properties": { "element": "node", "id": 2719790657, "highway": "traffic_signals", "junction": null, "traffic_signals": null, "crossing": null, "traffic_signals:direction": null, "surface": null, "crossing:markings": null, "mapillary": null, "source": null, "survey:date": null, "traffic_calming": null }, "geometry": { "type": "Point", "coordinates": [ 59.5972855, 36.2796264 ] } },
{ "type": "Feature", "properties": { "element": "node", "id": 2719790660, "highway": "traffic_signals", "junction": null, "traffic_signals": null, "crossing": null, "traffic_signals:direction": null, "surface": null, "crossing:markings": null, "mapillary": null, "source": null, "survey:date": null, "traffic_calming": null }, "geometry": { "type": "Point", "coordinates": [ 59.5975035, 36.2796244 ] } },
{ "type": "Feature", "properties": { "element": "node", "id": 2719790669, "highway": "traffic_signals", "junction": null, "traffic_signals": null, "crossing": null, "traffic_signals:direction": null, "surface": null, "crossing:markings": null, "mapillary": null, "source": null, "survey:date": null, "traffic_calming": null }, "geometry": { "type": "Point", "coordinates": [ 59.5972543, 36.2797348 ] } },
{ "type": "Feature", "properties": { "element": "node", "id": 3179633902, "highway": "traffic_signals", "junction": null, "traffic_signals": null, "crossing": null, "traffic_signals:direction": null, "surface": null, "crossing:markings": null, "mapillary": null, "source": null, "survey:date": null, "traffic_calming": null }, "geometry": { "type": "Point", "coordinates": [ 59.5935483, 36.3139928 ] } },
{ "type": "Feature", "properties": { "element": "node", "id": 3188364208, "highway": "traffic_signals", "junction": null, "traffic_signals": null, "crossing": null, "traffic_signals:direction": null, "surface": null, "crossing:markings": null, "mapillary": "315947440162684", "source": "Mapillary Street Objects", "survey:date": "2019-05-07", "traffic_calming": null }, "geometry": { "type": "Point", "coordinates": [ 59.5741085, 36.2868718 ] } },
{ "type": "Feature", "properties": { "element": "node", "id": 3444772535, "highway": "traffic_signals", "junction": null, "traffic_signals": null, "crossing": null, "traffic_signals:direction": null, "surface": "asphalt", "crossing:markings": null, "mapillary": null, "source": null, "survey:date": null, "traffic_calming": null }, "geometry": { "type": "Point", "coordinates": [ 59.6285561, 36.2957276 ] } },
{ "type": "Feature", "properties": { "element": "node", "id": 3451132109, "highway": "traffic_signals", "junction": null, "traffic_signals": null, "crossing": null, "traffic_signals:direction": null, "surface": null, "crossing:markings": null, "mapillary": null, "source": null, "survey:date": null, "traffic_calming": null }, "geometry": { "type": "Point", "coordinates": [ 59.5934441, 36.2836959 ] } },
{ "type": "Feature", "properties": { "element": "node", "id": 3451132111, "highway": "traffic_signals", "junction": null, "traffic_signals": null, "crossing": null, "traffic_signals:direction": null, "surface": null, "crossing:markings": null, "mapillary": null, "source": null, "survey:date": null, "traffic_calming": null }, "geometry": { "type": "Point", "coordinates": [ 59.5931635, 36.2837504 ] } },
{ "type": "Feature", "properties": { "element": "node", "id": 3451132112, "highway": "traffic_signals", "junction": null, "traffic_signals": null, "crossing": null, "traffic_signals:direction": null, "surface": null, "crossing:markings": null, "mapillary": null, "source": null, "survey:date": null, "traffic_calming": null }, "geometry": { "type": "Point", "coordinates": [ 59.5931657, 36.2838373 ] } },
{ "type": "Feature", "properties": { "element": "node", "id": 3451137440, "highway": "traffic_signals", "junction": null, "traffic_signals": null, "crossing": null, "traffic_signals:direction": null, "surface": null, "crossing:markings": null, "mapillary": null, "source": null, "survey:date": null, "traffic_calming": null }, "geometry": { "type": "Point", "coordinates": [ 59.573308, 36.2968034 ] } },
{ "type": "Feature", "properties": { "element": "node", "id": 3451137441, "highway": "traffic_signals", "junction": null, "traffic_signals": null, "crossing": null, "traffic_signals:direction": null, "surface": "asphalt", "crossing:markings": null, "mapillary": null, "source": null, "survey:date": null, "traffic_calming": null }, "geometry": { "type": "Point", "coordinates": [ 59.5731832, 36.2968271 ] } },
{ "type": "Feature", "properties": { "element": "node", "id": 3451137443, "highway": "traffic_signals", "junction": null, "traffic_signals": null, "crossing": null, "traffic_signals:direction": null, "surface": null, "crossing:markings": null, "mapillary": null, "source": null, "survey:date": null, "traffic_calming": null }, "geometry": { "type": "Point", "coordinates": [ 59.5734067, 36.2971227 ] } },
{ "type": "Feature", "properties": { "element": "node", "id": 3468367551, "highway": "traffic_signals", "junction": null, "traffic_signals": null, "crossing": null, "traffic_signals:direction": null, "surface": null, "crossing:markings": null, "mapillary": null, "source": null, "survey:date": null, "traffic_calming": null }, "geometry": { "type": "Point", "coordinates": [ 59.6161805, 36.2607773 ] } },
{ "type": "Feature", "properties": { "element": "node", "id": 3468367552, "highway": "traffic_signals", "junction": null, "traffic_signals": null, "crossing": null, "traffic_signals:direction": null, "surface": null, "crossing:markings": null, "mapillary": null, "source": null, "survey:date": null, "traffic_calming": null }, "geometry": { "type": "Point", "coordinates": [ 59.615795, 36.2608058 ] } },
{ "type": "Feature", "properties": { "element": "node", "id": 3468367555, "highway": "traffic_signals", "junction": null, "traffic_signals": null, "crossing": null, "traffic_signals:direction": null, "surface": null, "crossing:markings": null, "mapillary": null, "source": null, "survey:date": null, "traffic_calming": null }, "geometry": { "type": "Point", "coordinates": [ 59.6158399, 36.2609713 ] } },
{ "type": "Feature", "properties": { "element": "node", "id": 3468367556, "highway": "traffic_signals", "junction": null, "traffic_signals": null, "crossing": null, "traffic_signals:direction": null, "surface": null, "crossing:markings": null, "mapillary": null, "source": null, "survey:date": null, "traffic_calming": null }, "geometry": { "type": "Point", "coordinates": [ 59.6160372, 36.2610337 ] } },
{ "type": "Feature", "properties": { "element": "node", "id": 3491773470, "highway": "traffic_signals", "junction": null, "traffic_signals": null, "crossing": null, "traffic_signals:direction": null, "surface": "asphalt", "crossing:markings": null, "mapillary": null, "source": null, "survey:date": null, "traffic_calming": null }, "geometry": { "type": "Point", "coordinates": [ 59.6281068, 36.2959756 ] } },
{ "type": "Feature", "properties": { "element": "node", "id": 3846156709, "highway": "traffic_signals", "junction": null, "traffic_signals": null, "crossing": null, "traffic_signals:direction": null, "surface": null, "crossing:markings": null, "mapillary": null, "source": null, "survey:date": null, "traffic_calming": null }, "geometry": { "type": "Point", "coordinates": [ 59.4879855, 36.3520656 ] } },
{ "type": "Feature", "properties": { "element": "node", "id": 3846190257, "highway": "traffic_signals", "junction": null, "traffic_signals": null, "crossing": null, "traffic_signals:direction": null, "surface": null, "crossing:markings": null, "mapillary": null, "source": null, "survey:date": null, "traffic_calming": null }, "geometry": { "type": "Point", "coordinates": [ 59.4883074, 36.3521974 ] } },
{ "type": "Feature", "properties": { "element": "node", "id": 3903445455, "highway": "traffic_signals", "junction": null, "traffic_signals": "signal", "crossing": null, "traffic_signals:direction": null, "surface": null, "crossing:markings": null, "mapillary": null, "source": null, "survey:date": null, "traffic_calming": null }, "geometry": { "type": "Point", "coordinates": [ 59.6292642, 36.2863331 ] } },
{ "type": "Feature", "properties": { "element": "node", "id": 3903445456, "highway": "traffic_signals", "junction": null, "traffic_signals": "signal", "crossing": null, "traffic_signals:direction": null, "surface": null, "crossing:markings": null, "mapillary": null, "source": null, "survey:date": null, "traffic_calming": null }, "geometry": { "type": "Point", "coordinates": [ 59.6296151, 36.2864075 ] } },
{ "type": "Feature", "properties": { "element": "node", "id": 3903445557, "highway": "traffic_signals", "junction": null, "traffic_signals": "signal", "crossing": null, "traffic_signals:direction": null, "surface": null, "crossing:markings": null, "mapillary": null, "source": null, "survey:date": null, "traffic_calming": null }, "geometry": { "type": "Point", "coordinates": [ 59.629484, 36.286605 ] } },
{ "type": "Feature", "properties": { "element": "node", "id": 3957353699, "highway": "traffic_signals", "junction": null, "traffic_signals": null, "crossing": null, "traffic_signals:direction": null, "surface": null, "crossing:markings": null, "mapillary": null, "source": null, "survey:date": null, "traffic_calming": null }, "geometry": { "type": "Point", "coordinates": [ 59.5749206, 36.269155 ] } },
{ "type": "Feature", "properties": { "element": "node", "id": 3957798585, "highway": "traffic_signals", "junction": null, "traffic_signals": null, "crossing": null, "traffic_signals:direction": null, "surface": null, "crossing:markings": null, "mapillary": null, "source": null, "survey:date": null, "traffic_calming": null }, "geometry": { "type": "Point", "coordinates": [ 59.6090233, 36.3031196 ] } },
{ "type": "Feature", "properties": { "element": "node", "id": 3957799966, "highway": "traffic_signals", "junction": null, "traffic_signals": null, "crossing": null, "traffic_signals:direction": null, "surface": null, "crossing:markings": null, "mapillary": null, "source": null, "survey:date": null, "traffic_calming": null }, "geometry": { "type": "Point", "coordinates": [ 59.6094237, 36.3029845 ] } },
{ "type": "Feature", "properties": { "element": "node", "id": 4078834720, "highway": "traffic_signals", "junction": null, "traffic_signals": null, "crossing": null, "traffic_signals:direction": null, "surface": null, "crossing:markings": null, "mapillary": null, "source": null, "survey:date": null, "traffic_calming": null }, "geometry": { "type": "Point", "coordinates": [ 59.4778557, 36.3160761 ] } },
{ "type": "Feature", "properties": { "element": "node", "id": 4334520063, "highway": "traffic_signals", "junction": null, "traffic_signals": null, "crossing": null, "traffic_signals:direction": null, "surface": null, "crossing:markings": null, "mapillary": null, "source": null, "survey:date": null, "traffic_calming": null }, "geometry": { "type": "Point", "coordinates": [ 59.4679919, 36.3655749 ] } },
{ "type": "Feature", "properties": { "element": "node", "id": 4334520064, "highway": "traffic_signals", "junction": null, "traffic_signals": null, "crossing": null, "traffic_signals:direction": null, "surface": null, "crossing:markings": null, "mapillary": null, "source": null, "survey:date": null, "traffic_calming": null }, "geometry": { "type": "Point", "coordinates": [ 59.4683356, 36.3656727 ] } },
{ "type": "Feature", "properties": { "element": "node", "id": 4334520065, "highway": "traffic_signals", "junction": null, "traffic_signals": null, "crossing": null, "traffic_signals:direction": null, "surface": null, "crossing:markings": null, "mapillary": null, "source": null, "survey:date": null, "traffic_calming": null }, "geometry": { "type": "Point", "coordinates": [ 59.4678141, 36.3657258 ] } },
{ "type": "Feature", "properties": { "element": "node", "id": 4334520066, "highway": "traffic_signals", "junction": null, "traffic_signals": null, "crossing": null, "traffic_signals:direction": null, "surface": null, "crossing:markings": null, "mapillary": null, "source": null, "survey:date": null, "traffic_calming": null }, "geometry": { "type": "Point", "coordinates": [ 59.4681244, 36.3658761 ] } },
{ "type": "Feature", "properties": { "element": "node", "id": 4471555892, "highway": "traffic_signals", "junction": null, "traffic_signals": null, "crossing": null, "traffic_signals:direction": null, "surface": "asphalt", "crossing:markings": null, "mapillary": null, "source": null, "survey:date": null, "traffic_calming": null }, "geometry": { "type": "Point", "coordinates": [ 59.5747973, 36.2693607 ] } },
{ "type": "Feature", "properties": { "element": "node", "id": 4471555894, "highway": "traffic_signals", "junction": null, "traffic_signals": null, "crossing": null, "traffic_signals:direction": null, "surface": "asphalt", "crossing:markings": null, "mapillary": null, "source": null, "survey:date": null, "traffic_calming": null }, "geometry": { "type": "Point", "coordinates": [ 59.5749, 36.2693834 ] } },
{ "type": "Feature", "properties": { "element": "node", "id": 4471555896, "highway": "traffic_signals", "junction": null, "traffic_signals": null, "crossing": null, "traffic_signals:direction": null, "surface": "asphalt", "crossing:markings": null, "mapillary": null, "source": null, "survey:date": null, "traffic_calming": null }, "geometry": { "type": "Point", "coordinates": [ 59.575113, 36.2696532 ] } },
{ "type": "Feature", "properties": { "element": "node", "id": 4471555900, "highway": "traffic_signals", "junction": null, "traffic_signals": null, "crossing": null, "traffic_signals:direction": null, "surface": "asphalt", "crossing:markings": null, "mapillary": null, "source": null, "survey:date": null, "traffic_calming": null }, "geometry": { "type": "Point", "coordinates": [ 59.575204, 36.2696828 ] } },
{ "type": "Feature", "properties": { "element": "node", "id": 4471555901, "highway": "traffic_signals", "junction": null, "traffic_signals": null, "crossing": null, "traffic_signals:direction": null, "surface": null, "crossing:markings": null, "mapillary": null, "source": null, "survey:date": null, "traffic_calming": null }, "geometry": { "type": "Point", "coordinates": [ 59.5751071, 36.2698778 ] } },
{ "type": "Feature", "properties": { "element": "node", "id": 4674839172, "highway": "traffic_signals", "junction": null, "traffic_signals": null, "crossing": null, "traffic_signals:direction": null, "surface": null, "crossing:markings": null, "mapillary": null, "source": null, "survey:date": null, "traffic_calming": null }, "geometry": { "type": "Point", "coordinates": [ 59.6284928, 36.2961073 ] } },
{ "type": "Feature", "properties": { "element": "node", "id": 4674839173, "highway": "traffic_signals", "junction": null, "traffic_signals": null, "crossing": null, "traffic_signals:direction": null, "surface": null, "crossing:markings": null, "mapillary": null, "source": null, "survey:date": null, "traffic_calming": null }, "geometry": { "type": "Point", "coordinates": [ 59.6280775, 36.2956752 ] } },
{ "type": "Feature", "properties": { "element": "node", "id": 4829281375, "highway": "traffic_signals", "junction": null, "traffic_signals": null, "crossing": null, "traffic_signals:direction": null, "surface": null, "crossing:markings": null, "mapillary": null, "source": null, "survey:date": null, "traffic_calming": null }, "geometry": { "type": "Point", "coordinates": [ 59.5916919, 36.2855695 ] } },
{ "type": "Feature", "properties": { "element": "node", "id": 4829281376, "highway": "traffic_signals", "junction": null, "traffic_signals": null, "crossing": null, "traffic_signals:direction": null, "surface": null, "crossing:markings": null, "mapillary": null, "source": null, "survey:date": null, "traffic_calming": null }, "geometry": { "type": "Point", "coordinates": [ 59.5917684, 36.2853599 ] } },
{ "type": "Feature", "properties": { "element": "node", "id": 4829281377, "highway": "traffic_signals", "junction": null, "traffic_signals": null, "crossing": null, "traffic_signals:direction": null, "surface": null, "crossing:markings": null, "mapillary": null, "source": null, "survey:date": null, "traffic_calming": null }, "geometry": { "type": "Point", "coordinates": [ 59.5915355, 36.2853116 ] } },
{ "type": "Feature", "properties": { "element": "node", "id": 4829281378, "highway": "traffic_signals", "junction": null, "traffic_signals": null, "crossing": null, "traffic_signals:direction": null, "surface": null, "crossing:markings": null, "mapillary": null, "source": null, "survey:date": null, "traffic_calming": null }, "geometry": { "type": "Point", "coordinates": [ 59.5914716, 36.2855133 ] } },
{ "type": "Feature", "properties": { "element": "node", "id": 4969962716, "highway": "traffic_signals", "junction": null, "traffic_signals": null, "crossing": null, "traffic_signals:direction": null, "surface": null, "crossing:markings": null, "mapillary": null, "source": null, "survey:date": null, "traffic_calming": null }, "geometry": { "type": "Point", "coordinates": [ 59.6020781, 36.2913432 ] } },
{ "type": "Feature", "properties": { "element": "node", "id": 4969962718, "highway": "traffic_signals", "junction": null, "traffic_signals": null, "crossing": null, "traffic_signals:direction": null, "surface": null, "crossing:markings": null, "mapillary": null, "source": null, "survey:date": null, "traffic_calming": null }, "geometry": { "type": "Point", "coordinates": [ 59.599006, 36.2867458 ] } },
{ "type": "Feature", "properties": { "element": "node", "id": 5081820558, "highway": "traffic_signals", "junction": "circular", "traffic_signals": "signal", "crossing": null, "traffic_signals:direction": null, "surface": null, "crossing:markings": null, "mapillary": null, "source": null, "survey:date": null, "traffic_calming": null }, "geometry": { "type": "Point", "coordinates": [ 59.5045053, 36.3110872 ] } },
{ "type": "Feature", "properties": { "element": "node", "id": 5154622196, "highway": "traffic_signals", "junction": null, "traffic_signals": null, "crossing": null, "traffic_signals:direction": null, "surface": null, "crossing:markings": null, "mapillary": null, "source": null, "survey:date": null, "traffic_calming": null }, "geometry": { "type": "Point", "coordinates": [ 59.5840942, 36.3011104 ] } },
{ "type": "Feature", "properties": { "element": "node", "id": 5345468412, "highway": "traffic_signals", "junction": null, "traffic_signals": "signal", "crossing": null, "traffic_signals:direction": null, "surface": null, "crossing:markings": null, "mapillary": null, "source": null, "survey:date": null, "traffic_calming": null }, "geometry": { "type": "Point", "coordinates": [ 59.5860946, 36.323935 ] } },
{ "type": "Feature", "properties": { "element": "node", "id": 5345468413, "highway": "traffic_signals", "junction": null, "traffic_signals": "signal", "crossing": "traffic_signals", "traffic_signals:direction": null, "surface": null, "crossing:markings": null, "mapillary": null, "source": null, "survey:date": null, "traffic_calming": null }, "geometry": { "type": "Point", "coordinates": [ 59.5858342, 36.3238779 ] } },
{ "type": "Feature", "properties": { "element": "node", "id": 5345468416, "highway": "traffic_signals", "junction": null, "traffic_signals": "signal", "crossing": "traffic_signals", "traffic_signals:direction": null, "surface": null, "crossing:markings": null, "mapillary": null, "source": null, "survey:date": null, "traffic_calming": null }, "geometry": { "type": "Point", "coordinates": [ 59.5856934, 36.3241471 ] } },
{ "type": "Feature", "properties": { "element": "node", "id": 6316576010, "highway": "traffic_signals", "junction": null, "traffic_signals": null, "crossing": null, "traffic_signals:direction": null, "surface": null, "crossing:markings": null, "mapillary": null, "source": null, "survey:date": null, "traffic_calming": null }, "geometry": { "type": "Point", "coordinates": [ 59.5130111, 36.288688 ] } },
{ "type": "Feature", "properties": { "element": "node", "id": 6316576011, "highway": "traffic_signals", "junction": null, "traffic_signals": null, "crossing": null, "traffic_signals:direction": null, "surface": null, "crossing:markings": null, "mapillary": null, "source": null, "survey:date": null, "traffic_calming": null }, "geometry": { "type": "Point", "coordinates": [ 59.513643, 36.2889951 ] } },
{ "type": "Feature", "properties": { "element": "node", "id": 6316576012, "highway": "traffic_signals", "junction": null, "traffic_signals": null, "crossing": null, "traffic_signals:direction": null, "surface": null, "crossing:markings": null, "mapillary": null, "source": null, "survey:date": null, "traffic_calming": null }, "geometry": { "type": "Point", "coordinates": [ 59.5128395, 36.2888887 ] } },
{ "type": "Feature", "properties": { "element": "node", "id": 6316576013, "highway": "traffic_signals", "junction": null, "traffic_signals": null, "crossing": null, "traffic_signals:direction": null, "surface": null, "crossing:markings": null, "mapillary": null, "source": null, "survey:date": null, "traffic_calming": null }, "geometry": { "type": "Point", "coordinates": [ 59.5136847, 36.2887764 ] } },
{ "type": "Feature", "properties": { "element": "node", "id": 6316576018, "highway": "traffic_signals", "junction": null, "traffic_signals": null, "crossing": null, "traffic_signals:direction": null, "surface": null, "crossing:markings": null, "mapillary": null, "source": null, "survey:date": null, "traffic_calming": null }, "geometry": { "type": "Point", "coordinates": [ 59.5049175, 36.2920304 ] } },
{ "type": "Feature", "properties": { "element": "node", "id": 6316576019, "highway": "traffic_signals", "junction": null, "traffic_signals": null, "crossing": null, "traffic_signals:direction": null, "surface": null, "crossing:markings": null, "mapillary": null, "source": null, "survey:date": null, "traffic_calming": null }, "geometry": { "type": "Point", "coordinates": [ 59.5051222, 36.291794 ] } },
{ "type": "Feature", "properties": { "element": "node", "id": 6316576020, "highway": "traffic_signals", "junction": null, "traffic_signals": null, "crossing": null, "traffic_signals:direction": null, "surface": null, "crossing:markings": null, "mapillary": null, "source": null, "survey:date": null, "traffic_calming": "hump" }, "geometry": { "type": "Point", "coordinates": [ 59.5053311, 36.2921186 ] } },
{ "type": "Feature", "properties": { "element": "node", "id": 6316576021, "highway": "traffic_signals", "junction": null, "traffic_signals": null, "crossing": null, "traffic_signals:direction": null, "surface": null, "crossing:markings": null, "mapillary": null, "source": null, "survey:date": null, "traffic_calming": null }, "geometry": { "type": "Point", "coordinates": [ 59.5050876, 36.2922826 ] } },
{ "type": "Feature", "properties": { "element": "node", "id": 6316579460, "highway": "traffic_signals", "junction": null, "traffic_signals": null, "crossing": null, "traffic_signals:direction": null, "surface": null, "crossing:markings": null, "mapillary": null, "source": null, "survey:date": null, "traffic_calming": null }, "geometry": { "type": "Point", "coordinates": [ 59.5385262, 36.272689 ] } },
{ "type": "Feature", "properties": { "element": "node", "id": 6316579461, "highway": "traffic_signals", "junction": null, "traffic_signals": null, "crossing": null, "traffic_signals:direction": null, "surface": null, "crossing:markings": null, "mapillary": null, "source": null, "survey:date": null, "traffic_calming": null }, "geometry": { "type": "Point", "coordinates": [ 59.5381918, 36.2726541 ] } },
{ "type": "Feature", "properties": { "element": "node", "id": 6316579462, "highway": "traffic_signals", "junction": null, "traffic_signals": null, "crossing": null, "traffic_signals:direction": null, "surface": null, "crossing:markings": null, "mapillary": null, "source": null, "survey:date": null, "traffic_calming": null }, "geometry": { "type": "Point", "coordinates": [ 59.5383028, 36.2729515 ] } },
{ "type": "Feature", "properties": { "element": "node", "id": 6316579463, "highway": "traffic_signals", "junction": null, "traffic_signals": null, "crossing": null, "traffic_signals:direction": null, "surface": null, "crossing:markings": null, "mapillary": null, "source": null, "survey:date": null, "traffic_calming": null }, "geometry": { "type": "Point", "coordinates": [ 59.5386221, 36.272926 ] } },
{ "type": "Feature", "properties": { "element": "node", "id": 6316983238, "highway": "traffic_signals", "junction": null, "traffic_signals": null, "crossing": null, "traffic_signals:direction": null, "surface": null, "crossing:markings": null, "mapillary": null, "source": null, "survey:date": null, "traffic_calming": null }, "geometry": { "type": "Point", "coordinates": [ 59.5537216, 36.3391167 ] } },
{ "type": "Feature", "properties": { "element": "node", "id": 6316983240, "highway": "traffic_signals", "junction": null, "traffic_signals": null, "crossing": null, "traffic_signals:direction": null, "surface": null, "crossing:markings": null, "mapillary": null, "source": null, "survey:date": null, "traffic_calming": null }, "geometry": { "type": "Point", "coordinates": [ 59.5535327, 36.338861 ] } },
{ "type": "Feature", "properties": { "element": "node", "id": 6316993479, "highway": "traffic_signals", "junction": null, "traffic_signals": null, "crossing": null, "traffic_signals:direction": null, "surface": null, "crossing:markings": null, "mapillary": null, "source": null, "survey:date": null, "traffic_calming": null }, "geometry": { "type": "Point", "coordinates": [ 59.553921, 36.3389952 ] } },
{ "type": "Feature", "properties": { "element": "node", "id": 6594091646, "highway": "traffic_signals", "junction": null, "traffic_signals": null, "crossing": null, "traffic_signals:direction": null, "surface": null, "crossing:markings": null, "mapillary": null, "source": null, "survey:date": null, "traffic_calming": null }, "geometry": { "type": "Point", "coordinates": [ 59.5738691, 36.2870364 ] } },
{ "type": "Feature", "properties": { "element": "node", "id": 6611481165, "highway": "traffic_signals", "junction": null, "traffic_signals": null, "crossing": null, "traffic_signals:direction": null, "surface": null, "crossing:markings": null, "mapillary": null, "source": null, "survey:date": null, "traffic_calming": null }, "geometry": { "type": "Point", "coordinates": [ 59.5461065, 36.3186199 ] } },
{ "type": "Feature", "properties": { "element": "node", "id": 6611481167, "highway": "traffic_signals", "junction": null, "traffic_signals": null, "crossing": null, "traffic_signals:direction": null, "surface": null, "crossing:markings": null, "mapillary": null, "source": null, "survey:date": null, "traffic_calming": null }, "geometry": { "type": "Point", "coordinates": [ 59.5460616, 36.3182769 ] } },
{ "type": "Feature", "properties": { "element": "node", "id": 7079911676, "highway": "traffic_signals", "junction": null, "traffic_signals": null, "crossing": null, "traffic_signals:direction": null, "surface": null, "crossing:markings": null, "mapillary": null, "source": null, "survey:date": null, "traffic_calming": null }, "geometry": { "type": "Point", "coordinates": [ 59.6087257, 36.2578045 ] } },
{ "type": "Feature", "properties": { "element": "node", "id": 7278304543, "highway": "traffic_signals", "junction": null, "traffic_signals": null, "crossing": "traffic_signals", "traffic_signals:direction": null, "surface": null, "crossing:markings": "zebra", "mapillary": null, "source": null, "survey:date": null, "traffic_calming": null }, "geometry": { "type": "Point", "coordinates": [ 59.5200645, 36.3308236 ] } },
{ "type": "Feature", "properties": { "element": "node", "id": 7278304544, "highway": "traffic_signals", "junction": null, "traffic_signals": null, "crossing": "traffic_signals", "traffic_signals:direction": null, "surface": null, "crossing:markings": "zebra", "mapillary": null, "source": null, "survey:date": null, "traffic_calming": null }, "geometry": { "type": "Point", "coordinates": [ 59.5200896, 36.3311981 ] } },
{ "type": "Feature", "properties": { "element": "node", "id": 7278312592, "highway": "traffic_signals", "junction": null, "traffic_signals": null, "crossing": null, "traffic_signals:direction": null, "surface": null, "crossing:markings": null, "mapillary": null, "source": null, "survey:date": null, "traffic_calming": null }, "geometry": { "type": "Point", "coordinates": [ 59.522826, 36.3398165 ] } },
{ "type": "Feature", "properties": { "element": "node", "id": 7278312593, "highway": "traffic_signals", "junction": null, "traffic_signals": null, "crossing": null, "traffic_signals:direction": null, "surface": null, "crossing:markings": null, "mapillary": null, "source": null, "survey:date": null, "traffic_calming": null }, "geometry": { "type": "Point", "coordinates": [ 59.5225368, 36.3399428 ] } },
{ "type": "Feature", "properties": { "element": "node", "id": 7278312594, "highway": "traffic_signals", "junction": null, "traffic_signals": null, "crossing": null, "traffic_signals:direction": null, "surface": null, "crossing:markings": null, "mapillary": null, "source": null, "survey:date": null, "traffic_calming": null }, "geometry": { "type": "Point", "coordinates": [ 59.5223295, 36.3397424 ] } },
{ "type": "Feature", "properties": { "element": "node", "id": 7297560393, "highway": "traffic_signals", "junction": null, "traffic_signals": null, "crossing": null, "traffic_signals:direction": null, "surface": null, "crossing:markings": null, "mapillary": null, "source": null, "survey:date": null, "traffic_calming": null }, "geometry": { "type": "Point", "coordinates": [ 59.5741667, 36.2869409 ] } },
{ "type": "Feature", "properties": { "element": "node", "id": 7346534780, "highway": "traffic_signals", "junction": null, "traffic_signals": null, "crossing": null, "traffic_signals:direction": null, "surface": null, "crossing:markings": null, "mapillary": null, "source": null, "survey:date": null, "traffic_calming": null }, "geometry": { "type": "Point", "coordinates": [ 59.615978, 36.3218046 ] } },
{ "type": "Feature", "properties": { "element": "node", "id": 7996765159, "highway": "traffic_signals", "junction": null, "traffic_signals": "signal", "crossing": null, "traffic_signals:direction": null, "surface": null, "crossing:markings": null, "mapillary": null, "source": null, "survey:date": null, "traffic_calming": null }, "geometry": { "type": "Point", "coordinates": [ 59.5318762, 36.340635 ] } },
{ "type": "Feature", "properties": { "element": "node", "id": 7996765161, "highway": "traffic_signals", "junction": null, "traffic_signals": "signal", "crossing": null, "traffic_signals:direction": null, "surface": null, "crossing:markings": null, "mapillary": null, "source": null, "survey:date": null, "traffic_calming": null }, "geometry": { "type": "Point", "coordinates": [ 59.5319412, 36.3404252 ] } },
{ "type": "Feature", "properties": { "element": "node", "id": 8042726655, "highway": "traffic_signals", "junction": null, "traffic_signals": null, "crossing": null, "traffic_signals:direction": null, "surface": null, "crossing:markings": null, "mapillary": null, "source": null, "survey:date": null, "traffic_calming": null }, "geometry": { "type": "Point", "coordinates": [ 59.6021998, 36.291702 ] } },
{ "type": "Feature", "properties": { "element": "node", "id": 8049773187, "highway": "traffic_signals", "junction": null, "traffic_signals": null, "crossing": null, "traffic_signals:direction": null, "surface": null, "crossing:markings": null, "mapillary": null, "source": null, "survey:date": null, "traffic_calming": null }, "geometry": { "type": "Point", "coordinates": [ 59.6161668, 36.3141114 ] } },
{ "type": "Feature", "properties": { "element": "node", "id": 8155265318, "highway": "traffic_signals", "junction": null, "traffic_signals": null, "crossing": null, "traffic_signals:direction": null, "surface": null, "crossing:markings": null, "mapillary": null, "source": null, "survey:date": null, "traffic_calming": null }, "geometry": { "type": "Point", "coordinates": [ 59.6379784, 36.3017671 ] } },
{ "type": "Feature", "properties": { "element": "node", "id": 8155265319, "highway": "traffic_signals", "junction": null, "traffic_signals": null, "crossing": null, "traffic_signals:direction": null, "surface": null, "crossing:markings": null, "mapillary": null, "source": null, "survey:date": null, "traffic_calming": null }, "geometry": { "type": "Point", "coordinates": [ 59.6379861, 36.3019908 ] } },
{ "type": "Feature", "properties": { "element": "node", "id": 8746461914, "highway": "traffic_signals", "junction": null, "traffic_signals": null, "crossing": null, "traffic_signals:direction": null, "surface": null, "crossing:markings": null, "mapillary": null, "source": null, "survey:date": null, "traffic_calming": null }, "geometry": { "type": "Point", "coordinates": [ 59.6259479, 36.3355257 ] } },
{ "type": "Feature", "properties": { "element": "node", "id": 8746501617, "highway": "traffic_signals", "junction": null, "traffic_signals": null, "crossing": null, "traffic_signals:direction": null, "surface": null, "crossing:markings": null, "mapillary": null, "source": null, "survey:date": null, "traffic_calming": null }, "geometry": { "type": "Point", "coordinates": [ 59.6257691, 36.3353353 ] } },
{ "type": "Feature", "properties": { "element": "node", "id": 8746501618, "highway": "traffic_signals", "junction": null, "traffic_signals": null, "crossing": null, "traffic_signals:direction": null, "surface": null, "crossing:markings": null, "mapillary": null, "source": null, "survey:date": null, "traffic_calming": null }, "geometry": { "type": "Point", "coordinates": [ 59.6256646, 36.3356659 ] } },
{ "type": "Feature", "properties": { "element": "node", "id": 8746501621, "highway": "traffic_signals", "junction": null, "traffic_signals": null, "crossing": null, "traffic_signals:direction": null, "surface": null, "crossing:markings": null, "mapillary": null, "source": null, "survey:date": null, "traffic_calming": null }, "geometry": { "type": "Point", "coordinates": [ 59.6254805, 36.3355151 ] } },
{ "type": "Feature", "properties": { "element": "node", "id": 8752218172, "highway": "traffic_signals", "junction": null, "traffic_signals": "signal", "crossing": null, "traffic_signals:direction": null, "surface": null, "crossing:markings": null, "mapillary": null, "source": null, "survey:date": null, "traffic_calming": null }, "geometry": { "type": "Point", "coordinates": [ 59.4732868, 36.3631644 ] } },
{ "type": "Feature", "properties": { "element": "node", "id": 8752218187, "highway": "traffic_signals", "junction": null, "traffic_signals": "signal", "crossing": null, "traffic_signals:direction": null, "surface": null, "crossing:markings": null, "mapillary": null, "source": null, "survey:date": null, "traffic_calming": null }, "geometry": { "type": "Point", "coordinates": [ 59.4735207, 36.3632782 ] } },
{ "type": "Feature", "properties": { "element": "node", "id": 8791530737, "highway": "traffic_signals", "junction": null, "traffic_signals": "signal", "crossing": null, "traffic_signals:direction": null, "surface": null, "crossing:markings": null, "mapillary": null, "source": null, "survey:date": null, "traffic_calming": null }, "geometry": { "type": "Point", "coordinates": [ 59.5320416, 36.3405331 ] } },
{ "type": "Feature", "properties": { "element": "node", "id": 8791530738, "highway": "traffic_signals", "junction": null, "traffic_signals": "signal", "crossing": null, "traffic_signals:direction": null, "surface": null, "crossing:markings": null, "mapillary": null, "source": null, "survey:date": null, "traffic_calming": null }, "geometry": { "type": "Point", "coordinates": [ 59.5317563, 36.3405859 ] } },
{ "type": "Feature", "properties": { "element": "node", "id": 8812277256, "highway": "traffic_signals", "junction": null, "traffic_signals": null, "crossing": null, "traffic_signals:direction": null, "surface": null, "crossing:markings": null, "mapillary": null, "source": null, "survey:date": null, "traffic_calming": null }, "geometry": { "type": "Point", "coordinates": [ 59.5013494, 36.352087 ] } },
{ "type": "Feature", "properties": { "element": "node", "id": 8812277257, "highway": "traffic_signals", "junction": null, "traffic_signals": null, "crossing": null, "traffic_signals:direction": null, "surface": null, "crossing:markings": null, "mapillary": null, "source": null, "survey:date": null, "traffic_calming": null }, "geometry": { "type": "Point", "coordinates": [ 59.501795, 36.3521736 ] } },
{ "type": "Feature", "properties": { "element": "node", "id": 8878097620, "highway": "traffic_signals", "junction": null, "traffic_signals": "signal", "crossing": null, "traffic_signals:direction": null, "surface": null, "crossing:markings": null, "mapillary": null, "source": null, "survey:date": null, "traffic_calming": null }, "geometry": { "type": "Point", "coordinates": [ 59.484213, 36.3418874 ] } },
{ "type": "Feature", "properties": { "element": "node", "id": 8878097624, "highway": "traffic_signals", "junction": null, "traffic_signals": "signal", "crossing": null, "traffic_signals:direction": null, "surface": null, "crossing:markings": null, "mapillary": null, "source": null, "survey:date": null, "traffic_calming": null }, "geometry": { "type": "Point", "coordinates": [ 59.4835699, 36.3403469 ] } },
{ "type": "Feature", "properties": { "element": "node", "id": 8878097626, "highway": "traffic_signals", "junction": null, "traffic_signals": "signal", "crossing": null, "traffic_signals:direction": null, "surface": null, "crossing:markings": null, "mapillary": null, "source": null, "survey:date": null, "traffic_calming": null }, "geometry": { "type": "Point", "coordinates": [ 59.4834361, 36.3405169 ] } },
{ "type": "Feature", "properties": { "element": "node", "id": 8878097627, "highway": "traffic_signals", "junction": null, "traffic_signals": "signal", "crossing": null, "traffic_signals:direction": null, "surface": null, "crossing:markings": null, "mapillary": null, "source": null, "survey:date": null, "traffic_calming": null }, "geometry": { "type": "Point", "coordinates": [ 59.4832565, 36.3403934 ] } },
{ "type": "Feature", "properties": { "element": "node", "id": 8878097634, "highway": "traffic_signals", "junction": null, "traffic_signals": "signal", "crossing": null, "traffic_signals:direction": null, "surface": null, "crossing:markings": null, "mapillary": null, "source": null, "survey:date": null, "traffic_calming": null }, "geometry": { "type": "Point", "coordinates": [ 59.4842066, 36.3421285 ] } },
{ "type": "Feature", "properties": { "element": "node", "id": 8878097635, "highway": "traffic_signals", "junction": null, "traffic_signals": "signal", "crossing": null, "traffic_signals:direction": null, "surface": null, "crossing:markings": null, "mapillary": null, "source": null, "survey:date": null, "traffic_calming": null }, "geometry": { "type": "Point", "coordinates": [ 59.4844197, 36.3420228 ] } },
{ "type": "Feature", "properties": { "element": "node", "id": 8878097636, "highway": "traffic_signals", "junction": null, "traffic_signals": "signal", "crossing": null, "traffic_signals:direction": null, "surface": null, "crossing:markings": null, "mapillary": null, "source": null, "survey:date": null, "traffic_calming": null }, "geometry": { "type": "Point", "coordinates": [ 59.4839915, 36.341962 ] } },
{ "type": "Feature", "properties": { "element": "node", "id": 8900203097, "highway": "traffic_signals", "junction": null, "traffic_signals": null, "crossing": null, "traffic_signals:direction": null, "surface": null, "crossing:markings": null, "mapillary": null, "source": null, "survey:date": null, "traffic_calming": null }, "geometry": { "type": "Point", "coordinates": [ 59.6306268, 36.2889683 ] } },
{ "type": "Feature", "properties": { "element": "node", "id": 8900203098, "highway": "traffic_signals", "junction": null, "traffic_signals": null, "crossing": null, "traffic_signals:direction": null, "surface": null, "crossing:markings": null, "mapillary": null, "source": null, "survey:date": null, "traffic_calming": null }, "geometry": { "type": "Point", "coordinates": [ 59.6308286, 36.2891914 ] } },
{ "type": "Feature", "properties": { "element": "node", "id": 8900203099, "highway": "traffic_signals", "junction": null, "traffic_signals": null, "crossing": null, "traffic_signals:direction": null, "surface": null, "crossing:markings": null, "mapillary": null, "source": null, "survey:date": null, "traffic_calming": null }, "geometry": { "type": "Point", "coordinates": [ 59.6302656, 36.2891237 ] } },
{ "type": "Feature", "properties": { "element": "node", "id": 8900203100, "highway": "traffic_signals", "junction": null, "traffic_signals": null, "crossing": null, "traffic_signals:direction": null, "surface": null, "crossing:markings": null, "mapillary": null, "source": null, "survey:date": null, "traffic_calming": null }, "geometry": { "type": "Point", "coordinates": [ 59.6304643, 36.2893345 ] } },
{ "type": "Feature", "properties": { "element": "node", "id": 8909076172, "highway": "traffic_signals", "junction": null, "traffic_signals": null, "crossing": null, "traffic_signals:direction": null, "surface": null, "crossing:markings": null, "mapillary": null, "source": null, "survey:date": null, "traffic_calming": null }, "geometry": { "type": "Point", "coordinates": [ 59.6366825, 36.2805465 ] } },
{ "type": "Feature", "properties": { "element": "node", "id": 8911208449, "highway": "traffic_signals", "junction": null, "traffic_signals": null, "crossing": null, "traffic_signals:direction": null, "surface": null, "crossing:markings": null, "mapillary": null, "source": null, "survey:date": null, "traffic_calming": null }, "geometry": { "type": "Point", "coordinates": [ 59.5840616, 36.3009963 ] } },
{ "type": "Feature", "properties": { "element": "node", "id": 8911208450, "highway": "traffic_signals", "junction": null, "traffic_signals": null, "crossing": null, "traffic_signals:direction": null, "surface": null, "crossing:markings": null, "mapillary": null, "source": null, "survey:date": null, "traffic_calming": null }, "geometry": { "type": "Point", "coordinates": [ 59.5838343, 36.3010828 ] } },
{ "type": "Feature", "properties": { "element": "node", "id": 8912080051, "highway": "traffic_signals", "junction": null, "traffic_signals": null, "crossing": null, "traffic_signals:direction": null, "surface": null, "crossing:markings": null, "mapillary": null, "source": null, "survey:date": null, "traffic_calming": null }, "geometry": { "type": "Point", "coordinates": [ 59.4964643, 36.337964 ] } },
{ "type": "Feature", "properties": { "element": "node", "id": 8912080052, "highway": "traffic_signals", "junction": null, "traffic_signals": null, "crossing": null, "traffic_signals:direction": null, "surface": null, "crossing:markings": null, "mapillary": null, "source": null, "survey:date": null, "traffic_calming": null }, "geometry": { "type": "Point", "coordinates": [ 59.4968, 36.3381725 ] } },
{ "type": "Feature", "properties": { "element": "node", "id": 8912080053, "highway": "traffic_signals", "junction": null, "traffic_signals": null, "crossing": null, "traffic_signals:direction": null, "surface": null, "crossing:markings": null, "mapillary": null, "source": null, "survey:date": null, "traffic_calming": null }, "geometry": { "type": "Point", "coordinates": [ 59.4966535, 36.3383194 ] } },
{ "type": "Feature", "properties": { "element": "node", "id": 8925521756, "highway": "traffic_signals", "junction": null, "traffic_signals": null, "crossing": null, "traffic_signals:direction": null, "surface": null, "crossing:markings": null, "mapillary": null, "source": null, "survey:date": null, "traffic_calming": null }, "geometry": { "type": "Point", "coordinates": [ 59.636751, 36.2803045 ] } },
{ "type": "Feature", "properties": { "element": "node", "id": 8925521757, "highway": "traffic_signals", "junction": null, "traffic_signals": null, "crossing": null, "traffic_signals:direction": null, "surface": null, "crossing:markings": null, "mapillary": null, "source": null, "survey:date": null, "traffic_calming": null }, "geometry": { "type": "Point", "coordinates": [ 59.6369905, 36.280607 ] } },
{ "type": "Feature", "properties": { "element": "node", "id": 8925530650, "highway": "traffic_signals", "junction": null, "traffic_signals": null, "crossing": null, "traffic_signals:direction": null, "surface": null, "crossing:markings": null, "mapillary": null, "source": null, "survey:date": null, "traffic_calming": null }, "geometry": { "type": "Point", "coordinates": [ 59.6447088, 36.2829399 ] } },
{ "type": "Feature", "properties": { "element": "node", "id": 8925530651, "highway": "traffic_signals", "junction": null, "traffic_signals": null, "crossing": null, "traffic_signals:direction": null, "surface": null, "crossing:markings": null, "mapillary": null, "source": null, "survey:date": null, "traffic_calming": null }, "geometry": { "type": "Point", "coordinates": [ 59.6444709, 36.2828559 ] } },
{ "type": "Feature", "properties": { "element": "node", "id": 8925530652, "highway": "traffic_signals", "junction": null, "traffic_signals": null, "crossing": null, "traffic_signals:direction": null, "surface": null, "crossing:markings": null, "mapillary": null, "source": null, "survey:date": null, "traffic_calming": null }, "geometry": { "type": "Point", "coordinates": [ 59.6428898, 36.2846788 ] } },
{ "type": "Feature", "properties": { "element": "node", "id": 8933351763, "highway": "traffic_signals", "junction": null, "traffic_signals": null, "crossing": null, "traffic_signals:direction": null, "surface": null, "crossing:markings": null, "mapillary": null, "source": null, "survey:date": null, "traffic_calming": null }, "geometry": { "type": "Point", "coordinates": [ 59.5584798, 36.31627 ] } },
{ "type": "Feature", "properties": { "element": "node", "id": 8933351803, "highway": "traffic_signals", "junction": null, "traffic_signals": "signal", "crossing": null, "traffic_signals:direction": null, "surface": null, "crossing:markings": null, "mapillary": null, "source": null, "survey:date": null, "traffic_calming": null }, "geometry": { "type": "Point", "coordinates": [ 59.4731114, 36.3633436 ] } },
{ "type": "Feature", "properties": { "element": "node", "id": 8933769320, "highway": "traffic_signals", "junction": null, "traffic_signals": null, "crossing": null, "traffic_signals:direction": null, "surface": null, "crossing:markings": null, "mapillary": null, "source": null, "survey:date": null, "traffic_calming": null }, "geometry": { "type": "Point", "coordinates": [ 59.5074372, 36.3594654 ] } },
{ "type": "Feature", "properties": { "element": "node", "id": 8933769321, "highway": "traffic_signals", "junction": null, "traffic_signals": null, "crossing": null, "traffic_signals:direction": null, "surface": null, "crossing:markings": null, "mapillary": null, "source": null, "survey:date": null, "traffic_calming": null }, "geometry": { "type": "Point", "coordinates": [ 59.5076322, 36.359164 ] } },
{ "type": "Feature", "properties": { "element": "node", "id": 8933769322, "highway": "traffic_signals", "junction": null, "traffic_signals": null, "crossing": null, "traffic_signals:direction": null, "surface": null, "crossing:markings": null, "mapillary": null, "source": null, "survey:date": null, "traffic_calming": null }, "geometry": { "type": "Point", "coordinates": [ 59.507747, 36.3593609 ] } },
{ "type": "Feature", "properties": { "element": "node", "id": 8946587763, "highway": "traffic_signals", "junction": null, "traffic_signals": null, "crossing": null, "traffic_signals:direction": null, "surface": null, "crossing:markings": null, "mapillary": null, "source": null, "survey:date": null, "traffic_calming": null }, "geometry": { "type": "Point", "coordinates": [ 59.6086781, 36.2579598 ] } },
{ "type": "Feature", "properties": { "element": "node", "id": 8946587764, "highway": "traffic_signals", "junction": null, "traffic_signals": null, "crossing": null, "traffic_signals:direction": null, "surface": null, "crossing:markings": null, "mapillary": null, "source": null, "survey:date": null, "traffic_calming": null }, "geometry": { "type": "Point", "coordinates": [ 59.609016, 36.2578535 ] } },
{ "type": "Feature", "properties": { "element": "node", "id": 8946587765, "highway": "traffic_signals", "junction": null, "traffic_signals": null, "crossing": null, "traffic_signals:direction": null, "surface": null, "crossing:markings": null, "mapillary": null, "source": null, "survey:date": null, "traffic_calming": null }, "geometry": { "type": "Point", "coordinates": [ 59.6089228, 36.2580088 ] } },
{ "type": "Feature", "properties": { "element": "node", "id": 8957051624, "highway": "traffic_signals", "junction": null, "traffic_signals": null, "crossing": null, "traffic_signals:direction": null, "surface": null, "crossing:markings": null, "mapillary": null, "source": null, "survey:date": null, "traffic_calming": null }, "geometry": { "type": "Point", "coordinates": [ 59.6360047, 36.2697569 ] } },
{ "type": "Feature", "properties": { "element": "node", "id": 8975225846, "highway": "traffic_signals", "junction": null, "traffic_signals": null, "crossing": null, "traffic_signals:direction": null, "surface": null, "crossing:markings": null, "mapillary": null, "source": null, "survey:date": null, "traffic_calming": null }, "geometry": { "type": "Point", "coordinates": [ 59.608655, 36.2382631 ] } },
{ "type": "Feature", "properties": { "element": "node", "id": 8975225847, "highway": "traffic_signals", "junction": null, "traffic_signals": null, "crossing": null, "traffic_signals:direction": null, "surface": null, "crossing:markings": null, "mapillary": null, "source": null, "survey:date": null, "traffic_calming": null }, "geometry": { "type": "Point", "coordinates": [ 59.6091082, 36.2379588 ] } },
{ "type": "Feature", "properties": { "element": "node", "id": 8975225848, "highway": "traffic_signals", "junction": null, "traffic_signals": null, "crossing": null, "traffic_signals:direction": null, "surface": null, "crossing:markings": null, "mapillary": null, "source": null, "survey:date": null, "traffic_calming": null }, "geometry": { "type": "Point", "coordinates": [ 59.6092094, 36.2380009 ] } },
{ "type": "Feature", "properties": { "element": "node", "id": 8993890537, "highway": "traffic_signals", "junction": null, "traffic_signals": null, "crossing": null, "traffic_signals:direction": null, "surface": null, "crossing:markings": null, "mapillary": null, "source": null, "survey:date": null, "traffic_calming": null }, "geometry": { "type": "Point", "coordinates": [ 59.5713579, 36.2612839 ] } },
{ "type": "Feature", "properties": { "element": "node", "id": 8993890538, "highway": "traffic_signals", "junction": null, "traffic_signals": null, "crossing": null, "traffic_signals:direction": null, "surface": null, "crossing:markings": null, "mapillary": null, "source": null, "survey:date": null, "traffic_calming": null }, "geometry": { "type": "Point", "coordinates": [ 59.5716511, 36.2615336 ] } },
{ "type": "Feature", "properties": { "element": "node", "id": 8993890539, "highway": "traffic_signals", "junction": null, "traffic_signals": null, "crossing": null, "traffic_signals:direction": null, "surface": null, "crossing:markings": null, "mapillary": null, "source": null, "survey:date": null, "traffic_calming": null }, "geometry": { "type": "Point", "coordinates": [ 59.5714216, 36.2616433 ] } },
{ "type": "Feature", "properties": { "element": "node", "id": 8993890540, "highway": "traffic_signals", "junction": null, "traffic_signals": null, "crossing": null, "traffic_signals:direction": null, "surface": null, "crossing:markings": null, "mapillary": null, "source": null, "survey:date": null, "traffic_calming": null }, "geometry": { "type": "Point", "coordinates": [ 59.5710926, 36.2614187 ] } },
{ "type": "Feature", "properties": { "element": "node", "id": 8998596811, "highway": "traffic_signals", "junction": null, "traffic_signals": null, "crossing": null, "traffic_signals:direction": null, "surface": null, "crossing:markings": null, "mapillary": null, "source": null, "survey:date": null, "traffic_calming": null }, "geometry": { "type": "Point", "coordinates": [ 59.621208, 36.2834753 ] } },
{ "type": "Feature", "properties": { "element": "node", "id": 8998632541, "highway": "traffic_signals", "junction": null, "traffic_signals": null, "crossing": null, "traffic_signals:direction": null, "surface": null, "crossing:markings": null, "mapillary": null, "source": null, "survey:date": null, "traffic_calming": null }, "geometry": { "type": "Point", "coordinates": [ 59.6211205, 36.2837209 ] } },
{ "type": "Feature", "properties": { "element": "node", "id": 8998632542, "highway": "traffic_signals", "junction": null, "traffic_signals": null, "crossing": null, "traffic_signals:direction": null, "surface": null, "crossing:markings": null, "mapillary": null, "source": null, "survey:date": null, "traffic_calming": null }, "geometry": { "type": "Point", "coordinates": [ 59.6214199, 36.28356 ] } },
{ "type": "Feature", "properties": { "element": "node", "id": 8998632545, "highway": "traffic_signals", "junction": null, "traffic_signals": null, "crossing": null, "traffic_signals:direction": null, "surface": null, "crossing:markings": null, "mapillary": null, "source": null, "survey:date": null, "traffic_calming": null }, "geometry": { "type": "Point", "coordinates": [ 59.621327, 36.2837961 ] } },
{ "type": "Feature", "properties": { "element": "node", "id": 9003511911, "highway": "traffic_signals", "junction": null, "traffic_signals": null, "crossing": null, "traffic_signals:direction": null, "surface": null, "crossing:markings": null, "mapillary": null, "source": null, "survey:date": null, "traffic_calming": null }, "geometry": { "type": "Point", "coordinates": [ 59.5127837, 36.3051261 ] } },
{ "type": "Feature", "properties": { "element": "node", "id": 9022411262, "highway": "traffic_signals", "junction": null, "traffic_signals": null, "crossing": null, "traffic_signals:direction": null, "surface": null, "crossing:markings": null, "mapillary": null, "source": null, "survey:date": null, "traffic_calming": null }, "geometry": { "type": "Point", "coordinates": [ 59.5515257, 36.3390659 ] } },
{ "type": "Feature", "properties": { "element": "node", "id": 9022411271, "highway": "traffic_signals", "junction": null, "traffic_signals": null, "crossing": null, "traffic_signals:direction": null, "surface": null, "crossing:markings": null, "mapillary": null, "source": null, "survey:date": null, "traffic_calming": null }, "geometry": { "type": "Point", "coordinates": [ 59.5745964, 36.3116179 ] } },
{ "type": "Feature", "properties": { "element": "node", "id": 9022411272, "highway": "traffic_signals", "junction": null, "traffic_signals": null, "crossing": null, "traffic_signals:direction": null, "surface": null, "crossing:markings": null, "mapillary": null, "source": null, "survey:date": null, "traffic_calming": null }, "geometry": { "type": "Point", "coordinates": [ 59.574671, 36.3114014 ] } },
{ "type": "Feature", "properties": { "element": "node", "id": 9022411273, "highway": "traffic_signals", "junction": null, "traffic_signals": null, "crossing": null, "traffic_signals:direction": null, "surface": null, "crossing:markings": null, "mapillary": null, "source": null, "survey:date": null, "traffic_calming": null }, "geometry": { "type": "Point", "coordinates": [ 59.5748112, 36.3114967 ] } },
{ "type": "Feature", "properties": { "element": "node", "id": 9022411298, "highway": "traffic_signals", "junction": null, "traffic_signals": null, "crossing": null, "traffic_signals:direction": null, "surface": null, "crossing:markings": null, "mapillary": null, "source": null, "survey:date": null, "traffic_calming": null }, "geometry": { "type": "Point", "coordinates": [ 59.5990553, 36.2566068 ] } },
{ "type": "Feature", "properties": { "element": "node", "id": 9022411299, "highway": "traffic_signals", "junction": null, "traffic_signals": null, "crossing": null, "traffic_signals:direction": null, "surface": null, "crossing:markings": null, "mapillary": null, "source": null, "survey:date": null, "traffic_calming": null }, "geometry": { "type": "Point", "coordinates": [ 59.5978568, 36.2557839 ] } },
{ "type": "Feature", "properties": { "element": "node", "id": 9022443876, "highway": "traffic_signals", "junction": null, "traffic_signals": null, "crossing": null, "traffic_signals:direction": null, "surface": null, "crossing:markings": null, "mapillary": null, "source": null, "survey:date": null, "traffic_calming": null }, "geometry": { "type": "Point", "coordinates": [ 59.5267408, 36.3244019 ] } },
{ "type": "Feature", "properties": { "element": "node", "id": 9022444287, "highway": "traffic_signals", "junction": null, "traffic_signals": null, "crossing": null, "traffic_signals:direction": null, "surface": null, "crossing:markings": null, "mapillary": null, "source": null, "survey:date": null, "traffic_calming": null }, "geometry": { "type": "Point", "coordinates": [ 59.5051385, 36.3355259 ] } },
{ "type": "Feature", "properties": { "element": "node", "id": 9022444293, "highway": "traffic_signals", "junction": null, "traffic_signals": null, "crossing": null, "traffic_signals:direction": null, "surface": null, "crossing:markings": null, "mapillary": null, "source": null, "survey:date": null, "traffic_calming": null }, "geometry": { "type": "Point", "coordinates": [ 59.5055677, 36.3355263 ] } },
{ "type": "Feature", "properties": { "element": "node", "id": 9022444294, "highway": "traffic_signals", "junction": null, "traffic_signals": null, "crossing": null, "traffic_signals:direction": null, "surface": null, "crossing:markings": null, "mapillary": null, "source": null, "survey:date": null, "traffic_calming": null }, "geometry": { "type": "Point", "coordinates": [ 59.5053625, 36.3353687 ] } },
{ "type": "Feature", "properties": { "element": "node", "id": 9022444295, "highway": "traffic_signals", "junction": null, "traffic_signals": null, "crossing": null, "traffic_signals:direction": null, "surface": null, "crossing:markings": null, "mapillary": null, "source": null, "survey:date": null, "traffic_calming": null }, "geometry": { "type": "Point", "coordinates": [ 59.5053762, 36.3357199 ] } },
{ "type": "Feature", "properties": { "element": "node", "id": 9902659836, "highway": "traffic_signals", "junction": null, "traffic_signals": null, "crossing": null, "traffic_signals:direction": null, "surface": null, "crossing:markings": null, "mapillary": null, "source": null, "survey:date": null, "traffic_calming": null }, "geometry": { "type": "Point", "coordinates": [ 59.5774287, 36.2816882 ] } },
{ "type": "Feature", "properties": { "element": "node", "id": 9902659837, "highway": "traffic_signals", "junction": null, "traffic_signals": null, "crossing": null, "traffic_signals:direction": null, "surface": null, "crossing:markings": null, "mapillary": null, "source": null, "survey:date": null, "traffic_calming": null }, "geometry": { "type": "Point", "coordinates": [ 59.5775104, 36.2813914 ] } },
{ "type": "Feature", "properties": { "element": "node", "id": 9902659838, "highway": "traffic_signals", "junction": null, "traffic_signals": null, "crossing": null, "traffic_signals:direction": null, "surface": null, "crossing:markings": null, "mapillary": null, "source": null, "survey:date": null, "traffic_calming": null }, "geometry": { "type": "Point", "coordinates": [ 59.5776652, 36.2815669 ] } },
{ "type": "Feature", "properties": { "element": "node", "id": 9902659850, "highway": "traffic_signals", "junction": null, "traffic_signals": null, "crossing": null, "traffic_signals:direction": null, "surface": null, "crossing:markings": null, "mapillary": null, "source": null, "survey:date": null, "traffic_calming": null }, "geometry": { "type": "Point", "coordinates": [ 59.5763765, 36.2762243 ] } },
{ "type": "Feature", "properties": { "element": "node", "id": 9902659851, "highway": "traffic_signals", "junction": null, "traffic_signals": null, "crossing": null, "traffic_signals:direction": null, "surface": null, "crossing:markings": null, "mapillary": null, "source": null, "survey:date": null, "traffic_calming": null }, "geometry": { "type": "Point", "coordinates": [ 59.5765978, 36.2760488 ] } },
{ "type": "Feature", "properties": { "element": "node", "id": 9902659852, "highway": "traffic_signals", "junction": null, "traffic_signals": null, "crossing": null, "traffic_signals:direction": null, "surface": null, "crossing:markings": null, "mapillary": null, "source": null, "survey:date": null, "traffic_calming": null }, "geometry": { "type": "Point", "coordinates": [ 59.576472, 36.2759748 ] } },
{ "type": "Feature", "properties": { "element": "node", "id": 10005657624, "highway": "traffic_signals", "junction": null, "traffic_signals": null, "crossing": null, "traffic_signals:direction": null, "surface": null, "crossing:markings": null, "mapillary": null, "source": null, "survey:date": null, "traffic_calming": null }, "geometry": { "type": "Point", "coordinates": [ 59.5665157, 36.3560655 ] } },
{ "type": "Feature", "properties": { "element": "node", "id": 10005657625, "highway": "traffic_signals", "junction": null, "traffic_signals": null, "crossing": null, "traffic_signals:direction": null, "surface": null, "crossing:markings": null, "mapillary": null, "source": null, "survey:date": null, "traffic_calming": null }, "geometry": { "type": "Point", "coordinates": [ 59.5663089, 36.3559376 ] } },
{ "type": "Feature", "properties": { "element": "node", "id": 10005657626, "highway": "traffic_signals", "junction": null, "traffic_signals": null, "crossing": null, "traffic_signals:direction": null, "surface": null, "crossing:markings": null, "mapillary": null, "source": null, "survey:date": null, "traffic_calming": null }, "geometry": { "type": "Point", "coordinates": [ 59.566222, 36.3561084 ] } },
{ "type": "Feature", "properties": { "element": "node", "id": 10005657627, "highway": "traffic_signals", "junction": null, "traffic_signals": null, "crossing": null, "traffic_signals:direction": null, "surface": null, "crossing:markings": null, "mapillary": null, "source": null, "survey:date": null, "traffic_calming": null }, "geometry": { "type": "Point", "coordinates": [ 59.5664393, 36.3561989 ] } },
{ "type": "Feature", "properties": { "element": "node", "id": 12630182811, "highway": "traffic_signals", "junction": null, "traffic_signals": null, "crossing": null, "traffic_signals:direction": null, "surface": null, "crossing:markings": null, "mapillary": null, "source": null, "survey:date": null, "traffic_calming": null }, "geometry": { "type": "Point", "coordinates": [ 59.5487641, 36.2841839 ] } },
{ "type": "Feature", "properties": { "element": "node", "id": 12630182828, "highway": "traffic_signals", "junction": null, "traffic_signals": null, "crossing": null, "traffic_signals:direction": null, "surface": null, "crossing:markings": null, "mapillary": null, "source": null, "survey:date": null, "traffic_calming": null }, "geometry": { "type": "Point", "coordinates": [ 59.5491483, 36.2842092 ] } },
{ "type": "Feature", "properties": { "element": "node", "id": 12655751513, "highway": "traffic_signals", "junction": null, "traffic_signals": null, "crossing": null, "traffic_signals:direction": null, "surface": null, "crossing:markings": null, "mapillary": null, "source": null, "survey:date": null, "traffic_calming": null }, "geometry": { "type": "Point", "coordinates": [ 59.5490598, 36.2843947 ] } },
{ "type": "Feature", "properties": { "element": "node", "id": 12666749679, "highway": "traffic_signals", "junction": null, "traffic_signals": null, "crossing": null, "traffic_signals:direction": "forward", "surface": null, "crossing:markings": null, "mapillary": null, "source": null, "survey:date": null, "traffic_calming": null }, "geometry": { "type": "Point", "coordinates": [ 59.4807012, 36.3667732 ] } },
{ "type": "Feature", "properties": { "element": "node", "id": 12666749680, "highway": "traffic_signals", "junction": null, "traffic_signals": null, "crossing": null, "traffic_signals:direction": "forward", "surface": null, "crossing:markings": null, "mapillary": null, "source": null, "survey:date": null, "traffic_calming": null }, "geometry": { "type": "Point", "coordinates": [ 59.4806137, 36.3665409 ] } },
{ "type": "Feature", "properties": { "element": "node", "id": 12666749681, "highway": "traffic_signals", "junction": null, "traffic_signals": null, "crossing": null, "traffic_signals:direction": "forward", "surface": null, "crossing:markings": null, "mapillary": null, "source": null, "survey:date": null, "traffic_calming": null }, "geometry": { "type": "Point", "coordinates": [ 59.4726385, 36.3694752 ] } },
{ "type": "Feature", "properties": { "element": "node", "id": 12666749682, "highway": "traffic_signals", "junction": null, "traffic_signals": null, "crossing": null, "traffic_signals:direction": "forward", "surface": null, "crossing:markings": null, "mapillary": null, "source": null, "survey:date": null, "traffic_calming": null }, "geometry": { "type": "Point", "coordinates": [ 59.4723038, 36.369515 ] } },
{ "type": "Feature", "properties": { "element": "node", "id": 12666749683, "highway": "traffic_signals", "junction": null, "traffic_signals": null, "crossing": null, "traffic_signals:direction": "forward", "surface": null, "crossing:markings": null, "mapillary": null, "source": null, "survey:date": null, "traffic_calming": null }, "geometry": { "type": "Point", "coordinates": [ 59.4724424, 36.3693837 ] } },
{ "type": "Feature", "properties": { "element": "node", "id": 12666749684, "highway": "traffic_signals", "junction": null, "traffic_signals": null, "crossing": null, "traffic_signals:direction": "forward", "surface": null, "crossing:markings": null, "mapillary": null, "source": null, "survey:date": null, "traffic_calming": null }, "geometry": { "type": "Point", "coordinates": [ 59.472509, 36.3696196 ] } },
{ "type": "Feature", "properties": { "element": "node", "id": 12806399118, "highway": "traffic_signals", "junction": null, "traffic_signals": null, "crossing": null, "traffic_signals:direction": null, "surface": null, "crossing:markings": null, "mapillary": null, "source": null, "survey:date": null, "traffic_calming": null }, "geometry": { "type": "Point", "coordinates": [ 59.5582929, 36.3159367 ] } },
{ "type": "Feature", "properties": { "element": "node", "id": 12820173569, "highway": "traffic_signals", "junction": null, "traffic_signals": null, "crossing": null, "traffic_signals:direction": null, "surface": null, "crossing:markings": null, "mapillary": null, "source": null, "survey:date": null, "traffic_calming": null }, "geometry": { "type": "Point", "coordinates": [ 59.58489, 36.264179 ] } },
{ "type": "Feature", "properties": { "element": "node", "id": 12820173572, "highway": "traffic_signals", "junction": null, "traffic_signals": null, "crossing": null, "traffic_signals:direction": null, "surface": null, "crossing:markings": null, "mapillary": null, "source": null, "survey:date": null, "traffic_calming": null }, "geometry": { "type": "Point", "coordinates": [ 59.5851715, 36.2642922 ] } },
{ "type": "Feature", "properties": { "element": "node", "id": 12820173574, "highway": "traffic_signals", "junction": null, "traffic_signals": null, "crossing": null, "traffic_signals:direction": null, "surface": null, "crossing:markings": null, "mapillary": null, "source": null, "survey:date": null, "traffic_calming": null }, "geometry": { "type": "Point", "coordinates": [ 59.5853274, 36.2640828 ] } },
{ "type": "Feature", "properties": { "element": "node", "id": 12820173575, "highway": "traffic_signals", "junction": null, "traffic_signals": null, "crossing": null, "traffic_signals:direction": null, "surface": null, "crossing:markings": null, "mapillary": null, "source": null, "survey:date": null, "traffic_calming": null }, "geometry": { "type": "Point", "coordinates": [ 59.5850176, 36.2639763 ] } },
{ "type": "Feature", "properties": { "element": "node", "id": 13001987926, "highway": "traffic_signals", "junction": null, "traffic_signals": null, "crossing": null, "traffic_signals:direction": "forward", "surface": null, "crossing:markings": null, "mapillary": null, "source": null, "survey:date": null, "traffic_calming": null }, "geometry": { "type": "Point", "coordinates": [ 59.519903, 36.3534013 ] } },
{ "type": "Feature", "properties": { "element": "node", "id": 13086340939, "highway": "traffic_signals", "junction": null, "traffic_signals": null, "crossing": "traffic_signals", "traffic_signals:direction": null, "surface": null, "crossing:markings": null, "mapillary": null, "source": null, "survey:date": null, "traffic_calming": null }, "geometry": { "type": "Point", "coordinates": [ 59.5797324, 36.2602441 ] } },
{ "type": "Feature", "properties": { "element": "node", "id": 13086340941, "highway": "traffic_signals", "junction": null, "traffic_signals": null, "crossing": "traffic_signals", "traffic_signals:direction": null, "surface": null, "crossing:markings": null, "mapillary": null, "source": null, "survey:date": null, "traffic_calming": null }, "geometry": { "type": "Point", "coordinates": [ 59.5800009, 36.2598269 ] } },
{ "type": "Feature", "properties": { "element": "node", "id": 13086340942, "highway": "traffic_signals", "junction": null, "traffic_signals": null, "crossing": "traffic_signals", "traffic_signals:direction": null, "surface": null, "crossing:markings": null, "mapillary": null, "source": null, "survey:date": null, "traffic_calming": null }, "geometry": { "type": "Point", "coordinates": [ 59.579234, 36.2599637 ] } },
{ "type": "Feature", "properties": { "element": "node", "id": 13086340945, "highway": "traffic_signals", "junction": null, "traffic_signals": null, "crossing": "traffic_signals", "traffic_signals:direction": null, "surface": null, "crossing:markings": null, "mapillary": null, "source": null, "survey:date": null, "traffic_calming": null }, "geometry": { "type": "Point", "coordinates": [ 59.5795375, 36.2595772 ] } },
{ "type": "Feature", "properties": { "element": "node", "id": 13294706011, "highway": "traffic_signals", "junction": null, "traffic_signals": null, "crossing": null, "traffic_signals:direction": null, "surface": null, "crossing:markings": null, "mapillary": null, "source": null, "survey:date": null, "traffic_calming": null }, "geometry": { "type": "Point", "coordinates": [ 59.6063311, 36.2910152 ] } },
{ "type": "Feature", "properties": { "element": "node", "id": 13294706012, "highway": "traffic_signals", "junction": null, "traffic_signals": null, "crossing": null, "traffic_signals:direction": null, "surface": null, "crossing:markings": null, "mapillary": null, "source": null, "survey:date": null, "traffic_calming": null }, "geometry": { "type": "Point", "coordinates": [ 59.606324, 36.2908173 ] } }
]
}
