{
"type": "FeatureCollection",
"name": "Isfahan_poi_osm",
"crs": { "type": "name", "properties": { "name": "urn:ogc:def:crs:OGC:1.3:CRS84" } },
"features": [
{ "type": "Feature", "properties": { "osm_id": 410812487, "name": "چهارراه شکرشکن", "amenity": null, "shop": null, "tourism": null, "leisure": null, "highway": "traffic_signals", "railway": null, "public_transport": null, "category": "parking_road_facility", "sub_category": "traffic_signals", "category_label": "Parking & Road Facilities", "sub_category_label": "Traffic Signals", "color": "#78523e", "icon": "parking.svg" }, "geometry": { "type": "Point", "coordinates": [ 51.684161, 32.6603391 ] } },
{ "type": "Feature", "properties": { "osm_id": 411334874, "name": "پمپ بنزین شهروکار", "amenity": "fuel", "shop": null, "tourism": null, "leisure": null, "highway": null, "railway": null, "public_transport": null, "category": "automotive", "sub_category": "gas_station", "category_label": "Automotive Services", "sub_category_label": "Gas Station", "color": "#2ecc71", "icon": "car-repair.svg" }, "geometry": { "type": "Point", "coordinates": [ 51.6669777, 32.6616587 ] } },
{ "type": "Feature", "properties": { "osm_id": 411692458, "name": "مسجد شفیعی", "amenity": "place_of_worship", "shop": null, "tourism": null, "leisure": null, "highway": null, "railway": null, "public_transport": null, "category": "religion", "sub_category": "mosque", "category_label": "Religious Places", "sub_category_label": "Mosque", "color": "#78523e", "icon": "place-of-worship.svg" }, "geometry": { "type": "Point", "coordinates": [ 51.6481483, 32.6759151 ] } },
{ "type": "Feature", "properties": { "osm_id": 412283918, "name": "پست مسجد سید", "amenity": "post_office", "shop": null, "tourism": null, "leisure": null, "highway": null, "railway": null, "public_transport": null, "category": "public_service", "sub_category": "post", "category_label": "Public Services", "sub_category_label": "Post", "color": "#506aa0", "icon": "post.svg" }, "geometry": { "type": "Point", "coordinates": [ 51.6650694, 32.6659192 ] } },
{ "type": "Feature", "properties": { "osm_id": 413527286, "name": "بیمارستان فیض", "amenity": "hospital", "shop": null, "tourism": null, "leisure": null, "highway": null, "railway": null, "public_transport": null, "category": "hospital_emergency", "sub_category": "hospital", "category_label": "Hospital & Emergency", "sub_category_label": "Hospital", "color": "#d14a4a", "icon": "hospital.svg" }, "geometry": { "type": "Point", "coordinates": [ 51.6868878, 32.6786797 ] } },
{ "type": "Feature", "properties": { "osm_id": 413529314, "name": "بیمارستان صدیقه طاهره", "amenity": "hospital", "shop": null, "tourism": null, "leisure": null, "highway": null, "railway": null, "public_transport": null, "category": "hospital_emergency", "sub_category": "hospital", "category_label": "Hospital & Emergency", "sub_category_label": "Hospital", "color": "#d14a4a", "icon": "hospital.svg" }, "geometry": { "type": "Point", "coordinates": [ 51.64735, 32.671703 ] } },
{ "type": "Feature", "properties": { "osm_id": 413530180, "name": "داروخانه مرکزی", "amenity": "pharmacy", "shop": null, "tourism": null, "leisure": null, "highway": null, "railway": null, "public_transport": null, "category": "pharmacy_optical", "sub_category": "pharmacy", "category_label": "Pharmacy & Optical", "sub_category_label": "Pharmacy", "color": "#d14a4a", "icon": "pharmacy.svg" }, "geometry": { "type": "Point", "coordinates": [ 51.6541603, 32.6662588 ] } },
{ "type": "Feature", "properties": { "osm_id": 413530499, "name": "بانک مسکن", "amenity": "bank", "shop": null, "tourism": null, "leisure": null, "highway": null, "railway": null, "public_transport": null, "category": "finance", "sub_category": "bank", "category_label": "Banking & Finance", "sub_category_label": "Bank", "color": "#4e497c", "icon": "bank.svg" }, "geometry": { "type": "Point", "coordinates": [ 51.6493709, 32.674546 ] } },
{ "type": "Feature", "properties": { "osm_id": 413530649, "name": "داروخانه امداد", "amenity": "pharmacy", "shop": null, "tourism": null, "leisure": null, "highway": null, "railway": null, "public_transport": null, "category": "pharmacy_optical", "sub_category": "pharmacy", "category_label": "Pharmacy & Optical", "sub_category_label": "Pharmacy", "color": "#d14a4a", "icon": "pharmacy.svg" }, "geometry": { "type": "Point", "coordinates": [ 51.651139, 32.6741125 ] } },
{ "type": "Feature", "properties": { "osm_id": 413530911, "name": "بانک ملی", "amenity": "bank", "shop": null, "tourism": null, "leisure": null, "highway": null, "railway": null, "public_transport": null, "category": "finance", "sub_category": "bank", "category_label": "Banking & Finance", "sub_category_label": "Bank", "color": "#4e497c", "icon": "bank.svg" }, "geometry": { "type": "Point", "coordinates": [ 51.6504146, 32.6763095 ] } },
{ "type": "Feature", "properties": { "osm_id": 413530939, "name": "بانک تجارت", "amenity": "bank", "shop": null, "tourism": null, "leisure": null, "highway": null, "railway": null, "public_transport": null, "category": "finance", "sub_category": "bank", "category_label": "Banking & Finance", "sub_category_label": "Bank", "color": "#4e497c", "icon": "bank.svg" }, "geometry": { "type": "Point", "coordinates": [ 51.6499975, 32.674062 ] } },
{ "type": "Feature", "properties": { "osm_id": 413531726, "name": "بانک صادرات", "amenity": "bank", "shop": null, "tourism": null, "leisure": null, "highway": null, "railway": null, "public_transport": null, "category": "finance", "sub_category": "bank", "category_label": "Banking & Finance", "sub_category_label": "Bank", "color": "#4e497c", "icon": "bank.svg" }, "geometry": { "type": "Point", "coordinates": [ 51.6514309, 32.6667573 ] } },
{ "type": "Feature", "properties": { "osm_id": 413532472, "name": "سینما فلسطین", "amenity": "cinema", "shop": null, "tourism": null, "leisure": null, "highway": null, "railway": null, "public_transport": null, "category": "culture_attraction", "sub_category": "cinema", "category_label": "Culture & Attractions", "sub_category_label": "Cinema", "color": "#067c91", "icon": "museum.svg" }, "geometry": { "type": "Point", "coordinates": [ 51.6682697, 32.6541715 ] } },
{ "type": "Feature", "properties": { "osm_id": 413598638, "name": "بانک توسعه تعاون", "amenity": "bank", "shop": null, "tourism": null, "leisure": null, "highway": null, "railway": null, "public_transport": null, "category": "finance", "sub_category": "bank", "category_label": "Banking & Finance", "sub_category_label": "Bank", "color": "#4e497c", "icon": "bank.svg" }, "geometry": { "type": "Point", "coordinates": [ 51.6501314, 32.6760927 ] } },
{ "type": "Feature", "properties": { "osm_id": 413598732, "name": "خرازی", "amenity": null, "shop": "haberdashery", "tourism": null, "leisure": null, "highway": null, "railway": null, "public_transport": null, "category": "general_retail", "sub_category": "haberdashery", "category_label": "General Retail", "sub_category_label": "Haberdashery", "color": "#194aa4", "icon": "shop.svg" }, "geometry": { "type": "Point", "coordinates": [ 51.6530921, 32.6747447 ] } },
{ "type": "Feature", "properties": { "osm_id": 413598771, "name": "ایرانسل", "amenity": "telephone", "shop": null, "tourism": null, "leisure": null, "highway": null, "railway": null, "public_transport": null, "category": "public_service", "sub_category": "other", "category_label": "Public Services", "sub_category_label": "Other", "color": "#506aa0", "icon": "post.svg" }, "geometry": { "type": "Point", "coordinates": [ 51.6518806, 32.6750554 ] } },
{ "type": "Feature", "properties": { "osm_id": 413896466, "name": "بیمارستان اصفهان", "amenity": "hospital", "shop": null, "tourism": null, "leisure": null, "highway": null, "railway": null, "public_transport": null, "category": "hospital_emergency", "sub_category": "hospital", "category_label": "Hospital & Emergency", "sub_category_label": "Hospital", "color": "#d14a4a", "icon": "hospital.svg" }, "geometry": { "type": "Point", "coordinates": [ 51.6553297, 32.6550886 ] } },
{ "type": "Feature", "properties": { "osm_id": 413896533, "name": "بیمارستان مهرگان", "amenity": "hospital", "shop": null, "tourism": null, "leisure": null, "highway": null, "railway": null, "public_transport": null, "category": "hospital_emergency", "sub_category": "hospital", "category_label": "Hospital & Emergency", "sub_category_label": "Hospital", "color": "#d14a4a", "icon": "hospital.svg" }, "geometry": { "type": "Point", "coordinates": [ 51.6570329, 32.6547318 ] } },
{ "type": "Feature", "properties": { "osm_id": 413897220, "name": "کلینیک قائدی", "amenity": "hospital", "shop": null, "tourism": null, "leisure": null, "highway": null, "railway": null, "public_transport": null, "category": "hospital_emergency", "sub_category": "hospital", "category_label": "Hospital & Emergency", "sub_category_label": "Hospital", "color": "#d14a4a", "icon": "hospital.svg" }, "geometry": { "type": "Point", "coordinates": [ 51.6683498, 32.6592301 ] } },
{ "type": "Feature", "properties": { "osm_id": 413897328, "name": "بانک ملت", "amenity": "bank", "shop": null, "tourism": null, "leisure": null, "highway": null, "railway": null, "public_transport": null, "category": "finance", "sub_category": "bank", "category_label": "Banking & Finance", "sub_category_label": "Bank", "color": "#4e497c", "icon": "bank.svg" }, "geometry": { "type": "Point", "coordinates": [ 51.6689506, 32.6585581 ] } },
{ "type": "Feature", "properties": { "osm_id": 413908190, "name": "هتل آزادی", "amenity": null, "shop": null, "tourism": "hotel", "leisure": null, "highway": null, "railway": null, "public_transport": null, "category": "accommodation", "sub_category": "hotel", "category_label": "Accommodation", "sub_category_label": "Hotel", "color": "#78523e", "icon": "lodging.svg" }, "geometry": { "type": "Point", "coordinates": [ 51.6691105, 32.6652296 ] } },
{ "type": "Feature", "properties": { "osm_id": 413908697, "name": "هتل پرشیا", "amenity": null, "shop": null, "tourism": "hotel", "leisure": null, "highway": null, "railway": null, "public_transport": null, "category": "accommodation", "sub_category": "hotel", "category_label": "Accommodation", "sub_category_label": "Hotel", "color": "#78523e", "icon": "lodging.svg" }, "geometry": { "type": "Point", "coordinates": [ 51.670796, 32.6650252 ] } },
{ "type": "Feature", "properties": { "osm_id": 414200876, "name": "پایانه باغ قوشخانه", "amenity": "bus_station", "shop": null, "tourism": null, "leisure": null, "highway": null, "railway": null, "public_transport": "station", "category": "public_transport", "sub_category": "bus_station", "category_label": "Public Transportation", "sub_category_label": "Bus Station", "color": "#1787d4", "icon": "bus.svg" }, "geometry": { "type": "Point", "coordinates": [ 51.6910977, 32.6834407 ] } },
{ "type": "Feature", "properties": { "osm_id": 414212302, "name": "جهان نما", "amenity": null, "shop": "archaeological_site", "tourism": null, "leisure": null, "highway": null, "railway": null, "public_transport": null, "category": "general_retail", "sub_category": "archaeological_site", "category_label": "General Retail", "sub_category_label": "Archaeological Site", "color": "#194aa4", "icon": "shop.svg" }, "geometry": { "type": "Point", "coordinates": [ 51.6672851, 32.6579423 ] } },
{ "type": "Feature", "properties": { "osm_id": 414602317, "name": "مرکز تحقیقات رایانه ای قائمیه اصفهان قائمیه", "amenity": "place_of_worship", "shop": null, "tourism": null, "leisure": null, "highway": null, "railway": null, "public_transport": null, "category": "religion", "sub_category": "mosque", "category_label": "Religious Places", "sub_category_label": "Mosque", "color": "#78523e", "icon": "place-of-worship.svg" }, "geometry": { "type": "Point", "coordinates": [ 51.653467, 32.6655723 ] } },
{ "type": "Feature", "properties": { "osm_id": 414608081, "name": "مسجد صاحب الزمان", "amenity": "place_of_worship", "shop": null, "tourism": null, "leisure": null, "highway": null, "railway": null, "public_transport": null, "category": "religion", "sub_category": "mosque", "category_label": "Religious Places", "sub_category_label": "Mosque", "color": "#78523e", "icon": "place-of-worship.svg" }, "geometry": { "type": "Point", "coordinates": [ 51.6546359, 32.6845815 ] } },
{ "type": "Feature", "properties": { "osm_id": 428573985, "name": null, "amenity": "bank", "shop": null, "tourism": null, "leisure": null, "highway": null, "railway": null, "public_transport": null, "category": "finance", "sub_category": "bank", "category_label": "Banking & Finance", "sub_category_label": "Bank", "color": "#4e497c", "icon": "bank.svg" }, "geometry": { "type": "Point", "coordinates": [ 51.6762137, 32.660654 ] } },
{ "type": "Feature", "properties": { "osm_id": 428574342, "name": "بانک صادرات", "amenity": "bank", "shop": null, "tourism": null, "leisure": null, "highway": null, "railway": null, "public_transport": null, "category": "finance", "sub_category": "bank", "category_label": "Banking & Finance", "sub_category_label": "Bank", "color": "#4e497c", "icon": "bank.svg" }, "geometry": { "type": "Point", "coordinates": [ 51.6537878, 32.66631 ] } },
{ "type": "Feature", "properties": { "osm_id": 428574711, "name": "بانک کشاورزی", "amenity": "bank", "shop": null, "tourism": null, "leisure": null, "highway": null, "railway": null, "public_transport": null, "category": "finance", "sub_category": "bank", "category_label": "Banking & Finance", "sub_category_label": "Bank", "color": "#4e497c", "icon": "bank.svg" }, "geometry": { "type": "Point", "coordinates": [ 51.6521823, 32.6662416 ] } },
{ "type": "Feature", "properties": { "osm_id": 428574797, "name": "بانک ملی", "amenity": "bank", "shop": null, "tourism": null, "leisure": null, "highway": null, "railway": null, "public_transport": null, "category": "finance", "sub_category": "bank", "category_label": "Banking & Finance", "sub_category_label": "Bank", "color": "#4e497c", "icon": "bank.svg" }, "geometry": { "type": "Point", "coordinates": [ 51.650654, 32.6663051 ] } },
{ "type": "Feature", "properties": { "osm_id": 428575508, "name": "بانک کشاورزی", "amenity": "bank", "shop": null, "tourism": null, "leisure": null, "highway": null, "railway": null, "public_transport": null, "category": "finance", "sub_category": "bank", "category_label": "Banking & Finance", "sub_category_label": "Bank", "color": "#4e497c", "icon": "bank.svg" }, "geometry": { "type": "Point", "coordinates": [ 51.6496851, 32.676006 ] } },
{ "type": "Feature", "properties": { "osm_id": 428575742, "name": "بانک ملت", "amenity": "bank", "shop": null, "tourism": null, "leisure": null, "highway": null, "railway": null, "public_transport": null, "category": "finance", "sub_category": "bank", "category_label": "Banking & Finance", "sub_category_label": "Bank", "color": "#4e497c", "icon": "bank.svg" }, "geometry": { "type": "Point", "coordinates": [ 51.6488954, 32.6756015 ] } },
{ "type": "Feature", "properties": { "osm_id": 428575876, "name": null, "amenity": "bank", "shop": null, "tourism": null, "leisure": null, "highway": null, "railway": null, "public_transport": null, "category": "finance", "sub_category": "bank", "category_label": "Banking & Finance", "sub_category_label": "Bank", "color": "#4e497c", "icon": "bank.svg" }, "geometry": { "type": "Point", "coordinates": [ 51.6563752, 32.6632836 ] } },
{ "type": "Feature", "properties": { "osm_id": 428921384, "name": "هتل طوطیا", "amenity": null, "shop": null, "tourism": "hotel", "leisure": null, "highway": null, "railway": null, "public_transport": null, "category": "accommodation", "sub_category": "hotel", "category_label": "Accommodation", "sub_category_label": "Hotel", "color": "#78523e", "icon": "lodging.svg" }, "geometry": { "type": "Point", "coordinates": [ 51.6674773, 32.6652485 ] } },
{ "type": "Feature", "properties": { "osm_id": 428921710, "name": "هتل پرسپولیس", "amenity": null, "shop": null, "tourism": "hotel", "leisure": null, "highway": null, "railway": null, "public_transport": null, "category": "accommodation", "sub_category": "hotel", "category_label": "Accommodation", "sub_category_label": "Hotel", "color": "#78523e", "icon": "lodging.svg" }, "geometry": { "type": "Point", "coordinates": [ 51.6579158, 32.6655519 ] } },
{ "type": "Feature", "properties": { "osm_id": 429171727, "name": "شمشیری", "amenity": null, "shop": null, "tourism": "hotel", "leisure": null, "highway": null, "railway": null, "public_transport": null, "category": "accommodation", "sub_category": "hotel", "category_label": "Accommodation", "sub_category_label": "Hotel", "color": "#78523e", "icon": "lodging.svg" }, "geometry": { "type": "Point", "coordinates": [ 51.6578597, 32.6660426 ] } },
{ "type": "Feature", "properties": { "osm_id": 429171946, "name": "مسجد جوزدان", "amenity": "place_of_worship", "shop": null, "tourism": null, "leisure": null, "highway": null, "railway": null, "public_transport": null, "category": "religion", "sub_category": "mosque", "category_label": "Religious Places", "sub_category_label": "Mosque", "color": "#78523e", "icon": "place-of-worship.svg" }, "geometry": { "type": "Point", "coordinates": [ 51.6526684, 32.6632481 ] } },
{ "type": "Feature", "properties": { "osm_id": 455969203, "name": "کلانتری ۱۲ میدان جمهوری", "amenity": "police", "shop": null, "tourism": null, "leisure": null, "highway": null, "railway": null, "public_transport": null, "category": "government_security", "sub_category": "police", "category_label": "Government & Security", "sub_category_label": "Police", "color": "#506aa0", "icon": "police.svg" }, "geometry": { "type": "Point", "coordinates": [ 51.6493671, 32.6760524 ] } },
{ "type": "Feature", "properties": { "osm_id": 455969645, "name": "مسجد رضا", "amenity": "place_of_worship", "shop": null, "tourism": null, "leisure": null, "highway": null, "railway": null, "public_transport": null, "category": "religion", "sub_category": "mosque", "category_label": "Religious Places", "sub_category_label": "Mosque", "color": "#78523e", "icon": "place-of-worship.svg" }, "geometry": { "type": "Point", "coordinates": [ 51.652369, 32.676996 ] } },
{ "type": "Feature", "properties": { "osm_id": 455970522, "name": "حافظ", "amenity": "school", "shop": null, "tourism": null, "leisure": null, "highway": null, "railway": null, "public_transport": null, "category": "education", "sub_category": "school", "category_label": "Education", "sub_category_label": "School", "color": "#78523e", "icon": "school.svg" }, "geometry": { "type": "Point", "coordinates": [ 51.6541541, 32.6780587 ] } },
{ "type": "Feature", "properties": { "osm_id": 455970830, "name": "اداره پست جمهوری", "amenity": "post_box", "shop": null, "tourism": null, "leisure": null, "highway": null, "railway": null, "public_transport": null, "category": "public_service", "sub_category": "post", "category_label": "Public Services", "sub_category_label": "Post", "color": "#506aa0", "icon": "post.svg" }, "geometry": { "type": "Point", "coordinates": [ 51.6495792, 32.6758715 ] } },
{ "type": "Feature", "properties": { "osm_id": 455971709, "name": "دکتر بهرام پرخیده", "amenity": "pharmacy", "shop": null, "tourism": null, "leisure": null, "highway": null, "railway": null, "public_transport": null, "category": "pharmacy_optical", "sub_category": "pharmacy", "category_label": "Pharmacy & Optical", "sub_category_label": "Pharmacy", "color": "#d14a4a", "icon": "pharmacy.svg" }, "geometry": { "type": "Point", "coordinates": [ 51.6543517, 32.684372 ] } },
{ "type": "Feature", "properties": { "osm_id": 455972504, "name": "دروازه تهران", "amenity": "bus_station", "shop": null, "tourism": null, "leisure": null, "highway": null, "railway": null, "public_transport": "station", "category": "public_transport", "sub_category": "bus_station", "category_label": "Public Transportation", "sub_category_label": "Bus Station", "color": "#1787d4", "icon": "bus.svg" }, "geometry": { "type": "Point", "coordinates": [ 51.6503905, 32.6742161 ] } },
{ "type": "Feature", "properties": { "osm_id": 455973194, "name": "دروازه تهران", "amenity": null, "shop": null, "tourism": null, "leisure": null, "highway": "bus_stop", "railway": null, "public_transport": "platform", "category": "public_transport", "sub_category": "bus_stop", "category_label": "Public Transportation", "sub_category_label": "Bus Stop", "color": "#1787d4", "icon": "bus.svg" }, "geometry": { "type": "Point", "coordinates": [ 51.6509775, 32.6763328 ] } },
{ "type": "Feature", "properties": { "osm_id": 455976507, "name": "پارکینگ طالقانی", "amenity": "parking", "shop": null, "tourism": null, "leisure": null, "highway": null, "railway": null, "public_transport": null, "category": "parking_road_facility", "sub_category": "parking", "category_label": "Parking & Road Facilities", "sub_category_label": "Parking", "color": "#78523e", "icon": "parking.svg" }, "geometry": { "type": "Point", "coordinates": [ 51.6680503, 32.6569961 ] } },
{ "type": "Feature", "properties": { "osm_id": 455977844, "name": null, "amenity": "theatre", "shop": null, "tourism": null, "leisure": null, "highway": null, "railway": null, "public_transport": null, "category": "culture_attraction", "sub_category": "theater", "category_label": "Culture & Attractions", "sub_category_label": "Theater", "color": "#067c91", "icon": "museum.svg" }, "geometry": { "type": "Point", "coordinates": [ 51.682487, 32.6604501 ] } },
{ "type": "Feature", "properties": { "osm_id": 455984199, "name": "رستوران شهریار", "amenity": "restaurant", "shop": null, "tourism": null, "leisure": null, "highway": null, "railway": null, "public_transport": null, "category": "food_service", "sub_category": "restaurant", "category_label": "Restaurants & Cafes", "sub_category_label": "Restaurant", "color": "#b4612f", "icon": "restaurant.svg" }, "geometry": { "type": "Point", "coordinates": [ 51.6537852, 32.6582534 ] } },
{ "type": "Feature", "properties": { "osm_id": 455984240, "name": "مسجد چهارسوق اصفهان انجمن قدس حسینی", "amenity": "place_of_worship", "shop": null, "tourism": null, "leisure": null, "highway": null, "railway": null, "public_transport": null, "category": "religion", "sub_category": "mosque", "category_label": "Religious Places", "sub_category_label": "Mosque", "color": "#78523e", "icon": "place-of-worship.svg" }, "geometry": { "type": "Point", "coordinates": [ 51.6542573, 32.6585569 ] } },
{ "type": "Feature", "properties": { "osm_id": 455984420, "name": "داروخانه امداد", "amenity": "pharmacy", "shop": null, "tourism": null, "leisure": null, "highway": null, "railway": null, "public_transport": null, "category": "pharmacy_optical", "sub_category": "pharmacy", "category_label": "Pharmacy & Optical", "sub_category_label": "Pharmacy", "color": "#d14a4a", "icon": "pharmacy.svg" }, "geometry": { "type": "Point", "coordinates": [ 51.6525361, 32.662703 ] } },
{ "type": "Feature", "properties": { "osm_id": 455984802, "name": null, "amenity": null, "shop": null, "tourism": "hotel", "leisure": null, "highway": null, "railway": null, "public_transport": null, "category": "accommodation", "sub_category": "hotel", "category_label": "Accommodation", "sub_category_label": "Hotel", "color": "#78523e", "icon": "lodging.svg" }, "geometry": { "type": "Point", "coordinates": [ 51.6518025, 32.6667148 ] } },
{ "type": "Feature", "properties": { "osm_id": 455985059, "name": "مسجد الرضا", "amenity": "place_of_worship", "shop": null, "tourism": null, "leisure": null, "highway": null, "railway": null, "public_transport": null, "category": "religion", "sub_category": "mosque", "category_label": "Religious Places", "sub_category_label": "Mosque", "color": "#78523e", "icon": "place-of-worship.svg" }, "geometry": { "type": "Point", "coordinates": [ 51.6469874, 32.6683694 ] } },
{ "type": "Feature", "properties": { "osm_id": 455985348, "name": "مسجد فرشته", "amenity": "place_of_worship", "shop": null, "tourism": null, "leisure": null, "highway": null, "railway": null, "public_transport": null, "category": "religion", "sub_category": "mosque", "category_label": "Religious Places", "sub_category_label": "Mosque", "color": "#78523e", "icon": "place-of-worship.svg" }, "geometry": { "type": "Point", "coordinates": [ 51.6457192, 32.6729465 ] } },
{ "type": "Feature", "properties": { "osm_id": 455985534, "name": "دروازه تهران", "amenity": null, "shop": null, "tourism": null, "leisure": null, "highway": "bus_stop", "railway": null, "public_transport": "platform", "category": "public_transport", "sub_category": "bus_stop", "category_label": "Public Transportation", "sub_category_label": "Bus Stop", "color": "#1787d4", "icon": "bus.svg" }, "geometry": { "type": "Point", "coordinates": [ 51.6489103, 32.6761332 ] } },
{ "type": "Feature", "properties": { "osm_id": 455986106, "name": "گلبان خرد", "amenity": "school", "shop": null, "tourism": null, "leisure": null, "highway": null, "railway": null, "public_transport": null, "category": "education", "sub_category": "school", "category_label": "Education", "sub_category_label": "School", "color": "#78523e", "icon": "school.svg" }, "geometry": { "type": "Point", "coordinates": [ 51.6602139, 32.6534407 ] } },
{ "type": "Feature", "properties": { "osm_id": 455986129, "name": null, "amenity": "school", "shop": null, "tourism": null, "leisure": null, "highway": null, "railway": null, "public_transport": null, "category": "education", "sub_category": "school", "category_label": "Education", "sub_category_label": "School", "color": "#78523e", "icon": "school.svg" }, "geometry": { "type": "Point", "coordinates": [ 51.6600766, 32.6527614 ] } },
{ "type": "Feature", "properties": { "osm_id": 455988085, "name": "مسجد فیض", "amenity": "place_of_worship", "shop": null, "tourism": null, "leisure": null, "highway": null, "railway": null, "public_transport": null, "category": "religion", "sub_category": "mosque", "category_label": "Religious Places", "sub_category_label": "Mosque", "color": "#78523e", "icon": "place-of-worship.svg" }, "geometry": { "type": "Point", "coordinates": [ 51.6873021, 32.6784698 ] } },
{ "type": "Feature", "properties": { "osm_id": 455988518, "name": null, "amenity": "pharmacy", "shop": null, "tourism": null, "leisure": null, "highway": null, "railway": null, "public_transport": null, "category": "pharmacy_optical", "sub_category": "pharmacy", "category_label": "Pharmacy & Optical", "sub_category_label": "Pharmacy", "color": "#d14a4a", "icon": "pharmacy.svg" }, "geometry": { "type": "Point", "coordinates": [ 51.6865296, 32.6783904 ] } },
{ "type": "Feature", "properties": { "osm_id": 455988585, "name": "مسجد مصلی", "amenity": "place_of_worship", "shop": null, "tourism": null, "leisure": null, "highway": null, "railway": null, "public_transport": null, "category": "religion", "sub_category": "mosque", "category_label": "Religious Places", "sub_category_label": "Mosque", "color": "#78523e", "icon": "place-of-worship.svg" }, "geometry": { "type": "Point", "coordinates": [ 51.6926064, 32.6778052 ] } },
{ "type": "Feature", "properties": { "osm_id": 455988936, "name": "مدرسه نیلی پور", "amenity": "school", "shop": null, "tourism": null, "leisure": null, "highway": null, "railway": null, "public_transport": null, "category": "education", "sub_category": "school", "category_label": "Education", "sub_category_label": "School", "color": "#78523e", "icon": "school.svg" }, "geometry": { "type": "Point", "coordinates": [ 51.6901173, 32.6782314 ] } },
{ "type": "Feature", "properties": { "osm_id": 455991518, "name": "بریانی اعظم", "amenity": "restaurant", "shop": null, "tourism": null, "leisure": null, "highway": null, "railway": null, "public_transport": null, "category": "food_service", "sub_category": "restaurant", "category_label": "Restaurants & Cafes", "sub_category_label": "Restaurant", "color": "#b4612f", "icon": "restaurant.svg" }, "geometry": { "type": "Point", "coordinates": [ 51.6653912, 32.6658298 ] } },
{ "type": "Feature", "properties": { "osm_id": 455992230, "name": "بریانی اعظم شعبه ۱", "amenity": "restaurant", "shop": null, "tourism": null, "leisure": null, "highway": null, "railway": null, "public_transport": null, "category": "food_service", "sub_category": "restaurant", "category_label": "Restaurants & Cafes", "sub_category_label": "Restaurant", "color": "#b4612f", "icon": "restaurant.svg" }, "geometry": { "type": "Point", "coordinates": [ 51.6698439, 32.6602583 ] } },
{ "type": "Feature", "properties": { "osm_id": 455992469, "name": "بریانی شاد", "amenity": "restaurant", "shop": null, "tourism": null, "leisure": null, "highway": null, "railway": null, "public_transport": null, "category": "food_service", "sub_category": "restaurant", "category_label": "Restaurants & Cafes", "sub_category_label": "Restaurant", "color": "#b4612f", "icon": "restaurant.svg" }, "geometry": { "type": "Point", "coordinates": [ 51.668546, 32.6572384 ] } },
{ "type": "Feature", "properties": { "osm_id": 455993217, "name": null, "amenity": "parking", "shop": null, "tourism": null, "leisure": null, "highway": null, "railway": null, "public_transport": null, "category": "parking_road_facility", "sub_category": "parking", "category_label": "Parking & Road Facilities", "sub_category_label": "Parking", "color": "#78523e", "icon": "parking.svg" }, "geometry": { "type": "Point", "coordinates": [ 51.6673015, 32.6545213 ] } },
{ "type": "Feature", "properties": { "osm_id": 455998108, "name": "مسجد الحبیب", "amenity": "place_of_worship", "shop": null, "tourism": null, "leisure": null, "highway": null, "railway": null, "public_transport": null, "category": "religion", "sub_category": "mosque", "category_label": "Religious Places", "sub_category_label": "Mosque", "color": "#78523e", "icon": "place-of-worship.svg" }, "geometry": { "type": "Point", "coordinates": [ 51.6584457, 32.66041 ] } },
{ "type": "Feature", "properties": { "osm_id": 455999912, "name": "موزه حمام علیقلی آقا", "amenity": null, "shop": null, "tourism": "museum", "leisure": null, "highway": null, "railway": null, "public_transport": null, "category": "culture_attraction", "sub_category": "museum", "category_label": "Culture & Attractions", "sub_category_label": "Museum", "color": "#067c91", "icon": "museum.svg" }, "geometry": { "type": "Point", "coordinates": [ 51.6675233, 32.6682272 ] } },
{ "type": "Feature", "properties": { "osm_id": 456841697, "name": "پارکینگ بزرگ حکیم", "amenity": "parking", "shop": null, "tourism": null, "leisure": null, "highway": null, "railway": null, "public_transport": null, "category": "parking_road_facility", "sub_category": "parking", "category_label": "Parking & Road Facilities", "sub_category_label": "Parking", "color": "#78523e", "icon": "parking.svg" }, "geometry": { "type": "Point", "coordinates": [ 51.6743235, 32.6607408 ] } },
{ "type": "Feature", "properties": { "osm_id": 456844002, "name": null, "amenity": "parking", "shop": null, "tourism": null, "leisure": null, "highway": null, "railway": null, "public_transport": null, "category": "parking_road_facility", "sub_category": "parking", "category_label": "Parking & Road Facilities", "sub_category_label": "Parking", "color": "#78523e", "icon": "parking.svg" }, "geometry": { "type": "Point", "coordinates": [ 51.6727614, 32.652828 ] } },
{ "type": "Feature", "properties": { "osm_id": 1083078480, "name": "مترو شهدا", "amenity": null, "shop": null, "tourism": null, "leisure": null, "highway": "bus_stop", "railway": null, "public_transport": "platform", "category": "public_transport", "sub_category": "bus_stop", "category_label": "Public Transportation", "sub_category_label": "Bus Stop", "color": "#1787d4", "icon": "bus.svg" }, "geometry": { "type": "Point", "coordinates": [ 51.6708498, 32.6708487 ] } },
{ "type": "Feature", "properties": { "osm_id": 1083078845, "name": "جامی", "amenity": null, "shop": null, "tourism": null, "leisure": null, "highway": "bus_stop", "railway": null, "public_transport": "platform", "category": "public_transport", "sub_category": "bus_stop", "category_label": "Public Transportation", "sub_category_label": "Bus Stop", "color": "#1787d4", "icon": "bus.svg" }, "geometry": { "type": "Point", "coordinates": [ 51.6508682, 32.6705832 ] } },
{ "type": "Feature", "properties": { "osm_id": 1083078959, "name": "چهارراه هفتم محرم", "amenity": null, "shop": null, "tourism": null, "leisure": null, "highway": "bus_stop", "railway": null, "public_transport": "platform", "category": "public_transport", "sub_category": "bus_stop", "category_label": "Public Transportation", "sub_category_label": "Bus Stop", "color": "#1787d4", "icon": "bus.svg" }, "geometry": { "type": "Point", "coordinates": [ 51.6514589, 32.6653132 ] } },
{ "type": "Feature", "properties": { "osm_id": 1083079461, "name": "چهار راه بهشتی", "amenity": null, "shop": null, "tourism": null, "leisure": null, "highway": "bus_stop", "railway": null, "public_transport": "platform", "category": "public_transport", "sub_category": "bus_stop", "category_label": "Public Transportation", "sub_category_label": "Bus Stop", "color": "#1787d4", "icon": "bus.svg" }, "geometry": { "type": "Point", "coordinates": [ 51.6529545, 32.6546083 ] } },
{ "type": "Feature", "properties": { "osm_id": 1241959857, "name": "کافی نت", "amenity": "internet_cafe", "shop": null, "tourism": null, "leisure": null, "highway": null, "railway": null, "public_transport": null, "category": "other", "sub_category": "internet_cafe", "category_label": "Other", "sub_category_label": "Internet Cafe", "color": "#999", "icon": "marker.svg" }, "geometry": { "type": "Point", "coordinates": [ 51.6690049, 32.6573242 ] } },
{ "type": "Feature", "properties": { "osm_id": 1799092066, "name": "بریان حاج محمود", "amenity": "restaurant", "shop": null, "tourism": null, "leisure": null, "highway": null, "railway": null, "public_transport": null, "category": "food_service", "sub_category": "restaurant", "category_label": "Restaurants & Cafes", "sub_category_label": "Restaurant", "color": "#b4612f", "icon": "restaurant.svg" }, "geometry": { "type": "Point", "coordinates": [ 51.6839727, 32.6679332 ] } },
{ "type": "Feature", "properties": { "osm_id": 1935029345, "name": null, "amenity": null, "shop": null, "tourism": null, "leisure": null, "highway": "motorway_junction", "railway": null, "public_transport": null, "category": "parking_road_facility", "sub_category": "other", "category_label": "Parking & Road Facilities", "sub_category_label": "Other", "color": "#78523e", "icon": "parking.svg" }, "geometry": { "type": "Point", "coordinates": [ 51.6436271, 32.6526342 ] } },
{ "type": "Feature", "properties": { "osm_id": 1935029409, "name": null, "amenity": null, "shop": null, "tourism": null, "leisure": null, "highway": "motorway_junction", "railway": null, "public_transport": null, "category": "parking_road_facility", "sub_category": "other", "category_label": "Parking & Road Facilities", "sub_category_label": "Other", "color": "#78523e", "icon": "parking.svg" }, "geometry": { "type": "Point", "coordinates": [ 51.6428711, 32.6736449 ] } },
{ "type": "Feature", "properties": { "osm_id": 1935029688, "name": null, "amenity": null, "shop": null, "tourism": null, "leisure": null, "highway": "motorway_junction", "railway": null, "public_transport": null, "category": "parking_road_facility", "sub_category": "other", "category_label": "Parking & Road Facilities", "sub_category_label": "Other", "color": "#78523e", "icon": "parking.svg" }, "geometry": { "type": "Point", "coordinates": [ 51.6435851, 32.6606803 ] } },
{ "type": "Feature", "properties": { "osm_id": 1935029786, "name": null, "amenity": null, "shop": null, "tourism": null, "leisure": null, "highway": "motorway_junction", "railway": null, "public_transport": null, "category": "parking_road_facility", "sub_category": "other", "category_label": "Parking & Road Facilities", "sub_category_label": "Other", "color": "#78523e", "icon": "parking.svg" }, "geometry": { "type": "Point", "coordinates": [ 51.6434362, 32.6589939 ] } },
{ "type": "Feature", "properties": { "osm_id": 1936722053, "name": null, "amenity": null, "shop": null, "tourism": null, "leisure": null, "highway": "traffic_signals", "railway": null, "public_transport": null, "category": "parking_road_facility", "sub_category": "traffic_signals", "category_label": "Parking & Road Facilities", "sub_category_label": "Traffic Signals", "color": "#78523e", "icon": "parking.svg" }, "geometry": { "type": "Point", "coordinates": [ 51.6941905, 32.6526064 ] } },
{ "type": "Feature", "properties": { "osm_id": 1937386598, "name": null, "amenity": null, "shop": null, "tourism": null, "leisure": null, "highway": "traffic_signals", "railway": null, "public_transport": null, "category": "parking_road_facility", "sub_category": "traffic_signals", "category_label": "Parking & Road Facilities", "sub_category_label": "Traffic Signals", "color": "#78523e", "icon": "parking.svg" }, "geometry": { "type": "Point", "coordinates": [ 51.6663951, 32.6584586 ] } },
{ "type": "Feature", "properties": { "osm_id": 1939842692, "name": null, "amenity": null, "shop": null, "tourism": null, "leisure": null, "highway": "traffic_signals", "railway": null, "public_transport": null, "category": "parking_road_facility", "sub_category": "traffic_signals", "category_label": "Parking & Road Facilities", "sub_category_label": "Traffic Signals", "color": "#78523e", "icon": "parking.svg" }, "geometry": { "type": "Point", "coordinates": [ 51.6880428, 32.6779597 ] } },
{ "type": "Feature", "properties": { "osm_id": 1939842775, "name": "مخابرات", "amenity": null, "shop": null, "tourism": null, "leisure": null, "highway": null, "railway": null, "public_transport": "stop_position", "category": "other", "sub_category": "general", "category_label": "Other", "sub_category_label": "General", "color": "#999", "icon": "marker.svg" }, "geometry": { "type": "Point", "coordinates": [ 51.6857059, 32.6783097 ] } },
{ "type": "Feature", "properties": { "osm_id": 1939843038, "name": null, "amenity": null, "shop": null, "tourism": null, "leisure": null, "highway": "traffic_signals", "railway": null, "public_transport": null, "category": "parking_road_facility", "sub_category": "traffic_signals", "category_label": "Parking & Road Facilities", "sub_category_label": "Traffic Signals", "color": "#78523e", "icon": "parking.svg" }, "geometry": { "type": "Point", "coordinates": [ 51.6881922, 32.6782471 ] } },
{ "type": "Feature", "properties": { "osm_id": 1941471265, "name": null, "amenity": null, "shop": null, "tourism": null, "leisure": null, "highway": "motorway_junction", "railway": null, "public_transport": null, "category": "parking_road_facility", "sub_category": "other", "category_label": "Parking & Road Facilities", "sub_category_label": "Other", "color": "#78523e", "icon": "parking.svg" }, "geometry": { "type": "Point", "coordinates": [ 51.6428795, 32.6756492 ] } },
{ "type": "Feature", "properties": { "osm_id": 2096622349, "name": "بانک صادرات", "amenity": "bank", "shop": null, "tourism": null, "leisure": null, "highway": null, "railway": null, "public_transport": null, "category": "finance", "sub_category": "bank", "category_label": "Banking & Finance", "sub_category_label": "Bank", "color": "#4e497c", "icon": "bank.svg" }, "geometry": { "type": "Point", "coordinates": [ 51.6760183, 32.653012 ] } },
{ "type": "Feature", "properties": { "osm_id": 2138257494, "name": "تختی", "amenity": null, "shop": null, "tourism": null, "leisure": null, "highway": null, "railway": "subway_entrance", "public_transport": "entrance", "category": "public_transport", "sub_category": "subway_station", "category_label": "Public Transportation", "sub_category_label": "Subway Station", "color": "#1787d4", "icon": "bus.svg" }, "geometry": { "type": "Point", "coordinates": [ 51.6702261, 32.6649819 ] } },
{ "type": "Feature", "properties": { "osm_id": 2333058416, "name": "امامزاده", "amenity": null, "shop": null, "tourism": null, "leisure": null, "highway": null, "railway": null, "public_transport": "stop_position", "category": "other", "sub_category": "general", "category_label": "Other", "sub_category_label": "General", "color": "#999", "icon": "marker.svg" }, "geometry": { "type": "Point", "coordinates": [ 51.684964, 32.6638262 ] } },
{ "type": "Feature", "properties": { "osm_id": 2500762232, "name": "بانک قرض الحسنه مهر ایران", "amenity": "bank", "shop": null, "tourism": null, "leisure": null, "highway": null, "railway": null, "public_transport": null, "category": "finance", "sub_category": "bank", "category_label": "Banking & Finance", "sub_category_label": "Bank", "color": "#4e497c", "icon": "bank.svg" }, "geometry": { "type": "Point", "coordinates": [ 51.670219, 32.6625975 ] } },
{ "type": "Feature", "properties": { "osm_id": 2500762499, "name": "بانک سپه", "amenity": "bank", "shop": null, "tourism": null, "leisure": null, "highway": null, "railway": null, "public_transport": null, "category": "finance", "sub_category": "bank", "category_label": "Banking & Finance", "sub_category_label": "Bank", "color": "#4e497c", "icon": "bank.svg" }, "geometry": { "type": "Point", "coordinates": [ 51.6695991, 32.6626731 ] } },
{ "type": "Feature", "properties": { "osm_id": 2511327657, "name": "کفش پارسیان", "amenity": null, "shop": "shoes", "tourism": null, "leisure": null, "highway": null, "railway": null, "public_transport": null, "category": "fashion", "sub_category": "shoe", "category_label": "Fashion & Clothing", "sub_category_label": "Shoe", "color": "#194aa4", "icon": "clothing-store.svg" }, "geometry": { "type": "Point", "coordinates": [ 51.667183, 32.6552991 ] } },
{ "type": "Feature", "properties": { "osm_id": 2625603571, "name": "بانک ملت", "amenity": "bank", "shop": null, "tourism": null, "leisure": null, "highway": null, "railway": null, "public_transport": null, "category": "finance", "sub_category": "bank", "category_label": "Banking & Finance", "sub_category_label": "Bank", "color": "#4e497c", "icon": "bank.svg" }, "geometry": { "type": "Point", "coordinates": [ 51.6430055, 32.6638452 ] } },
{ "type": "Feature", "properties": { "osm_id": 3063927267, "name": "مهمانسرای سنتی اصفهان", "amenity": null, "shop": null, "tourism": "hotel", "leisure": null, "highway": null, "railway": null, "public_transport": null, "category": "accommodation", "sub_category": "hotel", "category_label": "Accommodation", "sub_category_label": "Hotel", "color": "#78523e", "icon": "lodging.svg" }, "geometry": { "type": "Point", "coordinates": [ 51.6757401, 32.6633687 ] } },
{ "type": "Feature", "properties": { "osm_id": 3156212843, "name": "پارک چشمه کساره", "amenity": null, "shop": null, "tourism": null, "leisure": null, "highway": null, "railway": null, "public_transport": "stop_position", "category": "other", "sub_category": "general", "category_label": "Other", "sub_category_label": "General", "color": "#999", "icon": "marker.svg" }, "geometry": { "type": "Point", "coordinates": [ 51.6529652, 32.6875596 ] } },
{ "type": "Feature", "properties": { "osm_id": 3156212857, "name": "کیوان", "amenity": null, "shop": null, "tourism": null, "leisure": null, "highway": null, "railway": null, "public_transport": "stop_position", "category": "other", "sub_category": "general", "category_label": "Other", "sub_category_label": "General", "color": "#999", "icon": "marker.svg" }, "geometry": { "type": "Point", "coordinates": [ 51.6523795, 32.6885042 ] } },
{ "type": "Feature", "properties": { "osm_id": 3164741837, "name": null, "amenity": null, "shop": null, "tourism": null, "leisure": null, "highway": "traffic_signals", "railway": null, "public_transport": null, "category": "parking_road_facility", "sub_category": "traffic_signals", "category_label": "Parking & Road Facilities", "sub_category_label": "Traffic Signals", "color": "#78523e", "icon": "parking.svg" }, "geometry": { "type": "Point", "coordinates": [ 51.6431361, 32.6634785 ] } },
{ "type": "Feature", "properties": { "osm_id": 3181194116, "name": null, "amenity": null, "shop": null, "tourism": null, "leisure": null, "highway": "traffic_signals", "railway": null, "public_transport": null, "category": "parking_road_facility", "sub_category": "traffic_signals", "category_label": "Parking & Road Facilities", "sub_category_label": "Traffic Signals", "color": "#78523e", "icon": "parking.svg" }, "geometry": { "type": "Point", "coordinates": [ 51.675271, 32.666071 ] } },
{ "type": "Feature", "properties": { "osm_id": 3186820430, "name": null, "amenity": null, "shop": null, "tourism": null, "leisure": null, "highway": "turning_circle", "railway": null, "public_transport": null, "category": "other", "sub_category": "general", "category_label": "Other", "sub_category_label": "General", "color": "#999", "icon": "marker.svg" }, "geometry": { "type": "Point", "coordinates": [ 51.6791736, 32.6544843 ] } },
{ "type": "Feature", "properties": { "osm_id": 3248803013, "name": "عصار خانه", "amenity": null, "shop": null, "tourism": "attraction", "leisure": null, "highway": null, "railway": null, "public_transport": null, "category": "culture_attraction", "sub_category": "culture_attraction", "category_label": "Culture & Attractions", "sub_category_label": "Culture Attraction", "color": "#067c91", "icon": "museum.svg" }, "geometry": { "type": "Point", "coordinates": [ 51.678144, 32.6598329 ] } },
{ "type": "Feature", "properties": { "osm_id": 3248809487, "name": "سردر بازار قیصریه", "amenity": null, "shop": null, "tourism": "attraction", "leisure": null, "highway": null, "railway": null, "public_transport": null, "category": "culture_attraction", "sub_category": "culture_attraction", "category_label": "Culture & Attractions", "sub_category_label": "Culture Attraction", "color": "#067c91", "icon": "museum.svg" }, "geometry": { "type": "Point", "coordinates": [ 51.6767914, 32.6614664 ] } },
{ "type": "Feature", "properties": { "osm_id": 3437643788, "name": "مترو شهید باهنر", "amenity": null, "shop": null, "tourism": null, "leisure": null, "highway": null, "railway": null, "public_transport": "stop_position", "category": "other", "sub_category": "general", "category_label": "Other", "sub_category_label": "General", "color": "#999", "icon": "marker.svg" }, "geometry": { "type": "Point", "coordinates": [ 51.6725146, 32.6810283 ] } },
{ "type": "Feature", "properties": { "osm_id": 3437676320, "name": "پارکینگ ارگ جهان‌نما", "amenity": "parking", "shop": null, "tourism": null, "leisure": null, "highway": null, "railway": null, "public_transport": null, "category": "parking_road_facility", "sub_category": "parking", "category_label": "Parking & Road Facilities", "sub_category_label": "Parking", "color": "#78523e", "icon": "parking.svg" }, "geometry": { "type": "Point", "coordinates": [ 51.6667634, 32.658247 ] } },
{ "type": "Feature", "properties": { "osm_id": 3524075055, "name": "میز مادربزرگ", "amenity": "restaurant", "shop": null, "tourism": null, "leisure": null, "highway": null, "railway": null, "public_transport": null, "category": "food_service", "sub_category": "restaurant", "category_label": "Restaurants & Cafes", "sub_category_label": "Restaurant", "color": "#b4612f", "icon": "restaurant.svg" }, "geometry": { "type": "Point", "coordinates": [ 51.6739844, 32.6645415 ] } },
{ "type": "Feature", "properties": { "osm_id": 3690028870, "name": "ایستگاه مترو شهدا", "amenity": null, "shop": null, "tourism": null, "leisure": null, "highway": null, "railway": "stop", "public_transport": "stop_position", "category": "other", "sub_category": "general", "category_label": "Other", "sub_category_label": "General", "color": "#999", "icon": "marker.svg" }, "geometry": { "type": "Point", "coordinates": [ 51.6711793, 32.6718981 ] } },
{ "type": "Feature", "properties": { "osm_id": 3763541401, "name": null, "amenity": "place_of_worship", "shop": null, "tourism": null, "leisure": null, "highway": null, "railway": null, "public_transport": null, "category": "religion", "sub_category": "mosque", "category_label": "Religious Places", "sub_category_label": "Mosque", "color": "#78523e", "icon": "place-of-worship.svg" }, "geometry": { "type": "Point", "coordinates": [ 51.660228, 32.6620697 ] } },
{ "type": "Feature", "properties": { "osm_id": 3764948996, "name": "مسجد شیش", "amenity": "place_of_worship", "shop": null, "tourism": null, "leisure": null, "highway": null, "railway": null, "public_transport": null, "category": "religion", "sub_category": "mosque", "category_label": "Religious Places", "sub_category_label": "Mosque", "color": "#78523e", "icon": "place-of-worship.svg" }, "geometry": { "type": "Point", "coordinates": [ 51.6592607, 32.6642787 ] } },
{ "type": "Feature", "properties": { "osm_id": 3781626936, "name": "سلمان", "amenity": "place_of_worship", "shop": null, "tourism": null, "leisure": null, "highway": null, "railway": null, "public_transport": null, "category": "religion", "sub_category": "mosque", "category_label": "Religious Places", "sub_category_label": "Mosque", "color": "#78523e", "icon": "place-of-worship.svg" }, "geometry": { "type": "Point", "coordinates": [ 51.646787, 32.6550948 ] } },
{ "type": "Feature", "properties": { "osm_id": 3781660449, "name": "مسجد الیادران", "amenity": "place_of_worship", "shop": null, "tourism": null, "leisure": null, "highway": null, "railway": null, "public_transport": null, "category": "religion", "sub_category": "mosque", "category_label": "Religious Places", "sub_category_label": "Mosque", "color": "#78523e", "icon": "place-of-worship.svg" }, "geometry": { "type": "Point", "coordinates": [ 51.646304, 32.6582255 ] } },
{ "type": "Feature", "properties": { "osm_id": 3787736365, "name": "ایستگاه مترو شهید چمران", "amenity": null, "shop": null, "tourism": null, "leisure": null, "highway": null, "railway": "stop", "public_transport": "stop_position", "category": "other", "sub_category": "general", "category_label": "Other", "sub_category_label": "General", "color": "#999", "icon": "marker.svg" }, "geometry": { "type": "Point", "coordinates": [ 51.6734373, 32.6885028 ] } },
{ "type": "Feature", "properties": { "osm_id": 3787736366, "name": "ایستگاه مترو شهید باهنر", "amenity": null, "shop": null, "tourism": null, "leisure": null, "highway": null, "railway": "stop", "public_transport": "stop_position", "category": "other", "sub_category": "general", "category_label": "Other", "sub_category_label": "General", "color": "#999", "icon": "marker.svg" }, "geometry": { "type": "Point", "coordinates": [ 51.6722402, 32.6795638 ] } },
{ "type": "Feature", "properties": { "osm_id": 3882117514, "name": null, "amenity": "toilets", "shop": null, "tourism": null, "leisure": null, "highway": null, "railway": null, "public_transport": null, "category": "public_service", "sub_category": "wc", "category_label": "Public Services", "sub_category_label": "Wc", "color": "#506aa0", "icon": "post.svg" }, "geometry": { "type": "Point", "coordinates": [ 51.6763537, 32.657747 ] } },
{ "type": "Feature", "properties": { "osm_id": 3882117525, "name": null, "amenity": null, "shop": "ticket", "tourism": null, "leisure": null, "highway": null, "railway": null, "public_transport": null, "category": "general_retail", "sub_category": "ticket", "category_label": "General Retail", "sub_category_label": "Ticket", "color": "#194aa4", "icon": "shop.svg" }, "geometry": { "type": "Point", "coordinates": [ 51.6736583, 32.6578405 ] } },
{ "type": "Feature", "properties": { "osm_id": 3882117548, "name": null, "amenity": "bicycle_rental", "shop": null, "tourism": null, "leisure": null, "highway": null, "railway": null, "public_transport": null, "category": "public_transport", "sub_category": "bicycle_station", "category_label": "Public Transportation", "sub_category_label": "Bicycle Station", "color": "#1787d4", "icon": "bus.svg" }, "geometry": { "type": "Point", "coordinates": [ 51.6750706, 32.658048 ] } },
{ "type": "Feature", "properties": { "osm_id": 3882117673, "name": null, "amenity": "place_of_worship", "shop": null, "tourism": null, "leisure": null, "highway": null, "railway": null, "public_transport": null, "category": "religion", "sub_category": "mosque", "category_label": "Religious Places", "sub_category_label": "Mosque", "color": "#78523e", "icon": "place-of-worship.svg" }, "geometry": { "type": "Point", "coordinates": [ 51.6716517, 32.65833 ] } },
{ "type": "Feature", "properties": { "osm_id": 3882117676, "name": null, "amenity": "cafe", "shop": null, "tourism": null, "leisure": null, "highway": null, "railway": null, "public_transport": null, "category": "food_service", "sub_category": "cafe", "category_label": "Restaurants & Cafes", "sub_category_label": "Cafe", "color": "#b4612f", "icon": "restaurant.svg" }, "geometry": { "type": "Point", "coordinates": [ 51.6718992, 32.6583817 ] } },
{ "type": "Feature", "properties": { "osm_id": 3882117678, "name": null, "amenity": "toilets", "shop": null, "tourism": null, "leisure": null, "highway": null, "railway": null, "public_transport": null, "category": "public_service", "sub_category": "wc", "category_label": "Public Services", "sub_category_label": "Wc", "color": "#506aa0", "icon": "post.svg" }, "geometry": { "type": "Point", "coordinates": [ 51.6720133, 32.6584013 ] } },
{ "type": "Feature", "properties": { "osm_id": 3882117693, "name": null, "amenity": "police", "shop": null, "tourism": null, "leisure": null, "highway": null, "railway": null, "public_transport": null, "category": "government_security", "sub_category": "police", "category_label": "Government & Security", "sub_category_label": "Police", "color": "#506aa0", "icon": "police.svg" }, "geometry": { "type": "Point", "coordinates": [ 51.6767397, 32.6587731 ] } },
{ "type": "Feature", "properties": { "osm_id": 3884960860, "name": "مسجد هارونیه", "amenity": "place_of_worship", "shop": null, "tourism": null, "leisure": null, "highway": null, "railway": null, "public_transport": null, "category": "religion", "sub_category": "mosque", "category_label": "Religious Places", "sub_category_label": "Mosque", "color": "#78523e", "icon": "place-of-worship.svg" }, "geometry": { "type": "Point", "coordinates": [ 51.6829604, 32.6653138 ] } },
{ "type": "Feature", "properties": { "osm_id": 3884960978, "name": "میدان امام علی (ع)", "amenity": null, "shop": null, "tourism": null, "leisure": null, "highway": null, "railway": null, "public_transport": "stop_position", "category": "other", "sub_category": "general", "category_label": "Other", "sub_category_label": "General", "color": "#999", "icon": "marker.svg" }, "geometry": { "type": "Point", "coordinates": [ 51.6868258, 32.6674336 ] } },
{ "type": "Feature", "properties": { "osm_id": 3884961064, "name": "بلیط فروشی مسجد جامع", "amenity": null, "shop": "ticket", "tourism": null, "leisure": null, "highway": null, "railway": null, "public_transport": null, "category": "general_retail", "sub_category": "ticket", "category_label": "General Retail", "sub_category_label": "Ticket", "color": "#194aa4", "icon": "shop.svg" }, "geometry": { "type": "Point", "coordinates": [ 51.6856696, 32.6691263 ] } },
{ "type": "Feature", "properties": { "osm_id": 3884961098, "name": null, "amenity": "toilets", "shop": null, "tourism": null, "leisure": null, "highway": null, "railway": null, "public_transport": null, "category": "public_service", "sub_category": "wc", "category_label": "Public Services", "sub_category_label": "Wc", "color": "#506aa0", "icon": "post.svg" }, "geometry": { "type": "Point", "coordinates": [ 51.6851139, 32.6700942 ] } },
{ "type": "Feature", "properties": { "osm_id": 3960294869, "name": "مسجد قراولخانه", "amenity": "place_of_worship", "shop": null, "tourism": null, "leisure": null, "highway": null, "railway": null, "public_transport": null, "category": "religion", "sub_category": "mosque", "category_label": "Religious Places", "sub_category_label": "Mosque", "color": "#78523e", "icon": "place-of-worship.svg" }, "geometry": { "type": "Point", "coordinates": [ 51.687458, 32.6590674 ] } },
{ "type": "Feature", "properties": { "osm_id": 3960296715, "name": "بیمارستان امیرالمومنین", "amenity": "hospital", "shop": null, "tourism": null, "leisure": null, "highway": null, "railway": null, "public_transport": null, "category": "hospital_emergency", "sub_category": "hospital", "category_label": "Hospital & Emergency", "sub_category_label": "Hospital", "color": "#d14a4a", "icon": "hospital.svg" }, "geometry": { "type": "Point", "coordinates": [ 51.6876438, 32.6607785 ] } },
{ "type": "Feature", "properties": { "osm_id": 3997700788, "name": "چهارسوق", "amenity": null, "shop": null, "tourism": null, "leisure": null, "highway": "bus_stop", "railway": null, "public_transport": "platform", "category": "public_transport", "sub_category": "bus_stop", "category_label": "Public Transportation", "sub_category_label": "Bus Stop", "color": "#1787d4", "icon": "bus.svg" }, "geometry": { "type": "Point", "coordinates": [ 51.6529427, 32.6581824 ] } },
{ "type": "Feature", "properties": { "osm_id": 3997700789, "name": "چها رراه بهشتی", "amenity": null, "shop": null, "tourism": null, "leisure": null, "highway": "bus_stop", "railway": null, "public_transport": "platform", "category": "public_transport", "sub_category": "bus_stop", "category_label": "Public Transportation", "sub_category_label": "Bus Stop", "color": "#1787d4", "icon": "bus.svg" }, "geometry": { "type": "Point", "coordinates": [ 51.6534113, 32.6548201 ] } },
{ "type": "Feature", "properties": { "osm_id": 3997700790, "name": "چهارراه بهشتی", "amenity": null, "shop": null, "tourism": null, "leisure": null, "highway": "bus_stop", "railway": null, "public_transport": "platform", "category": "public_transport", "sub_category": "bus_stop", "category_label": "Public Transportation", "sub_category_label": "Bus Stop", "color": "#1787d4", "icon": "bus.svg" }, "geometry": { "type": "Point", "coordinates": [ 51.6530766, 32.6554088 ] } },
{ "type": "Feature", "properties": { "osm_id": 3997700791, "name": "شمس آباد", "amenity": null, "shop": null, "tourism": null, "leisure": null, "highway": "bus_stop", "railway": null, "public_transport": "platform", "category": "public_transport", "sub_category": "bus_stop", "category_label": "Public Transportation", "sub_category_label": "Bus Stop", "color": "#1787d4", "icon": "bus.svg" }, "geometry": { "type": "Point", "coordinates": [ 51.6514096, 32.6551985 ] } },
{ "type": "Feature", "properties": { "osm_id": 3997700792, "name": "نجارباشی", "amenity": null, "shop": null, "tourism": null, "leisure": null, "highway": "bus_stop", "railway": null, "public_transport": "platform", "category": "public_transport", "sub_category": "bus_stop", "category_label": "Public Transportation", "sub_category_label": "Bus Stop", "color": "#1787d4", "icon": "bus.svg" }, "geometry": { "type": "Point", "coordinates": [ 51.6493365, 32.6553712 ] } },
{ "type": "Feature", "properties": { "osm_id": 3997700793, "name": "نجارباشی", "amenity": null, "shop": null, "tourism": null, "leisure": null, "highway": "bus_stop", "railway": null, "public_transport": "platform", "category": "public_transport", "sub_category": "bus_stop", "category_label": "Public Transportation", "sub_category_label": "Bus Stop", "color": "#1787d4", "icon": "bus.svg" }, "geometry": { "type": "Point", "coordinates": [ 51.6490265, 32.6552355 ] } },
{ "type": "Feature", "properties": { "osm_id": 3997700794, "name": "جهاد (صارمیه)", "amenity": null, "shop": null, "tourism": null, "leisure": null, "highway": "bus_stop", "railway": null, "public_transport": "platform", "category": "public_transport", "sub_category": "bus_stop", "category_label": "Public Transportation", "sub_category_label": "Bus Stop", "color": "#1787d4", "icon": "bus.svg" }, "geometry": { "type": "Point", "coordinates": [ 51.6442873, 32.6558985 ] } },
{ "type": "Feature", "properties": { "osm_id": 3997700796, "name": "جهاد", "amenity": null, "shop": null, "tourism": null, "leisure": null, "highway": "bus_stop", "railway": null, "public_transport": "platform", "category": "public_transport", "sub_category": "bus_stop", "category_label": "Public Transportation", "sub_category_label": "Bus Stop", "color": "#1787d4", "icon": "bus.svg" }, "geometry": { "type": "Point", "coordinates": [ 51.6431905, 32.6553149 ] } },
{ "type": "Feature", "properties": { "osm_id": 3997700799, "name": "میرداماد", "amenity": null, "shop": null, "tourism": null, "leisure": null, "highway": "bus_stop", "railway": null, "public_transport": "platform", "category": "public_transport", "sub_category": "bus_stop", "category_label": "Public Transportation", "sub_category_label": "Bus Stop", "color": "#1787d4", "icon": "bus.svg" }, "geometry": { "type": "Point", "coordinates": [ 51.6521529, 32.6628749 ] } },
{ "type": "Feature", "properties": { "osm_id": 3997700800, "name": "میرداماد", "amenity": null, "shop": null, "tourism": null, "leisure": null, "highway": "bus_stop", "railway": null, "public_transport": "platform", "category": "public_transport", "sub_category": "bus_stop", "category_label": "Public Transportation", "sub_category_label": "Bus Stop", "color": "#1787d4", "icon": "bus.svg" }, "geometry": { "type": "Point", "coordinates": [ 51.6518357, 32.6646642 ] } },
{ "type": "Feature", "properties": { "osm_id": 3997700801, "name": "چهارراه هفتم محرم", "amenity": null, "shop": null, "tourism": null, "leisure": null, "highway": "bus_stop", "railway": null, "public_transport": "platform", "category": "public_transport", "sub_category": "bus_stop", "category_label": "Public Transportation", "sub_category_label": "Bus Stop", "color": "#1787d4", "icon": "bus.svg" }, "geometry": { "type": "Point", "coordinates": [ 51.649954, 32.6661854 ] } },
{ "type": "Feature", "properties": { "osm_id": 3997700802, "name": "چهارراه هفتم محرم", "amenity": null, "shop": null, "tourism": null, "leisure": null, "highway": "bus_stop", "railway": null, "public_transport": "platform", "category": "public_transport", "sub_category": "bus_stop", "category_label": "Public Transportation", "sub_category_label": "Bus Stop", "color": "#1787d4", "icon": "bus.svg" }, "geometry": { "type": "Point", "coordinates": [ 51.6523831, 32.6659137 ] } },
{ "type": "Feature", "properties": { "osm_id": 3997700803, "name": "چهارراه هفتم محرم", "amenity": null, "shop": null, "tourism": null, "leisure": null, "highway": "bus_stop", "railway": null, "public_transport": "platform", "category": "public_transport", "sub_category": "bus_stop", "category_label": "Public Transportation", "sub_category_label": "Bus Stop", "color": "#1787d4", "icon": "bus.svg" }, "geometry": { "type": "Point", "coordinates": [ 51.6523589, 32.6661384 ] } },
{ "type": "Feature", "properties": { "osm_id": 3997700810, "name": "بانک رفاه", "amenity": "bank", "shop": null, "tourism": null, "leisure": null, "highway": null, "railway": null, "public_transport": null, "category": "finance", "sub_category": "bank", "category_label": "Banking & Finance", "sub_category_label": "Bank", "color": "#4e497c", "icon": "bank.svg" }, "geometry": { "type": "Point", "coordinates": [ 51.6529043, 32.6532676 ] } },
{ "type": "Feature", "properties": { "osm_id": 3997700811, "name": "بانک ملت", "amenity": "bank", "shop": null, "tourism": null, "leisure": null, "highway": null, "railway": null, "public_transport": null, "category": "finance", "sub_category": "bank", "category_label": "Banking & Finance", "sub_category_label": "Bank", "color": "#4e497c", "icon": "bank.svg" }, "geometry": { "type": "Point", "coordinates": [ 51.6532136, 32.6538999 ] } },
{ "type": "Feature", "properties": { "osm_id": 3997700812, "name": "بانک تجارت", "amenity": "bank", "shop": null, "tourism": null, "leisure": null, "highway": null, "railway": null, "public_transport": null, "category": "finance", "sub_category": "bank", "category_label": "Banking & Finance", "sub_category_label": "Bank", "color": "#4e497c", "icon": "bank.svg" }, "geometry": { "type": "Point", "coordinates": [ 51.6531915, 32.6544951 ] } },
{ "type": "Feature", "properties": { "osm_id": 3997700813, "name": "بانک مسکن", "amenity": "bank", "shop": null, "tourism": null, "leisure": null, "highway": null, "railway": null, "public_transport": null, "category": "finance", "sub_category": "bank", "category_label": "Banking & Finance", "sub_category_label": "Bank", "color": "#4e497c", "icon": "bank.svg" }, "geometry": { "type": "Point", "coordinates": [ 51.6531929, 32.6550829 ] } },
{ "type": "Feature", "properties": { "osm_id": 3997700814, "name": "بانک صادرات", "amenity": "bank", "shop": null, "tourism": null, "leisure": null, "highway": null, "railway": null, "public_transport": null, "category": "finance", "sub_category": "bank", "category_label": "Banking & Finance", "sub_category_label": "Bank", "color": "#4e497c", "icon": "bank.svg" }, "geometry": { "type": "Point", "coordinates": [ 51.6522195, 32.6549675 ] } },
{ "type": "Feature", "properties": { "osm_id": 3997700815, "name": "بانک سپه", "amenity": "bank", "shop": null, "tourism": null, "leisure": null, "highway": null, "railway": null, "public_transport": null, "category": "finance", "sub_category": "bank", "category_label": "Banking & Finance", "sub_category_label": "Bank", "color": "#4e497c", "icon": "bank.svg" }, "geometry": { "type": "Point", "coordinates": [ 51.6481416, 32.6553618 ] } },
{ "type": "Feature", "properties": { "osm_id": 3997700816, "name": "بانک کشاورزی", "amenity": "bank", "shop": null, "tourism": null, "leisure": null, "highway": null, "railway": null, "public_transport": null, "category": "finance", "sub_category": "bank", "category_label": "Banking & Finance", "sub_category_label": "Bank", "color": "#4e497c", "icon": "bank.svg" }, "geometry": { "type": "Point", "coordinates": [ 51.6459812, 32.6558007 ] } },
{ "type": "Feature", "properties": { "osm_id": 3997700817, "name": "بانک ملی", "amenity": "bank", "shop": null, "tourism": null, "leisure": null, "highway": null, "railway": null, "public_transport": null, "category": "finance", "sub_category": "bank", "category_label": "Banking & Finance", "sub_category_label": "Bank", "color": "#4e497c", "icon": "bank.svg" }, "geometry": { "type": "Point", "coordinates": [ 51.6441344, 32.6560276 ] } },
{ "type": "Feature", "properties": { "osm_id": 3997700818, "name": "بانک صادرات", "amenity": "bank", "shop": null, "tourism": null, "leisure": null, "highway": null, "railway": null, "public_transport": null, "category": "finance", "sub_category": "bank", "category_label": "Banking & Finance", "sub_category_label": "Bank", "color": "#4e497c", "icon": "bank.svg" }, "geometry": { "type": "Point", "coordinates": [ 51.6532463, 32.6584852 ] } },
{ "type": "Feature", "properties": { "osm_id": 3997700819, "name": "بیمارستان کاشانی", "amenity": null, "shop": null, "tourism": null, "leisure": null, "highway": "bus_stop", "railway": null, "public_transport": "platform", "category": "public_transport", "sub_category": "bus_stop", "category_label": "Public Transportation", "sub_category_label": "Bus Stop", "color": "#1787d4", "icon": "bus.svg" }, "geometry": { "type": "Point", "coordinates": [ 51.652805, 32.6606715 ] } },
{ "type": "Feature", "properties": { "osm_id": 3997700820, "name": "بانک ملی", "amenity": "bank", "shop": null, "tourism": null, "leisure": null, "highway": null, "railway": null, "public_transport": null, "category": "finance", "sub_category": "bank", "category_label": "Banking & Finance", "sub_category_label": "Bank", "color": "#4e497c", "icon": "bank.svg" }, "geometry": { "type": "Point", "coordinates": [ 51.6520586, 32.6629907 ] } },
{ "type": "Feature", "properties": { "osm_id": 3997700821, "name": "بانک ملت", "amenity": "bank", "shop": null, "tourism": null, "leisure": null, "highway": null, "railway": null, "public_transport": null, "category": "finance", "sub_category": "bank", "category_label": "Banking & Finance", "sub_category_label": "Bank", "color": "#4e497c", "icon": "bank.svg" }, "geometry": { "type": "Point", "coordinates": [ 51.6509961, 32.6663235 ] } },
{ "type": "Feature", "properties": { "osm_id": 3997700822, "name": "بانک سپه", "amenity": "bank", "shop": null, "tourism": null, "leisure": null, "highway": null, "railway": null, "public_transport": null, "category": "finance", "sub_category": "bank", "category_label": "Banking & Finance", "sub_category_label": "Bank", "color": "#4e497c", "icon": "bank.svg" }, "geometry": { "type": "Point", "coordinates": [ 51.6522795, 32.6662527 ] } },
{ "type": "Feature", "properties": { "osm_id": 3997700823, "name": "بانک ملت", "amenity": "bank", "shop": null, "tourism": null, "leisure": null, "highway": null, "railway": null, "public_transport": null, "category": "finance", "sub_category": "bank", "category_label": "Banking & Finance", "sub_category_label": "Bank", "color": "#4e497c", "icon": "bank.svg" }, "geometry": { "type": "Point", "coordinates": [ 51.643118, 32.6556105 ] } },
{ "type": "Feature", "properties": { "osm_id": 3997700824, "name": "بانک مهر اقتصاد", "amenity": "bank", "shop": null, "tourism": null, "leisure": null, "highway": null, "railway": null, "public_transport": null, "category": "finance", "sub_category": "bank", "category_label": "Banking & Finance", "sub_category_label": "Bank", "color": "#4e497c", "icon": "bank.svg" }, "geometry": { "type": "Point", "coordinates": [ 51.6429919, 32.6557166 ] } },
{ "type": "Feature", "properties": { "osm_id": 3997700825, "name": "بانک سپه", "amenity": "bank", "shop": null, "tourism": null, "leisure": null, "highway": null, "railway": null, "public_transport": null, "category": "finance", "sub_category": "bank", "category_label": "Banking & Finance", "sub_category_label": "Bank", "color": "#4e497c", "icon": "bank.svg" }, "geometry": { "type": "Point", "coordinates": [ 51.6438278, 32.6534889 ] } },
{ "type": "Feature", "properties": { "osm_id": 3997700827, "name": "مسجد شهید بهشتی", "amenity": "place_of_worship", "shop": null, "tourism": null, "leisure": null, "highway": null, "railway": null, "public_transport": null, "category": "religion", "sub_category": "mosque", "category_label": "Religious Places", "sub_category_label": "Mosque", "color": "#78523e", "icon": "place-of-worship.svg" }, "geometry": { "type": "Point", "coordinates": [ 51.6528049, 32.6556881 ] } },
{ "type": "Feature", "properties": { "osm_id": 3997700836, "name": null, "amenity": "place_of_worship", "shop": null, "tourism": null, "leisure": null, "highway": null, "railway": null, "public_transport": null, "category": "religion", "sub_category": "mosque", "category_label": "Religious Places", "sub_category_label": "Mosque", "color": "#78523e", "icon": "place-of-worship.svg" }, "geometry": { "type": "Point", "coordinates": [ 51.6623154, 32.6556367 ] } },
{ "type": "Feature", "properties": { "osm_id": 3997700837, "name": "مسجد شیخ بهائی", "amenity": "place_of_worship", "shop": null, "tourism": null, "leisure": null, "highway": null, "railway": null, "public_transport": null, "category": "religion", "sub_category": "mosque", "category_label": "Religious Places", "sub_category_label": "Mosque", "color": "#78523e", "icon": "place-of-worship.svg" }, "geometry": { "type": "Point", "coordinates": [ 51.6577688, 32.6546785 ] } },
{ "type": "Feature", "properties": { "osm_id": 3997700838, "name": "مسجد جعفر طیار", "amenity": "place_of_worship", "shop": null, "tourism": null, "leisure": null, "highway": null, "railway": null, "public_transport": null, "category": "religion", "sub_category": "mosque", "category_label": "Religious Places", "sub_category_label": "Mosque", "color": "#78523e", "icon": "place-of-worship.svg" }, "geometry": { "type": "Point", "coordinates": [ 51.6582575, 32.6569424 ] } },
{ "type": "Feature", "properties": { "osm_id": 3997700844, "name": "چهارسوق", "amenity": null, "shop": null, "tourism": null, "leisure": null, "highway": "bus_stop", "railway": null, "public_transport": "platform", "category": "public_transport", "sub_category": "bus_stop", "category_label": "Public Transportation", "sub_category_label": "Bus Stop", "color": "#1787d4", "icon": "bus.svg" }, "geometry": { "type": "Point", "coordinates": [ 51.6536822, 32.658511 ] } },
{ "type": "Feature", "properties": { "osm_id": 3997700845, "name": "خرازی", "amenity": null, "shop": null, "tourism": null, "leisure": null, "highway": "bus_stop", "railway": null, "public_transport": "platform", "category": "public_transport", "sub_category": "bus_stop", "category_label": "Public Transportation", "sub_category_label": "Bus Stop", "color": "#1787d4", "icon": "bus.svg" }, "geometry": { "type": "Point", "coordinates": [ 51.6424915, 32.6636006 ] } },
{ "type": "Feature", "properties": { "osm_id": 3997700846, "name": "خرازی", "amenity": null, "shop": null, "tourism": null, "leisure": null, "highway": "bus_stop", "railway": null, "public_transport": "platform", "category": "public_transport", "sub_category": "bus_stop", "category_label": "Public Transportation", "sub_category_label": "Bus Stop", "color": "#1787d4", "icon": "bus.svg" }, "geometry": { "type": "Point", "coordinates": [ 51.6422925, 32.6633916 ] } },
{ "type": "Feature", "properties": { "osm_id": 3997749275, "name": "دبستان سلمان", "amenity": "school", "shop": null, "tourism": null, "leisure": null, "highway": null, "railway": null, "public_transport": null, "category": "education", "sub_category": "school", "category_label": "Education", "sub_category_label": "School", "color": "#78523e", "icon": "school.svg" }, "geometry": { "type": "Point", "coordinates": [ 51.6527879, 32.6588189 ] } },
{ "type": "Feature", "properties": { "osm_id": 3997765824, "name": "بانک ملت", "amenity": "bank", "shop": null, "tourism": null, "leisure": null, "highway": null, "railway": null, "public_transport": null, "category": "finance", "sub_category": "bank", "category_label": "Banking & Finance", "sub_category_label": "Bank", "color": "#4e497c", "icon": "bank.svg" }, "geometry": { "type": "Point", "coordinates": [ 51.6605232, 32.6543585 ] } },
{ "type": "Feature", "properties": { "osm_id": 3997765825, "name": "بانک ملت", "amenity": "bank", "shop": null, "tourism": null, "leisure": null, "highway": null, "railway": null, "public_transport": null, "category": "finance", "sub_category": "bank", "category_label": "Banking & Finance", "sub_category_label": "Bank", "color": "#4e497c", "icon": "bank.svg" }, "geometry": { "type": "Point", "coordinates": [ 51.6661123, 32.6534762 ] } },
{ "type": "Feature", "properties": { "osm_id": 3997765830, "name": "بانک رفاه", "amenity": "bank", "shop": null, "tourism": null, "leisure": null, "highway": null, "railway": null, "public_transport": null, "category": "finance", "sub_category": "bank", "category_label": "Banking & Finance", "sub_category_label": "Bank", "color": "#4e497c", "icon": "bank.svg" }, "geometry": { "type": "Point", "coordinates": [ 51.6559258, 32.654825 ] } },
{ "type": "Feature", "properties": { "osm_id": 3999580957, "name": "مسجد درب کوشک", "amenity": "place_of_worship", "shop": null, "tourism": null, "leisure": null, "highway": null, "railway": null, "public_transport": null, "category": "religion", "sub_category": "mosque", "category_label": "Religious Places", "sub_category_label": "Mosque", "color": "#78523e", "icon": "place-of-worship.svg" }, "geometry": { "type": "Point", "coordinates": [ 51.6664798, 32.6624865 ] } },
{ "type": "Feature", "properties": { "osm_id": 3999581008, "name": "کتابخانه امیر قلی امینی", "amenity": "library", "shop": null, "tourism": null, "leisure": null, "highway": null, "railway": null, "public_transport": null, "category": "education", "sub_category": "library", "category_label": "Education", "sub_category_label": "Library", "color": "#78523e", "icon": "school.svg" }, "geometry": { "type": "Point", "coordinates": [ 51.6522228, 32.6613294 ] } },
{ "type": "Feature", "properties": { "osm_id": 3999581049, "name": null, "amenity": "bank", "shop": null, "tourism": null, "leisure": null, "highway": null, "railway": null, "public_transport": null, "category": "finance", "sub_category": "bank", "category_label": "Banking & Finance", "sub_category_label": "Bank", "color": "#4e497c", "icon": "bank.svg" }, "geometry": { "type": "Point", "coordinates": [ 51.6431229, 32.6629077 ] } },
{ "type": "Feature", "properties": { "osm_id": 4020260397, "name": "ایستگاه مترو تختی", "amenity": null, "shop": null, "tourism": null, "leisure": null, "highway": null, "railway": "stop", "public_transport": "stop_position", "category": "other", "sub_category": "general", "category_label": "Other", "sub_category_label": "General", "color": "#999", "icon": "marker.svg" }, "geometry": { "type": "Point", "coordinates": [ 51.6701309, 32.6642048 ] } },
{ "type": "Feature", "properties": { "osm_id": 4020313489, "name": "امام حسین", "amenity": null, "shop": null, "tourism": null, "leisure": null, "highway": null, "railway": "construction", "public_transport": "stop_position", "category": "other", "sub_category": "general", "category_label": "Other", "sub_category_label": "General", "color": "#999", "icon": "marker.svg" }, "geometry": { "type": "Point", "coordinates": [ 51.6693421, 32.6581854 ] } },
{ "type": "Feature", "properties": { "osm_id": 4023933999, "name": "شهید خرازی", "amenity": null, "shop": null, "tourism": null, "leisure": null, "highway": null, "railway": "construction", "public_transport": "stop_position", "category": "other", "sub_category": "general", "category_label": "Other", "sub_category_label": "General", "color": "#999", "icon": "marker.svg" }, "geometry": { "type": "Point", "coordinates": [ 51.6443837, 32.6598116 ] } },
{ "type": "Feature", "properties": { "osm_id": 4023937392, "name": "کاشانی", "amenity": null, "shop": null, "tourism": null, "leisure": null, "highway": null, "railway": "construction", "public_transport": "stop_position", "category": "other", "sub_category": "general", "category_label": "Other", "sub_category_label": "General", "color": "#999", "icon": "marker.svg" }, "geometry": { "type": "Point", "coordinates": [ 51.6532056, 32.658531 ] } },
{ "type": "Feature", "properties": { "osm_id": 4107484089, "name": "آب انار دونه", "amenity": "cafe", "shop": null, "tourism": null, "leisure": null, "highway": null, "railway": null, "public_transport": null, "category": "food_service", "sub_category": "cafe", "category_label": "Restaurants & Cafes", "sub_category_label": "Cafe", "color": "#b4612f", "icon": "restaurant.svg" }, "geometry": { "type": "Point", "coordinates": [ 51.6676546, 32.653661 ] } },
{ "type": "Feature", "properties": { "osm_id": 4126578131, "name": "هتل ایران", "amenity": null, "shop": null, "tourism": "hotel", "leisure": null, "highway": null, "railway": null, "public_transport": null, "category": "accommodation", "sub_category": "hotel", "category_label": "Accommodation", "sub_category_label": "Hotel", "color": "#78523e", "icon": "lodging.svg" }, "geometry": { "type": "Point", "coordinates": [ 51.668454, 32.6550499 ] } },
{ "type": "Feature", "properties": { "osm_id": 4145244602, "name": "گیم نت آراد", "amenity": null, "shop": null, "tourism": null, "leisure": "amusement_arcade", "highway": null, "railway": null, "public_transport": null, "category": "other", "sub_category": "general", "category_label": "Other", "sub_category_label": "General", "color": "#999", "icon": "marker.svg" }, "geometry": { "type": "Point", "coordinates": [ 51.655296, 32.6628475 ] } },
{ "type": "Feature", "properties": { "osm_id": 4198407760, "name": null, "amenity": "fast_food", "shop": null, "tourism": null, "leisure": null, "highway": null, "railway": null, "public_transport": null, "category": "food_service", "sub_category": "fast_food", "category_label": "Restaurants & Cafes", "sub_category_label": "Fast Food", "color": "#b4612f", "icon": "restaurant.svg" }, "geometry": { "type": "Point", "coordinates": [ 51.6749871, 32.6554968 ] } },
{ "type": "Feature", "properties": { "osm_id": 4198407850, "name": "فرنی حافظ", "amenity": "fast_food", "shop": null, "tourism": null, "leisure": null, "highway": null, "railway": null, "public_transport": null, "category": "food_service", "sub_category": "fast_food", "category_label": "Restaurants & Cafes", "sub_category_label": "Fast Food", "color": "#b4612f", "icon": "restaurant.svg" }, "geometry": { "type": "Point", "coordinates": [ 51.6803176, 32.6594794 ] } },
{ "type": "Feature", "properties": { "osm_id": 4203810589, "name": "باغ شهر", "amenity": null, "shop": "ticket", "tourism": null, "leisure": null, "highway": null, "railway": null, "public_transport": null, "category": "general_retail", "sub_category": "ticket", "category_label": "General Retail", "sub_category_label": "Ticket", "color": "#194aa4", "icon": "shop.svg" }, "geometry": { "type": "Point", "coordinates": [ 51.6702944, 32.6532735 ] } },
{ "type": "Feature", "properties": { "osm_id": 4234195290, "name": "درمانگاه شبانه روزی مهدیه", "amenity": "clinic", "shop": null, "tourism": null, "leisure": null, "highway": null, "railway": null, "public_transport": null, "category": "medical_care", "sub_category": "clinic", "category_label": "Medical Care", "sub_category_label": "Clinic", "color": "#d14a4a", "icon": "doctor.svg" }, "geometry": { "type": "Point", "coordinates": [ 51.6559545, 32.6898822 ] } },
{ "type": "Feature", "properties": { "osm_id": 4241152891, "name": "مسجد صاحب الزمان", "amenity": null, "shop": null, "tourism": null, "leisure": null, "highway": "bus_stop", "railway": null, "public_transport": "platform", "category": "public_transport", "sub_category": "bus_stop", "category_label": "Public Transportation", "sub_category_label": "Bus Stop", "color": "#1787d4", "icon": "bus.svg" }, "geometry": { "type": "Point", "coordinates": [ 51.6543392, 32.6846864 ] } },
{ "type": "Feature", "properties": { "osm_id": 4252303143, "name": "خانه کنتاکی", "amenity": "fast_food", "shop": null, "tourism": null, "leisure": null, "highway": null, "railway": null, "public_transport": null, "category": "food_service", "sub_category": "fast_food", "category_label": "Restaurants & Cafes", "sub_category_label": "Fast Food", "color": "#b4612f", "icon": "restaurant.svg" }, "geometry": { "type": "Point", "coordinates": [ 51.6724433, 32.6839727 ] } },
{ "type": "Feature", "properties": { "osm_id": 4252801790, "name": null, "amenity": "atm", "shop": null, "tourism": null, "leisure": null, "highway": null, "railway": null, "public_transport": null, "category": "finance", "sub_category": "atm", "category_label": "Banking & Finance", "sub_category_label": "Atm", "color": "#4e497c", "icon": "bank.svg" }, "geometry": { "type": "Point", "coordinates": [ 51.6736331, 32.6888955 ] } },
{ "type": "Feature", "properties": { "osm_id": 4252826489, "name": "مجید", "amenity": null, "shop": "supermarket", "tourism": null, "leisure": null, "highway": null, "railway": null, "public_transport": null, "category": "food_retail", "sub_category": "supermarket", "category_label": "Grocery & Food Retail", "sub_category_label": "Supermarket", "color": "#b4612f", "icon": "grocery.svg" }, "geometry": { "type": "Point", "coordinates": [ 51.6731257, 32.684203 ] } },
{ "type": "Feature", "properties": { "osm_id": 4252826689, "name": "سرآشپز", "amenity": "fast_food", "shop": null, "tourism": null, "leisure": null, "highway": null, "railway": null, "public_transport": null, "category": "food_service", "sub_category": "fast_food", "category_label": "Restaurants & Cafes", "sub_category_label": "Fast Food", "color": "#b4612f", "icon": "restaurant.svg" }, "geometry": { "type": "Point", "coordinates": [ 51.672884, 32.6827451 ] } },
{ "type": "Feature", "properties": { "osm_id": 4252826989, "name": null, "amenity": null, "shop": "supermarket", "tourism": null, "leisure": null, "highway": null, "railway": null, "public_transport": null, "category": "food_retail", "sub_category": "supermarket", "category_label": "Grocery & Food Retail", "sub_category_label": "Supermarket", "color": "#b4612f", "icon": "grocery.svg" }, "geometry": { "type": "Point", "coordinates": [ 51.6729176, 32.6832407 ] } },
{ "type": "Feature", "properties": { "osm_id": 4278308146, "name": "مسجد آیت الله روضاتی", "amenity": "place_of_worship", "shop": null, "tourism": null, "leisure": null, "highway": null, "railway": null, "public_transport": null, "category": "religion", "sub_category": "mosque", "category_label": "Religious Places", "sub_category_label": "Mosque", "color": "#78523e", "icon": "place-of-worship.svg" }, "geometry": { "type": "Point", "coordinates": [ 51.6590387, 32.657851 ] } },
{ "type": "Feature", "properties": { "osm_id": 4347714189, "name": "اسپادانا", "amenity": "bureau_de_change", "shop": null, "tourism": null, "leisure": null, "highway": null, "railway": null, "public_transport": null, "category": "finance", "sub_category": "exchange", "category_label": "Banking & Finance", "sub_category_label": "Exchange", "color": "#4e497c", "icon": "bank.svg" }, "geometry": { "type": "Point", "coordinates": [ 51.6695675, 32.6586323 ] } },
{ "type": "Feature", "properties": { "osm_id": 4365700190, "name": "هتل ستاره", "amenity": null, "shop": null, "tourism": "hotel", "leisure": null, "highway": null, "railway": null, "public_transport": null, "category": "accommodation", "sub_category": "hotel", "category_label": "Accommodation", "sub_category_label": "Hotel", "color": "#78523e", "icon": "lodging.svg" }, "geometry": { "type": "Point", "coordinates": [ 51.6822914, 32.6598013 ] } },
{ "type": "Feature", "properties": { "osm_id": 4381920434, "name": null, "amenity": "drinking_water", "shop": null, "tourism": null, "leisure": null, "highway": null, "railway": null, "public_transport": null, "category": "public_service", "sub_category": "drinking_water", "category_label": "Public Services", "sub_category_label": "Drinking Water", "color": "#506aa0", "icon": "post.svg" }, "geometry": { "type": "Point", "coordinates": [ 51.6762092, 32.6579255 ] } },
{ "type": "Feature", "properties": { "osm_id": 4381920436, "name": null, "amenity": "drinking_water", "shop": null, "tourism": null, "leisure": null, "highway": null, "railway": null, "public_transport": null, "category": "public_service", "sub_category": "drinking_water", "category_label": "Public Services", "sub_category_label": "Drinking Water", "color": "#506aa0", "icon": "post.svg" }, "geometry": { "type": "Point", "coordinates": [ 51.6767061, 32.6587242 ] } },
{ "type": "Feature", "properties": { "osm_id": 4385262801, "name": "گز فروشی مظفری", "amenity": null, "shop": "gift", "tourism": null, "leisure": null, "highway": null, "railway": null, "public_transport": null, "category": "general_retail", "sub_category": "store", "category_label": "General Retail", "sub_category_label": "Store", "color": "#194aa4", "icon": "shop.svg" }, "geometry": { "type": "Point", "coordinates": [ 51.6546011, 32.6663915 ] } },
{ "type": "Feature", "properties": { "osm_id": 4396391197, "name": null, "amenity": "restaurant", "shop": null, "tourism": null, "leisure": null, "highway": null, "railway": null, "public_transport": null, "category": "food_service", "sub_category": "restaurant", "category_label": "Restaurants & Cafes", "sub_category_label": "Restaurant", "color": "#b4612f", "icon": "restaurant.svg" }, "geometry": { "type": "Point", "coordinates": [ 51.6820556, 32.665464 ] } },
{ "type": "Feature", "properties": { "osm_id": 4396391198, "name": null, "amenity": "restaurant", "shop": null, "tourism": null, "leisure": null, "highway": null, "railway": null, "public_transport": null, "category": "food_service", "sub_category": "restaurant", "category_label": "Restaurants & Cafes", "sub_category_label": "Restaurant", "color": "#b4612f", "icon": "restaurant.svg" }, "geometry": { "type": "Point", "coordinates": [ 51.6822835, 32.6598784 ] } },
{ "type": "Feature", "properties": { "osm_id": 4396459695, "name": null, "amenity": "restaurant", "shop": null, "tourism": null, "leisure": null, "highway": null, "railway": null, "public_transport": null, "category": "food_service", "sub_category": "restaurant", "category_label": "Restaurants & Cafes", "sub_category_label": "Restaurant", "color": "#b4612f", "icon": "restaurant.svg" }, "geometry": { "type": "Point", "coordinates": [ 51.6840923, 32.6602739 ] } },
{ "type": "Feature", "properties": { "osm_id": 4396459696, "name": null, "amenity": "bank", "shop": null, "tourism": null, "leisure": null, "highway": null, "railway": null, "public_transport": null, "category": "finance", "sub_category": "bank", "category_label": "Banking & Finance", "sub_category_label": "Bank", "color": "#4e497c", "icon": "bank.svg" }, "geometry": { "type": "Point", "coordinates": [ 51.6739437, 32.658997 ] } },
{ "type": "Feature", "properties": { "osm_id": 4396465291, "name": "پایانه بابلدشت", "amenity": "bus_station", "shop": null, "tourism": null, "leisure": null, "highway": null, "railway": null, "public_transport": "station", "category": "public_transport", "sub_category": "bus_station", "category_label": "Public Transportation", "sub_category_label": "Bus Station", "color": "#1787d4", "icon": "bus.svg" }, "geometry": { "type": "Point", "coordinates": [ 51.6723149, 32.6766228 ] } },
{ "type": "Feature", "properties": { "osm_id": 4397020790, "name": "مرکز ام آر آی جم", "amenity": "doctors", "shop": null, "tourism": null, "leisure": null, "highway": null, "railway": null, "public_transport": null, "category": "medical_care", "sub_category": "doctor", "category_label": "Medical Care", "sub_category_label": "Doctor", "color": "#d14a4a", "icon": "doctor.svg" }, "geometry": { "type": "Point", "coordinates": [ 51.666274, 32.6585012 ] } },
{ "type": "Feature", "properties": { "osm_id": 4399297691, "name": "آزمایشگاه مهدیه", "amenity": null, "shop": null, "tourism": null, "leisure": null, "highway": null, "railway": null, "public_transport": null, "category": "other", "sub_category": "general", "category_label": "Other", "sub_category_label": "General", "color": "#999", "icon": "marker.svg" }, "geometry": { "type": "Point", "coordinates": [ 51.6908456, 32.6614929 ] } },
{ "type": "Feature", "properties": { "osm_id": 4410166937, "name": "موزه موسیقی اصفهان", "amenity": null, "shop": null, "tourism": "museum", "leisure": null, "highway": null, "railway": null, "public_transport": null, "category": "culture_attraction", "sub_category": "museum", "category_label": "Culture & Attractions", "sub_category_label": "Museum", "color": "#067c91", "icon": "museum.svg" }, "geometry": { "type": "Point", "coordinates": [ 51.6691697, 32.6534926 ] } },
{ "type": "Feature", "properties": { "osm_id": 4410188120, "name": "بازار رشمون", "amenity": null, "shop": "supermarket", "tourism": null, "leisure": null, "highway": null, "railway": null, "public_transport": null, "category": "food_retail", "sub_category": "supermarket", "category_label": "Grocery & Food Retail", "sub_category_label": "Supermarket", "color": "#b4612f", "icon": "grocery.svg" }, "geometry": { "type": "Point", "coordinates": [ 51.6858864, 32.6708136 ] } },
{ "type": "Feature", "properties": { "osm_id": 4413918805, "name": "دوربین کنترل سرعت", "amenity": null, "shop": null, "tourism": null, "leisure": null, "highway": "speed_camera", "railway": null, "public_transport": null, "category": "other", "sub_category": "general", "category_label": "Other", "sub_category_label": "General", "color": "#999", "icon": "marker.svg" }, "geometry": { "type": "Point", "coordinates": [ 51.6436028, 32.6566607 ] } },
{ "type": "Feature", "properties": { "osm_id": 4413918808, "name": "دوربین کنترل سرعت", "amenity": null, "shop": null, "tourism": null, "leisure": null, "highway": "speed_camera", "railway": null, "public_transport": null, "category": "other", "sub_category": "general", "category_label": "Other", "sub_category_label": "General", "color": "#999", "icon": "marker.svg" }, "geometry": { "type": "Point", "coordinates": [ 51.6432199, 32.6703834 ] } },
{ "type": "Feature", "properties": { "osm_id": 4413918810, "name": "دوربین کنترل سرعت", "amenity": null, "shop": null, "tourism": null, "leisure": null, "highway": "speed_camera", "railway": null, "public_transport": null, "category": "other", "sub_category": "general", "category_label": "Other", "sub_category_label": "General", "color": "#999", "icon": "marker.svg" }, "geometry": { "type": "Point", "coordinates": [ 51.6623499, 32.6890741 ] } },
{ "type": "Feature", "properties": { "osm_id": 4422564993, "name": "مطب دندانپزشکی دکتر اسماعیل میکائیلى", "amenity": "dentist", "shop": null, "tourism": null, "leisure": null, "highway": null, "railway": null, "public_transport": null, "category": "medical_care", "sub_category": "dentist", "category_label": "Medical Care", "sub_category_label": "Dentist", "color": "#d14a4a", "icon": "doctor.svg" }, "geometry": { "type": "Point", "coordinates": [ 51.6668883, 32.6647358 ] } },
{ "type": "Feature", "properties": { "osm_id": 4423407489, "name": "کافه ناروان", "amenity": "cafe", "shop": null, "tourism": null, "leisure": null, "highway": null, "railway": null, "public_transport": null, "category": "food_service", "sub_category": "cafe", "category_label": "Restaurants & Cafes", "sub_category_label": "Cafe", "color": "#b4612f", "icon": "restaurant.svg" }, "geometry": { "type": "Point", "coordinates": [ 51.6768074, 32.6604919 ] } },
{ "type": "Feature", "properties": { "osm_id": 4426033305, "name": "بیمارستان و دارالشفا تخصصی حضرت زهرای مرضیه (س)", "amenity": "hospital", "shop": null, "tourism": null, "leisure": null, "highway": null, "railway": null, "public_transport": null, "category": "hospital_emergency", "sub_category": "hospital", "category_label": "Hospital & Emergency", "sub_category_label": "Hospital", "color": "#d14a4a", "icon": "hospital.svg" }, "geometry": { "type": "Point", "coordinates": [ 51.6890722, 32.6756929 ] } },
{ "type": "Feature", "properties": { "osm_id": 4426224590, "name": "هتل ستاره", "amenity": null, "shop": null, "tourism": "hotel", "leisure": null, "highway": null, "railway": null, "public_transport": null, "category": "accommodation", "sub_category": "hotel", "category_label": "Accommodation", "sub_category_label": "Hotel", "color": "#78523e", "icon": "lodging.svg" }, "geometry": { "type": "Point", "coordinates": [ 51.6824873, 32.6598527 ] } },
{ "type": "Feature", "properties": { "osm_id": 4426443791, "name": "پیتزا گریل", "amenity": "fast_food", "shop": null, "tourism": null, "leisure": null, "highway": null, "railway": null, "public_transport": null, "category": "food_service", "sub_category": "fast_food", "category_label": "Restaurants & Cafes", "sub_category_label": "Fast Food", "color": "#b4612f", "icon": "restaurant.svg" }, "geometry": { "type": "Point", "coordinates": [ 51.6708387, 32.6656199 ] } },
{ "type": "Feature", "properties": { "osm_id": 4451727895, "name": "هتل ابن سینا", "amenity": null, "shop": null, "tourism": "hotel", "leisure": null, "highway": null, "railway": null, "public_transport": null, "category": "accommodation", "sub_category": "hotel", "category_label": "Accommodation", "sub_category_label": "Hotel", "color": "#78523e", "icon": "lodging.svg" }, "geometry": { "type": "Point", "coordinates": [ 51.6840718, 32.672578 ] } },
{ "type": "Feature", "properties": { "osm_id": 4451748499, "name": null, "amenity": null, "shop": "confectionery", "tourism": null, "leisure": null, "highway": null, "railway": null, "public_transport": null, "category": "food_retail", "sub_category": "confectionery", "category_label": "Grocery & Food Retail", "sub_category_label": "Confectionery", "color": "#b4612f", "icon": "grocery.svg" }, "geometry": { "type": "Point", "coordinates": [ 51.6800627, 32.6596693 ] } },
{ "type": "Feature", "properties": { "osm_id": 4451772596, "name": "هتل ضیایی", "amenity": null, "shop": null, "tourism": "hotel", "leisure": null, "highway": null, "railway": null, "public_transport": null, "category": "accommodation", "sub_category": "hotel", "category_label": "Accommodation", "sub_category_label": "Hotel", "color": "#78523e", "icon": "lodging.svg" }, "geometry": { "type": "Point", "coordinates": [ 51.6703168, 32.6635436 ] } },
{ "type": "Feature", "properties": { "osm_id": 4451778794, "name": "هتل", "amenity": null, "shop": null, "tourism": "hostel", "leisure": null, "highway": null, "railway": null, "public_transport": null, "category": "accommodation", "sub_category": "hostel", "category_label": "Accommodation", "sub_category_label": "Hostel", "color": "#78523e", "icon": "lodging.svg" }, "geometry": { "type": "Point", "coordinates": [ 51.6854814, 32.6796352 ] } },
{ "type": "Feature", "properties": { "osm_id": 4451809096, "name": null, "amenity": "post_box", "shop": null, "tourism": null, "leisure": null, "highway": null, "railway": null, "public_transport": null, "category": "public_service", "sub_category": "post", "category_label": "Public Services", "sub_category_label": "Post", "color": "#506aa0", "icon": "post.svg" }, "geometry": { "type": "Point", "coordinates": [ 51.6755271, 32.6536549 ] } },
{ "type": "Feature", "properties": { "osm_id": 4451821589, "name": "قهوه خانه", "amenity": "cafe", "shop": null, "tourism": null, "leisure": null, "highway": null, "railway": null, "public_transport": null, "category": "food_service", "sub_category": "cafe", "category_label": "Restaurants & Cafes", "sub_category_label": "Cafe", "color": "#b4612f", "icon": "restaurant.svg" }, "geometry": { "type": "Point", "coordinates": [ 51.6754278, 32.6549468 ] } },
{ "type": "Feature", "properties": { "osm_id": 4451821590, "name": null, "amenity": null, "shop": null, "tourism": "hotel", "leisure": null, "highway": null, "railway": null, "public_transport": null, "category": "accommodation", "sub_category": "hotel", "category_label": "Accommodation", "sub_category_label": "Hotel", "color": "#78523e", "icon": "lodging.svg" }, "geometry": { "type": "Point", "coordinates": [ 51.66862, 32.6663503 ] } },
{ "type": "Feature", "properties": { "osm_id": 4452309389, "name": "هتل نقش جهان", "amenity": null, "shop": null, "tourism": "hotel", "leisure": null, "highway": null, "railway": null, "public_transport": null, "category": "accommodation", "sub_category": "hotel", "category_label": "Accommodation", "sub_category_label": "Hotel", "color": "#78523e", "icon": "lodging.svg" }, "geometry": { "type": "Point", "coordinates": [ 51.6691876, 32.6593494 ] } },
{ "type": "Feature", "properties": { "osm_id": 4453019389, "name": "میدان امام حسین (دروازه دولت)", "amenity": null, "shop": null, "tourism": null, "leisure": null, "highway": "bus_stop", "railway": null, "public_transport": "platform", "category": "public_transport", "sub_category": "bus_stop", "category_label": "Public Transportation", "sub_category_label": "Bus Stop", "color": "#1787d4", "icon": "bus.svg" }, "geometry": { "type": "Point", "coordinates": [ 51.6702461, 32.6567452 ] } },
{ "type": "Feature", "properties": { "osm_id": 4453619893, "name": "کافه رویال", "amenity": "cafe", "shop": null, "tourism": null, "leisure": null, "highway": null, "railway": null, "public_transport": null, "category": "food_service", "sub_category": "cafe", "category_label": "Restaurants & Cafes", "sub_category_label": "Cafe", "color": "#b4612f", "icon": "restaurant.svg" }, "geometry": { "type": "Point", "coordinates": [ 51.6686775, 32.656138 ] } },
{ "type": "Feature", "properties": { "osm_id": 4453699892, "name": "کافه رادیو", "amenity": "cafe", "shop": null, "tourism": null, "leisure": null, "highway": null, "railway": null, "public_transport": null, "category": "food_service", "sub_category": "cafe", "category_label": "Restaurants & Cafes", "sub_category_label": "Cafe", "color": "#b4612f", "icon": "restaurant.svg" }, "geometry": { "type": "Point", "coordinates": [ 51.6677472, 32.6551447 ] } },
{ "type": "Feature", "properties": { "osm_id": 4454808094, "name": "کافه آهنگ", "amenity": "cafe", "shop": null, "tourism": null, "leisure": null, "highway": null, "railway": null, "public_transport": null, "category": "food_service", "sub_category": "cafe", "category_label": "Restaurants & Cafes", "sub_category_label": "Cafe", "color": "#b4612f", "icon": "restaurant.svg" }, "geometry": { "type": "Point", "coordinates": [ 51.6681969, 32.6549191 ] } },
{ "type": "Feature", "properties": { "osm_id": 4455450992, "name": "کافه باغ شهر", "amenity": "cafe", "shop": null, "tourism": null, "leisure": null, "highway": null, "railway": null, "public_transport": null, "category": "food_service", "sub_category": "cafe", "category_label": "Restaurants & Cafes", "sub_category_label": "Cafe", "color": "#b4612f", "icon": "restaurant.svg" }, "geometry": { "type": "Point", "coordinates": [ 51.669257, 32.6537084 ] } },
{ "type": "Feature", "properties": { "osm_id": 4456253590, "name": null, "amenity": null, "shop": "mobile_phone", "tourism": null, "leisure": null, "highway": null, "railway": null, "public_transport": null, "category": "general_retail", "sub_category": "electronics_store", "category_label": "General Retail", "sub_category_label": "Electronics Store", "color": "#194aa4", "icon": "shop.svg" }, "geometry": { "type": "Point", "coordinates": [ 51.6684141, 32.6549037 ] } },
{ "type": "Feature", "properties": { "osm_id": 4461931489, "name": "بازار بزرگ", "amenity": null, "shop": null, "tourism": "attraction", "leisure": null, "highway": null, "railway": null, "public_transport": null, "category": "culture_attraction", "sub_category": "culture_attraction", "category_label": "Culture & Attractions", "sub_category_label": "Culture Attraction", "color": "#067c91", "icon": "museum.svg" }, "geometry": { "type": "Point", "coordinates": [ 51.6744512, 32.6657984 ] } },
{ "type": "Feature", "properties": { "osm_id": 4474725042, "name": "مسجد الزهرا", "amenity": "place_of_worship", "shop": null, "tourism": null, "leisure": null, "highway": null, "railway": null, "public_transport": null, "category": "religion", "sub_category": "mosque", "category_label": "Religious Places", "sub_category_label": "Mosque", "color": "#78523e", "icon": "place-of-worship.svg" }, "geometry": { "type": "Point", "coordinates": [ 51.6465783, 32.6783844 ] } },
{ "type": "Feature", "properties": { "osm_id": 4474731452, "name": "مسجد المهدی", "amenity": "place_of_worship", "shop": null, "tourism": null, "leisure": null, "highway": null, "railway": null, "public_transport": null, "category": "religion", "sub_category": "mosque", "category_label": "Religious Places", "sub_category_label": "Mosque", "color": "#78523e", "icon": "place-of-worship.svg" }, "geometry": { "type": "Point", "coordinates": [ 51.6668288, 32.6652033 ] } },
{ "type": "Feature", "properties": { "osm_id": 4474731456, "name": "مسجد ملک", "amenity": "place_of_worship", "shop": null, "tourism": null, "leisure": null, "highway": null, "railway": null, "public_transport": null, "category": "religion", "sub_category": "mosque", "category_label": "Religious Places", "sub_category_label": "Mosque", "color": "#78523e", "icon": "place-of-worship.svg" }, "geometry": { "type": "Point", "coordinates": [ 51.6866118, 32.6535169 ] } },
{ "type": "Feature", "properties": { "osm_id": 4474731457, "name": "مسجد سراج", "amenity": "place_of_worship", "shop": null, "tourism": null, "leisure": null, "highway": null, "railway": null, "public_transport": null, "category": "religion", "sub_category": "mosque", "category_label": "Religious Places", "sub_category_label": "Mosque", "color": "#78523e", "icon": "place-of-worship.svg" }, "geometry": { "type": "Point", "coordinates": [ 51.6873545, 32.6619341 ] } },
{ "type": "Feature", "properties": { "osm_id": 4474747104, "name": "حسینیه رضوی", "amenity": "place_of_worship", "shop": null, "tourism": null, "leisure": null, "highway": null, "railway": null, "public_transport": null, "category": "religion", "sub_category": "mosque", "category_label": "Religious Places", "sub_category_label": "Mosque", "color": "#78523e", "icon": "place-of-worship.svg" }, "geometry": { "type": "Point", "coordinates": [ 51.6927184, 32.6688186 ] } },
{ "type": "Feature", "properties": { "osm_id": 4474747105, "name": "شهرداری منطقه ۳", "amenity": "townhall", "shop": null, "tourism": null, "leisure": null, "highway": null, "railway": null, "public_transport": null, "category": "government_security", "sub_category": "city_hall", "category_label": "Government & Security", "sub_category_label": "City Hall", "color": "#506aa0", "icon": "police.svg" }, "geometry": { "type": "Point", "coordinates": [ 51.6930867, 32.6704749 ] } },
{ "type": "Feature", "properties": { "osm_id": 4474749473, "name": "دانشگاه فرهنگیان پردیس فاطمه الزهرا اصفهان", "amenity": "university", "shop": null, "tourism": null, "leisure": null, "highway": null, "railway": null, "public_transport": null, "category": "education", "sub_category": "university", "category_label": "Education", "sub_category_label": "University", "color": "#78523e", "icon": "school.svg" }, "geometry": { "type": "Point", "coordinates": [ 51.6786023, 32.6837544 ] } },
{ "type": "Feature", "properties": { "osm_id": 4474749474, "name": "دبیرستان سادات", "amenity": "school", "shop": null, "tourism": null, "leisure": null, "highway": null, "railway": null, "public_transport": null, "category": "education", "sub_category": "school", "category_label": "Education", "sub_category_label": "School", "color": "#78523e", "icon": "school.svg" }, "geometry": { "type": "Point", "coordinates": [ 51.6722949, 32.6847529 ] } },
{ "type": "Feature", "properties": { "osm_id": 4474762157, "name": "دانشگاه فارابی", "amenity": "university", "shop": null, "tourism": null, "leisure": null, "highway": null, "railway": null, "public_transport": null, "category": "education", "sub_category": "university", "category_label": "Education", "sub_category_label": "University", "color": "#78523e", "icon": "school.svg" }, "geometry": { "type": "Point", "coordinates": [ 51.6714946, 32.6679924 ] } },
{ "type": "Feature", "properties": { "osm_id": 4474762158, "name": "مسجد المرتضی", "amenity": "place_of_worship", "shop": null, "tourism": null, "leisure": null, "highway": null, "railway": null, "public_transport": null, "category": "religion", "sub_category": "mosque", "category_label": "Religious Places", "sub_category_label": "Mosque", "color": "#78523e", "icon": "place-of-worship.svg" }, "geometry": { "type": "Point", "coordinates": [ 51.6431614, 32.6778403 ] } },
{ "type": "Feature", "properties": { "osm_id": 4488695790, "name": "رستوران ملک سلطان جارچی باشی", "amenity": "restaurant", "shop": null, "tourism": null, "leisure": null, "highway": null, "railway": null, "public_transport": null, "category": "food_service", "sub_category": "restaurant", "category_label": "Restaurants & Cafes", "sub_category_label": "Restaurant", "color": "#b4612f", "icon": "restaurant.svg" }, "geometry": { "type": "Point", "coordinates": [ 51.675267, 32.663762 ] } },
{ "type": "Feature", "properties": { "osm_id": 4488744390, "name": "چایخانه سنتی آزادگان(حج میرزا)", "amenity": "cafe", "shop": null, "tourism": null, "leisure": null, "highway": null, "railway": null, "public_transport": null, "category": "food_service", "sub_category": "cafe", "category_label": "Restaurants & Cafes", "sub_category_label": "Cafe", "color": "#b4612f", "icon": "restaurant.svg" }, "geometry": { "type": "Point", "coordinates": [ 51.6783508, 32.6597467 ] } },
{ "type": "Feature", "properties": { "osm_id": 4494905029, "name": "داروخانه دکتر تاجی", "amenity": "pharmacy", "shop": null, "tourism": null, "leisure": null, "highway": null, "railway": null, "public_transport": null, "category": "pharmacy_optical", "sub_category": "pharmacy", "category_label": "Pharmacy & Optical", "sub_category_label": "Pharmacy", "color": "#d14a4a", "icon": "pharmacy.svg" }, "geometry": { "type": "Point", "coordinates": [ 51.6671679, 32.6627586 ] } },
{ "type": "Feature", "properties": { "osm_id": 4505594990, "name": "هتل فیروزه", "amenity": null, "shop": null, "tourism": "hotel", "leisure": null, "highway": null, "railway": null, "public_transport": null, "category": "accommodation", "sub_category": "hotel", "category_label": "Accommodation", "sub_category_label": "Hotel", "color": "#78523e", "icon": "lodging.svg" }, "geometry": { "type": "Point", "coordinates": [ 51.6765216, 32.6558941 ] } },
{ "type": "Feature", "properties": { "osm_id": 4505602992, "name": null, "amenity": "place_of_worship", "shop": null, "tourism": null, "leisure": null, "highway": null, "railway": null, "public_transport": null, "category": "religion", "sub_category": "mosque", "category_label": "Religious Places", "sub_category_label": "Mosque", "color": "#78523e", "icon": "place-of-worship.svg" }, "geometry": { "type": "Point", "coordinates": [ 51.6838652, 32.6601105 ] } },
{ "type": "Feature", "properties": { "osm_id": 4505615289, "name": "کافه آزادگان", "amenity": "cafe", "shop": null, "tourism": null, "leisure": null, "highway": null, "railway": null, "public_transport": null, "category": "food_service", "sub_category": "cafe", "category_label": "Restaurants & Cafes", "sub_category_label": "Cafe", "color": "#b4612f", "icon": "restaurant.svg" }, "geometry": { "type": "Point", "coordinates": [ 51.6806797, 32.6597301 ] } },
{ "type": "Feature", "properties": { "osm_id": 4510003621, "name": "شرکت پاتریس آنلاین", "amenity": null, "shop": null, "tourism": null, "leisure": null, "highway": null, "railway": null, "public_transport": null, "category": "other", "sub_category": "general", "category_label": "Other", "sub_category_label": "General", "color": "#999", "icon": "marker.svg" }, "geometry": { "type": "Point", "coordinates": [ 51.6906632, 32.6620856 ] } },
{ "type": "Feature", "properties": { "osm_id": 4513120391, "name": "قصر نور", "amenity": "pharmacy", "shop": null, "tourism": null, "leisure": null, "highway": null, "railway": null, "public_transport": null, "category": "pharmacy_optical", "sub_category": "pharmacy", "category_label": "Pharmacy & Optical", "sub_category_label": "Pharmacy", "color": "#d14a4a", "icon": "pharmacy.svg" }, "geometry": { "type": "Point", "coordinates": [ 51.6661735, 32.6535437 ] } },
{ "type": "Feature", "properties": { "osm_id": 4513120392, "name": "چهارراه تختی", "amenity": null, "shop": null, "tourism": null, "leisure": null, "highway": "bus_stop", "railway": null, "public_transport": "platform", "category": "public_transport", "sub_category": "bus_stop", "category_label": "Public Transportation", "sub_category_label": "Bus Stop", "color": "#1787d4", "icon": "bus.svg" }, "geometry": { "type": "Point", "coordinates": [ 51.6702699, 32.6637253 ] } },
{ "type": "Feature", "properties": { "osm_id": 4513149390, "name": "پشت بارو", "amenity": null, "shop": null, "tourism": null, "leisure": null, "highway": "bus_stop", "railway": null, "public_transport": "platform", "category": "public_transport", "sub_category": "bus_stop", "category_label": "Public Transportation", "sub_category_label": "Bus Stop", "color": "#1787d4", "icon": "bus.svg" }, "geometry": { "type": "Point", "coordinates": [ 51.6707374, 32.666841 ] } },
{ "type": "Feature", "properties": { "osm_id": 4513162689, "name": "میدان امام حسین (دروازه دولت)", "amenity": "bus_station", "shop": null, "tourism": null, "leisure": null, "highway": null, "railway": null, "public_transport": "station", "category": "public_transport", "sub_category": "bus_station", "category_label": "Public Transportation", "sub_category_label": "Bus Station", "color": "#1787d4", "icon": "bus.svg" }, "geometry": { "type": "Point", "coordinates": [ 51.669665, 32.6590419 ] } },
{ "type": "Feature", "properties": { "osm_id": 4513162789, "name": "مترو شهدا", "amenity": null, "shop": null, "tourism": null, "leisure": null, "highway": "bus_stop", "railway": null, "public_transport": "platform", "category": "public_transport", "sub_category": "bus_stop", "category_label": "Public Transportation", "sub_category_label": "Bus Stop", "color": "#1787d4", "icon": "bus.svg" }, "geometry": { "type": "Point", "coordinates": [ 51.6712344, 32.6707482 ] } },
{ "type": "Feature", "properties": { "osm_id": 4513162790, "name": "اداره ثبت", "amenity": null, "shop": null, "tourism": null, "leisure": null, "highway": "bus_stop", "railway": null, "public_transport": "platform", "category": "public_transport", "sub_category": "bus_stop", "category_label": "Public Transportation", "sub_category_label": "Bus Stop", "color": "#1787d4", "icon": "bus.svg" }, "geometry": { "type": "Point", "coordinates": [ 51.6730054, 32.6837637 ] } },
{ "type": "Feature", "properties": { "osm_id": 4516839591, "name": "پیرایش رسول", "amenity": null, "shop": "hairdresser", "tourism": null, "leisure": null, "highway": null, "railway": null, "public_transport": null, "category": "professional_service", "sub_category": "barber", "category_label": "Professional Services", "sub_category_label": "Barber", "color": "#506aa0", "icon": "building.svg" }, "geometry": { "type": "Point", "coordinates": [ 51.669827, 32.6700928 ] } },
{ "type": "Feature", "properties": { "osm_id": 4541086590, "name": "هتل مروارید", "amenity": null, "shop": null, "tourism": "hotel", "leisure": null, "highway": null, "railway": null, "public_transport": null, "category": "accommodation", "sub_category": "hotel", "category_label": "Accommodation", "sub_category_label": "Hotel", "color": "#78523e", "icon": "lodging.svg" }, "geometry": { "type": "Point", "coordinates": [ 51.6739818, 32.6651611 ] } },
{ "type": "Feature", "properties": { "osm_id": 4545809192, "name": "هنرستان دخترانه فنی حرفه ائی حاج حسین نوائی", "amenity": "school", "shop": null, "tourism": null, "leisure": null, "highway": null, "railway": null, "public_transport": null, "category": "education", "sub_category": "school", "category_label": "Education", "sub_category_label": "School", "color": "#78523e", "icon": "school.svg" }, "geometry": { "type": "Point", "coordinates": [ 51.6706213, 32.6704539 ] } },
{ "type": "Feature", "properties": { "osm_id": 4549464141, "name": "پمپ بنزین پترو آیریک", "amenity": "fuel", "shop": null, "tourism": null, "leisure": null, "highway": null, "railway": null, "public_transport": null, "category": "automotive", "sub_category": "gas_station", "category_label": "Automotive Services", "sub_category_label": "Gas Station", "color": "#2ecc71", "icon": "car-repair.svg" }, "geometry": { "type": "Point", "coordinates": [ 51.6616294, 32.6798487 ] } },
{ "type": "Feature", "properties": { "osm_id": 4577044298, "name": "سوپر نرگس", "amenity": null, "shop": "supermarket", "tourism": null, "leisure": null, "highway": null, "railway": null, "public_transport": null, "category": "food_retail", "sub_category": "supermarket", "category_label": "Grocery & Food Retail", "sub_category_label": "Supermarket", "color": "#b4612f", "icon": "grocery.svg" }, "geometry": { "type": "Point", "coordinates": [ 51.6666961, 32.6645626 ] } },
{ "type": "Feature", "properties": { "osm_id": 4577044392, "name": "بریانی هفت خوان", "amenity": "restaurant", "shop": null, "tourism": null, "leisure": null, "highway": null, "railway": null, "public_transport": null, "category": "food_service", "sub_category": "restaurant", "category_label": "Restaurants & Cafes", "sub_category_label": "Restaurant", "color": "#b4612f", "icon": "restaurant.svg" }, "geometry": { "type": "Point", "coordinates": [ 51.6653328, 32.6654257 ] } },
{ "type": "Feature", "properties": { "osm_id": 4581395792, "name": "بانک کشاورزی", "amenity": "bank", "shop": null, "tourism": null, "leisure": null, "highway": null, "railway": null, "public_transport": null, "category": "finance", "sub_category": "bank", "category_label": "Banking & Finance", "sub_category_label": "Bank", "color": "#4e497c", "icon": "bank.svg" }, "geometry": { "type": "Point", "coordinates": [ 51.6659855, 32.6543946 ] } },
{ "type": "Feature", "properties": { "osm_id": 4581448492, "name": "بانک ملت", "amenity": "bank", "shop": null, "tourism": null, "leisure": null, "highway": null, "railway": null, "public_transport": null, "category": "finance", "sub_category": "bank", "category_label": "Banking & Finance", "sub_category_label": "Bank", "color": "#4e497c", "icon": "bank.svg" }, "geometry": { "type": "Point", "coordinates": [ 51.6673292, 32.6653875 ] } },
{ "type": "Feature", "properties": { "osm_id": 4581448493, "name": "چهارراه تختی", "amenity": null, "shop": null, "tourism": null, "leisure": null, "highway": "bus_stop", "railway": null, "public_transport": "platform", "category": "public_transport", "sub_category": "bus_stop", "category_label": "Public Transportation", "sub_category_label": "Bus Stop", "color": "#1787d4", "icon": "bus.svg" }, "geometry": { "type": "Point", "coordinates": [ 51.6698994, 32.6639923 ] } },
{ "type": "Feature", "properties": { "osm_id": 4581455689, "name": "بانک صادرات", "amenity": "bank", "shop": null, "tourism": null, "leisure": null, "highway": null, "railway": null, "public_transport": null, "category": "finance", "sub_category": "bank", "category_label": "Banking & Finance", "sub_category_label": "Bank", "color": "#4e497c", "icon": "bank.svg" }, "geometry": { "type": "Point", "coordinates": [ 51.6925804, 32.6669224 ] } },
{ "type": "Feature", "properties": { "osm_id": 4581494590, "name": null, "amenity": "atm", "shop": null, "tourism": null, "leisure": null, "highway": null, "railway": null, "public_transport": null, "category": "finance", "sub_category": "atm", "category_label": "Banking & Finance", "sub_category_label": "Atm", "color": "#4e497c", "icon": "bank.svg" }, "geometry": { "type": "Point", "coordinates": [ 51.6659787, 32.6543803 ] } },
{ "type": "Feature", "properties": { "osm_id": 4582250395, "name": "پیتزا ماکسیما", "amenity": "fast_food", "shop": null, "tourism": null, "leisure": null, "highway": null, "railway": null, "public_transport": null, "category": "food_service", "sub_category": "fast_food", "category_label": "Restaurants & Cafes", "sub_category_label": "Fast Food", "color": "#b4612f", "icon": "restaurant.svg" }, "geometry": { "type": "Point", "coordinates": [ 51.6671254, 32.6632191 ] } },
{ "type": "Feature", "properties": { "osm_id": 4582250900, "name": "دفتر فنی باربد", "amenity": null, "shop": "copyshop", "tourism": null, "leisure": null, "highway": null, "railway": null, "public_transport": null, "category": "general_retail", "sub_category": "copyshop", "category_label": "General Retail", "sub_category_label": "Copyshop", "color": "#194aa4", "icon": "shop.svg" }, "geometry": { "type": "Point", "coordinates": [ 51.6670535, 32.6614246 ] } },
{ "type": "Feature", "properties": { "osm_id": 4582269593, "name": "سوپر هایت سارگل", "amenity": null, "shop": "supermarket", "tourism": null, "leisure": null, "highway": null, "railway": null, "public_transport": null, "category": "food_retail", "sub_category": "supermarket", "category_label": "Grocery & Food Retail", "sub_category_label": "Supermarket", "color": "#b4612f", "icon": "grocery.svg" }, "geometry": { "type": "Point", "coordinates": [ 51.6670106, 32.6615259 ] } },
{ "type": "Feature", "properties": { "osm_id": 4582798192, "name": "ایستگاه بازیافت", "amenity": "recycling", "shop": null, "tourism": null, "leisure": null, "highway": null, "railway": null, "public_transport": null, "category": "public_service", "sub_category": "other", "category_label": "Public Services", "sub_category_label": "Other", "color": "#506aa0", "icon": "post.svg" }, "geometry": { "type": "Point", "coordinates": [ 51.6664479, 32.6645931 ] } },
{ "type": "Feature", "properties": { "osm_id": 4582809890, "name": "کافه نان شایسته", "amenity": null, "shop": "bakery", "tourism": null, "leisure": null, "highway": null, "railway": null, "public_transport": null, "category": "food_retail", "sub_category": "bakery", "category_label": "Grocery & Food Retail", "sub_category_label": "Bakery", "color": "#b4612f", "icon": "grocery.svg" }, "geometry": { "type": "Point", "coordinates": [ 51.6661326, 32.6656136 ] } },
{ "type": "Feature", "properties": { "osm_id": 4582817889, "name": null, "amenity": "bicycle_rental", "shop": null, "tourism": null, "leisure": null, "highway": null, "railway": null, "public_transport": null, "category": "public_transport", "sub_category": "bicycle_station", "category_label": "Public Transportation", "sub_category_label": "Bicycle Station", "color": "#1787d4", "icon": "bus.svg" }, "geometry": { "type": "Point", "coordinates": [ 51.6662519, 32.665249 ] } },
{ "type": "Feature", "properties": { "osm_id": 4583098700, "name": "میدان امام حسین (دروازه دولت)", "amenity": "bus_station", "shop": null, "tourism": null, "leisure": null, "highway": null, "railway": null, "public_transport": "station", "category": "public_transport", "sub_category": "bus_station", "category_label": "Public Transportation", "sub_category_label": "Bus Station", "color": "#1787d4", "icon": "bus.svg" }, "geometry": { "type": "Point", "coordinates": [ 51.6692574, 32.6590672 ] } },
{ "type": "Feature", "properties": { "osm_id": 4583140290, "name": null, "amenity": "bus_station", "shop": null, "tourism": null, "leisure": null, "highway": null, "railway": null, "public_transport": "station", "category": "public_transport", "sub_category": "bus_station", "category_label": "Public Transportation", "sub_category_label": "Bus Station", "color": "#1787d4", "icon": "bus.svg" }, "geometry": { "type": "Point", "coordinates": [ 51.6692793, 32.6565237 ] } },
{ "type": "Feature", "properties": { "osm_id": 4583344789, "name": "هتل ملک", "amenity": null, "shop": null, "tourism": "hotel", "leisure": null, "highway": null, "railway": null, "public_transport": null, "category": "accommodation", "sub_category": "hotel", "category_label": "Accommodation", "sub_category_label": "Hotel", "color": "#78523e", "icon": "lodging.svg" }, "geometry": { "type": "Point", "coordinates": [ 51.6861036, 32.6531674 ] } },
{ "type": "Feature", "properties": { "osm_id": 4583837690, "name": "داروخانه دکتر کمالی‌زاده", "amenity": "pharmacy", "shop": null, "tourism": null, "leisure": null, "highway": null, "railway": null, "public_transport": null, "category": "pharmacy_optical", "sub_category": "pharmacy", "category_label": "Pharmacy & Optical", "sub_category_label": "Pharmacy", "color": "#d14a4a", "icon": "pharmacy.svg" }, "geometry": { "type": "Point", "coordinates": [ 51.6710262, 32.6732399 ] } },
{ "type": "Feature", "properties": { "osm_id": 4583856591, "name": "هتل پردیس", "amenity": null, "shop": null, "tourism": "hotel", "leisure": null, "highway": null, "railway": null, "public_transport": null, "category": "accommodation", "sub_category": "hotel", "category_label": "Accommodation", "sub_category_label": "Hotel", "color": "#78523e", "icon": "lodging.svg" }, "geometry": { "type": "Point", "coordinates": [ 51.6706377, 32.665184 ] } },
{ "type": "Feature", "properties": { "osm_id": 4583856690, "name": "بانک ملت", "amenity": "bank", "shop": null, "tourism": null, "leisure": null, "highway": null, "railway": null, "public_transport": null, "category": "finance", "sub_category": "bank", "category_label": "Banking & Finance", "sub_category_label": "Bank", "color": "#4e497c", "icon": "bank.svg" }, "geometry": { "type": "Point", "coordinates": [ 51.6717727, 32.6742167 ] } },
{ "type": "Feature", "properties": { "osm_id": 4585485396, "name": "پشت بارو", "amenity": "bus_station", "shop": null, "tourism": null, "leisure": null, "highway": "bus_stop", "railway": null, "public_transport": "station", "category": "public_transport", "sub_category": "bus_station", "category_label": "Public Transportation", "sub_category_label": "Bus Station", "color": "#1787d4", "icon": "bus.svg" }, "geometry": { "type": "Point", "coordinates": [ 51.6703989, 32.6675469 ] } },
{ "type": "Feature", "properties": { "osm_id": 4608404272, "name": null, "amenity": null, "shop": null, "tourism": null, "leisure": null, "highway": "traffic_signals", "railway": null, "public_transport": null, "category": "parking_road_facility", "sub_category": "traffic_signals", "category_label": "Parking & Road Facilities", "sub_category_label": "Traffic Signals", "color": "#78523e", "icon": "parking.svg" }, "geometry": { "type": "Point", "coordinates": [ 51.6752819, 32.6659942 ] } },
{ "type": "Feature", "properties": { "osm_id": 4616512995, "name": "بانک صادرات", "amenity": "bank", "shop": null, "tourism": null, "leisure": null, "highway": null, "railway": null, "public_transport": null, "category": "finance", "sub_category": "bank", "category_label": "Banking & Finance", "sub_category_label": "Bank", "color": "#4e497c", "icon": "bank.svg" }, "geometry": { "type": "Point", "coordinates": [ 51.6788318, 32.6666424 ] } },
{ "type": "Feature", "properties": { "osm_id": 4625203241, "name": "آموزشگاه موسیقی عارف", "amenity": null, "shop": null, "tourism": null, "leisure": null, "highway": null, "railway": null, "public_transport": null, "category": "other", "sub_category": "general", "category_label": "Other", "sub_category_label": "General", "color": "#999", "icon": "marker.svg" }, "geometry": { "type": "Point", "coordinates": [ 51.6887231, 32.6526473 ] } },
{ "type": "Feature", "properties": { "osm_id": 4631660402, "name": null, "amenity": null, "shop": null, "tourism": null, "leisure": null, "highway": "turning_circle", "railway": null, "public_transport": null, "category": "other", "sub_category": "general", "category_label": "Other", "sub_category_label": "General", "color": "#999", "icon": "marker.svg" }, "geometry": { "type": "Point", "coordinates": [ 51.6791559, 32.6545719 ] } },
{ "type": "Feature", "properties": { "osm_id": 4635448229, "name": "آل محمد", "amenity": "place_of_worship", "shop": null, "tourism": null, "leisure": null, "highway": null, "railway": null, "public_transport": null, "category": "religion", "sub_category": "mosque", "category_label": "Religious Places", "sub_category_label": "Mosque", "color": "#78523e", "icon": "place-of-worship.svg" }, "geometry": { "type": "Point", "coordinates": [ 51.6835919, 32.6538104 ] } },
{ "type": "Feature", "properties": { "osm_id": 4635448230, "name": "نمایندگی ایران خودرو", "amenity": null, "shop": "car_repair", "tourism": null, "leisure": null, "highway": null, "railway": null, "public_transport": null, "category": "automotive", "sub_category": "car_repair", "category_label": "Automotive Services", "sub_category_label": "Car Repair", "color": "#2ecc71", "icon": "car-repair.svg" }, "geometry": { "type": "Point", "coordinates": [ 51.6829022, 32.6535535 ] } },
{ "type": "Feature", "properties": { "osm_id": 4635448244, "name": "الهادی", "amenity": "place_of_worship", "shop": null, "tourism": null, "leisure": null, "highway": null, "railway": null, "public_transport": null, "category": "religion", "sub_category": "mosque", "category_label": "Religious Places", "sub_category_label": "Mosque", "color": "#78523e", "icon": "place-of-worship.svg" }, "geometry": { "type": "Point", "coordinates": [ 51.6837864, 32.6548888 ] } },
{ "type": "Feature", "properties": { "osm_id": 4635448293, "name": "مسجد خان", "amenity": "place_of_worship", "shop": null, "tourism": null, "leisure": null, "highway": null, "railway": null, "public_transport": null, "category": "religion", "sub_category": "mosque", "category_label": "Religious Places", "sub_category_label": "Mosque", "color": "#78523e", "icon": "place-of-worship.svg" }, "geometry": { "type": "Point", "coordinates": [ 51.6865129, 32.6544882 ] } },
{ "type": "Feature", "properties": { "osm_id": 4635525968, "name": "مسجد حاج ابوالحسن", "amenity": "place_of_worship", "shop": null, "tourism": null, "leisure": null, "highway": null, "railway": null, "public_transport": null, "category": "religion", "sub_category": "mosque", "category_label": "Religious Places", "sub_category_label": "Mosque", "color": "#78523e", "icon": "place-of-worship.svg" }, "geometry": { "type": "Point", "coordinates": [ 51.6840311, 32.6572823 ] } },
{ "type": "Feature", "properties": { "osm_id": 4635525979, "name": "مسجد الزهرا", "amenity": "place_of_worship", "shop": null, "tourism": null, "leisure": null, "highway": null, "railway": null, "public_transport": null, "category": "religion", "sub_category": "mosque", "category_label": "Religious Places", "sub_category_label": "Mosque", "color": "#78523e", "icon": "place-of-worship.svg" }, "geometry": { "type": "Point", "coordinates": [ 51.6856313, 32.656143 ] } },
{ "type": "Feature", "properties": { "osm_id": 4636907713, "name": "مسجد یزدآباد", "amenity": "place_of_worship", "shop": null, "tourism": null, "leisure": null, "highway": null, "railway": null, "public_transport": null, "category": "religion", "sub_category": "mosque", "category_label": "Religious Places", "sub_category_label": "Mosque", "color": "#78523e", "icon": "place-of-worship.svg" }, "geometry": { "type": "Point", "coordinates": [ 51.6853623, 32.6604242 ] } },
{ "type": "Feature", "properties": { "osm_id": 4636907721, "name": "دبیرستان دخترانه حاج رسول آبدار", "amenity": "school", "shop": null, "tourism": null, "leisure": null, "highway": null, "railway": null, "public_transport": null, "category": "education", "sub_category": "school", "category_label": "Education", "sub_category_label": "School", "color": "#78523e", "icon": "school.svg" }, "geometry": { "type": "Point", "coordinates": [ 51.6844539, 32.6601082 ] } },
{ "type": "Feature", "properties": { "osm_id": 4636951596, "name": "مسجد مهدی موعود", "amenity": "place_of_worship", "shop": null, "tourism": null, "leisure": null, "highway": null, "railway": null, "public_transport": null, "category": "religion", "sub_category": "mosque", "category_label": "Religious Places", "sub_category_label": "Mosque", "color": "#78523e", "icon": "place-of-worship.svg" }, "geometry": { "type": "Point", "coordinates": [ 51.6885399, 32.6596771 ] } },
{ "type": "Feature", "properties": { "osm_id": 4636992506, "name": "دبستان پسرانه استاد همایی", "amenity": "school", "shop": null, "tourism": null, "leisure": null, "highway": null, "railway": null, "public_transport": null, "category": "education", "sub_category": "school", "category_label": "Education", "sub_category_label": "School", "color": "#78523e", "icon": "school.svg" }, "geometry": { "type": "Point", "coordinates": [ 51.6905727, 32.6558167 ] } },
{ "type": "Feature", "properties": { "osm_id": 4636992507, "name": "مسجد جعفری", "amenity": "place_of_worship", "shop": null, "tourism": null, "leisure": null, "highway": null, "railway": null, "public_transport": null, "category": "religion", "sub_category": "mosque", "category_label": "Religious Places", "sub_category_label": "Mosque", "color": "#78523e", "icon": "place-of-worship.svg" }, "geometry": { "type": "Point", "coordinates": [ 51.6902076, 32.6556146 ] } },
{ "type": "Feature", "properties": { "osm_id": 4637094390, "name": "مسجد الزهرا", "amenity": "place_of_worship", "shop": null, "tourism": null, "leisure": null, "highway": null, "railway": null, "public_transport": null, "category": "religion", "sub_category": "mosque", "category_label": "Religious Places", "sub_category_label": "Mosque", "color": "#78523e", "icon": "place-of-worship.svg" }, "geometry": { "type": "Point", "coordinates": [ 51.6923101, 32.6613329 ] } },
{ "type": "Feature", "properties": { "osm_id": 4637094391, "name": "بانک سپه", "amenity": "bank", "shop": null, "tourism": null, "leisure": null, "highway": null, "railway": null, "public_transport": null, "category": "finance", "sub_category": "bank", "category_label": "Banking & Finance", "sub_category_label": "Bank", "color": "#4e497c", "icon": "bank.svg" }, "geometry": { "type": "Point", "coordinates": [ 51.692017, 32.6614864 ] } },
{ "type": "Feature", "properties": { "osm_id": 4637664457, "name": "تجهیزات پزشکی عادل طب", "amenity": null, "shop": "medical_supply", "tourism": null, "leisure": null, "highway": null, "railway": null, "public_transport": null, "category": "general_retail", "sub_category": "medical_supply", "category_label": "General Retail", "sub_category_label": "Medical Supply", "color": "#194aa4", "icon": "shop.svg" }, "geometry": { "type": "Point", "coordinates": [ 51.6667565, 32.6641097 ] } },
{ "type": "Feature", "properties": { "osm_id": 4637670196, "name": "ایستگاه تاکسی بیسیم صباسیر", "amenity": "taxi", "shop": null, "tourism": null, "leisure": null, "highway": null, "railway": null, "public_transport": null, "category": "public_transport", "sub_category": "taxi", "category_label": "Public Transportation", "sub_category_label": "Taxi", "color": "#1787d4", "icon": "bus.svg" }, "geometry": { "type": "Point", "coordinates": [ 51.666455, 32.6645535 ] } },
{ "type": "Feature", "properties": { "osm_id": 4641738932, "name": "مسجد سرخی", "amenity": "place_of_worship", "shop": null, "tourism": null, "leisure": null, "highway": null, "railway": null, "public_transport": null, "category": "religion", "sub_category": "mosque", "category_label": "Religious Places", "sub_category_label": "Mosque", "color": "#78523e", "icon": "place-of-worship.svg" }, "geometry": { "type": "Point", "coordinates": [ 51.6710822, 32.6614984 ] } },
{ "type": "Feature", "properties": { "osm_id": 4641794856, "name": "دبیرستان پسرانه علامه مجلسی", "amenity": "school", "shop": null, "tourism": null, "leisure": null, "highway": null, "railway": null, "public_transport": null, "category": "education", "sub_category": "school", "category_label": "Education", "sub_category_label": "School", "color": "#78523e", "icon": "school.svg" }, "geometry": { "type": "Point", "coordinates": [ 51.6812679, 32.6615837 ] } },
{ "type": "Feature", "properties": { "osm_id": 4642627832, "name": "سوپر یاس", "amenity": null, "shop": "supermarket", "tourism": null, "leisure": null, "highway": null, "railway": null, "public_transport": null, "category": "food_retail", "sub_category": "supermarket", "category_label": "Grocery & Food Retail", "sub_category_label": "Supermarket", "color": "#b4612f", "icon": "grocery.svg" }, "geometry": { "type": "Point", "coordinates": [ 51.6671388, 32.6655409 ] } },
{ "type": "Feature", "properties": { "osm_id": 4642627833, "name": "سپاهان نرم افزار", "amenity": null, "shop": "computer", "tourism": null, "leisure": null, "highway": null, "railway": null, "public_transport": null, "category": "general_retail", "sub_category": "electronics_store", "category_label": "General Retail", "sub_category_label": "Electronics Store", "color": "#194aa4", "icon": "shop.svg" }, "geometry": { "type": "Point", "coordinates": [ 51.6699986, 32.6650991 ] } },
{ "type": "Feature", "properties": { "osm_id": 4642627834, "name": "کلینیک انیس", "amenity": "clinic", "shop": null, "tourism": null, "leisure": null, "highway": null, "railway": null, "public_transport": null, "category": "medical_care", "sub_category": "clinic", "category_label": "Medical Care", "sub_category_label": "Clinic", "color": "#d14a4a", "icon": "doctor.svg" }, "geometry": { "type": "Point", "coordinates": [ 51.6671777, 32.6606967 ] } },
{ "type": "Feature", "properties": { "osm_id": 4642627835, "name": "سپاهان تحریر", "amenity": null, "shop": "stationery", "tourism": null, "leisure": null, "highway": null, "railway": null, "public_transport": null, "category": "general_retail", "sub_category": "stationery", "category_label": "General Retail", "sub_category_label": "Stationery", "color": "#194aa4", "icon": "shop.svg" }, "geometry": { "type": "Point", "coordinates": [ 51.6691278, 32.6655134 ] } },
{ "type": "Feature", "properties": { "osm_id": 4644014573, "name": null, "amenity": null, "shop": null, "tourism": null, "leisure": null, "highway": "traffic_signals", "railway": null, "public_transport": null, "category": "parking_road_facility", "sub_category": "traffic_signals", "category_label": "Parking & Road Facilities", "sub_category_label": "Traffic Signals", "color": "#78523e", "icon": "parking.svg" }, "geometry": { "type": "Point", "coordinates": [ 51.6936015, 32.6622594 ] } },
{ "type": "Feature", "properties": { "osm_id": 4652812392, "name": "خوابگاه اصفهان", "amenity": null, "shop": null, "tourism": "hotel", "leisure": null, "highway": null, "railway": null, "public_transport": null, "category": "accommodation", "sub_category": "hotel", "category_label": "Accommodation", "sub_category_label": "Hotel", "color": "#78523e", "icon": "lodging.svg" }, "geometry": { "type": "Point", "coordinates": [ 51.6804097, 32.6783267 ] } },
{ "type": "Feature", "properties": { "osm_id": 4671632358, "name": "مسجد قدر", "amenity": "place_of_worship", "shop": null, "tourism": null, "leisure": null, "highway": null, "railway": null, "public_transport": null, "category": "religion", "sub_category": "mosque", "category_label": "Religious Places", "sub_category_label": "Mosque", "color": "#78523e", "icon": "place-of-worship.svg" }, "geometry": { "type": "Point", "coordinates": [ 51.6911008, 32.6691075 ] } },
{ "type": "Feature", "properties": { "osm_id": 4671632361, "name": "کنیسا ناسی", "amenity": "place_of_worship", "shop": null, "tourism": null, "leisure": null, "highway": null, "railway": null, "public_transport": null, "category": "religion", "sub_category": "mosque", "category_label": "Religious Places", "sub_category_label": "Mosque", "color": "#78523e", "icon": "place-of-worship.svg" }, "geometry": { "type": "Point", "coordinates": [ 51.6904298, 32.6711493 ] } },
{ "type": "Feature", "properties": { "osm_id": 4674169006, "name": "دبیرستان و کارودانش دخترانه زهره", "amenity": "school", "shop": null, "tourism": null, "leisure": null, "highway": null, "railway": null, "public_transport": null, "category": "education", "sub_category": "school", "category_label": "Education", "sub_category_label": "School", "color": "#78523e", "icon": "school.svg" }, "geometry": { "type": "Point", "coordinates": [ 51.6902983, 32.6768159 ] } },
{ "type": "Feature", "properties": { "osm_id": 4674258103, "name": "مسجد آقا", "amenity": "place_of_worship", "shop": null, "tourism": null, "leisure": null, "highway": null, "railway": null, "public_transport": null, "category": "religion", "sub_category": "mosque", "category_label": "Religious Places", "sub_category_label": "Mosque", "color": "#78523e", "icon": "place-of-worship.svg" }, "geometry": { "type": "Point", "coordinates": [ 51.6907731, 32.6722996 ] } },
{ "type": "Feature", "properties": { "osm_id": 4674258104, "name": "مسجد سرطاوه", "amenity": "place_of_worship", "shop": null, "tourism": null, "leisure": null, "highway": null, "railway": null, "public_transport": null, "category": "religion", "sub_category": "mosque", "category_label": "Religious Places", "sub_category_label": "Mosque", "color": "#78523e", "icon": "place-of-worship.svg" }, "geometry": { "type": "Point", "coordinates": [ 51.6911942, 32.6718728 ] } },
{ "type": "Feature", "properties": { "osm_id": 4674258128, "name": "تکیه حاج میرزا داوود", "amenity": "place_of_worship", "shop": null, "tourism": null, "leisure": null, "highway": null, "railway": null, "public_transport": null, "category": "religion", "sub_category": "mosque", "category_label": "Religious Places", "sub_category_label": "Mosque", "color": "#78523e", "icon": "place-of-worship.svg" }, "geometry": { "type": "Point", "coordinates": [ 51.6890873, 32.6735704 ] } },
{ "type": "Feature", "properties": { "osm_id": 4674258134, "name": "مسجد نایب", "amenity": "place_of_worship", "shop": null, "tourism": null, "leisure": null, "highway": null, "railway": null, "public_transport": null, "category": "religion", "sub_category": "mosque", "category_label": "Religious Places", "sub_category_label": "Mosque", "color": "#78523e", "icon": "place-of-worship.svg" }, "geometry": { "type": "Point", "coordinates": [ 51.6884245, 32.6742056 ] } },
{ "type": "Feature", "properties": { "osm_id": 4674292065, "name": "استخر سرتاوه", "amenity": null, "shop": null, "tourism": null, "leisure": "sports_centre", "highway": null, "railway": null, "public_transport": null, "category": "sport_recreation", "sub_category": "gym", "category_label": "Sports & Recreation", "sub_category_label": "Gym", "color": "#067c91", "icon": "park.svg" }, "geometry": { "type": "Point", "coordinates": [ 51.6928979, 32.6730415 ] } },
{ "type": "Feature", "properties": { "osm_id": 4674292066, "name": "مسجد امام حسن مجتبی", "amenity": "place_of_worship", "shop": null, "tourism": null, "leisure": null, "highway": null, "railway": null, "public_transport": null, "category": "religion", "sub_category": "mosque", "category_label": "Religious Places", "sub_category_label": "Mosque", "color": "#78523e", "icon": "place-of-worship.svg" }, "geometry": { "type": "Point", "coordinates": [ 51.6924995, 32.6751192 ] } },
{ "type": "Feature", "properties": { "osm_id": 4674292067, "name": "مسجد معمری", "amenity": "place_of_worship", "shop": null, "tourism": null, "leisure": null, "highway": null, "railway": null, "public_transport": null, "category": "religion", "sub_category": "mosque", "category_label": "Religious Places", "sub_category_label": "Mosque", "color": "#78523e", "icon": "place-of-worship.svg" }, "geometry": { "type": "Point", "coordinates": [ 51.691652, 32.673893 ] } },
{ "type": "Feature", "properties": { "osm_id": 4674292068, "name": "مسجد مصری", "amenity": "place_of_worship", "shop": null, "tourism": null, "leisure": null, "highway": null, "railway": null, "public_transport": null, "category": "religion", "sub_category": "mosque", "category_label": "Religious Places", "sub_category_label": "Mosque", "color": "#78523e", "icon": "place-of-worship.svg" }, "geometry": { "type": "Point", "coordinates": [ 51.6909868, 32.674602 ] } },
{ "type": "Feature", "properties": { "osm_id": 4674617346, "name": "مسجد میرزا علی آقا شیرازی", "amenity": "place_of_worship", "shop": null, "tourism": null, "leisure": null, "highway": null, "railway": null, "public_transport": null, "category": "religion", "sub_category": "mosque", "category_label": "Religious Places", "sub_category_label": "Mosque", "color": "#78523e", "icon": "place-of-worship.svg" }, "geometry": { "type": "Point", "coordinates": [ 51.6824528, 32.6768099 ] } },
{ "type": "Feature", "properties": { "osm_id": 4674617352, "name": "مجموعه ورزشی ابن سینا", "amenity": null, "shop": null, "tourism": null, "leisure": "sports_centre", "highway": null, "railway": null, "public_transport": null, "category": "sport_recreation", "sub_category": "gym", "category_label": "Sports & Recreation", "sub_category_label": "Gym", "color": "#067c91", "icon": "park.svg" }, "geometry": { "type": "Point", "coordinates": [ 51.682944, 32.6773112 ] } },
{ "type": "Feature", "properties": { "osm_id": 4674729073, "name": "مسجد چهارده معصوم", "amenity": "place_of_worship", "shop": null, "tourism": null, "leisure": null, "highway": null, "railway": null, "public_transport": null, "category": "religion", "sub_category": "mosque", "category_label": "Religious Places", "sub_category_label": "Mosque", "color": "#78523e", "icon": "place-of-worship.svg" }, "geometry": { "type": "Point", "coordinates": [ 51.6843523, 32.6769534 ] } },
{ "type": "Feature", "properties": { "osm_id": 4674918323, "name": "شرقی", "amenity": null, "shop": null, "tourism": null, "leisure": null, "highway": null, "railway": "subway_entrance", "public_transport": null, "category": "public_transport", "sub_category": "subway_station", "category_label": "Public Transportation", "sub_category_label": "Subway Station", "color": "#1787d4", "icon": "bus.svg" }, "geometry": { "type": "Point", "coordinates": [ 51.6716128, 32.6725508 ] } },
{ "type": "Feature", "properties": { "osm_id": 4674918438, "name": "مسجد آیت الله محقق", "amenity": "place_of_worship", "shop": null, "tourism": null, "leisure": null, "highway": null, "railway": null, "public_transport": null, "category": "religion", "sub_category": "mosque", "category_label": "Religious Places", "sub_category_label": "Mosque", "color": "#78523e", "icon": "place-of-worship.svg" }, "geometry": { "type": "Point", "coordinates": [ 51.6742069, 32.6731032 ] } },
{ "type": "Feature", "properties": { "osm_id": 4676565754, "name": "دفتر خدمات ارتباطی", "amenity": null, "shop": null, "tourism": null, "leisure": null, "highway": null, "railway": null, "public_transport": null, "category": "other", "sub_category": "general", "category_label": "Other", "sub_category_label": "General", "color": "#999", "icon": "marker.svg" }, "geometry": { "type": "Point", "coordinates": [ 51.6661242, 32.6654245 ] } },
{ "type": "Feature", "properties": { "osm_id": 4676570330, "name": "فدک", "amenity": null, "shop": "supermarket", "tourism": null, "leisure": null, "highway": null, "railway": null, "public_transport": null, "category": "food_retail", "sub_category": "supermarket", "category_label": "Grocery & Food Retail", "sub_category_label": "Supermarket", "color": "#b4612f", "icon": "grocery.svg" }, "geometry": { "type": "Point", "coordinates": [ 51.6661029, 32.6654239 ] } },
{ "type": "Feature", "properties": { "osm_id": 4676570331, "name": "احیا", "amenity": null, "shop": "stationery", "tourism": null, "leisure": null, "highway": null, "railway": null, "public_transport": null, "category": "general_retail", "sub_category": "stationery", "category_label": "General Retail", "sub_category_label": "Stationery", "color": "#194aa4", "icon": "shop.svg" }, "geometry": { "type": "Point", "coordinates": [ 51.6657692, 32.6658741 ] } },
{ "type": "Feature", "properties": { "osm_id": 4676570332, "name": null, "amenity": "atm", "shop": null, "tourism": null, "leisure": null, "highway": null, "railway": null, "public_transport": null, "category": "finance", "sub_category": "atm", "category_label": "Banking & Finance", "sub_category_label": "Atm", "color": "#4e497c", "icon": "bank.svg" }, "geometry": { "type": "Point", "coordinates": [ 51.668483, 32.6653927 ] } },
{ "type": "Feature", "properties": { "osm_id": 4676570333, "name": null, "amenity": "atm", "shop": null, "tourism": null, "leisure": null, "highway": null, "railway": null, "public_transport": null, "category": "finance", "sub_category": "atm", "category_label": "Banking & Finance", "sub_category_label": "Atm", "color": "#4e497c", "icon": "bank.svg" }, "geometry": { "type": "Point", "coordinates": [ 51.6685772, 32.6653889 ] } },
{ "type": "Feature", "properties": { "osm_id": 4676570519, "name": "فروش و تعمیر تلفن", "amenity": null, "shop": null, "tourism": null, "leisure": null, "highway": null, "railway": null, "public_transport": null, "category": "other", "sub_category": "general", "category_label": "Other", "sub_category_label": "General", "color": "#999", "icon": "marker.svg" }, "geometry": { "type": "Point", "coordinates": [ 51.6661416, 32.6654242 ] } },
{ "type": "Feature", "properties": { "osm_id": 4676570520, "name": "سوپر", "amenity": null, "shop": "supermarket", "tourism": null, "leisure": null, "highway": null, "railway": null, "public_transport": null, "category": "food_retail", "sub_category": "supermarket", "category_label": "Grocery & Food Retail", "sub_category_label": "Supermarket", "color": "#b4612f", "icon": "grocery.svg" }, "geometry": { "type": "Point", "coordinates": [ 51.6659901, 32.6656109 ] } },
{ "type": "Feature", "properties": { "osm_id": 4676570524, "name": "میوه فروشی", "amenity": null, "shop": "greengrocer", "tourism": null, "leisure": null, "highway": null, "railway": null, "public_transport": null, "category": "food_retail", "sub_category": "greengrocer", "category_label": "Grocery & Food Retail", "sub_category_label": "Greengrocer", "color": "#b4612f", "icon": "grocery.svg" }, "geometry": { "type": "Point", "coordinates": [ 51.6657725, 32.6658944 ] } },
{ "type": "Feature", "properties": { "osm_id": 4676570525, "name": "دفترفنی ۱۲۸", "amenity": null, "shop": "stationery", "tourism": null, "leisure": null, "highway": null, "railway": null, "public_transport": null, "category": "general_retail", "sub_category": "stationery", "category_label": "General Retail", "sub_category_label": "Stationery", "color": "#194aa4", "icon": "shop.svg" }, "geometry": { "type": "Point", "coordinates": [ 51.6693471, 32.6653055 ] } },
{ "type": "Feature", "properties": { "osm_id": 4676782530, "name": "دبیرستان پسرانه کاوه", "amenity": "school", "shop": null, "tourism": null, "leisure": null, "highway": null, "railway": null, "public_transport": null, "category": "education", "sub_category": "school", "category_label": "Education", "sub_category_label": "School", "color": "#78523e", "icon": "school.svg" }, "geometry": { "type": "Point", "coordinates": [ 51.6736637, 32.6762711 ] } },
{ "type": "Feature", "properties": { "osm_id": 4680480571, "name": null, "amenity": null, "shop": null, "tourism": null, "leisure": null, "highway": "traffic_signals", "railway": null, "public_transport": null, "category": "parking_road_facility", "sub_category": "traffic_signals", "category_label": "Parking & Road Facilities", "sub_category_label": "Traffic Signals", "color": "#78523e", "icon": "parking.svg" }, "geometry": { "type": "Point", "coordinates": [ 51.666619, 32.6655515 ] } },
{ "type": "Feature", "properties": { "osm_id": 4685399189, "name": "کافه لفت", "amenity": "cafe", "shop": null, "tourism": null, "leisure": null, "highway": null, "railway": null, "public_transport": null, "category": "food_service", "sub_category": "cafe", "category_label": "Restaurants & Cafes", "sub_category_label": "Cafe", "color": "#b4612f", "icon": "restaurant.svg" }, "geometry": { "type": "Point", "coordinates": [ 51.6770787, 32.6604071 ] } },
{ "type": "Feature", "properties": { "osm_id": 4691328378, "name": null, "amenity": null, "shop": null, "tourism": null, "leisure": null, "highway": "traffic_signals", "railway": null, "public_transport": null, "category": "parking_road_facility", "sub_category": "traffic_signals", "category_label": "Parking & Road Facilities", "sub_category_label": "Traffic Signals", "color": "#78523e", "icon": "parking.svg" }, "geometry": { "type": "Point", "coordinates": [ 51.6668199, 32.6616223 ] } },
{ "type": "Feature", "properties": { "osm_id": 4691328379, "name": null, "amenity": null, "shop": null, "tourism": null, "leisure": null, "highway": "traffic_signals", "railway": null, "public_transport": null, "category": "parking_road_facility", "sub_category": "traffic_signals", "category_label": "Parking & Road Facilities", "sub_category_label": "Traffic Signals", "color": "#78523e", "icon": "parking.svg" }, "geometry": { "type": "Point", "coordinates": [ 51.6665137, 32.6584668 ] } },
{ "type": "Feature", "properties": { "osm_id": 4691334884, "name": null, "amenity": null, "shop": null, "tourism": null, "leisure": null, "highway": "traffic_signals", "railway": null, "public_transport": null, "category": "parking_road_facility", "sub_category": "traffic_signals", "category_label": "Parking & Road Facilities", "sub_category_label": "Traffic Signals", "color": "#78523e", "icon": "parking.svg" }, "geometry": { "type": "Point", "coordinates": [ 51.6666331, 32.6616668 ] } },
{ "type": "Feature", "properties": { "osm_id": 4691334885, "name": null, "amenity": null, "shop": null, "tourism": null, "leisure": null, "highway": "traffic_signals", "railway": null, "public_transport": null, "category": "parking_road_facility", "sub_category": "traffic_signals", "category_label": "Parking & Road Facilities", "sub_category_label": "Traffic Signals", "color": "#78523e", "icon": "parking.svg" }, "geometry": { "type": "Point", "coordinates": [ 51.666749, 32.6617945 ] } },
{ "type": "Feature", "properties": { "osm_id": 4692049371, "name": null, "amenity": null, "shop": null, "tourism": null, "leisure": null, "highway": "traffic_signals", "railway": null, "public_transport": null, "category": "parking_road_facility", "sub_category": "traffic_signals", "category_label": "Parking & Road Facilities", "sub_category_label": "Traffic Signals", "color": "#78523e", "icon": "parking.svg" }, "geometry": { "type": "Point", "coordinates": [ 51.6701712, 32.665339 ] } },
{ "type": "Feature", "properties": { "osm_id": 4695705234, "name": "کتابخانه مسجد فرشته", "amenity": "library", "shop": null, "tourism": null, "leisure": null, "highway": null, "railway": null, "public_transport": null, "category": "education", "sub_category": "library", "category_label": "Education", "sub_category_label": "Library", "color": "#78523e", "icon": "school.svg" }, "geometry": { "type": "Point", "coordinates": [ 51.6456859, 32.6727647 ] } },
{ "type": "Feature", "properties": { "osm_id": 4696911714, "name": "بانک ملی", "amenity": "bank", "shop": null, "tourism": null, "leisure": null, "highway": null, "railway": null, "public_transport": null, "category": "finance", "sub_category": "bank", "category_label": "Banking & Finance", "sub_category_label": "Bank", "color": "#4e497c", "icon": "bank.svg" }, "geometry": { "type": "Point", "coordinates": [ 51.6691018, 32.6534115 ] } },
{ "type": "Feature", "properties": { "osm_id": 4696911715, "name": "بانک ملی", "amenity": "bank", "shop": null, "tourism": null, "leisure": null, "highway": null, "railway": null, "public_transport": null, "category": "finance", "sub_category": "bank", "category_label": "Banking & Finance", "sub_category_label": "Bank", "color": "#4e497c", "icon": "bank.svg" }, "geometry": { "type": "Point", "coordinates": [ 51.6688175, 32.6566498 ] } },
{ "type": "Feature", "properties": { "osm_id": 4696987334, "name": "بانک ملی", "amenity": "bank", "shop": null, "tourism": null, "leisure": null, "highway": null, "railway": null, "public_transport": null, "category": "finance", "sub_category": "bank", "category_label": "Banking & Finance", "sub_category_label": "Bank", "color": "#4e497c", "icon": "bank.svg" }, "geometry": { "type": "Point", "coordinates": [ 51.6699976, 32.6579099 ] } },
{ "type": "Feature", "properties": { "osm_id": 4696987335, "name": "بانک ملی", "amenity": "bank", "shop": null, "tourism": null, "leisure": null, "highway": null, "railway": null, "public_transport": null, "category": "finance", "sub_category": "bank", "category_label": "Banking & Finance", "sub_category_label": "Bank", "color": "#4e497c", "icon": "bank.svg" }, "geometry": { "type": "Point", "coordinates": [ 51.6690265, 32.6598153 ] } },
{ "type": "Feature", "properties": { "osm_id": 4696987336, "name": "بانک ملی", "amenity": "bank", "shop": null, "tourism": null, "leisure": null, "highway": null, "railway": null, "public_transport": null, "category": "finance", "sub_category": "bank", "category_label": "Banking & Finance", "sub_category_label": "Bank", "color": "#4e497c", "icon": "bank.svg" }, "geometry": { "type": "Point", "coordinates": [ 51.6646304, 32.6577595 ] } },
{ "type": "Feature", "properties": { "osm_id": 4697070311, "name": "بانک ملی", "amenity": "bank", "shop": null, "tourism": null, "leisure": null, "highway": null, "railway": null, "public_transport": null, "category": "finance", "sub_category": "bank", "category_label": "Banking & Finance", "sub_category_label": "Bank", "color": "#4e497c", "icon": "bank.svg" }, "geometry": { "type": "Point", "coordinates": [ 51.661793, 32.6655177 ] } },
{ "type": "Feature", "properties": { "osm_id": 4697070312, "name": "بانک ملی", "amenity": "bank", "shop": null, "tourism": null, "leisure": null, "highway": null, "railway": null, "public_transport": null, "category": "finance", "sub_category": "bank", "category_label": "Banking & Finance", "sub_category_label": "Bank", "color": "#4e497c", "icon": "bank.svg" }, "geometry": { "type": "Point", "coordinates": [ 51.6711616, 32.6691777 ] } },
{ "type": "Feature", "properties": { "osm_id": 4697070313, "name": "بانک ملی", "amenity": "bank", "shop": null, "tourism": null, "leisure": null, "highway": null, "railway": null, "public_transport": null, "category": "finance", "sub_category": "bank", "category_label": "Banking & Finance", "sub_category_label": "Bank", "color": "#4e497c", "icon": "bank.svg" }, "geometry": { "type": "Point", "coordinates": [ 51.6803591, 32.672952 ] } },
{ "type": "Feature", "properties": { "osm_id": 4697070314, "name": "بانک ملی", "amenity": "bank", "shop": null, "tourism": null, "leisure": null, "highway": null, "railway": null, "public_transport": null, "category": "finance", "sub_category": "bank", "category_label": "Banking & Finance", "sub_category_label": "Bank", "color": "#4e497c", "icon": "bank.svg" }, "geometry": { "type": "Point", "coordinates": [ 51.6804233, 32.66694 ] } },
{ "type": "Feature", "properties": { "osm_id": 4697070315, "name": "بانک ملی", "amenity": "bank", "shop": null, "tourism": null, "leisure": null, "highway": null, "railway": null, "public_transport": null, "category": "finance", "sub_category": "bank", "category_label": "Banking & Finance", "sub_category_label": "Bank", "color": "#4e497c", "icon": "bank.svg" }, "geometry": { "type": "Point", "coordinates": [ 51.6775685, 32.6639286 ] } },
{ "type": "Feature", "properties": { "osm_id": 4697070317, "name": "بانک ملی", "amenity": "bank", "shop": null, "tourism": null, "leisure": null, "highway": null, "railway": null, "public_transport": null, "category": "finance", "sub_category": "bank", "category_label": "Banking & Finance", "sub_category_label": "Bank", "color": "#4e497c", "icon": "bank.svg" }, "geometry": { "type": "Point", "coordinates": [ 51.6778254, 32.6620501 ] } },
{ "type": "Feature", "properties": { "osm_id": 4697070318, "name": "بانک ملی", "amenity": "bank", "shop": null, "tourism": null, "leisure": null, "highway": null, "railway": null, "public_transport": null, "category": "finance", "sub_category": "bank", "category_label": "Banking & Finance", "sub_category_label": "Bank", "color": "#4e497c", "icon": "bank.svg" }, "geometry": { "type": "Point", "coordinates": [ 51.6746287, 32.6601191 ] } },
{ "type": "Feature", "properties": { "osm_id": 4697070320, "name": "بانک ملی", "amenity": "bank", "shop": null, "tourism": null, "leisure": null, "highway": null, "railway": null, "public_transport": null, "category": "finance", "sub_category": "bank", "category_label": "Banking & Finance", "sub_category_label": "Bank", "color": "#4e497c", "icon": "bank.svg" }, "geometry": { "type": "Point", "coordinates": [ 51.6763398, 32.6586209 ] } },
{ "type": "Feature", "properties": { "osm_id": 4697070321, "name": "بانک ملی", "amenity": "bank", "shop": null, "tourism": null, "leisure": null, "highway": null, "railway": null, "public_transport": null, "category": "finance", "sub_category": "bank", "category_label": "Banking & Finance", "sub_category_label": "Bank", "color": "#4e497c", "icon": "bank.svg" }, "geometry": { "type": "Point", "coordinates": [ 51.6725176, 32.6562561 ] } },
{ "type": "Feature", "properties": { "osm_id": 4699170434, "name": "مسجد جواد الائمه", "amenity": "place_of_worship", "shop": null, "tourism": null, "leisure": null, "highway": null, "railway": null, "public_transport": null, "category": "religion", "sub_category": "mosque", "category_label": "Religious Places", "sub_category_label": "Mosque", "color": "#78523e", "icon": "place-of-worship.svg" }, "geometry": { "type": "Point", "coordinates": [ 51.6874634, 32.6827746 ] } },
{ "type": "Feature", "properties": { "osm_id": 4699170463, "name": "الفتاح", "amenity": "place_of_worship", "shop": null, "tourism": null, "leisure": null, "highway": null, "railway": null, "public_transport": null, "category": "religion", "sub_category": "mosque", "category_label": "Religious Places", "sub_category_label": "Mosque", "color": "#78523e", "icon": "place-of-worship.svg" }, "geometry": { "type": "Point", "coordinates": [ 51.6840931, 32.6802274 ] } },
{ "type": "Feature", "properties": { "osm_id": 4699170481, "name": "سرویس بهداشتی", "amenity": "toilets", "shop": null, "tourism": null, "leisure": null, "highway": null, "railway": null, "public_transport": null, "category": "public_service", "sub_category": "wc", "category_label": "Public Services", "sub_category_label": "Wc", "color": "#506aa0", "icon": "post.svg" }, "geometry": { "type": "Point", "coordinates": [ 51.6895248, 32.6838335 ] } },
{ "type": "Feature", "properties": { "osm_id": 4699170482, "name": "سالن ورزشی جنب خانه جوان(تجهیز)", "amenity": null, "shop": null, "tourism": null, "leisure": "sports_centre", "highway": null, "railway": null, "public_transport": null, "category": "sport_recreation", "sub_category": "gym", "category_label": "Sports & Recreation", "sub_category_label": "Gym", "color": "#067c91", "icon": "park.svg" }, "geometry": { "type": "Point", "coordinates": [ 51.6896671, 32.6833209 ] } },
{ "type": "Feature", "properties": { "osm_id": 4699170483, "name": "شاهد", "amenity": null, "shop": null, "tourism": null, "leisure": "sports_centre", "highway": null, "railway": null, "public_transport": null, "category": "sport_recreation", "sub_category": "gym", "category_label": "Sports & Recreation", "sub_category_label": "Gym", "color": "#067c91", "icon": "park.svg" }, "geometry": { "type": "Point", "coordinates": [ 51.6892678, 32.6842429 ] } },
{ "type": "Feature", "properties": { "osm_id": 4701268760, "name": "مدرسه راهنمایی دخترانه مشایخ", "amenity": "school", "shop": null, "tourism": null, "leisure": null, "highway": null, "railway": null, "public_transport": null, "category": "education", "sub_category": "school", "category_label": "Education", "sub_category_label": "School", "color": "#78523e", "icon": "school.svg" }, "geometry": { "type": "Point", "coordinates": [ 51.6804767, 32.6841113 ] } },
{ "type": "Feature", "properties": { "osm_id": 4701268761, "name": "دبیرستان پسرانه حقیقت", "amenity": "school", "shop": null, "tourism": null, "leisure": null, "highway": null, "railway": null, "public_transport": null, "category": "education", "sub_category": "school", "category_label": "Education", "sub_category_label": "School", "color": "#78523e", "icon": "school.svg" }, "geometry": { "type": "Point", "coordinates": [ 51.6805874, 32.6834656 ] } },
{ "type": "Feature", "properties": { "osm_id": 4701268924, "name": "مسجدالمهدی", "amenity": "place_of_worship", "shop": null, "tourism": null, "leisure": null, "highway": null, "railway": null, "public_transport": null, "category": "religion", "sub_category": "mosque", "category_label": "Religious Places", "sub_category_label": "Mosque", "color": "#78523e", "icon": "place-of-worship.svg" }, "geometry": { "type": "Point", "coordinates": [ 51.682482, 32.6841326 ] } },
{ "type": "Feature", "properties": { "osm_id": 4703235010, "name": "مسجد ولی عصر", "amenity": "place_of_worship", "shop": null, "tourism": null, "leisure": null, "highway": null, "railway": null, "public_transport": null, "category": "religion", "sub_category": "mosque", "category_label": "Religious Places", "sub_category_label": "Mosque", "color": "#78523e", "icon": "place-of-worship.svg" }, "geometry": { "type": "Point", "coordinates": [ 51.6794563, 32.6854517 ] } },
{ "type": "Feature", "properties": { "osm_id": 4703235011, "name": "مرکز خدمات جامع سلامت حضرت امام محمد تقی", "amenity": "clinic", "shop": null, "tourism": null, "leisure": null, "highway": null, "railway": null, "public_transport": null, "category": "medical_care", "sub_category": "clinic", "category_label": "Medical Care", "sub_category_label": "Clinic", "color": "#d14a4a", "icon": "doctor.svg" }, "geometry": { "type": "Point", "coordinates": [ 51.6786953, 32.6861508 ] } },
{ "type": "Feature", "properties": { "osm_id": 4703289420, "name": "مسجد النبی", "amenity": "place_of_worship", "shop": null, "tourism": null, "leisure": null, "highway": null, "railway": null, "public_transport": null, "category": "religion", "sub_category": "mosque", "category_label": "Religious Places", "sub_category_label": "Mosque", "color": "#78523e", "icon": "place-of-worship.svg" }, "geometry": { "type": "Point", "coordinates": [ 51.6864277, 32.6858029 ] } },
{ "type": "Feature", "properties": { "osm_id": 4703379327, "name": "کتابخانه طغرا", "amenity": "library", "shop": null, "tourism": null, "leisure": null, "highway": null, "railway": null, "public_transport": null, "category": "education", "sub_category": "library", "category_label": "Education", "sub_category_label": "Library", "color": "#78523e", "icon": "school.svg" }, "geometry": { "type": "Point", "coordinates": [ 51.6787651, 32.689052 ] } },
{ "type": "Feature", "properties": { "osm_id": 4704955088, "name": "مسجد حضرت ابوالفضل", "amenity": "place_of_worship", "shop": null, "tourism": null, "leisure": null, "highway": null, "railway": null, "public_transport": null, "category": "religion", "sub_category": "mosque", "category_label": "Religious Places", "sub_category_label": "Mosque", "color": "#78523e", "icon": "place-of-worship.svg" }, "geometry": { "type": "Point", "coordinates": [ 51.685073, 32.6905401 ] } },
{ "type": "Feature", "properties": { "osm_id": 4705047493, "name": "موسی بن جعفرعلیه السلام", "amenity": "place_of_worship", "shop": null, "tourism": null, "leisure": null, "highway": null, "railway": null, "public_transport": null, "category": "religion", "sub_category": "mosque", "category_label": "Religious Places", "sub_category_label": "Mosque", "color": "#78523e", "icon": "place-of-worship.svg" }, "geometry": { "type": "Point", "coordinates": [ 51.6915395, 32.6898203 ] } },
{ "type": "Feature", "properties": { "osm_id": 4705073183, "name": "مسجد امام حسن مجتبی", "amenity": "place_of_worship", "shop": null, "tourism": null, "leisure": null, "highway": null, "railway": null, "public_transport": null, "category": "religion", "sub_category": "mosque", "category_label": "Religious Places", "sub_category_label": "Mosque", "color": "#78523e", "icon": "place-of-worship.svg" }, "geometry": { "type": "Point", "coordinates": [ 51.6776166, 32.6904147 ] } },
{ "type": "Feature", "properties": { "osm_id": 4713999589, "name": "نمونه اصفهان", "amenity": null, "shop": null, "tourism": "motel", "leisure": null, "highway": null, "railway": null, "public_transport": null, "category": "accommodation", "sub_category": "motel", "category_label": "Accommodation", "sub_category_label": "Motel", "color": "#78523e", "icon": "lodging.svg" }, "geometry": { "type": "Point", "coordinates": [ 51.658085, 32.6660205 ] } },
{ "type": "Feature", "properties": { "osm_id": 4714620830, "name": "سنگک", "amenity": null, "shop": "bakery", "tourism": null, "leisure": null, "highway": null, "railway": null, "public_transport": null, "category": "food_retail", "sub_category": "bakery", "category_label": "Grocery & Food Retail", "sub_category_label": "Bakery", "color": "#b4612f", "icon": "grocery.svg" }, "geometry": { "type": "Point", "coordinates": [ 51.6599463, 32.6620975 ] } },
{ "type": "Feature", "properties": { "osm_id": 4714620831, "name": null, "amenity": null, "shop": "florist", "tourism": null, "leisure": null, "highway": null, "railway": null, "public_transport": null, "category": "general_retail", "sub_category": "florist", "category_label": "General Retail", "sub_category_label": "Florist", "color": "#194aa4", "icon": "shop.svg" }, "geometry": { "type": "Point", "coordinates": [ 51.6642901, 32.6619987 ] } },
{ "type": "Feature", "properties": { "osm_id": 4714621432, "name": "رفاه", "amenity": null, "shop": "convenience", "tourism": null, "leisure": null, "highway": null, "railway": null, "public_transport": null, "category": "food_retail", "sub_category": "convenience_store", "category_label": "Grocery & Food Retail", "sub_category_label": "Convenience Store", "color": "#b4612f", "icon": "grocery.svg" }, "geometry": { "type": "Point", "coordinates": [ 51.6594325, 32.6621082 ] } },
{ "type": "Feature", "properties": { "osm_id": 4714929395, "name": "صرافی اقتصاد", "amenity": "bureau_de_change", "shop": null, "tourism": null, "leisure": null, "highway": null, "railway": null, "public_transport": null, "category": "finance", "sub_category": "exchange", "category_label": "Banking & Finance", "sub_category_label": "Exchange", "color": "#4e497c", "icon": "bank.svg" }, "geometry": { "type": "Point", "coordinates": [ 51.6739755, 32.6590553 ] } },
{ "type": "Feature", "properties": { "osm_id": 4724474121, "name": "مسجد موسی ابن جعفر", "amenity": "place_of_worship", "shop": null, "tourism": null, "leisure": null, "highway": null, "railway": null, "public_transport": null, "category": "religion", "sub_category": "mosque", "category_label": "Religious Places", "sub_category_label": "Mosque", "color": "#78523e", "icon": "place-of-worship.svg" }, "geometry": { "type": "Point", "coordinates": [ 51.6929908, 32.6868006 ] } },
{ "type": "Feature", "properties": { "osm_id": 4727563580, "name": "مسجد الجلیل", "amenity": "place_of_worship", "shop": null, "tourism": null, "leisure": null, "highway": null, "railway": null, "public_transport": null, "category": "religion", "sub_category": "mosque", "category_label": "Religious Places", "sub_category_label": "Mosque", "color": "#78523e", "icon": "place-of-worship.svg" }, "geometry": { "type": "Point", "coordinates": [ 51.6903178, 32.6866337 ] } },
{ "type": "Feature", "properties": { "osm_id": 4727719714, "name": "بانک ملت", "amenity": "bank", "shop": null, "tourism": null, "leisure": null, "highway": null, "railway": null, "public_transport": null, "category": "finance", "sub_category": "bank", "category_label": "Banking & Finance", "sub_category_label": "Bank", "color": "#4e497c", "icon": "bank.svg" }, "geometry": { "type": "Point", "coordinates": [ 51.6882061, 32.6791582 ] } },
{ "type": "Feature", "properties": { "osm_id": 4727719715, "name": "بانک سپه", "amenity": "bank", "shop": null, "tourism": null, "leisure": null, "highway": null, "railway": null, "public_transport": null, "category": "finance", "sub_category": "bank", "category_label": "Banking & Finance", "sub_category_label": "Bank", "color": "#4e497c", "icon": "bank.svg" }, "geometry": { "type": "Point", "coordinates": [ 51.6884314, 32.679831 ] } },
{ "type": "Feature", "properties": { "osm_id": 4727719716, "name": "بانک انصار", "amenity": "bank", "shop": null, "tourism": null, "leisure": null, "highway": null, "railway": null, "public_transport": null, "category": "finance", "sub_category": "bank", "category_label": "Banking & Finance", "sub_category_label": "Bank", "color": "#4e497c", "icon": "bank.svg" }, "geometry": { "type": "Point", "coordinates": [ 51.6884502, 32.679971 ] } },
{ "type": "Feature", "properties": { "osm_id": 4727719717, "name": "بانک ملی", "amenity": "bank", "shop": null, "tourism": null, "leisure": null, "highway": null, "railway": null, "public_transport": null, "category": "finance", "sub_category": "bank", "category_label": "Banking & Finance", "sub_category_label": "Bank", "color": "#4e497c", "icon": "bank.svg" }, "geometry": { "type": "Point", "coordinates": [ 51.6894139, 32.6816775 ] } },
{ "type": "Feature", "properties": { "osm_id": 4727747266, "name": "سالن مطالعه بوستان پگاه منطقه ۱۰", "amenity": "library", "shop": null, "tourism": null, "leisure": null, "highway": null, "railway": null, "public_transport": null, "category": "education", "sub_category": "library", "category_label": "Education", "sub_category_label": "Library", "color": "#78523e", "icon": "school.svg" }, "geometry": { "type": "Point", "coordinates": [ 51.6927998, 32.6795047 ] } },
{ "type": "Feature", "properties": { "osm_id": 4727747267, "name": "مسجد مصلی", "amenity": "place_of_worship", "shop": null, "tourism": null, "leisure": null, "highway": null, "railway": null, "public_transport": null, "category": "religion", "sub_category": "mosque", "category_label": "Religious Places", "sub_category_label": "Mosque", "color": "#78523e", "icon": "place-of-worship.svg" }, "geometry": { "type": "Point", "coordinates": [ 51.6928219, 32.6801517 ] } },
{ "type": "Feature", "properties": { "osm_id": 4727747276, "name": "مسجد امام زمان باقوشخانه", "amenity": "place_of_worship", "shop": null, "tourism": null, "leisure": null, "highway": null, "railway": null, "public_transport": null, "category": "religion", "sub_category": "mosque", "category_label": "Religious Places", "sub_category_label": "Mosque", "color": "#78523e", "icon": "place-of-worship.svg" }, "geometry": { "type": "Point", "coordinates": [ 51.691899, 32.6814635 ] } },
{ "type": "Feature", "properties": { "osm_id": 4728078576, "name": "درمانگاه ملکوتی", "amenity": "clinic", "shop": null, "tourism": null, "leisure": null, "highway": null, "railway": null, "public_transport": null, "category": "medical_care", "sub_category": "clinic", "category_label": "Medical Care", "sub_category_label": "Clinic", "color": "#d14a4a", "icon": "doctor.svg" }, "geometry": { "type": "Point", "coordinates": [ 51.6892758, 32.6814335 ] } },
{ "type": "Feature", "properties": { "osm_id": 4728096902, "name": "مسجد النبی", "amenity": "place_of_worship", "shop": null, "tourism": null, "leisure": null, "highway": null, "railway": null, "public_transport": null, "category": "religion", "sub_category": "mosque", "category_label": "Religious Places", "sub_category_label": "Mosque", "color": "#78523e", "icon": "place-of-worship.svg" }, "geometry": { "type": "Point", "coordinates": [ 51.6943264, 32.6845759 ] } },
{ "type": "Feature", "properties": { "osm_id": 4728096903, "name": "بازار سروش", "amenity": "marketplace", "shop": null, "tourism": null, "leisure": null, "highway": null, "railway": null, "public_transport": null, "category": "general_retail", "sub_category": "shopping_mall", "category_label": "General Retail", "sub_category_label": "Shopping Mall", "color": "#194aa4", "icon": "shop.svg" }, "geometry": { "type": "Point", "coordinates": [ 51.6898436, 32.6783173 ] } },
{ "type": "Feature", "properties": { "osm_id": 4732235022, "name": "زیتون", "amenity": "fast_food", "shop": null, "tourism": null, "leisure": null, "highway": null, "railway": null, "public_transport": null, "category": "food_service", "sub_category": "fast_food", "category_label": "Restaurants & Cafes", "sub_category_label": "Fast Food", "color": "#b4612f", "icon": "restaurant.svg" }, "geometry": { "type": "Point", "coordinates": [ 51.6813312, 32.6629999 ] } },
{ "type": "Feature", "properties": { "osm_id": 4733385731, "name": "کافه هوگر", "amenity": "restaurant", "shop": null, "tourism": null, "leisure": null, "highway": null, "railway": null, "public_transport": null, "category": "food_service", "sub_category": "restaurant", "category_label": "Restaurants & Cafes", "sub_category_label": "Restaurant", "color": "#b4612f", "icon": "restaurant.svg" }, "geometry": { "type": "Point", "coordinates": [ 51.6682367, 32.6608223 ] } },
{ "type": "Feature", "properties": { "osm_id": 4734167844, "name": "داروخان دکتر یکتائیان", "amenity": "pharmacy", "shop": null, "tourism": null, "leisure": null, "highway": null, "railway": null, "public_transport": null, "category": "pharmacy_optical", "sub_category": "pharmacy", "category_label": "Pharmacy & Optical", "sub_category_label": "Pharmacy", "color": "#d14a4a", "icon": "pharmacy.svg" }, "geometry": { "type": "Point", "coordinates": [ 51.6660591, 32.6528291 ] } },
{ "type": "Feature", "properties": { "osm_id": 4734185121, "name": "فست فود", "amenity": "fast_food", "shop": null, "tourism": null, "leisure": null, "highway": null, "railway": null, "public_transport": null, "category": "food_service", "sub_category": "fast_food", "category_label": "Restaurants & Cafes", "sub_category_label": "Fast Food", "color": "#b4612f", "icon": "restaurant.svg" }, "geometry": { "type": "Point", "coordinates": [ 51.6669728, 32.6654311 ] } },
{ "type": "Feature", "properties": { "osm_id": 4735456022, "name": "آموزش گردشگری", "amenity": null, "shop": "travel_agency", "tourism": null, "leisure": null, "highway": null, "railway": null, "public_transport": null, "category": "other", "sub_category": "travel_agency", "category_label": "Other", "sub_category_label": "Travel Agency", "color": "#999", "icon": "marker.svg" }, "geometry": { "type": "Point", "coordinates": [ 51.6622705, 32.6542809 ] } },
{ "type": "Feature", "properties": { "osm_id": 4736551317, "name": "میدان جمهوری اسلامی", "amenity": null, "shop": null, "tourism": null, "leisure": null, "highway": null, "railway": null, "public_transport": "stop_position", "category": "other", "sub_category": "general", "category_label": "Other", "sub_category_label": "General", "color": "#999", "icon": "marker.svg" }, "geometry": { "type": "Point", "coordinates": [ 51.65126, 32.6754761 ] } },
{ "type": "Feature", "properties": { "osm_id": 4736551427, "name": "میدان جمهوری اسلامی", "amenity": null, "shop": null, "tourism": null, "leisure": null, "highway": null, "railway": null, "public_transport": "stop_position", "category": "other", "sub_category": "general", "category_label": "Other", "sub_category_label": "General", "color": "#999", "icon": "marker.svg" }, "geometry": { "type": "Point", "coordinates": [ 51.6509807, 32.6744665 ] } },
{ "type": "Feature", "properties": { "osm_id": 4737435739, "name": "پارکینگ شیخ بهایی", "amenity": "parking", "shop": null, "tourism": null, "leisure": null, "highway": null, "railway": null, "public_transport": null, "category": "parking_road_facility", "sub_category": "parking", "category_label": "Parking & Road Facilities", "sub_category_label": "Parking", "color": "#78523e", "icon": "parking.svg" }, "geometry": { "type": "Point", "coordinates": [ 51.6675371, 32.6526433 ] } },
{ "type": "Feature", "properties": { "osm_id": 4740191747, "name": "هانی", "amenity": "fast_food", "shop": null, "tourism": null, "leisure": null, "highway": null, "railway": null, "public_transport": null, "category": "food_service", "sub_category": "fast_food", "category_label": "Restaurants & Cafes", "sub_category_label": "Fast Food", "color": "#b4612f", "icon": "restaurant.svg" }, "geometry": { "type": "Point", "coordinates": [ 51.6520283, 32.6788829 ] } },
{ "type": "Feature", "properties": { "osm_id": 4740191976, "name": "هانی", "amenity": null, "shop": "confectionery", "tourism": null, "leisure": null, "highway": null, "railway": null, "public_transport": null, "category": "food_retail", "sub_category": "confectionery", "category_label": "Grocery & Food Retail", "sub_category_label": "Confectionery", "color": "#b4612f", "icon": "grocery.svg" }, "geometry": { "type": "Point", "coordinates": [ 51.6519604, 32.6787242 ] } },
{ "type": "Feature", "properties": { "osm_id": 4740326427, "name": "بانک صادرات", "amenity": "bank", "shop": null, "tourism": null, "leisure": null, "highway": null, "railway": null, "public_transport": null, "category": "finance", "sub_category": "bank", "category_label": "Banking & Finance", "sub_category_label": "Bank", "color": "#4e497c", "icon": "bank.svg" }, "geometry": { "type": "Point", "coordinates": [ 51.6661946, 32.6534598 ] } },
{ "type": "Feature", "properties": { "osm_id": 4742525726, "name": "کافه عتیق الدوله", "amenity": "cafe", "shop": null, "tourism": null, "leisure": null, "highway": null, "railway": null, "public_transport": null, "category": "food_service", "sub_category": "cafe", "category_label": "Restaurants & Cafes", "sub_category_label": "Cafe", "color": "#b4612f", "icon": "restaurant.svg" }, "geometry": { "type": "Point", "coordinates": [ 51.6756415, 32.661974 ] } },
{ "type": "Feature", "properties": { "osm_id": 4750792822, "name": "خانه اجاره", "amenity": null, "shop": null, "tourism": "guest_house", "leisure": null, "highway": null, "railway": null, "public_transport": null, "category": "accommodation", "sub_category": "lodging", "category_label": "Accommodation", "sub_category_label": "Lodging", "color": "#78523e", "icon": "lodging.svg" }, "geometry": { "type": "Point", "coordinates": [ 51.6568309, 32.6653679 ] } },
{ "type": "Feature", "properties": { "osm_id": 4756075221, "name": null, "amenity": null, "shop": "confectionery", "tourism": null, "leisure": null, "highway": null, "railway": null, "public_transport": null, "category": "food_retail", "sub_category": "confectionery", "category_label": "Grocery & Food Retail", "sub_category_label": "Confectionery", "color": "#b4612f", "icon": "grocery.svg" }, "geometry": { "type": "Point", "coordinates": [ 51.6613427, 32.6541422 ] } },
{ "type": "Feature", "properties": { "osm_id": 4759067222, "name": null, "amenity": null, "shop": "supermarket", "tourism": null, "leisure": null, "highway": null, "railway": null, "public_transport": null, "category": "food_retail", "sub_category": "supermarket", "category_label": "Grocery & Food Retail", "sub_category_label": "Supermarket", "color": "#b4612f", "icon": "grocery.svg" }, "geometry": { "type": "Point", "coordinates": [ 51.6623948, 32.6658136 ] } },
{ "type": "Feature", "properties": { "osm_id": 4761680121, "name": "فیزیوتراپی لطیف (فیزیوتراپی و توانبخشی لطیف)", "amenity": null, "shop": null, "tourism": null, "leisure": null, "highway": null, "railway": null, "public_transport": null, "category": "other", "sub_category": "general", "category_label": "Other", "sub_category_label": "General", "color": "#999", "icon": "marker.svg" }, "geometry": { "type": "Point", "coordinates": [ 51.6512831, 32.6759031 ] } },
{ "type": "Feature", "properties": { "osm_id": 4769272241, "name": "ایستگاه مترو امام حسین", "amenity": null, "shop": null, "tourism": null, "leisure": null, "highway": null, "railway": "stop", "public_transport": "stop_position", "category": "other", "sub_category": "general", "category_label": "Other", "sub_category_label": "General", "color": "#999", "icon": "marker.svg" }, "geometry": { "type": "Point", "coordinates": [ 51.6693288, 32.6580858 ] } },
{ "type": "Feature", "properties": { "osm_id": 4771328425, "name": null, "amenity": "toilets", "shop": null, "tourism": null, "leisure": null, "highway": null, "railway": null, "public_transport": null, "category": "public_service", "sub_category": "wc", "category_label": "Public Services", "sub_category_label": "Wc", "color": "#506aa0", "icon": "post.svg" }, "geometry": { "type": "Point", "coordinates": [ 51.6695945, 32.6549398 ] } },
{ "type": "Feature", "properties": { "osm_id": 4777658530, "name": "بانک ملی", "amenity": "bank", "shop": null, "tourism": null, "leisure": null, "highway": null, "railway": null, "public_transport": null, "category": "finance", "sub_category": "bank", "category_label": "Banking & Finance", "sub_category_label": "Bank", "color": "#4e497c", "icon": "bank.svg" }, "geometry": { "type": "Point", "coordinates": [ 51.6823376, 32.6531029 ] } },
{ "type": "Feature", "properties": { "osm_id": 4778116704, "name": "رستوران تک مزه", "amenity": "restaurant", "shop": null, "tourism": null, "leisure": null, "highway": null, "railway": null, "public_transport": null, "category": "food_service", "sub_category": "restaurant", "category_label": "Restaurants & Cafes", "sub_category_label": "Restaurant", "color": "#b4612f", "icon": "restaurant.svg" }, "geometry": { "type": "Point", "coordinates": [ 51.6830163, 32.6555382 ] } },
{ "type": "Feature", "properties": { "osm_id": 4778118252, "name": null, "amenity": "atm", "shop": null, "tourism": null, "leisure": null, "highway": null, "railway": null, "public_transport": null, "category": "finance", "sub_category": "atm", "category_label": "Banking & Finance", "sub_category_label": "Atm", "color": "#4e497c", "icon": "bank.svg" }, "geometry": { "type": "Point", "coordinates": [ 51.686202, 32.6607746 ] } },
{ "type": "Feature", "properties": { "osm_id": 4778118372, "name": "سوپرمارکت سی پل", "amenity": null, "shop": "supermarket", "tourism": null, "leisure": null, "highway": null, "railway": null, "public_transport": null, "category": "food_retail", "sub_category": "supermarket", "category_label": "Grocery & Food Retail", "sub_category_label": "Supermarket", "color": "#b4612f", "icon": "grocery.svg" }, "geometry": { "type": "Point", "coordinates": [ 51.6940509, 32.6569658 ] } },
{ "type": "Feature", "properties": { "osm_id": 4778118921, "name": "شهر گل", "amenity": null, "shop": "florist", "tourism": null, "leisure": null, "highway": null, "railway": null, "public_transport": null, "category": "general_retail", "sub_category": "florist", "category_label": "General Retail", "sub_category_label": "Florist", "color": "#194aa4", "icon": "shop.svg" }, "geometry": { "type": "Point", "coordinates": [ 51.6871504, 32.6609684 ] } },
{ "type": "Feature", "properties": { "osm_id": 4778684102, "name": "گز فروشی آنتیک", "amenity": null, "shop": "pastry", "tourism": null, "leisure": null, "highway": null, "railway": null, "public_transport": null, "category": "general_retail", "sub_category": "pastry", "category_label": "General Retail", "sub_category_label": "Pastry", "color": "#194aa4", "icon": "shop.svg" }, "geometry": { "type": "Point", "coordinates": [ 51.6788753, 32.6594589 ] } },
{ "type": "Feature", "properties": { "osm_id": 4778718985, "name": "مرکز کنترل , مدیریت ترافیک اصفهان", "amenity": "police", "shop": null, "tourism": null, "leisure": null, "highway": null, "railway": null, "public_transport": null, "category": "government_security", "sub_category": "police", "category_label": "Government & Security", "sub_category_label": "Police", "color": "#506aa0", "icon": "police.svg" }, "geometry": { "type": "Point", "coordinates": [ 51.6681844, 32.6573161 ] } },
{ "type": "Feature", "properties": { "osm_id": 4778739422, "name": "مجتمع قمرالدوله", "amenity": "doctors", "shop": null, "tourism": null, "leisure": null, "highway": null, "railway": null, "public_transport": null, "category": "medical_care", "sub_category": "doctor", "category_label": "Medical Care", "sub_category_label": "Doctor", "color": "#d14a4a", "icon": "doctor.svg" }, "geometry": { "type": "Point", "coordinates": [ 51.6660587, 32.652804 ] } },
{ "type": "Feature", "properties": { "osm_id": 4778739949, "name": "هتل پیروزی", "amenity": null, "shop": null, "tourism": "hotel", "leisure": null, "highway": null, "railway": null, "public_transport": null, "category": "accommodation", "sub_category": "hotel", "category_label": "Accommodation", "sub_category_label": "Hotel", "color": "#78523e", "icon": "lodging.svg" }, "geometry": { "type": "Point", "coordinates": [ 51.6691753, 32.6590894 ] } },
{ "type": "Feature", "properties": { "osm_id": 4778749357, "name": "کفش چرمی دست ساز", "amenity": null, "shop": "shoes", "tourism": null, "leisure": null, "highway": null, "railway": null, "public_transport": null, "category": "fashion", "sub_category": "shoe", "category_label": "Fashion & Clothing", "sub_category_label": "Shoe", "color": "#194aa4", "icon": "clothing-store.svg" }, "geometry": { "type": "Point", "coordinates": [ 51.665062, 32.6551379 ] } },
{ "type": "Feature", "properties": { "osm_id": 4781114922, "name": "استخر ولیعصر", "amenity": null, "shop": "sports", "tourism": null, "leisure": null, "highway": null, "railway": null, "public_transport": null, "category": "general_retail", "sub_category": "sporting_store", "category_label": "General Retail", "sub_category_label": "Sporting Store", "color": "#194aa4", "icon": "shop.svg" }, "geometry": { "type": "Point", "coordinates": [ 51.6944222, 32.656677 ] } },
{ "type": "Feature", "properties": { "osm_id": 4781115321, "name": "سوپر مارکت چکاوک", "amenity": null, "shop": "supermarket", "tourism": null, "leisure": null, "highway": null, "railway": null, "public_transport": null, "category": "food_retail", "sub_category": "supermarket", "category_label": "Grocery & Food Retail", "sub_category_label": "Supermarket", "color": "#b4612f", "icon": "grocery.svg" }, "geometry": { "type": "Point", "coordinates": [ 51.6943482, 32.6546773 ] } },
{ "type": "Feature", "properties": { "osm_id": 4784549122, "name": null, "amenity": null, "shop": null, "tourism": null, "leisure": null, "highway": "bus_stop", "railway": null, "public_transport": "platform", "category": "public_transport", "sub_category": "bus_stop", "category_label": "Public Transportation", "sub_category_label": "Bus Stop", "color": "#1787d4", "icon": "bus.svg" }, "geometry": { "type": "Point", "coordinates": [ 51.6686711, 32.655071 ] } },
{ "type": "Feature", "properties": { "osm_id": 4788099444, "name": "خانه و کاشانه", "amenity": null, "shop": "houseware", "tourism": null, "leisure": null, "highway": null, "railway": null, "public_transport": null, "category": "general_retail", "sub_category": "houseware", "category_label": "General Retail", "sub_category_label": "Houseware", "color": "#194aa4", "icon": "shop.svg" }, "geometry": { "type": "Point", "coordinates": [ 51.669555, 32.6585636 ] } },
{ "type": "Feature", "properties": { "osm_id": 4788099495, "name": "نگهبانی", "amenity": "police", "shop": null, "tourism": null, "leisure": null, "highway": null, "railway": null, "public_transport": null, "category": "government_security", "sub_category": "police", "category_label": "Government & Security", "sub_category_label": "Police", "color": "#506aa0", "icon": "police.svg" }, "geometry": { "type": "Point", "coordinates": [ 51.6700523, 32.6573596 ] } },
{ "type": "Feature", "properties": { "osm_id": 4788124103, "name": "تجهیزات پزشکی المهدی", "amenity": null, "shop": "yes", "tourism": null, "leisure": null, "highway": null, "railway": null, "public_transport": null, "category": "general_retail", "sub_category": "yes", "category_label": "General Retail", "sub_category_label": "Yes", "color": "#194aa4", "icon": "shop.svg" }, "geometry": { "type": "Point", "coordinates": [ 51.6672245, 32.6630983 ] } },
{ "type": "Feature", "properties": { "osm_id": 4788124104, "name": "مشاور املاک", "amenity": null, "shop": null, "tourism": null, "leisure": null, "highway": null, "railway": null, "public_transport": null, "category": "other", "sub_category": "general", "category_label": "Other", "sub_category_label": "General", "color": "#999", "icon": "marker.svg" }, "geometry": { "type": "Point", "coordinates": [ 51.6673095, 32.6630104 ] } },
{ "type": "Feature", "properties": { "osm_id": 4791171825, "name": "خانه دیبایی", "amenity": null, "shop": null, "tourism": "hotel", "leisure": null, "highway": null, "railway": null, "public_transport": null, "category": "accommodation", "sub_category": "hotel", "category_label": "Accommodation", "sub_category_label": "Hotel", "color": "#78523e", "icon": "lodging.svg" }, "geometry": { "type": "Point", "coordinates": [ 51.6824557, 32.6649793 ] } },
{ "type": "Feature", "properties": { "osm_id": 4794982922, "name": "فروشگاه جعفرپیشه", "amenity": null, "shop": "supermarket", "tourism": null, "leisure": null, "highway": null, "railway": null, "public_transport": null, "category": "food_retail", "sub_category": "supermarket", "category_label": "Grocery & Food Retail", "sub_category_label": "Supermarket", "color": "#b4612f", "icon": "grocery.svg" }, "geometry": { "type": "Point", "coordinates": [ 51.6550415, 32.6580411 ] } },
{ "type": "Feature", "properties": { "osm_id": 4794988922, "name": "مینی مارکت اصغر", "amenity": null, "shop": "supermarket", "tourism": null, "leisure": null, "highway": null, "railway": null, "public_transport": null, "category": "food_retail", "sub_category": "supermarket", "category_label": "Grocery & Food Retail", "sub_category_label": "Supermarket", "color": "#b4612f", "icon": "grocery.svg" }, "geometry": { "type": "Point", "coordinates": [ 51.6626761, 32.6580601 ] } },
{ "type": "Feature", "properties": { "osm_id": 4794989022, "name": "مسجد فرامرزی", "amenity": "place_of_worship", "shop": null, "tourism": null, "leisure": null, "highway": null, "railway": null, "public_transport": null, "category": "religion", "sub_category": "mosque", "category_label": "Religious Places", "sub_category_label": "Mosque", "color": "#78523e", "icon": "place-of-worship.svg" }, "geometry": { "type": "Point", "coordinates": [ 51.6539494, 32.6658881 ] } },
{ "type": "Feature", "properties": { "osm_id": 4794989023, "name": "حسینیه زرگر باشی", "amenity": "place_of_worship", "shop": null, "tourism": null, "leisure": null, "highway": null, "railway": null, "public_transport": null, "category": "religion", "sub_category": "mosque", "category_label": "Religious Places", "sub_category_label": "Mosque", "color": "#78523e", "icon": "place-of-worship.svg" }, "geometry": { "type": "Point", "coordinates": [ 51.6623478, 32.6561614 ] } },
{ "type": "Feature", "properties": { "osm_id": 4794990421, "name": "مسجد طالقانی", "amenity": "place_of_worship", "shop": null, "tourism": null, "leisure": null, "highway": null, "railway": null, "public_transport": null, "category": "religion", "sub_category": "mosque", "category_label": "Religious Places", "sub_category_label": "Mosque", "color": "#78523e", "icon": "place-of-worship.svg" }, "geometry": { "type": "Point", "coordinates": [ 51.6549834, 32.6582514 ] } },
{ "type": "Feature", "properties": { "osm_id": 4795002221, "name": "عکاسی عکس باران", "amenity": null, "shop": "photo", "tourism": null, "leisure": null, "highway": null, "railway": null, "public_transport": null, "category": "general_retail", "sub_category": "photo", "category_label": "General Retail", "sub_category_label": "Photo", "color": "#194aa4", "icon": "shop.svg" }, "geometry": { "type": "Point", "coordinates": [ 51.6653055, 32.6616971 ] } },
{ "type": "Feature", "properties": { "osm_id": 4795298423, "name": null, "amenity": "toilets", "shop": null, "tourism": null, "leisure": null, "highway": null, "railway": null, "public_transport": null, "category": "public_service", "sub_category": "wc", "category_label": "Public Services", "sub_category_label": "Wc", "color": "#506aa0", "icon": "post.svg" }, "geometry": { "type": "Point", "coordinates": [ 51.652493, 32.6630457 ] } },
{ "type": "Feature", "properties": { "osm_id": 4795308424, "name": null, "amenity": "toilets", "shop": null, "tourism": null, "leisure": null, "highway": null, "railway": null, "public_transport": null, "category": "public_service", "sub_category": "wc", "category_label": "Public Services", "sub_category_label": "Wc", "color": "#506aa0", "icon": "post.svg" }, "geometry": { "type": "Point", "coordinates": [ 51.6514863, 32.6752415 ] } },
{ "type": "Feature", "properties": { "osm_id": 4795308425, "name": null, "amenity": "toilets", "shop": null, "tourism": null, "leisure": null, "highway": null, "railway": null, "public_transport": null, "category": "public_service", "sub_category": "wc", "category_label": "Public Services", "sub_category_label": "Wc", "color": "#506aa0", "icon": "post.svg" }, "geometry": { "type": "Point", "coordinates": [ 51.6491188, 32.6749101 ] } },
{ "type": "Feature", "properties": { "osm_id": 4795312922, "name": "داروخانه دکتر کوپائی", "amenity": "pharmacy", "shop": null, "tourism": null, "leisure": null, "highway": null, "railway": null, "public_transport": null, "category": "pharmacy_optical", "sub_category": "pharmacy", "category_label": "Pharmacy & Optical", "sub_category_label": "Pharmacy", "color": "#d14a4a", "icon": "pharmacy.svg" }, "geometry": { "type": "Point", "coordinates": [ 51.6553543, 32.6625316 ] } },
{ "type": "Feature", "properties": { "osm_id": 4795322921, "name": "فروشگاه پویا سیستم سپاهان", "amenity": null, "shop": "electronics", "tourism": null, "leisure": null, "highway": null, "railway": null, "public_transport": null, "category": "general_retail", "sub_category": "electronics_store", "category_label": "General Retail", "sub_category_label": "Electronics Store", "color": "#194aa4", "icon": "shop.svg" }, "geometry": { "type": "Point", "coordinates": [ 51.6550645, 32.6564184 ] } },
{ "type": "Feature", "properties": { "osm_id": 4805606021, "name": "شرکت توزیع برق شهرستان اصفهان امور برق مرکز", "amenity": null, "shop": "department_store", "tourism": null, "leisure": null, "highway": null, "railway": null, "public_transport": null, "category": "general_retail", "sub_category": "department_store", "category_label": "General Retail", "sub_category_label": "Department Store", "color": "#194aa4", "icon": "shop.svg" }, "geometry": { "type": "Point", "coordinates": [ 51.6567292, 32.6581162 ] } },
{ "type": "Feature", "properties": { "osm_id": 4809163822, "name": "بانک ملی", "amenity": "bank", "shop": null, "tourism": null, "leisure": null, "highway": null, "railway": null, "public_transport": null, "category": "finance", "sub_category": "bank", "category_label": "Banking & Finance", "sub_category_label": "Bank", "color": "#4e497c", "icon": "bank.svg" }, "geometry": { "type": "Point", "coordinates": [ 51.6686452, 32.6552093 ] } },
{ "type": "Feature", "properties": { "osm_id": 4809560644, "name": "شرکت مهندسی سداد", "amenity": null, "shop": null, "tourism": null, "leisure": null, "highway": null, "railway": null, "public_transport": null, "category": "other", "sub_category": "general", "category_label": "Other", "sub_category_label": "General", "color": "#999", "icon": "marker.svg" }, "geometry": { "type": "Point", "coordinates": [ 51.6888794, 32.6526851 ] } },
{ "type": "Feature", "properties": { "osm_id": 4814011036, "name": "دانشگاه معارف قرآن و عترت", "amenity": "school", "shop": null, "tourism": null, "leisure": null, "highway": null, "railway": null, "public_transport": null, "category": "education", "sub_category": "school", "category_label": "Education", "sub_category_label": "School", "color": "#78523e", "icon": "school.svg" }, "geometry": { "type": "Point", "coordinates": [ 51.641402, 32.672503 ] } },
{ "type": "Feature", "properties": { "osm_id": 4817911122, "name": null, "amenity": "bicycle_rental", "shop": null, "tourism": null, "leisure": null, "highway": null, "railway": null, "public_transport": null, "category": "public_transport", "sub_category": "bicycle_station", "category_label": "Public Transportation", "sub_category_label": "Bicycle Station", "color": "#1787d4", "icon": "bus.svg" }, "geometry": { "type": "Point", "coordinates": [ 51.6698414, 32.6570239 ] } },
{ "type": "Feature", "properties": { "osm_id": 4828228847, "name": "داروخانه آموزشی سجاد", "amenity": "pharmacy", "shop": null, "tourism": null, "leisure": null, "highway": null, "railway": null, "public_transport": null, "category": "pharmacy_optical", "sub_category": "pharmacy", "category_label": "Pharmacy & Optical", "sub_category_label": "Pharmacy", "color": "#d14a4a", "icon": "pharmacy.svg" }, "geometry": { "type": "Point", "coordinates": [ 51.6745347, 32.6549136 ] } },
{ "type": "Feature", "properties": { "osm_id": 4830122793, "name": "مواد غذایی بیغمیان", "amenity": null, "shop": "supermarket", "tourism": null, "leisure": null, "highway": null, "railway": null, "public_transport": null, "category": "food_retail", "sub_category": "supermarket", "category_label": "Grocery & Food Retail", "sub_category_label": "Supermarket", "color": "#b4612f", "icon": "grocery.svg" }, "geometry": { "type": "Point", "coordinates": [ 51.673975, 32.6543513 ] } },
{ "type": "Feature", "properties": { "osm_id": 4830138311, "name": "هتل کریاس", "amenity": null, "shop": null, "tourism": "hotel", "leisure": null, "highway": null, "railway": null, "public_transport": null, "category": "accommodation", "sub_category": "hotel", "category_label": "Accommodation", "sub_category_label": "Hotel", "color": "#78523e", "icon": "lodging.svg" }, "geometry": { "type": "Point", "coordinates": [ 51.6771191, 32.653991 ] } },
{ "type": "Feature", "properties": { "osm_id": 4831002586, "name": "نقره جهان بخش", "amenity": null, "shop": "jewelry", "tourism": null, "leisure": null, "highway": null, "railway": null, "public_transport": null, "category": "beauty_accessories", "sub_category": "jewelry", "category_label": "Beauty & Accessories", "sub_category_label": "Jewelry", "color": "#194aa4", "icon": "shop.svg" }, "geometry": { "type": "Point", "coordinates": [ 51.6803631, 32.6601369 ] } },
{ "type": "Feature", "properties": { "osm_id": 4833262222, "name": "هتل ویانا", "amenity": null, "shop": null, "tourism": "hotel", "leisure": null, "highway": null, "railway": null, "public_transport": null, "category": "accommodation", "sub_category": "hotel", "category_label": "Accommodation", "sub_category_label": "Hotel", "color": "#78523e", "icon": "lodging.svg" }, "geometry": { "type": "Point", "coordinates": [ 51.6521655, 32.6630955 ] } },
{ "type": "Feature", "properties": { "osm_id": 4835306921, "name": "مهمانپذیر عتیق", "amenity": null, "shop": null, "tourism": "hostel", "leisure": null, "highway": null, "railway": null, "public_transport": null, "category": "accommodation", "sub_category": "hostel", "category_label": "Accommodation", "sub_category_label": "Hostel", "color": "#78523e", "icon": "lodging.svg" }, "geometry": { "type": "Point", "coordinates": [ 51.6869873, 32.6671691 ] } },
{ "type": "Feature", "properties": { "osm_id": 4837019830, "name": "رستوران فیروز", "amenity": "restaurant", "shop": null, "tourism": null, "leisure": null, "highway": null, "railway": null, "public_transport": null, "category": "food_service", "sub_category": "restaurant", "category_label": "Restaurants & Cafes", "sub_category_label": "Restaurant", "color": "#b4612f", "icon": "restaurant.svg" }, "geometry": { "type": "Point", "coordinates": [ 51.6756988, 32.6536124 ] } },
{ "type": "Feature", "properties": { "osm_id": 4838956923, "name": "خانه کوچک", "amenity": "restaurant", "shop": null, "tourism": null, "leisure": null, "highway": null, "railway": null, "public_transport": null, "category": "food_service", "sub_category": "restaurant", "category_label": "Restaurants & Cafes", "sub_category_label": "Restaurant", "color": "#b4612f", "icon": "restaurant.svg" }, "geometry": { "type": "Point", "coordinates": [ 51.6764234, 32.6551745 ] } },
{ "type": "Feature", "properties": { "osm_id": 4838956924, "name": "رستوران پارتیکان", "amenity": "restaurant", "shop": null, "tourism": null, "leisure": null, "highway": null, "railway": null, "public_transport": null, "category": "food_service", "sub_category": "restaurant", "category_label": "Restaurants & Cafes", "sub_category_label": "Restaurant", "color": "#b4612f", "icon": "restaurant.svg" }, "geometry": { "type": "Point", "coordinates": [ 51.6762946, 32.6560759 ] } },
{ "type": "Feature", "properties": { "osm_id": 4838962525, "name": null, "amenity": "post_office", "shop": null, "tourism": null, "leisure": null, "highway": null, "railway": null, "public_transport": null, "category": "public_service", "sub_category": "post", "category_label": "Public Services", "sub_category_label": "Post", "color": "#506aa0", "icon": "post.svg" }, "geometry": { "type": "Point", "coordinates": [ 51.6764439, 32.6582692 ] } },
{ "type": "Feature", "properties": { "osm_id": 4840968022, "name": "کارواش ستاره ایران", "amenity": "car_wash", "shop": null, "tourism": null, "leisure": null, "highway": null, "railway": null, "public_transport": null, "category": "automotive", "sub_category": "car_wash", "category_label": "Automotive Services", "sub_category_label": "Car Wash", "color": "#2ecc71", "icon": "car-repair.svg" }, "geometry": { "type": "Point", "coordinates": [ 51.6462102, 32.6777534 ] } },
{ "type": "Feature", "properties": { "osm_id": 4843341321, "name": "کافه زمزم", "amenity": "cafe", "shop": null, "tourism": null, "leisure": null, "highway": null, "railway": null, "public_transport": null, "category": "food_service", "sub_category": "cafe", "category_label": "Restaurants & Cafes", "sub_category_label": "Cafe", "color": "#b4612f", "icon": "restaurant.svg" }, "geometry": { "type": "Point", "coordinates": [ 51.6774094, 32.6637564 ] } },
{ "type": "Feature", "properties": { "osm_id": 4846376124, "name": "بانک ملی", "amenity": "bank", "shop": null, "tourism": null, "leisure": null, "highway": null, "railway": null, "public_transport": null, "category": "finance", "sub_category": "bank", "category_label": "Banking & Finance", "sub_category_label": "Bank", "color": "#4e497c", "icon": "bank.svg" }, "geometry": { "type": "Point", "coordinates": [ 51.6634815, 32.6539996 ] } },
{ "type": "Feature", "properties": { "osm_id": 4856107721, "name": "بقایای کاخ جهان نما", "amenity": null, "shop": null, "tourism": "attraction", "leisure": null, "highway": null, "railway": null, "public_transport": null, "category": "culture_attraction", "sub_category": "culture_attraction", "category_label": "Culture & Attractions", "sub_category_label": "Culture Attraction", "color": "#067c91", "icon": "museum.svg" }, "geometry": { "type": "Point", "coordinates": [ 51.6691736, 32.6571758 ] } },
{ "type": "Feature", "properties": { "osm_id": 4858524322, "name": "کارواش ایده آل", "amenity": "car_wash", "shop": null, "tourism": null, "leisure": null, "highway": null, "railway": null, "public_transport": null, "category": "automotive", "sub_category": "car_wash", "category_label": "Automotive Services", "sub_category_label": "Car Wash", "color": "#2ecc71", "icon": "car-repair.svg" }, "geometry": { "type": "Point", "coordinates": [ 51.6485841, 32.6555554 ] } },
{ "type": "Feature", "properties": { "osm_id": 4858919924, "name": "خانه دیبایی", "amenity": null, "shop": null, "tourism": "guest_house", "leisure": null, "highway": null, "railway": null, "public_transport": null, "category": "accommodation", "sub_category": "lodging", "category_label": "Accommodation", "sub_category_label": "Lodging", "color": "#78523e", "icon": "lodging.svg" }, "geometry": { "type": "Point", "coordinates": [ 51.6824589, 32.6650285 ] } },
{ "type": "Feature", "properties": { "osm_id": 4861627651, "name": "ارگ عظیم جهان نما", "amenity": null, "shop": "supermarket", "tourism": null, "leisure": null, "highway": null, "railway": null, "public_transport": null, "category": "food_retail", "sub_category": "supermarket", "category_label": "Grocery & Food Retail", "sub_category_label": "Supermarket", "color": "#b4612f", "icon": "grocery.svg" }, "geometry": { "type": "Point", "coordinates": [ 51.6657629, 32.6591407 ] } },
{ "type": "Feature", "properties": { "osm_id": 4861764923, "name": "هتل میهن", "amenity": null, "shop": null, "tourism": "hotel", "leisure": null, "highway": null, "railway": null, "public_transport": null, "category": "accommodation", "sub_category": "hotel", "category_label": "Accommodation", "sub_category_label": "Hotel", "color": "#78523e", "icon": "lodging.svg" }, "geometry": { "type": "Point", "coordinates": [ 51.669225, 32.658697 ] } },
{ "type": "Feature", "properties": { "osm_id": 4869766356, "name": "سفره خانه عتیق", "amenity": "restaurant", "shop": null, "tourism": null, "leisure": null, "highway": null, "railway": null, "public_transport": null, "category": "food_service", "sub_category": "restaurant", "category_label": "Restaurants & Cafes", "sub_category_label": "Restaurant", "color": "#b4612f", "icon": "restaurant.svg" }, "geometry": { "type": "Point", "coordinates": [ 51.6786693, 32.6604563 ] } },
{ "type": "Feature", "properties": { "osm_id": 4874017895, "name": null, "amenity": "parking_entrance", "shop": null, "tourism": null, "leisure": null, "highway": null, "railway": null, "public_transport": null, "category": "parking_road_facility", "sub_category": "entrance", "category_label": "Parking & Road Facilities", "sub_category_label": "Entrance", "color": "#78523e", "icon": "parking.svg" }, "geometry": { "type": "Point", "coordinates": [ 51.6813134, 32.6609443 ] } },
{ "type": "Feature", "properties": { "osm_id": 4874185955, "name": null, "amenity": null, "shop": null, "tourism": null, "leisure": null, "highway": "turning_circle", "railway": null, "public_transport": null, "category": "other", "sub_category": "general", "category_label": "Other", "sub_category_label": "General", "color": "#999", "icon": "marker.svg" }, "geometry": { "type": "Point", "coordinates": [ 51.6685346, 32.6745772 ] } },
{ "type": "Feature", "properties": { "osm_id": 4874185956, "name": null, "amenity": null, "shop": null, "tourism": null, "leisure": null, "highway": "turning_circle", "railway": null, "public_transport": null, "category": "other", "sub_category": "general", "category_label": "Other", "sub_category_label": "General", "color": "#999", "icon": "marker.svg" }, "geometry": { "type": "Point", "coordinates": [ 51.6686307, 32.6747239 ] } },
{ "type": "Feature", "properties": { "osm_id": 4874185957, "name": null, "amenity": null, "shop": null, "tourism": null, "leisure": null, "highway": "turning_circle", "railway": null, "public_transport": null, "category": "other", "sub_category": "general", "category_label": "Other", "sub_category_label": "General", "color": "#999", "icon": "marker.svg" }, "geometry": { "type": "Point", "coordinates": [ 51.6684839, 32.6747109 ] } },
{ "type": "Feature", "properties": { "osm_id": 4877183048, "name": null, "amenity": null, "shop": null, "tourism": null, "leisure": null, "highway": "turning_circle", "railway": null, "public_transport": null, "category": "other", "sub_category": "general", "category_label": "Other", "sub_category_label": "General", "color": "#999", "icon": "marker.svg" }, "geometry": { "type": "Point", "coordinates": [ 51.671681, 32.6802565 ] } },
{ "type": "Feature", "properties": { "osm_id": 4878281598, "name": null, "amenity": null, "shop": null, "tourism": null, "leisure": null, "highway": "crossing", "railway": null, "public_transport": null, "category": "parking_road_facility", "sub_category": "crossing", "category_label": "Parking & Road Facilities", "sub_category_label": "Crossing", "color": "#78523e", "icon": "parking.svg" }, "geometry": { "type": "Point", "coordinates": [ 51.6709576, 32.686433 ] } },
{ "type": "Feature", "properties": { "osm_id": 4880514021, "name": "موسسه مرسا", "amenity": "school", "shop": null, "tourism": null, "leisure": null, "highway": null, "railway": null, "public_transport": null, "category": "education", "sub_category": "school", "category_label": "Education", "sub_category_label": "School", "color": "#78523e", "icon": "school.svg" }, "geometry": { "type": "Point", "coordinates": [ 51.6709591, 32.6766478 ] } },
{ "type": "Feature", "properties": { "osm_id": 4887114221, "name": "دروازه تهران", "amenity": null, "shop": null, "tourism": null, "leisure": null, "highway": "bus_stop", "railway": null, "public_transport": "platform", "category": "public_transport", "sub_category": "bus_stop", "category_label": "Public Transportation", "sub_category_label": "Bus Stop", "color": "#1787d4", "icon": "bus.svg" }, "geometry": { "type": "Point", "coordinates": [ 51.6489753, 32.6757488 ] } },
{ "type": "Feature", "properties": { "osm_id": 4887119721, "name": "خرم", "amenity": null, "shop": null, "tourism": null, "leisure": null, "highway": "bus_stop", "railway": null, "public_transport": "platform", "category": "public_transport", "sub_category": "bus_stop", "category_label": "Public Transportation", "sub_category_label": "Bus Stop", "color": "#1787d4", "icon": "bus.svg" }, "geometry": { "type": "Point", "coordinates": [ 51.6458226, 32.6666545 ] } },
{ "type": "Feature", "properties": { "osm_id": 4887128121, "name": "بیمه", "amenity": null, "shop": null, "tourism": null, "leisure": null, "highway": "bus_stop", "railway": null, "public_transport": "platform", "category": "public_transport", "sub_category": "bus_stop", "category_label": "Public Transportation", "sub_category_label": "Bus Stop", "color": "#1787d4", "icon": "bus.svg" }, "geometry": { "type": "Point", "coordinates": [ 51.6554759, 32.6658006 ] } },
{ "type": "Feature", "properties": { "osm_id": 4887128122, "name": "گلستان", "amenity": null, "shop": null, "tourism": null, "leisure": null, "highway": "bus_stop", "railway": null, "public_transport": "platform", "category": "public_transport", "sub_category": "bus_stop", "category_label": "Public Transportation", "sub_category_label": "Bus Stop", "color": "#1787d4", "icon": "bus.svg" }, "geometry": { "type": "Point", "coordinates": [ 51.6625353, 32.6655555 ] } },
{ "type": "Feature", "properties": { "osm_id": 4892144985, "name": "صمدیه", "amenity": null, "shop": null, "tourism": null, "leisure": null, "highway": null, "railway": null, "public_transport": "stop_position", "category": "other", "sub_category": "general", "category_label": "Other", "sub_category_label": "General", "color": "#999", "icon": "marker.svg" }, "geometry": { "type": "Point", "coordinates": [ 51.6432554, 32.6657324 ] } },
{ "type": "Feature", "properties": { "osm_id": 4893025123, "name": "نانوایی", "amenity": null, "shop": "bakery", "tourism": null, "leisure": null, "highway": null, "railway": null, "public_transport": null, "category": "food_retail", "sub_category": "bakery", "category_label": "Grocery & Food Retail", "sub_category_label": "Bakery", "color": "#b4612f", "icon": "grocery.svg" }, "geometry": { "type": "Point", "coordinates": [ 51.669471, 32.661169 ] } },
{ "type": "Feature", "properties": { "osm_id": 4893025622, "name": "صرافی اسپادانا", "amenity": "bureau_de_change", "shop": null, "tourism": null, "leisure": null, "highway": null, "railway": null, "public_transport": null, "category": "finance", "sub_category": "exchange", "category_label": "Banking & Finance", "sub_category_label": "Exchange", "color": "#4e497c", "icon": "bank.svg" }, "geometry": { "type": "Point", "coordinates": [ 51.669606, 32.6587927 ] } },
{ "type": "Feature", "properties": { "osm_id": 4903397726, "name": "کباب بریانی ترخون", "amenity": "restaurant", "shop": null, "tourism": null, "leisure": null, "highway": null, "railway": null, "public_transport": null, "category": "food_service", "sub_category": "restaurant", "category_label": "Restaurants & Cafes", "sub_category_label": "Restaurant", "color": "#b4612f", "icon": "restaurant.svg" }, "geometry": { "type": "Point", "coordinates": [ 51.6737462, 32.6621919 ] } },
{ "type": "Feature", "properties": { "osm_id": 4903411823, "name": "بانک ملت", "amenity": "bank", "shop": null, "tourism": null, "leisure": null, "highway": null, "railway": null, "public_transport": null, "category": "finance", "sub_category": "bank", "category_label": "Banking & Finance", "sub_category_label": "Bank", "color": "#4e497c", "icon": "bank.svg" }, "geometry": { "type": "Point", "coordinates": [ 51.6740437, 32.6657347 ] } },
{ "type": "Feature", "properties": { "osm_id": 4903411824, "name": "بانک سامان", "amenity": "bank", "shop": null, "tourism": null, "leisure": null, "highway": null, "railway": null, "public_transport": null, "category": "finance", "sub_category": "bank", "category_label": "Banking & Finance", "sub_category_label": "Bank", "color": "#4e497c", "icon": "bank.svg" }, "geometry": { "type": "Point", "coordinates": [ 51.678983, 32.6594673 ] } },
{ "type": "Feature", "properties": { "osm_id": 4903412023, "name": "بانک ملت", "amenity": "bank", "shop": null, "tourism": null, "leisure": null, "highway": null, "railway": null, "public_transport": null, "category": "finance", "sub_category": "bank", "category_label": "Banking & Finance", "sub_category_label": "Bank", "color": "#4e497c", "icon": "bank.svg" }, "geometry": { "type": "Point", "coordinates": [ 51.6786764, 32.6594171 ] } },
{ "type": "Feature", "properties": { "osm_id": 4903412024, "name": null, "amenity": "atm", "shop": null, "tourism": null, "leisure": null, "highway": null, "railway": null, "public_transport": null, "category": "finance", "sub_category": "atm", "category_label": "Banking & Finance", "sub_category_label": "Atm", "color": "#4e497c", "icon": "bank.svg" }, "geometry": { "type": "Point", "coordinates": [ 51.6764391, 32.658298 ] } },
{ "type": "Feature", "properties": { "osm_id": 4903872027, "name": "کویر موتور", "amenity": null, "shop": "bicycle", "tourism": null, "leisure": null, "highway": null, "railway": null, "public_transport": null, "category": "automotive", "sub_category": "bicycle_store", "category_label": "Automotive Services", "sub_category_label": "Bicycle Store", "color": "#2ecc71", "icon": "car-repair.svg" }, "geometry": { "type": "Point", "coordinates": [ 51.6937674, 32.6759008 ] } },
{ "type": "Feature", "properties": { "osm_id": 4911748821, "name": "بانک تجارت", "amenity": "bank", "shop": null, "tourism": null, "leisure": null, "highway": null, "railway": null, "public_transport": null, "category": "finance", "sub_category": "bank", "category_label": "Banking & Finance", "sub_category_label": "Bank", "color": "#4e497c", "icon": "bank.svg" }, "geometry": { "type": "Point", "coordinates": [ 51.6947737, 32.675148 ] } },
{ "type": "Feature", "properties": { "osm_id": 4911748921, "name": "بانک مسکن", "amenity": "bank", "shop": null, "tourism": null, "leisure": null, "highway": null, "railway": null, "public_transport": null, "category": "finance", "sub_category": "bank", "category_label": "Banking & Finance", "sub_category_label": "Bank", "color": "#4e497c", "icon": "bank.svg" }, "geometry": { "type": "Point", "coordinates": [ 51.6942204, 32.6755169 ] } },
{ "type": "Feature", "properties": { "osm_id": 4911748925, "name": "هایپر تحریر نقش جهان", "amenity": null, "shop": "stationery", "tourism": null, "leisure": null, "highway": null, "railway": null, "public_transport": null, "category": "general_retail", "sub_category": "stationery", "category_label": "General Retail", "sub_category_label": "Stationery", "color": "#194aa4", "icon": "shop.svg" }, "geometry": { "type": "Point", "coordinates": [ 51.6899729, 32.6781486 ] } },
{ "type": "Feature", "properties": { "osm_id": 4922177924, "name": "کانون زبان ایران", "amenity": "school", "shop": null, "tourism": null, "leisure": null, "highway": null, "railway": null, "public_transport": null, "category": "education", "sub_category": "school", "category_label": "Education", "sub_category_label": "School", "color": "#78523e", "icon": "school.svg" }, "geometry": { "type": "Point", "coordinates": [ 51.6768014, 32.6717617 ] } },
{ "type": "Feature", "properties": { "osm_id": 4938074721, "name": "بانک توسعه تعاون", "amenity": "bank", "shop": null, "tourism": null, "leisure": null, "highway": null, "railway": null, "public_transport": null, "category": "finance", "sub_category": "bank", "category_label": "Banking & Finance", "sub_category_label": "Bank", "color": "#4e497c", "icon": "bank.svg" }, "geometry": { "type": "Point", "coordinates": [ 51.6660365, 32.6570956 ] } },
{ "type": "Feature", "properties": { "osm_id": 4943520824, "name": "بیمارستان سینا", "amenity": "hospital", "shop": null, "tourism": null, "leisure": null, "highway": null, "railway": null, "public_transport": null, "category": "hospital_emergency", "sub_category": "hospital", "category_label": "Hospital & Emergency", "sub_category_label": "Hospital", "color": "#d14a4a", "icon": "hospital.svg" }, "geometry": { "type": "Point", "coordinates": [ 51.6664403, 32.6548287 ] } },
{ "type": "Feature", "properties": { "osm_id": 4951447730, "name": null, "amenity": "toilets", "shop": null, "tourism": null, "leisure": null, "highway": null, "railway": null, "public_transport": null, "category": "public_service", "sub_category": "wc", "category_label": "Public Services", "sub_category_label": "Wc", "color": "#506aa0", "icon": "post.svg" }, "geometry": { "type": "Point", "coordinates": [ 51.6782209, 32.6553178 ] } },
{ "type": "Feature", "properties": { "osm_id": 4951447747, "name": "اثر هنری مرد زیر چتر", "amenity": null, "shop": null, "tourism": "artwork", "leisure": null, "highway": null, "railway": null, "public_transport": null, "category": "culture_attraction", "sub_category": "art", "category_label": "Culture & Attractions", "sub_category_label": "Art", "color": "#067c91", "icon": "museum.svg" }, "geometry": { "type": "Point", "coordinates": [ 51.6722487, 32.6532561 ] } },
{ "type": "Feature", "properties": { "osm_id": 4956206021, "name": "هتل صبا", "amenity": null, "shop": null, "tourism": "hotel", "leisure": null, "highway": null, "railway": null, "public_transport": null, "category": "accommodation", "sub_category": "hotel", "category_label": "Accommodation", "sub_category_label": "Hotel", "color": "#78523e", "icon": "lodging.svg" }, "geometry": { "type": "Point", "coordinates": [ 51.6707965, 32.6672169 ] } },
{ "type": "Feature", "properties": { "osm_id": 4966708422, "name": "استاد برگر", "amenity": "fast_food", "shop": null, "tourism": null, "leisure": null, "highway": null, "railway": null, "public_transport": null, "category": "food_service", "sub_category": "fast_food", "category_label": "Restaurants & Cafes", "sub_category_label": "Fast Food", "color": "#b4612f", "icon": "restaurant.svg" }, "geometry": { "type": "Point", "coordinates": [ 51.6569748, 32.6722615 ] } },
{ "type": "Feature", "properties": { "osm_id": 4966708423, "name": "پیرایش ماه", "amenity": null, "shop": "hairdresser", "tourism": null, "leisure": null, "highway": null, "railway": null, "public_transport": null, "category": "professional_service", "sub_category": "barber", "category_label": "Professional Services", "sub_category_label": "Barber", "color": "#506aa0", "icon": "building.svg" }, "geometry": { "type": "Point", "coordinates": [ 51.6568627, 32.6723109 ] } },
{ "type": "Feature", "properties": { "osm_id": 4966708424, "name": "پیرایش شاندیز", "amenity": null, "shop": "hairdresser", "tourism": null, "leisure": null, "highway": null, "railway": null, "public_transport": null, "category": "professional_service", "sub_category": "barber", "category_label": "Professional Services", "sub_category_label": "Barber", "color": "#506aa0", "icon": "building.svg" }, "geometry": { "type": "Point", "coordinates": [ 51.6569949, 32.6723378 ] } },
{ "type": "Feature", "properties": { "osm_id": 4966708426, "name": "ایستگاه اتوبوس شهرک نگین", "amenity": "bus_station", "shop": null, "tourism": null, "leisure": null, "highway": null, "railway": null, "public_transport": null, "category": "public_transport", "sub_category": "bus_station", "category_label": "Public Transportation", "sub_category_label": "Bus Station", "color": "#1787d4", "icon": "bus.svg" }, "geometry": { "type": "Point", "coordinates": [ 51.6572291, 32.6734748 ] } },
{ "type": "Feature", "properties": { "osm_id": 4966720121, "name": "فست فود آویژه", "amenity": "fast_food", "shop": null, "tourism": null, "leisure": null, "highway": null, "railway": null, "public_transport": null, "category": "food_service", "sub_category": "fast_food", "category_label": "Restaurants & Cafes", "sub_category_label": "Fast Food", "color": "#b4612f", "icon": "restaurant.svg" }, "geometry": { "type": "Point", "coordinates": [ 51.6572524, 32.6734225 ] } },
{ "type": "Feature", "properties": { "osm_id": 4966720122, "name": "سبزی فروشی شیرانی", "amenity": null, "shop": "greengrocer", "tourism": null, "leisure": null, "highway": null, "railway": null, "public_transport": null, "category": "food_retail", "sub_category": "greengrocer", "category_label": "Grocery & Food Retail", "sub_category_label": "Greengrocer", "color": "#b4612f", "icon": "grocery.svg" }, "geometry": { "type": "Point", "coordinates": [ 51.6597088, 32.6734662 ] } },
{ "type": "Feature", "properties": { "osm_id": 4973302421, "name": null, "amenity": "drinking_water", "shop": null, "tourism": null, "leisure": null, "highway": null, "railway": null, "public_transport": null, "category": "public_service", "sub_category": "drinking_water", "category_label": "Public Services", "sub_category_label": "Drinking Water", "color": "#506aa0", "icon": "post.svg" }, "geometry": { "type": "Point", "coordinates": [ 51.6696826, 32.6545529 ] } },
{ "type": "Feature", "properties": { "osm_id": 4973388121, "name": null, "amenity": "drinking_water", "shop": null, "tourism": null, "leisure": null, "highway": null, "railway": null, "public_transport": null, "category": "public_service", "sub_category": "drinking_water", "category_label": "Public Services", "sub_category_label": "Drinking Water", "color": "#506aa0", "icon": "post.svg" }, "geometry": { "type": "Point", "coordinates": [ 51.6721046, 32.6581151 ] } },
{ "type": "Feature", "properties": { "osm_id": 4973579622, "name": null, "amenity": "drinking_water", "shop": null, "tourism": null, "leisure": null, "highway": null, "railway": null, "public_transport": null, "category": "public_service", "sub_category": "drinking_water", "category_label": "Public Services", "sub_category_label": "Drinking Water", "color": "#506aa0", "icon": "post.svg" }, "geometry": { "type": "Point", "coordinates": [ 51.6797529, 32.6594065 ] } },
{ "type": "Feature", "properties": { "osm_id": 4977887322, "name": null, "amenity": null, "shop": "clothes", "tourism": null, "leisure": null, "highway": null, "railway": null, "public_transport": null, "category": "fashion", "sub_category": "clothes", "category_label": "Fashion & Clothing", "sub_category_label": "Clothes", "color": "#194aa4", "icon": "clothing-store.svg" }, "geometry": { "type": "Point", "coordinates": [ 51.6813657, 32.6735453 ] } },
{ "type": "Feature", "properties": { "osm_id": 4979235022, "name": null, "amenity": "drinking_water", "shop": null, "tourism": null, "leisure": null, "highway": null, "railway": null, "public_transport": null, "category": "public_service", "sub_category": "drinking_water", "category_label": "Public Services", "sub_category_label": "Drinking Water", "color": "#506aa0", "icon": "post.svg" }, "geometry": { "type": "Point", "coordinates": [ 51.6511114, 32.6851641 ] } },
{ "type": "Feature", "properties": { "osm_id": 4992383821, "name": "فروشگاه شبکه پرداز", "amenity": null, "shop": "computer", "tourism": null, "leisure": null, "highway": null, "railway": null, "public_transport": null, "category": "general_retail", "sub_category": "electronics_store", "category_label": "General Retail", "sub_category_label": "Electronics Store", "color": "#194aa4", "icon": "shop.svg" }, "geometry": { "type": "Point", "coordinates": [ 51.6541617, 32.6582253 ] } },
{ "type": "Feature", "properties": { "osm_id": 5002922121, "name": "بانک کشاورزی", "amenity": "bank", "shop": null, "tourism": null, "leisure": null, "highway": null, "railway": null, "public_transport": null, "category": "finance", "sub_category": "bank", "category_label": "Banking & Finance", "sub_category_label": "Bank", "color": "#4e497c", "icon": "bank.svg" }, "geometry": { "type": "Point", "coordinates": [ 51.6709886, 32.672556 ] } },
{ "type": "Feature", "properties": { "osm_id": 5012009421, "name": "هنرستان پروین اعتصامی", "amenity": "school", "shop": null, "tourism": null, "leisure": null, "highway": null, "railway": null, "public_transport": null, "category": "education", "sub_category": "school", "category_label": "Education", "sub_category_label": "School", "color": "#78523e", "icon": "school.svg" }, "geometry": { "type": "Point", "coordinates": [ 51.6829229, 32.6788831 ] } },
{ "type": "Feature", "properties": { "osm_id": 5012589284, "name": "آموزشگاه رانندگی زنده رود", "amenity": "driving_school", "shop": null, "tourism": null, "leisure": null, "highway": null, "railway": null, "public_transport": null, "category": "other", "sub_category": "driving_school", "category_label": "Other", "sub_category_label": "Driving School", "color": "#999", "icon": "marker.svg" }, "geometry": { "type": "Point", "coordinates": [ 51.6570623, 32.672693 ] } },
{ "type": "Feature", "properties": { "osm_id": 5015375313, "name": null, "amenity": "pharmacy", "shop": null, "tourism": null, "leisure": null, "highway": null, "railway": null, "public_transport": null, "category": "pharmacy_optical", "sub_category": "pharmacy", "category_label": "Pharmacy & Optical", "sub_category_label": "Pharmacy", "color": "#d14a4a", "icon": "pharmacy.svg" }, "geometry": { "type": "Point", "coordinates": [ 51.6587932, 32.6736998 ] } },
{ "type": "Feature", "properties": { "osm_id": 5015396167, "name": "نانوایی", "amenity": null, "shop": "bakery", "tourism": null, "leisure": null, "highway": null, "railway": null, "public_transport": null, "category": "food_retail", "sub_category": "bakery", "category_label": "Grocery & Food Retail", "sub_category_label": "Bakery", "color": "#b4612f", "icon": "grocery.svg" }, "geometry": { "type": "Point", "coordinates": [ 51.6656458, 32.6657156 ] } },
{ "type": "Feature", "properties": { "osm_id": 5016145721, "name": null, "amenity": "toilets", "shop": null, "tourism": null, "leisure": null, "highway": null, "railway": null, "public_transport": null, "category": "public_service", "sub_category": "wc", "category_label": "Public Services", "sub_category_label": "Wc", "color": "#506aa0", "icon": "post.svg" }, "geometry": { "type": "Point", "coordinates": [ 51.683384, 32.666712 ] } },
{ "type": "Feature", "properties": { "osm_id": 5017446019, "name": "کلینیک کودکان ایران مهر", "amenity": "clinic", "shop": null, "tourism": null, "leisure": null, "highway": null, "railway": null, "public_transport": null, "category": "medical_care", "sub_category": "clinic", "category_label": "Medical Care", "sub_category_label": "Clinic", "color": "#d14a4a", "icon": "doctor.svg" }, "geometry": { "type": "Point", "coordinates": [ 51.6673106, 32.6620587 ] } },
{ "type": "Feature", "properties": { "osm_id": 5017446020, "name": "داروخانه دکتر فاطمی", "amenity": "pharmacy", "shop": null, "tourism": null, "leisure": null, "highway": null, "railway": null, "public_transport": null, "category": "pharmacy_optical", "sub_category": "pharmacy", "category_label": "Pharmacy & Optical", "sub_category_label": "Pharmacy", "color": "#d14a4a", "icon": "pharmacy.svg" }, "geometry": { "type": "Point", "coordinates": [ 51.6672745, 32.6620594 ] } },
{ "type": "Feature", "properties": { "osm_id": 5017447039, "name": "مرکز خرید لوازم‌التحریر مهر", "amenity": null, "shop": "mall", "tourism": null, "leisure": null, "highway": null, "railway": null, "public_transport": null, "category": "general_retail", "sub_category": "shopping_mall", "category_label": "General Retail", "sub_category_label": "Shopping Mall", "color": "#194aa4", "icon": "shop.svg" }, "geometry": { "type": "Point", "coordinates": [ 51.670416, 32.6623295 ] } },
{ "type": "Feature", "properties": { "osm_id": 5017448015, "name": "آموزشگاه زبان حکمت", "amenity": null, "shop": null, "tourism": null, "leisure": null, "highway": null, "railway": null, "public_transport": null, "category": "other", "sub_category": "general", "category_label": "Other", "sub_category_label": "General", "color": "#999", "icon": "marker.svg" }, "geometry": { "type": "Point", "coordinates": [ 51.6639803, 32.6588012 ] } },
{ "type": "Feature", "properties": { "osm_id": 5017448017, "name": "میرداماد", "amenity": null, "shop": "travel_agency", "tourism": null, "leisure": null, "highway": null, "railway": null, "public_transport": null, "category": "other", "sub_category": "travel_agency", "category_label": "Other", "sub_category_label": "Travel Agency", "color": "#999", "icon": "marker.svg" }, "geometry": { "type": "Point", "coordinates": [ 51.6662926, 32.6615597 ] } },
{ "type": "Feature", "properties": { "osm_id": 5021656660, "name": "رستوران نیک شان", "amenity": null, "shop": "confectionery", "tourism": null, "leisure": null, "highway": null, "railway": null, "public_transport": null, "category": "food_retail", "sub_category": "confectionery", "category_label": "Grocery & Food Retail", "sub_category_label": "Confectionery", "color": "#b4612f", "icon": "grocery.svg" }, "geometry": { "type": "Point", "coordinates": [ 51.6609103, 32.6655497 ] } },
{ "type": "Feature", "properties": { "osm_id": 5022064427, "name": "غذای میداس", "amenity": "restaurant", "shop": null, "tourism": null, "leisure": null, "highway": null, "railway": null, "public_transport": null, "category": "food_service", "sub_category": "restaurant", "category_label": "Restaurants & Cafes", "sub_category_label": "Restaurant", "color": "#b4612f", "icon": "restaurant.svg" }, "geometry": { "type": "Point", "coordinates": [ 51.6734166, 32.679342 ] } },
{ "type": "Feature", "properties": { "osm_id": 5022064826, "name": "شیروانی", "amenity": null, "shop": null, "tourism": "hostel", "leisure": null, "highway": null, "railway": null, "public_transport": null, "category": "accommodation", "sub_category": "hostel", "category_label": "Accommodation", "sub_category_label": "Hostel", "color": "#78523e", "icon": "lodging.svg" }, "geometry": { "type": "Point", "coordinates": [ 51.6449984, 32.6638064 ] } },
{ "type": "Feature", "properties": { "osm_id": 5022183919, "name": null, "amenity": null, "shop": "greengrocer", "tourism": null, "leisure": null, "highway": null, "railway": null, "public_transport": null, "category": "food_retail", "sub_category": "greengrocer", "category_label": "Grocery & Food Retail", "sub_category_label": "Greengrocer", "color": "#b4612f", "icon": "grocery.svg" }, "geometry": { "type": "Point", "coordinates": [ 51.6647083, 32.6649111 ] } },
{ "type": "Feature", "properties": { "osm_id": 5022183920, "name": "بانک صادرات", "amenity": "bank", "shop": null, "tourism": null, "leisure": null, "highway": null, "railway": null, "public_transport": null, "category": "finance", "sub_category": "bank", "category_label": "Banking & Finance", "sub_category_label": "Bank", "color": "#4e497c", "icon": "bank.svg" }, "geometry": { "type": "Point", "coordinates": [ 51.6685365, 32.6653803 ] } },
{ "type": "Feature", "properties": { "osm_id": 5022294068, "name": "تجهیزات پزشکی مهرپویا", "amenity": null, "shop": "medical_supply", "tourism": null, "leisure": null, "highway": null, "railway": null, "public_transport": null, "category": "general_retail", "sub_category": "medical_supply", "category_label": "General Retail", "sub_category_label": "Medical Supply", "color": "#194aa4", "icon": "shop.svg" }, "geometry": { "type": "Point", "coordinates": [ 51.6665365, 32.6613445 ] } },
{ "type": "Feature", "properties": { "osm_id": 5022294069, "name": "عینک گوانجی", "amenity": null, "shop": "optician", "tourism": null, "leisure": null, "highway": null, "railway": null, "public_transport": null, "category": "pharmacy_optical", "sub_category": "optician", "category_label": "Pharmacy & Optical", "sub_category_label": "Optician", "color": "#d14a4a", "icon": "pharmacy.svg" }, "geometry": { "type": "Point", "coordinates": [ 51.666633, 32.6572798 ] } },
{ "type": "Feature", "properties": { "osm_id": 5023934307, "name": "فلافل حیدربابا", "amenity": "fast_food", "shop": null, "tourism": null, "leisure": null, "highway": null, "railway": null, "public_transport": null, "category": "food_service", "sub_category": "fast_food", "category_label": "Restaurants & Cafes", "sub_category_label": "Fast Food", "color": "#b4612f", "icon": "restaurant.svg" }, "geometry": { "type": "Point", "coordinates": [ 51.6658307, 32.6617001 ] } },
{ "type": "Feature", "properties": { "osm_id": 5023935692, "name": "آژانس مسافرتی بهشت آئین", "amenity": null, "shop": null, "tourism": null, "leisure": null, "highway": null, "railway": null, "public_transport": null, "category": "other", "sub_category": "general", "category_label": "Other", "sub_category_label": "General", "color": "#999", "icon": "marker.svg" }, "geometry": { "type": "Point", "coordinates": [ 51.6657365, 32.6617042 ] } },
{ "type": "Feature", "properties": { "osm_id": 5023939531, "name": "داروخانه دکتر صادقی", "amenity": "pharmacy", "shop": null, "tourism": null, "leisure": null, "highway": null, "railway": null, "public_transport": null, "category": "pharmacy_optical", "sub_category": "pharmacy", "category_label": "Pharmacy & Optical", "sub_category_label": "Pharmacy", "color": "#d14a4a", "icon": "pharmacy.svg" }, "geometry": { "type": "Point", "coordinates": [ 51.6655905, 32.6616944 ] } },
{ "type": "Feature", "properties": { "osm_id": 5023940659, "name": "دبیرستان دخترانه امام باقر ع", "amenity": "school", "shop": null, "tourism": null, "leisure": null, "highway": null, "railway": null, "public_transport": null, "category": "education", "sub_category": "school", "category_label": "Education", "sub_category_label": "School", "color": "#78523e", "icon": "school.svg" }, "geometry": { "type": "Point", "coordinates": [ 51.6654645, 32.6615335 ] } },
{ "type": "Feature", "properties": { "osm_id": 5023988333, "name": "تجهیزات پزشکی", "amenity": null, "shop": null, "tourism": null, "leisure": null, "highway": null, "railway": null, "public_transport": null, "category": "other", "sub_category": "general", "category_label": "Other", "sub_category_label": "General", "color": "#999", "icon": "marker.svg" }, "geometry": { "type": "Point", "coordinates": [ 51.6643675, 32.6617941 ] } },
{ "type": "Feature", "properties": { "osm_id": 5023993014, "name": "سوپر دی تو دی", "amenity": null, "shop": "supermarket", "tourism": null, "leisure": null, "highway": null, "railway": null, "public_transport": null, "category": "food_retail", "sub_category": "supermarket", "category_label": "Grocery & Food Retail", "sub_category_label": "Supermarket", "color": "#b4612f", "icon": "grocery.svg" }, "geometry": { "type": "Point", "coordinates": [ 51.6627221, 32.6618667 ] } },
{ "type": "Feature", "properties": { "osm_id": 5024025776, "name": "مهدکودک ماهک", "amenity": "kindergarten", "shop": null, "tourism": null, "leisure": null, "highway": null, "railway": null, "public_transport": null, "category": "education", "sub_category": "school", "category_label": "Education", "sub_category_label": "School", "color": "#78523e", "icon": "school.svg" }, "geometry": { "type": "Point", "coordinates": [ 51.6610425, 32.6625944 ] } },
{ "type": "Feature", "properties": { "osm_id": 5024025793, "name": "گز سنت", "amenity": null, "shop": "confectionery", "tourism": null, "leisure": null, "highway": null, "railway": null, "public_transport": null, "category": "food_retail", "sub_category": "confectionery", "category_label": "Grocery & Food Retail", "sub_category_label": "Confectionery", "color": "#b4612f", "icon": "grocery.svg" }, "geometry": { "type": "Point", "coordinates": [ 51.6605743, 32.6658165 ] } },
{ "type": "Feature", "properties": { "osm_id": 5024026307, "name": "سوپر KMC", "amenity": null, "shop": "supermarket", "tourism": null, "leisure": null, "highway": null, "railway": null, "public_transport": null, "category": "food_retail", "sub_category": "supermarket", "category_label": "Grocery & Food Retail", "sub_category_label": "Supermarket", "color": "#b4612f", "icon": "grocery.svg" }, "geometry": { "type": "Point", "coordinates": [ 51.6607148, 32.6639625 ] } },
{ "type": "Feature", "properties": { "osm_id": 5024040629, "name": "کافه سوما", "amenity": "cafe", "shop": null, "tourism": null, "leisure": null, "highway": null, "railway": null, "public_transport": null, "category": "food_service", "sub_category": "cafe", "category_label": "Restaurants & Cafes", "sub_category_label": "Cafe", "color": "#b4612f", "icon": "restaurant.svg" }, "geometry": { "type": "Point", "coordinates": [ 51.6613564, 32.6622637 ] } },
{ "type": "Feature", "properties": { "osm_id": 5025736672, "name": "هلال احمر", "amenity": null, "shop": null, "tourism": null, "leisure": null, "highway": null, "railway": null, "public_transport": null, "category": "other", "sub_category": "general", "category_label": "Other", "sub_category_label": "General", "color": "#999", "icon": "marker.svg" }, "geometry": { "type": "Point", "coordinates": [ 51.6526136, 32.6620277 ] } },
{ "type": "Feature", "properties": { "osm_id": 5026434530, "name": "بانک صادرات", "amenity": "bank", "shop": null, "tourism": null, "leisure": null, "highway": null, "railway": null, "public_transport": null, "category": "finance", "sub_category": "bank", "category_label": "Banking & Finance", "sub_category_label": "Bank", "color": "#4e497c", "icon": "bank.svg" }, "geometry": { "type": "Point", "coordinates": [ 51.6660826, 32.65252 ] } },
{ "type": "Feature", "properties": { "osm_id": 5026434533, "name": "بانک ملت", "amenity": "bank", "shop": null, "tourism": null, "leisure": null, "highway": null, "railway": null, "public_transport": null, "category": "finance", "sub_category": "bank", "category_label": "Banking & Finance", "sub_category_label": "Bank", "color": "#4e497c", "icon": "bank.svg" }, "geometry": { "type": "Point", "coordinates": [ 51.6686746, 32.6559776 ] } },
{ "type": "Feature", "properties": { "osm_id": 5026434534, "name": "بانک صادرات", "amenity": "bank", "shop": null, "tourism": null, "leisure": null, "highway": null, "railway": null, "public_transport": null, "category": "finance", "sub_category": "bank", "category_label": "Banking & Finance", "sub_category_label": "Bank", "color": "#4e497c", "icon": "bank.svg" }, "geometry": { "type": "Point", "coordinates": [ 51.6687063, 32.6564418 ] } },
{ "type": "Feature", "properties": { "osm_id": 5026434535, "name": "هتل جمشید", "amenity": null, "shop": null, "tourism": "hotel", "leisure": null, "highway": null, "railway": null, "public_transport": null, "category": "accommodation", "sub_category": "hotel", "category_label": "Accommodation", "sub_category_label": "Hotel", "color": "#78523e", "icon": "lodging.svg" }, "geometry": { "type": "Point", "coordinates": [ 51.668833, 32.6571781 ] } },
{ "type": "Feature", "properties": { "osm_id": 5026434536, "name": "سرویس بهداشتی", "amenity": "toilets", "shop": null, "tourism": null, "leisure": null, "highway": null, "railway": null, "public_transport": null, "category": "public_service", "sub_category": "wc", "category_label": "Public Services", "sub_category_label": "Wc", "color": "#506aa0", "icon": "post.svg" }, "geometry": { "type": "Point", "coordinates": [ 51.6679141, 32.6567513 ] } },
{ "type": "Feature", "properties": { "osm_id": 5026434537, "name": "سرویس بهداشتی", "amenity": "toilets", "shop": null, "tourism": null, "leisure": null, "highway": null, "railway": null, "public_transport": null, "category": "public_service", "sub_category": "wc", "category_label": "Public Services", "sub_category_label": "Wc", "color": "#506aa0", "icon": "post.svg" }, "geometry": { "type": "Point", "coordinates": [ 51.6678571, 32.6566552 ] } },
{ "type": "Feature", "properties": { "osm_id": 5026434538, "name": "بانک شهر", "amenity": "bank", "shop": null, "tourism": null, "leisure": null, "highway": null, "railway": null, "public_transport": null, "category": "finance", "sub_category": "bank", "category_label": "Banking & Finance", "sub_category_label": "Bank", "color": "#4e497c", "icon": "bank.svg" }, "geometry": { "type": "Point", "coordinates": [ 51.6677377, 32.6575819 ] } },
{ "type": "Feature", "properties": { "osm_id": 5026434540, "name": "شهر بازی سرپوشیده ارگ جهان نما", "amenity": null, "shop": null, "tourism": "theme_park", "leisure": null, "highway": null, "railway": null, "public_transport": null, "category": "culture_attraction", "sub_category": "theme_park", "category_label": "Culture & Attractions", "sub_category_label": "Theme Park", "color": "#067c91", "icon": "museum.svg" }, "geometry": { "type": "Point", "coordinates": [ 51.6686556, 32.6597338 ] } },
{ "type": "Feature", "properties": { "osm_id": 5026434541, "name": "خانه بهداشت قائدی", "amenity": "clinic", "shop": null, "tourism": null, "leisure": null, "highway": null, "railway": null, "public_transport": null, "category": "medical_care", "sub_category": "clinic", "category_label": "Medical Care", "sub_category_label": "Clinic", "color": "#d14a4a", "icon": "doctor.svg" }, "geometry": { "type": "Point", "coordinates": [ 51.6682563, 32.659211 ] } },
{ "type": "Feature", "properties": { "osm_id": 5026434542, "name": "مسجد مریم بیگم", "amenity": "place_of_worship", "shop": null, "tourism": null, "leisure": null, "highway": null, "railway": null, "public_transport": null, "category": "religion", "sub_category": "mosque", "category_label": "Religious Places", "sub_category_label": "Mosque", "color": "#78523e", "icon": "place-of-worship.svg" }, "geometry": { "type": "Point", "coordinates": [ 51.6684655, 32.6604915 ] } },
{ "type": "Feature", "properties": { "osm_id": 5026434543, "name": "کتابخانه و مرکز تخصصی حضرت ولی عصر", "amenity": "library", "shop": null, "tourism": null, "leisure": null, "highway": null, "railway": null, "public_transport": null, "category": "education", "sub_category": "library", "category_label": "Education", "sub_category_label": "Library", "color": "#78523e", "icon": "school.svg" }, "geometry": { "type": "Point", "coordinates": [ 51.6705672, 32.6610514 ] } },
{ "type": "Feature", "properties": { "osm_id": 5026434544, "name": "بانک صادرات", "amenity": "bank", "shop": null, "tourism": null, "leisure": null, "highway": null, "railway": null, "public_transport": null, "category": "finance", "sub_category": "bank", "category_label": "Banking & Finance", "sub_category_label": "Bank", "color": "#4e497c", "icon": "bank.svg" }, "geometry": { "type": "Point", "coordinates": [ 51.6700181, 32.6611851 ] } },
{ "type": "Feature", "properties": { "osm_id": 5026434545, "name": "مسجد ذکرالله", "amenity": "place_of_worship", "shop": null, "tourism": null, "leisure": null, "highway": null, "railway": null, "public_transport": null, "category": "religion", "sub_category": "mosque", "category_label": "Religious Places", "sub_category_label": "Mosque", "color": "#78523e", "icon": "place-of-worship.svg" }, "geometry": { "type": "Point", "coordinates": [ 51.6688647, 32.6626576 ] } },
{ "type": "Feature", "properties": { "osm_id": 5026434546, "name": "مسجد خلد برین", "amenity": "place_of_worship", "shop": null, "tourism": null, "leisure": null, "highway": null, "railway": null, "public_transport": null, "category": "religion", "sub_category": "mosque", "category_label": "Religious Places", "sub_category_label": "Mosque", "color": "#78523e", "icon": "place-of-worship.svg" }, "geometry": { "type": "Point", "coordinates": [ 51.6674198, 32.6631645 ] } },
{ "type": "Feature", "properties": { "osm_id": 5026434547, "name": "مسجد حاج نظر علی", "amenity": "place_of_worship", "shop": null, "tourism": null, "leisure": null, "highway": null, "railway": null, "public_transport": null, "category": "religion", "sub_category": "mosque", "category_label": "Religious Places", "sub_category_label": "Mosque", "color": "#78523e", "icon": "place-of-worship.svg" }, "geometry": { "type": "Point", "coordinates": [ 51.6706455, 32.6634579 ] } },
{ "type": "Feature", "properties": { "osm_id": 5026434548, "name": "هتل پرشیا", "amenity": null, "shop": null, "tourism": "hotel", "leisure": null, "highway": null, "railway": null, "public_transport": null, "category": "accommodation", "sub_category": "hotel", "category_label": "Accommodation", "sub_category_label": "Hotel", "color": "#78523e", "icon": "lodging.svg" }, "geometry": { "type": "Point", "coordinates": [ 51.6697836, 32.6641195 ] } },
{ "type": "Feature", "properties": { "osm_id": 5026434549, "name": "بانک ملت", "amenity": "bank", "shop": null, "tourism": null, "leisure": null, "highway": null, "railway": null, "public_transport": null, "category": "finance", "sub_category": "bank", "category_label": "Banking & Finance", "sub_category_label": "Bank", "color": "#4e497c", "icon": "bank.svg" }, "geometry": { "type": "Point", "coordinates": [ 51.6699041, 32.6649251 ] } },
{ "type": "Feature", "properties": { "osm_id": 5026434550, "name": "مسجد شیخ الاسلام", "amenity": "place_of_worship", "shop": null, "tourism": null, "leisure": null, "highway": null, "railway": null, "public_transport": null, "category": "religion", "sub_category": "mosque", "category_label": "Religious Places", "sub_category_label": "Mosque", "color": "#78523e", "icon": "place-of-worship.svg" }, "geometry": { "type": "Point", "coordinates": [ 51.6720778, 32.6650424 ] } },
{ "type": "Feature", "properties": { "osm_id": 5026434551, "name": "هتل قصر اصفهان", "amenity": null, "shop": null, "tourism": "hotel", "leisure": null, "highway": null, "railway": null, "public_transport": null, "category": "accommodation", "sub_category": "hotel", "category_label": "Accommodation", "sub_category_label": "Hotel", "color": "#78523e", "icon": "lodging.svg" }, "geometry": { "type": "Point", "coordinates": [ 51.66979, 32.6670431 ] } },
{ "type": "Feature", "properties": { "osm_id": 5026434552, "name": "مسجد ابوذر", "amenity": "place_of_worship", "shop": null, "tourism": null, "leisure": null, "highway": null, "railway": null, "public_transport": null, "category": "religion", "sub_category": "mosque", "category_label": "Religious Places", "sub_category_label": "Mosque", "color": "#78523e", "icon": "place-of-worship.svg" }, "geometry": { "type": "Point", "coordinates": [ 51.6691436, 32.6666536 ] } },
{ "type": "Feature", "properties": { "osm_id": 5026434553, "name": "مسجد الله", "amenity": "place_of_worship", "shop": null, "tourism": null, "leisure": null, "highway": null, "railway": null, "public_transport": null, "category": "religion", "sub_category": "mosque", "category_label": "Religious Places", "sub_category_label": "Mosque", "color": "#78523e", "icon": "place-of-worship.svg" }, "geometry": { "type": "Point", "coordinates": [ 51.6673254, 32.6658005 ] } },
{ "type": "Feature", "properties": { "osm_id": 5026434554, "name": "بانک سپه", "amenity": "bank", "shop": null, "tourism": null, "leisure": null, "highway": null, "railway": null, "public_transport": null, "category": "finance", "sub_category": "bank", "category_label": "Banking & Finance", "sub_category_label": "Bank", "color": "#4e497c", "icon": "bank.svg" }, "geometry": { "type": "Point", "coordinates": [ 51.6709054, 32.6676086 ] } },
{ "type": "Feature", "properties": { "osm_id": 5026434555, "name": "بانک انصار", "amenity": "bank", "shop": null, "tourism": null, "leisure": null, "highway": null, "railway": null, "public_transport": null, "category": "finance", "sub_category": "bank", "category_label": "Banking & Finance", "sub_category_label": "Bank", "color": "#4e497c", "icon": "bank.svg" }, "geometry": { "type": "Point", "coordinates": [ 51.6709117, 32.6678167 ] } },
{ "type": "Feature", "properties": { "osm_id": 5026434556, "name": "مسجد آیت الله خادمی", "amenity": "place_of_worship", "shop": null, "tourism": null, "leisure": null, "highway": null, "railway": null, "public_transport": null, "category": "religion", "sub_category": "mosque", "category_label": "Religious Places", "sub_category_label": "Mosque", "color": "#78523e", "icon": "place-of-worship.svg" }, "geometry": { "type": "Point", "coordinates": [ 51.6698027, 32.6685422 ] } },
{ "type": "Feature", "properties": { "osm_id": 5026434557, "name": "بانک صادرات", "amenity": "bank", "shop": null, "tourism": null, "leisure": null, "highway": null, "railway": null, "public_transport": null, "category": "finance", "sub_category": "bank", "category_label": "Banking & Finance", "sub_category_label": "Bank", "color": "#4e497c", "icon": "bank.svg" }, "geometry": { "type": "Point", "coordinates": [ 51.6706836, 32.6704147 ] } },
{ "type": "Feature", "properties": { "osm_id": 5026434558, "name": "بانک سپه", "amenity": "bank", "shop": null, "tourism": null, "leisure": null, "highway": null, "railway": null, "public_transport": null, "category": "finance", "sub_category": "bank", "category_label": "Banking & Finance", "sub_category_label": "Bank", "color": "#4e497c", "icon": "bank.svg" }, "geometry": { "type": "Point", "coordinates": [ 51.6706772, 32.6707028 ] } },
{ "type": "Feature", "properties": { "osm_id": 5026434573, "name": "مسجدالرضا", "amenity": "place_of_worship", "shop": null, "tourism": null, "leisure": null, "highway": null, "railway": null, "public_transport": null, "category": "religion", "sub_category": "mosque", "category_label": "Religious Places", "sub_category_label": "Mosque", "color": "#78523e", "icon": "place-of-worship.svg" }, "geometry": { "type": "Point", "coordinates": [ 51.6760537, 32.6741507 ] } },
{ "type": "Feature", "properties": { "osm_id": 5026434574, "name": "مسجد پاسنگ(الهادی)", "amenity": "place_of_worship", "shop": null, "tourism": null, "leisure": null, "highway": null, "railway": null, "public_transport": null, "category": "religion", "sub_category": "mosque", "category_label": "Religious Places", "sub_category_label": "Mosque", "color": "#78523e", "icon": "place-of-worship.svg" }, "geometry": { "type": "Point", "coordinates": [ 51.676967, 32.6735196 ] } },
{ "type": "Feature", "properties": { "osm_id": 5026434575, "name": "مسجد جابربن عبدالله انصاری", "amenity": "place_of_worship", "shop": null, "tourism": null, "leisure": null, "highway": null, "railway": null, "public_transport": null, "category": "religion", "sub_category": "mosque", "category_label": "Religious Places", "sub_category_label": "Mosque", "color": "#78523e", "icon": "place-of-worship.svg" }, "geometry": { "type": "Point", "coordinates": [ 51.6765354, 32.6745638 ] } },
{ "type": "Feature", "properties": { "osm_id": 5026434576, "name": "مسجد پا یخچال(الزهرا(س))", "amenity": "place_of_worship", "shop": null, "tourism": null, "leisure": null, "highway": null, "railway": null, "public_transport": null, "category": "religion", "sub_category": "mosque", "category_label": "Religious Places", "sub_category_label": "Mosque", "color": "#78523e", "icon": "place-of-worship.svg" }, "geometry": { "type": "Point", "coordinates": [ 51.6774169, 32.6738677 ] } },
{ "type": "Feature", "properties": { "osm_id": 5026434577, "name": "مسجد امام حسن مجتبی(ع)", "amenity": "place_of_worship", "shop": null, "tourism": null, "leisure": null, "highway": null, "railway": null, "public_transport": null, "category": "religion", "sub_category": "mosque", "category_label": "Religious Places", "sub_category_label": "Mosque", "color": "#78523e", "icon": "place-of-worship.svg" }, "geometry": { "type": "Point", "coordinates": [ 51.677794, 32.6735081 ] } },
{ "type": "Feature", "properties": { "osm_id": 5026434578, "name": "مسجد ارابه چی ها (جابر بن عبدالله انصاری)", "amenity": "place_of_worship", "shop": null, "tourism": null, "leisure": null, "highway": null, "railway": null, "public_transport": null, "category": "religion", "sub_category": "mosque", "category_label": "Religious Places", "sub_category_label": "Mosque", "color": "#78523e", "icon": "place-of-worship.svg" }, "geometry": { "type": "Point", "coordinates": [ 51.6776532, 32.6725596 ] } },
{ "type": "Feature", "properties": { "osm_id": 5026434579, "name": "مسجد الزهرا ابن سینا", "amenity": "place_of_worship", "shop": null, "tourism": null, "leisure": null, "highway": null, "railway": null, "public_transport": null, "category": "religion", "sub_category": "mosque", "category_label": "Religious Places", "sub_category_label": "Mosque", "color": "#78523e", "icon": "place-of-worship.svg" }, "geometry": { "type": "Point", "coordinates": [ 51.6795388, 32.673359 ] } },
{ "type": "Feature", "properties": { "osm_id": 5026434580, "name": "مسجد پاگلدسته", "amenity": "place_of_worship", "shop": null, "tourism": null, "leisure": null, "highway": null, "railway": null, "public_transport": null, "category": "religion", "sub_category": "mosque", "category_label": "Religious Places", "sub_category_label": "Mosque", "color": "#78523e", "icon": "place-of-worship.svg" }, "geometry": { "type": "Point", "coordinates": [ 51.6793344, 32.6744796 ] } },
{ "type": "Feature", "properties": { "osm_id": 5026434581, "name": "مسجد الرضا", "amenity": "place_of_worship", "shop": null, "tourism": null, "leisure": null, "highway": null, "railway": null, "public_transport": null, "category": "religion", "sub_category": "mosque", "category_label": "Religious Places", "sub_category_label": "Mosque", "color": "#78523e", "icon": "place-of-worship.svg" }, "geometry": { "type": "Point", "coordinates": [ 51.680484, 32.6746785 ] } },
{ "type": "Feature", "properties": { "osm_id": 5026434582, "name": "حسینیه ارساد", "amenity": "place_of_worship", "shop": null, "tourism": null, "leisure": null, "highway": null, "railway": null, "public_transport": null, "category": "religion", "sub_category": "mosque", "category_label": "Religious Places", "sub_category_label": "Mosque", "color": "#78523e", "icon": "place-of-worship.svg" }, "geometry": { "type": "Point", "coordinates": [ 51.6795025, 32.6758604 ] } },
{ "type": "Feature", "properties": { "osm_id": 5026434583, "name": "مسجد ایروانیها", "amenity": "place_of_worship", "shop": null, "tourism": null, "leisure": null, "highway": null, "railway": null, "public_transport": null, "category": "religion", "sub_category": "mosque", "category_label": "Religious Places", "sub_category_label": "Mosque", "color": "#78523e", "icon": "place-of-worship.svg" }, "geometry": { "type": "Point", "coordinates": [ 51.6777895, 32.6752981 ] } },
{ "type": "Feature", "properties": { "osm_id": 5026434584, "name": "مسجد ایروانی و طیب", "amenity": "place_of_worship", "shop": null, "tourism": null, "leisure": null, "highway": null, "railway": null, "public_transport": null, "category": "religion", "sub_category": "mosque", "category_label": "Religious Places", "sub_category_label": "Mosque", "color": "#78523e", "icon": "place-of-worship.svg" }, "geometry": { "type": "Point", "coordinates": [ 51.67898, 32.67674 ] } },
{ "type": "Feature", "properties": { "osm_id": 5026434586, "name": "بانک ملت", "amenity": "bank", "shop": null, "tourism": null, "leisure": null, "highway": null, "railway": null, "public_transport": null, "category": "finance", "sub_category": "bank", "category_label": "Banking & Finance", "sub_category_label": "Bank", "color": "#4e497c", "icon": "bank.svg" }, "geometry": { "type": "Point", "coordinates": [ 51.6805521, 32.6783732 ] } },
{ "type": "Feature", "properties": { "osm_id": 5026434591, "name": "بانک تجارت", "amenity": "bank", "shop": null, "tourism": null, "leisure": null, "highway": null, "railway": null, "public_transport": null, "category": "finance", "sub_category": "bank", "category_label": "Banking & Finance", "sub_category_label": "Bank", "color": "#4e497c", "icon": "bank.svg" }, "geometry": { "type": "Point", "coordinates": [ 51.6775895, 32.6790042 ] } },
{ "type": "Feature", "properties": { "osm_id": 5026434592, "name": "مسجد مسلم", "amenity": "place_of_worship", "shop": null, "tourism": null, "leisure": null, "highway": null, "railway": null, "public_transport": null, "category": "religion", "sub_category": "mosque", "category_label": "Religious Places", "sub_category_label": "Mosque", "color": "#78523e", "icon": "place-of-worship.svg" }, "geometry": { "type": "Point", "coordinates": [ 51.6786982, 32.6803734 ] } },
{ "type": "Feature", "properties": { "osm_id": 5026434593, "name": "بانک شهر", "amenity": "bank", "shop": null, "tourism": null, "leisure": null, "highway": null, "railway": null, "public_transport": null, "category": "finance", "sub_category": "bank", "category_label": "Banking & Finance", "sub_category_label": "Bank", "color": "#4e497c", "icon": "bank.svg" }, "geometry": { "type": "Point", "coordinates": [ 51.6739045, 32.6792146 ] } },
{ "type": "Feature", "properties": { "osm_id": 5026434594, "name": "مسجد الخمینی", "amenity": "place_of_worship", "shop": null, "tourism": null, "leisure": null, "highway": null, "railway": null, "public_transport": null, "category": "religion", "sub_category": "mosque", "category_label": "Religious Places", "sub_category_label": "Mosque", "color": "#78523e", "icon": "place-of-worship.svg" }, "geometry": { "type": "Point", "coordinates": [ 51.6744083, 32.6814044 ] } },
{ "type": "Feature", "properties": { "osm_id": 5026434603, "name": "بانک صادرات", "amenity": "bank", "shop": null, "tourism": null, "leisure": null, "highway": null, "railway": null, "public_transport": null, "category": "finance", "sub_category": "bank", "category_label": "Banking & Finance", "sub_category_label": "Bank", "color": "#4e497c", "icon": "bank.svg" }, "geometry": { "type": "Point", "coordinates": [ 51.6730207, 32.6888757 ] } },
{ "type": "Feature", "properties": { "osm_id": 5026434604, "name": "سرویس بهداشتی", "amenity": "toilets", "shop": null, "tourism": null, "leisure": null, "highway": null, "railway": null, "public_transport": null, "category": "public_service", "sub_category": "wc", "category_label": "Public Services", "sub_category_label": "Wc", "color": "#506aa0", "icon": "post.svg" }, "geometry": { "type": "Point", "coordinates": [ 51.6724573, 32.6886036 ] } },
{ "type": "Feature", "properties": { "osm_id": 5030351092, "name": null, "amenity": "recycling", "shop": null, "tourism": null, "leisure": null, "highway": null, "railway": null, "public_transport": null, "category": "public_service", "sub_category": "other", "category_label": "Public Services", "sub_category_label": "Other", "color": "#506aa0", "icon": "post.svg" }, "geometry": { "type": "Point", "coordinates": [ 51.6527016, 32.6628101 ] } },
{ "type": "Feature", "properties": { "osm_id": 5033540722, "name": "هتل اورگید", "amenity": null, "shop": null, "tourism": "hotel", "leisure": null, "highway": null, "railway": null, "public_transport": null, "category": "accommodation", "sub_category": "hotel", "category_label": "Accommodation", "sub_category_label": "Hotel", "color": "#78523e", "icon": "lodging.svg" }, "geometry": { "type": "Point", "coordinates": [ 51.669549, 32.6651666 ] } },
{ "type": "Feature", "properties": { "osm_id": 5044692121, "name": "بانک قرض الحسنه مهر ایران", "amenity": "bank", "shop": null, "tourism": null, "leisure": null, "highway": null, "railway": null, "public_transport": null, "category": "finance", "sub_category": "bank", "category_label": "Banking & Finance", "sub_category_label": "Bank", "color": "#4e497c", "icon": "bank.svg" }, "geometry": { "type": "Point", "coordinates": [ 51.6511973, 32.668986 ] } },
{ "type": "Feature", "properties": { "osm_id": 5053326687, "name": "آزمایشگاه المهدی", "amenity": null, "shop": null, "tourism": null, "leisure": null, "highway": null, "railway": null, "public_transport": null, "category": "other", "sub_category": "general", "category_label": "Other", "sub_category_label": "General", "color": "#999", "icon": "marker.svg" }, "geometry": { "type": "Point", "coordinates": [ 51.6671923, 32.6625976 ] } },
{ "type": "Feature", "properties": { "osm_id": 5056761323, "name": "دوربین کنترل سرعت", "amenity": null, "shop": null, "tourism": null, "leisure": null, "highway": "speed_camera", "railway": null, "public_transport": null, "category": "other", "sub_category": "general", "category_label": "Other", "sub_category_label": "General", "color": "#999", "icon": "marker.svg" }, "geometry": { "type": "Point", "coordinates": [ 51.6654898, 32.6905231 ] } },
{ "type": "Feature", "properties": { "osm_id": 5058144950, "name": "بازار روز کوثر ۷", "amenity": "marketplace", "shop": "yes", "tourism": null, "leisure": null, "highway": null, "railway": null, "public_transport": null, "category": "general_retail", "sub_category": "shopping_mall", "category_label": "General Retail", "sub_category_label": "Shopping Mall", "color": "#194aa4", "icon": "shop.svg" }, "geometry": { "type": "Point", "coordinates": [ 51.6509537, 32.6666303 ] } },
{ "type": "Feature", "properties": { "osm_id": 5058199712, "name": null, "amenity": "car_wash", "shop": null, "tourism": null, "leisure": null, "highway": null, "railway": null, "public_transport": null, "category": "automotive", "sub_category": "car_wash", "category_label": "Automotive Services", "sub_category_label": "Car Wash", "color": "#2ecc71", "icon": "car-repair.svg" }, "geometry": { "type": "Point", "coordinates": [ 51.6558027, 32.6659672 ] } },
{ "type": "Feature", "properties": { "osm_id": 5058208962, "name": "باشگاه تن پویان بانوان", "amenity": null, "shop": null, "tourism": null, "leisure": "pitch", "highway": null, "railway": null, "public_transport": null, "category": "other", "sub_category": "general", "category_label": "Other", "sub_category_label": "General", "color": "#999", "icon": "marker.svg" }, "geometry": { "type": "Point", "coordinates": [ 51.654654, 32.6663416 ] } },
{ "type": "Feature", "properties": { "osm_id": 5058210653, "name": null, "amenity": "pharmacy", "shop": null, "tourism": null, "leisure": null, "highway": null, "railway": null, "public_transport": null, "category": "pharmacy_optical", "sub_category": "pharmacy", "category_label": "Pharmacy & Optical", "sub_category_label": "Pharmacy", "color": "#d14a4a", "icon": "pharmacy.svg" }, "geometry": { "type": "Point", "coordinates": [ 51.6548313, 32.6667509 ] } },
{ "type": "Feature", "properties": { "osm_id": 5058210808, "name": "آجیل", "amenity": null, "shop": "nuts", "tourism": null, "leisure": null, "highway": null, "railway": null, "public_transport": null, "category": "food_retail", "sub_category": "nuts_store", "category_label": "Grocery & Food Retail", "sub_category_label": "Nuts Store", "color": "#b4612f", "icon": "grocery.svg" }, "geometry": { "type": "Point", "coordinates": [ 51.6548378, 32.6667945 ] } },
{ "type": "Feature", "properties": { "osm_id": 5058215527, "name": null, "amenity": "recycling", "shop": null, "tourism": null, "leisure": null, "highway": null, "railway": null, "public_transport": null, "category": "public_service", "sub_category": "other", "category_label": "Public Services", "sub_category_label": "Other", "color": "#506aa0", "icon": "post.svg" }, "geometry": { "type": "Point", "coordinates": [ 51.6567332, 32.6711796 ] } },
{ "type": "Feature", "properties": { "osm_id": 5058218042, "name": "بانک صادرات", "amenity": "bank", "shop": null, "tourism": null, "leisure": null, "highway": null, "railway": null, "public_transport": null, "category": "finance", "sub_category": "bank", "category_label": "Banking & Finance", "sub_category_label": "Bank", "color": "#4e497c", "icon": "bank.svg" }, "geometry": { "type": "Point", "coordinates": [ 51.6506177, 32.6766872 ] } },
{ "type": "Feature", "properties": { "osm_id": 5058220349, "name": null, "amenity": null, "shop": "supermarket", "tourism": null, "leisure": null, "highway": null, "railway": null, "public_transport": null, "category": "food_retail", "sub_category": "supermarket", "category_label": "Grocery & Food Retail", "sub_category_label": "Supermarket", "color": "#b4612f", "icon": "grocery.svg" }, "geometry": { "type": "Point", "coordinates": [ 51.6514537, 32.6782239 ] } },
{ "type": "Feature", "properties": { "osm_id": 5058227027, "name": "صدیقه طاهره", "amenity": null, "shop": null, "tourism": null, "leisure": null, "highway": null, "railway": null, "public_transport": null, "category": "other", "sub_category": "general", "category_label": "Other", "sub_category_label": "General", "color": "#999", "icon": "marker.svg" }, "geometry": { "type": "Point", "coordinates": [ 51.6476552, 32.6717237 ] } },
{ "type": "Feature", "properties": { "osm_id": 5058229246, "name": "غذای سنتی ایده‌آل", "amenity": "restaurant", "shop": null, "tourism": null, "leisure": null, "highway": null, "railway": null, "public_transport": null, "category": "food_service", "sub_category": "restaurant", "category_label": "Restaurants & Cafes", "sub_category_label": "Restaurant", "color": "#b4612f", "icon": "restaurant.svg" }, "geometry": { "type": "Point", "coordinates": [ 51.6437237, 32.6638759 ] } },
{ "type": "Feature", "properties": { "osm_id": 5060277657, "name": "دفتر آیت الله وحید خراسانی", "amenity": null, "shop": null, "tourism": null, "leisure": null, "highway": null, "railway": null, "public_transport": null, "category": "other", "sub_category": "general", "category_label": "Other", "sub_category_label": "General", "color": "#999", "icon": "marker.svg" }, "geometry": { "type": "Point", "coordinates": [ 51.6659303, 32.6673939 ] } },
{ "type": "Feature", "properties": { "osm_id": 5060281222, "name": null, "amenity": null, "shop": "supermarket", "tourism": null, "leisure": null, "highway": null, "railway": null, "public_transport": null, "category": "food_retail", "sub_category": "supermarket", "category_label": "Grocery & Food Retail", "sub_category_label": "Supermarket", "color": "#b4612f", "icon": "grocery.svg" }, "geometry": { "type": "Point", "coordinates": [ 51.666315, 32.6673772 ] } },
{ "type": "Feature", "properties": { "osm_id": 5060289166, "name": "مشاور املاک قائم", "amenity": null, "shop": "estate_agent", "tourism": null, "leisure": null, "highway": null, "railway": null, "public_transport": null, "category": "general_retail", "sub_category": "estate_agent", "category_label": "General Retail", "sub_category_label": "Estate Agent", "color": "#194aa4", "icon": "shop.svg" }, "geometry": { "type": "Point", "coordinates": [ 51.6662907, 32.6675686 ] } },
{ "type": "Feature", "properties": { "osm_id": 5060333658, "name": "سوپر چهارراه", "amenity": null, "shop": "supermarket", "tourism": null, "leisure": null, "highway": null, "railway": null, "public_transport": null, "category": "food_retail", "sub_category": "supermarket", "category_label": "Grocery & Food Retail", "sub_category_label": "Supermarket", "color": "#b4612f", "icon": "grocery.svg" }, "geometry": { "type": "Point", "coordinates": [ 51.6674846, 32.6704628 ] } },
{ "type": "Feature", "properties": { "osm_id": 5060362346, "name": "حسینیه امام صادق ع", "amenity": "place_of_worship", "shop": null, "tourism": null, "leisure": null, "highway": null, "railway": null, "public_transport": null, "category": "religion", "sub_category": "mosque", "category_label": "Religious Places", "sub_category_label": "Mosque", "color": "#78523e", "icon": "place-of-worship.svg" }, "geometry": { "type": "Point", "coordinates": [ 51.6667644, 32.669137 ] } },
{ "type": "Feature", "properties": { "osm_id": 5062655582, "name": "مجتمع تجاری محسن", "amenity": null, "shop": "mall", "tourism": null, "leisure": null, "highway": null, "railway": null, "public_transport": null, "category": "general_retail", "sub_category": "shopping_mall", "category_label": "General Retail", "sub_category_label": "Shopping Mall", "color": "#194aa4", "icon": "shop.svg" }, "geometry": { "type": "Point", "coordinates": [ 51.6780886, 32.6664937 ] } },
{ "type": "Feature", "properties": { "osm_id": 5062680232, "name": "بانک ملت", "amenity": "bank", "shop": null, "tourism": null, "leisure": null, "highway": null, "railway": null, "public_transport": null, "category": "finance", "sub_category": "bank", "category_label": "Banking & Finance", "sub_category_label": "Bank", "color": "#4e497c", "icon": "bank.svg" }, "geometry": { "type": "Point", "coordinates": [ 51.6941429, 32.6666231 ] } },
{ "type": "Feature", "properties": { "osm_id": 5062685395, "name": "بانک رفاه", "amenity": "bank", "shop": null, "tourism": null, "leisure": null, "highway": null, "railway": null, "public_transport": null, "category": "finance", "sub_category": "bank", "category_label": "Banking & Finance", "sub_category_label": "Bank", "color": "#4e497c", "icon": "bank.svg" }, "geometry": { "type": "Point", "coordinates": [ 51.6764507, 32.6662747 ] } },
{ "type": "Feature", "properties": { "osm_id": 5062685810, "name": "بانک ایران زمین", "amenity": "bank", "shop": null, "tourism": null, "leisure": null, "highway": null, "railway": null, "public_transport": null, "category": "finance", "sub_category": "bank", "category_label": "Banking & Finance", "sub_category_label": "Bank", "color": "#4e497c", "icon": "bank.svg" }, "geometry": { "type": "Point", "coordinates": [ 51.6747826, 32.6658938 ] } },
{ "type": "Feature", "properties": { "osm_id": 5071696372, "name": "نانوایی", "amenity": null, "shop": "bakery", "tourism": null, "leisure": null, "highway": null, "railway": null, "public_transport": null, "category": "food_retail", "sub_category": "bakery", "category_label": "Grocery & Food Retail", "sub_category_label": "Bakery", "color": "#b4612f", "icon": "grocery.svg" }, "geometry": { "type": "Point", "coordinates": [ 51.6559649, 32.6693934 ] } },
{ "type": "Feature", "properties": { "osm_id": 5072930731, "name": "هایپر مارکت ارگ", "amenity": null, "shop": "supermarket", "tourism": null, "leisure": null, "highway": null, "railway": null, "public_transport": null, "category": "food_retail", "sub_category": "supermarket", "category_label": "Grocery & Food Retail", "sub_category_label": "Supermarket", "color": "#b4612f", "icon": "grocery.svg" }, "geometry": { "type": "Point", "coordinates": [ 51.6639997, 32.6586339 ] } },
{ "type": "Feature", "properties": { "osm_id": 5072953526, "name": null, "amenity": "restaurant", "shop": null, "tourism": null, "leisure": null, "highway": null, "railway": null, "public_transport": null, "category": "food_service", "sub_category": "restaurant", "category_label": "Restaurants & Cafes", "sub_category_label": "Restaurant", "color": "#b4612f", "icon": "restaurant.svg" }, "geometry": { "type": "Point", "coordinates": [ 51.6437295, 32.6625511 ] } },
{ "type": "Feature", "properties": { "osm_id": 5074800497, "name": "خودپرداز شتاب", "amenity": "atm", "shop": null, "tourism": null, "leisure": null, "highway": null, "railway": null, "public_transport": null, "category": "finance", "sub_category": "atm", "category_label": "Banking & Finance", "sub_category_label": "Atm", "color": "#4e497c", "icon": "bank.svg" }, "geometry": { "type": "Point", "coordinates": [ 51.6625547, 32.6586237 ] } },
{ "type": "Feature", "properties": { "osm_id": 5074809922, "name": null, "amenity": null, "shop": null, "tourism": null, "leisure": null, "highway": "bus_stop", "railway": null, "public_transport": "platform", "category": "public_transport", "sub_category": "bus_stop", "category_label": "Public Transportation", "sub_category_label": "Bus Stop", "color": "#1787d4", "icon": "bus.svg" }, "geometry": { "type": "Point", "coordinates": [ 51.6894532, 32.6670652 ] } },
{ "type": "Feature", "properties": { "osm_id": 5079382525, "name": "پیک موتوری نقش جهان", "amenity": null, "shop": "motorcycle", "tourism": null, "leisure": null, "highway": null, "railway": null, "public_transport": null, "category": "automotive", "sub_category": "car_related_store", "category_label": "Automotive Services", "sub_category_label": "Car Related Store", "color": "#2ecc71", "icon": "car-repair.svg" }, "geometry": { "type": "Point", "coordinates": [ 51.66851, 32.6587455 ] } },
{ "type": "Feature", "properties": { "osm_id": 5079724943, "name": "داروخانه دکتر رفیعی‌نیا", "amenity": "pharmacy", "shop": null, "tourism": null, "leisure": null, "highway": null, "railway": null, "public_transport": null, "category": "pharmacy_optical", "sub_category": "pharmacy", "category_label": "Pharmacy & Optical", "sub_category_label": "Pharmacy", "color": "#d14a4a", "icon": "pharmacy.svg" }, "geometry": { "type": "Point", "coordinates": [ 51.665767, 32.6532032 ] } },
{ "type": "Feature", "properties": { "osm_id": 5079724944, "name": "پزشکی داتیس", "amenity": null, "shop": "medical_supply", "tourism": null, "leisure": null, "highway": null, "railway": null, "public_transport": null, "category": "general_retail", "sub_category": "medical_supply", "category_label": "General Retail", "sub_category_label": "Medical Supply", "color": "#194aa4", "icon": "shop.svg" }, "geometry": { "type": "Point", "coordinates": [ 51.6665279, 32.6564335 ] } },
{ "type": "Feature", "properties": { "osm_id": 5079736582, "name": "دفتر اسناد رسمی ۲۷۳", "amenity": null, "shop": null, "tourism": null, "leisure": null, "highway": null, "railway": null, "public_transport": null, "category": "other", "sub_category": "general", "category_label": "Other", "sub_category_label": "General", "color": "#999", "icon": "marker.svg" }, "geometry": { "type": "Point", "coordinates": [ 51.6660005, 32.6526201 ] } },
{ "type": "Feature", "properties": { "osm_id": 5079738652, "name": "بانک صادرات", "amenity": "bank", "shop": null, "tourism": null, "leisure": null, "highway": null, "railway": null, "public_transport": null, "category": "finance", "sub_category": "bank", "category_label": "Banking & Finance", "sub_category_label": "Bank", "color": "#4e497c", "icon": "bank.svg" }, "geometry": { "type": "Point", "coordinates": [ 51.6660473, 32.6528724 ] } },
{ "type": "Feature", "properties": { "osm_id": 5079738750, "name": "مرکز خرید قمرالدوله", "amenity": null, "shop": "mall", "tourism": null, "leisure": null, "highway": null, "railway": null, "public_transport": null, "category": "general_retail", "sub_category": "shopping_mall", "category_label": "General Retail", "sub_category_label": "Shopping Mall", "color": "#194aa4", "icon": "shop.svg" }, "geometry": { "type": "Point", "coordinates": [ 51.6660213, 32.652836 ] } },
{ "type": "Feature", "properties": { "osm_id": 5079738751, "name": "لوازم پزشکی ویسی", "amenity": null, "shop": "medical_supply", "tourism": null, "leisure": null, "highway": null, "railway": null, "public_transport": null, "category": "general_retail", "sub_category": "medical_supply", "category_label": "General Retail", "sub_category_label": "Medical Supply", "color": "#194aa4", "icon": "shop.svg" }, "geometry": { "type": "Point", "coordinates": [ 51.6657499, 32.653085 ] } },
{ "type": "Feature", "properties": { "osm_id": 5079738864, "name": "تجهیزات پزشکی پرشین", "amenity": null, "shop": "medical_supply", "tourism": null, "leisure": null, "highway": null, "railway": null, "public_transport": null, "category": "general_retail", "sub_category": "medical_supply", "category_label": "General Retail", "sub_category_label": "Medical Supply", "color": "#194aa4", "icon": "shop.svg" }, "geometry": { "type": "Point", "coordinates": [ 51.6659747, 32.6526371 ] } },
{ "type": "Feature", "properties": { "osm_id": 5079738865, "name": null, "amenity": "atm", "shop": null, "tourism": null, "leisure": null, "highway": null, "railway": null, "public_transport": null, "category": "finance", "sub_category": "atm", "category_label": "Banking & Finance", "sub_category_label": "Atm", "color": "#4e497c", "icon": "bank.svg" }, "geometry": { "type": "Point", "coordinates": [ 51.6660421, 32.6528473 ] } },
{ "type": "Feature", "properties": { "osm_id": 5079738867, "name": "تعمیر ساعت خوش", "amenity": null, "shop": "repair", "tourism": null, "leisure": null, "highway": null, "railway": null, "public_transport": null, "category": "general_retail", "sub_category": "repair", "category_label": "General Retail", "sub_category_label": "Repair", "color": "#194aa4", "icon": "shop.svg" }, "geometry": { "type": "Point", "coordinates": [ 51.6661931, 32.6538552 ] } },
{ "type": "Feature", "properties": { "osm_id": 5083179735, "name": "دفتر امام جمعه اصفهان", "amenity": null, "shop": null, "tourism": null, "leisure": null, "highway": null, "railway": null, "public_transport": null, "category": "other", "sub_category": "general", "category_label": "Other", "sub_category_label": "General", "color": "#999", "icon": "marker.svg" }, "geometry": { "type": "Point", "coordinates": [ 51.6840071, 32.6604692 ] } },
{ "type": "Feature", "properties": { "osm_id": 5085893423, "name": "رستوران سنتی باستانی", "amenity": "restaurant", "shop": null, "tourism": null, "leisure": null, "highway": null, "railway": null, "public_transport": null, "category": "food_service", "sub_category": "restaurant", "category_label": "Restaurants & Cafes", "sub_category_label": "Restaurant", "color": "#b4612f", "icon": "restaurant.svg" }, "geometry": { "type": "Point", "coordinates": [ 51.6789408, 32.6552857 ] } },
{ "type": "Feature", "properties": { "osm_id": 5088014504, "name": "فروشگاه اینترنتی دیجیک", "amenity": null, "shop": "outpost", "tourism": null, "leisure": null, "highway": null, "railway": null, "public_transport": null, "category": "general_retail", "sub_category": "outpost", "category_label": "General Retail", "sub_category_label": "Outpost", "color": "#194aa4", "icon": "shop.svg" }, "geometry": { "type": "Point", "coordinates": [ 51.6540257, 32.6581586 ] } },
{ "type": "Feature", "properties": { "osm_id": 5091387121, "name": "کافه اسپادانا", "amenity": "cafe", "shop": null, "tourism": null, "leisure": null, "highway": null, "railway": null, "public_transport": null, "category": "food_service", "sub_category": "cafe", "category_label": "Restaurants & Cafes", "sub_category_label": "Cafe", "color": "#b4612f", "icon": "restaurant.svg" }, "geometry": { "type": "Point", "coordinates": [ 51.6784864, 32.6579304 ] } },
{ "type": "Feature", "properties": { "osm_id": 5094488980, "name": "غربی", "amenity": null, "shop": null, "tourism": null, "leisure": null, "highway": null, "railway": "subway_entrance", "public_transport": null, "category": "public_transport", "sub_category": "subway_station", "category_label": "Public Transportation", "sub_category_label": "Subway Station", "color": "#1787d4", "icon": "bus.svg" }, "geometry": { "type": "Point", "coordinates": [ 51.6707887, 32.6715335 ] } },
{ "type": "Feature", "properties": { "osm_id": 5097130553, "name": "بانک انصار", "amenity": "bank", "shop": null, "tourism": null, "leisure": null, "highway": null, "railway": null, "public_transport": null, "category": "finance", "sub_category": "bank", "category_label": "Banking & Finance", "sub_category_label": "Bank", "color": "#4e497c", "icon": "bank.svg" }, "geometry": { "type": "Point", "coordinates": [ 51.6710338, 32.6690413 ] } },
{ "type": "Feature", "properties": { "osm_id": 5110353621, "name": "مسجد قاسم", "amenity": "place_of_worship", "shop": null, "tourism": null, "leisure": null, "highway": null, "railway": null, "public_transport": null, "category": "religion", "sub_category": "mosque", "category_label": "Religious Places", "sub_category_label": "Mosque", "color": "#78523e", "icon": "place-of-worship.svg" }, "geometry": { "type": "Point", "coordinates": [ 51.6866162, 32.6729775 ] } },
{ "type": "Feature", "properties": { "osm_id": 5118904222, "name": "بانک تجارت", "amenity": "bank", "shop": null, "tourism": null, "leisure": null, "highway": null, "railway": null, "public_transport": null, "category": "finance", "sub_category": "bank", "category_label": "Banking & Finance", "sub_category_label": "Bank", "color": "#4e497c", "icon": "bank.svg" }, "geometry": { "type": "Point", "coordinates": [ 51.6540312, 32.6661369 ] } },
{ "type": "Feature", "properties": { "osm_id": 5118976621, "name": "بانک ملی", "amenity": "bank", "shop": null, "tourism": null, "leisure": null, "highway": null, "railway": null, "public_transport": null, "category": "finance", "sub_category": "bank", "category_label": "Banking & Finance", "sub_category_label": "Bank", "color": "#4e497c", "icon": "bank.svg" }, "geometry": { "type": "Point", "coordinates": [ 51.6596233, 32.6656004 ] } },
{ "type": "Feature", "properties": { "osm_id": 5122423953, "name": "داندان پزشکی حضرت مهدی عج", "amenity": "dentist", "shop": null, "tourism": null, "leisure": null, "highway": null, "railway": null, "public_transport": null, "category": "medical_care", "sub_category": "dentist", "category_label": "Medical Care", "sub_category_label": "Dentist", "color": "#d14a4a", "icon": "doctor.svg" }, "geometry": { "type": "Point", "coordinates": [ 51.6415637, 32.6558121 ] } },
{ "type": "Feature", "properties": { "osm_id": 5122423954, "name": "قندوشکر شیرین کام", "amenity": null, "shop": "greengrocer", "tourism": null, "leisure": null, "highway": null, "railway": null, "public_transport": null, "category": "food_retail", "sub_category": "greengrocer", "category_label": "Grocery & Food Retail", "sub_category_label": "Greengrocer", "color": "#b4612f", "icon": "grocery.svg" }, "geometry": { "type": "Point", "coordinates": [ 51.6419962, 32.6562398 ] } },
{ "type": "Feature", "properties": { "osm_id": 5122423958, "name": "فروشگاه آزادی", "amenity": null, "shop": "supermarket", "tourism": null, "leisure": null, "highway": null, "railway": null, "public_transport": null, "category": "food_retail", "sub_category": "supermarket", "category_label": "Grocery & Food Retail", "sub_category_label": "Supermarket", "color": "#b4612f", "icon": "grocery.svg" }, "geometry": { "type": "Point", "coordinates": [ 51.6417891, 32.6559869 ] } },
{ "type": "Feature", "properties": { "osm_id": 5122423959, "name": "میوه فروش صادف پور اندوخت", "amenity": null, "shop": "greengrocer", "tourism": null, "leisure": null, "highway": null, "railway": null, "public_transport": null, "category": "food_retail", "sub_category": "greengrocer", "category_label": "Grocery & Food Retail", "sub_category_label": "Greengrocer", "color": "#b4612f", "icon": "grocery.svg" }, "geometry": { "type": "Point", "coordinates": [ 51.6414003, 32.6540174 ] } },
{ "type": "Feature", "properties": { "osm_id": 5122423985, "name": "آشپزخانه طلایی", "amenity": "restaurant", "shop": null, "tourism": null, "leisure": null, "highway": null, "railway": null, "public_transport": null, "category": "food_service", "sub_category": "restaurant", "category_label": "Restaurants & Cafes", "sub_category_label": "Restaurant", "color": "#b4612f", "icon": "restaurant.svg" }, "geometry": { "type": "Point", "coordinates": [ 51.648047, 32.6721535 ] } },
{ "type": "Feature", "properties": { "osm_id": 5122431732, "name": "فروشگاه اخوان طاهری", "amenity": null, "shop": "supermarket", "tourism": null, "leisure": null, "highway": null, "railway": null, "public_transport": null, "category": "food_retail", "sub_category": "supermarket", "category_label": "Grocery & Food Retail", "sub_category_label": "Supermarket", "color": "#b4612f", "icon": "grocery.svg" }, "geometry": { "type": "Point", "coordinates": [ 51.6418981, 32.655553 ] } },
{ "type": "Feature", "properties": { "osm_id": 5122431733, "name": "میوه فروشی صالحی. غرفه۹", "amenity": null, "shop": "greengrocer", "tourism": null, "leisure": null, "highway": null, "railway": null, "public_transport": null, "category": "food_retail", "sub_category": "greengrocer", "category_label": "Grocery & Food Retail", "sub_category_label": "Greengrocer", "color": "#b4612f", "icon": "grocery.svg" }, "geometry": { "type": "Point", "coordinates": [ 51.6413077, 32.6543373 ] } },
{ "type": "Feature", "properties": { "osm_id": 5122431742, "name": "امانت فروشی شفیعیون", "amenity": null, "shop": "second_hand", "tourism": null, "leisure": null, "highway": null, "railway": null, "public_transport": null, "category": "general_retail", "sub_category": "second_hand", "category_label": "General Retail", "sub_category_label": "Second Hand", "color": "#194aa4", "icon": "shop.svg" }, "geometry": { "type": "Point", "coordinates": [ 51.6415833, 32.6542863 ] } },
{ "type": "Feature", "properties": { "osm_id": 5122437944, "name": "داروخانه دکتر احمدی", "amenity": "pharmacy", "shop": null, "tourism": null, "leisure": null, "highway": null, "railway": null, "public_transport": null, "category": "pharmacy_optical", "sub_category": "pharmacy", "category_label": "Pharmacy & Optical", "sub_category_label": "Pharmacy", "color": "#d14a4a", "icon": "pharmacy.svg" }, "geometry": { "type": "Point", "coordinates": [ 51.6427529, 32.6561028 ] } },
{ "type": "Feature", "properties": { "osm_id": 5122438033, "name": "برق کهندژ", "amenity": null, "shop": "hardware", "tourism": null, "leisure": null, "highway": null, "railway": null, "public_transport": null, "category": "general_retail", "sub_category": "hardware_store", "category_label": "General Retail", "sub_category_label": "Hardware Store", "color": "#194aa4", "icon": "shop.svg" }, "geometry": { "type": "Point", "coordinates": [ 51.6426408, 32.6636061 ] } },
{ "type": "Feature", "properties": { "osm_id": 5122438050, "name": "سپاهان.(جایگاه تصادفات. نوری)", "amenity": null, "shop": "car_repair", "tourism": null, "leisure": null, "highway": null, "railway": null, "public_transport": null, "category": "automotive", "sub_category": "car_repair", "category_label": "Automotive Services", "sub_category_label": "Car Repair", "color": "#2ecc71", "icon": "car-repair.svg" }, "geometry": { "type": "Point", "coordinates": [ 51.6405535, 32.6634951 ] } },
{ "type": "Feature", "properties": { "osm_id": 5122438081, "name": "میوه فروشی دنیا غرفه۱۲ یحیی زیلابی", "amenity": null, "shop": "greengrocer", "tourism": null, "leisure": null, "highway": null, "railway": null, "public_transport": null, "category": "food_retail", "sub_category": "greengrocer", "category_label": "Grocery & Food Retail", "sub_category_label": "Greengrocer", "color": "#b4612f", "icon": "grocery.svg" }, "geometry": { "type": "Point", "coordinates": [ 51.641567, 32.6541867 ] } },
{ "type": "Feature", "properties": { "osm_id": 5122438082, "name": "میوه سرای ایمان. الله رحم سبزواری غرفه۶", "amenity": null, "shop": "greengrocer", "tourism": null, "leisure": null, "highway": null, "railway": null, "public_transport": null, "category": "food_retail", "sub_category": "greengrocer", "category_label": "Grocery & Food Retail", "sub_category_label": "Greengrocer", "color": "#b4612f", "icon": "grocery.svg" }, "geometry": { "type": "Point", "coordinates": [ 51.641415, 32.6543279 ] } },
{ "type": "Feature", "properties": { "osm_id": 5122438086, "name": "شرکت خدماتی طاهره صالحی", "amenity": null, "shop": null, "tourism": null, "leisure": null, "highway": null, "railway": null, "public_transport": null, "category": "other", "sub_category": "general", "category_label": "Other", "sub_category_label": "General", "color": "#999", "icon": "marker.svg" }, "geometry": { "type": "Point", "coordinates": [ 51.6412259, 32.6705953 ] } },
{ "type": "Feature", "properties": { "osm_id": 5122438094, "name": "اجیل و خشکبار پارس", "amenity": null, "shop": "nuts", "tourism": null, "leisure": null, "highway": null, "railway": null, "public_transport": null, "category": "food_retail", "sub_category": "nuts_store", "category_label": "Grocery & Food Retail", "sub_category_label": "Nuts Store", "color": "#b4612f", "icon": "grocery.svg" }, "geometry": { "type": "Point", "coordinates": [ 51.6416215, 32.6552541 ] } },
{ "type": "Feature", "properties": { "osm_id": 5124175323, "name": "میوه فروشی", "amenity": null, "shop": "greengrocer", "tourism": null, "leisure": null, "highway": null, "railway": null, "public_transport": null, "category": "food_retail", "sub_category": "greengrocer", "category_label": "Grocery & Food Retail", "sub_category_label": "Greengrocer", "color": "#b4612f", "icon": "grocery.svg" }, "geometry": { "type": "Point", "coordinates": [ 51.6820689, 32.6785584 ] } },
{ "type": "Feature", "properties": { "osm_id": 5124175324, "name": "سوپر مواد غذایی قائم", "amenity": null, "shop": "supermarket", "tourism": null, "leisure": null, "highway": null, "railway": null, "public_transport": null, "category": "food_retail", "sub_category": "supermarket", "category_label": "Grocery & Food Retail", "sub_category_label": "Supermarket", "color": "#b4612f", "icon": "grocery.svg" }, "geometry": { "type": "Point", "coordinates": [ 51.682128, 32.6785575 ] } },
{ "type": "Feature", "properties": { "osm_id": 5124185421, "name": "داروخانه دکتر زارعی", "amenity": "pharmacy", "shop": null, "tourism": null, "leisure": null, "highway": null, "railway": null, "public_transport": null, "category": "pharmacy_optical", "sub_category": "pharmacy", "category_label": "Pharmacy & Optical", "sub_category_label": "Pharmacy", "color": "#d14a4a", "icon": "pharmacy.svg" }, "geometry": { "type": "Point", "coordinates": [ 51.6817302, 32.6783248 ] } },
{ "type": "Feature", "properties": { "osm_id": 5126832704, "name": null, "amenity": null, "shop": null, "tourism": null, "leisure": null, "highway": "turning_circle", "railway": null, "public_transport": null, "category": "other", "sub_category": "general", "category_label": "Other", "sub_category_label": "General", "color": "#999", "icon": "marker.svg" }, "geometry": { "type": "Point", "coordinates": [ 51.6741065, 32.6853581 ] } },
{ "type": "Feature", "properties": { "osm_id": 5136663021, "name": "خانه بخردی", "amenity": null, "shop": null, "tourism": "guest_house", "leisure": null, "highway": null, "railway": null, "public_transport": null, "category": "accommodation", "sub_category": "lodging", "category_label": "Accommodation", "sub_category_label": "Lodging", "color": "#78523e", "icon": "lodging.svg" }, "geometry": { "type": "Point", "coordinates": [ 51.6749038, 32.6680681 ] } },
{ "type": "Feature", "properties": { "osm_id": 5140986873, "name": "هایپر توت فرنگی", "amenity": null, "shop": "supermarket", "tourism": null, "leisure": null, "highway": null, "railway": null, "public_transport": null, "category": "food_retail", "sub_category": "supermarket", "category_label": "Grocery & Food Retail", "sub_category_label": "Supermarket", "color": "#b4612f", "icon": "grocery.svg" }, "geometry": { "type": "Point", "coordinates": [ 51.6616435, 32.661959 ] } },
{ "type": "Feature", "properties": { "osm_id": 5141522247, "name": null, "amenity": "fountain", "shop": null, "tourism": null, "leisure": null, "highway": null, "railway": null, "public_transport": null, "category": "other", "sub_category": "fountain", "category_label": "Other", "sub_category_label": "Fountain", "color": "#999", "icon": "marker.svg" }, "geometry": { "type": "Point", "coordinates": [ 51.6775822, 32.6572694 ] } },
{ "type": "Feature", "properties": { "osm_id": 5161083951, "name": "لوازم التحریر شهریار", "amenity": null, "shop": "stationery", "tourism": null, "leisure": null, "highway": null, "railway": null, "public_transport": null, "category": "general_retail", "sub_category": "stationery", "category_label": "General Retail", "sub_category_label": "Stationery", "color": "#194aa4", "icon": "shop.svg" }, "geometry": { "type": "Point", "coordinates": [ 51.6756876, 32.6532458 ] } },
{ "type": "Feature", "properties": { "osm_id": 5161576018, "name": "ایستگاه مترو شهید باهنر", "amenity": null, "shop": null, "tourism": null, "leisure": null, "highway": null, "railway": "station", "public_transport": "station", "category": "public_transport", "sub_category": "train_station", "category_label": "Public Transportation", "sub_category_label": "Train Station", "color": "#1787d4", "icon": "bus.svg" }, "geometry": { "type": "Point", "coordinates": [ 51.6721977, 32.679601 ] } },
{ "type": "Feature", "properties": { "osm_id": 5161576020, "name": "ایستگاه مترو شهید چمران", "amenity": null, "shop": null, "tourism": null, "leisure": null, "highway": null, "railway": "station", "public_transport": "station", "category": "public_transport", "sub_category": "train_station", "category_label": "Public Transportation", "sub_category_label": "Train Station", "color": "#1787d4", "icon": "bus.svg" }, "geometry": { "type": "Point", "coordinates": [ 51.6732146, 32.687444 ] } },
{ "type": "Feature", "properties": { "osm_id": 5162679627, "name": "ایستگاه مترو شهدا", "amenity": null, "shop": null, "tourism": null, "leisure": null, "highway": null, "railway": "station", "public_transport": "station", "category": "public_transport", "sub_category": "train_station", "category_label": "Public Transportation", "sub_category_label": "Train Station", "color": "#1787d4", "icon": "bus.svg" }, "geometry": { "type": "Point", "coordinates": [ 51.6712572, 32.671975 ] } },
{ "type": "Feature", "properties": { "osm_id": 5162679628, "name": "ایستگاه مترو تختی", "amenity": null, "shop": null, "tourism": null, "leisure": null, "highway": null, "railway": "station", "public_transport": "station", "category": "public_transport", "sub_category": "train_station", "category_label": "Public Transportation", "sub_category_label": "Train Station", "color": "#1787d4", "icon": "bus.svg" }, "geometry": { "type": "Point", "coordinates": [ 51.6701484, 32.6643927 ] } },
{ "type": "Feature", "properties": { "osm_id": 5162679629, "name": "ایستگاه مترو امام حسین", "amenity": null, "shop": null, "tourism": null, "leisure": null, "highway": null, "railway": "station", "public_transport": "station", "category": "public_transport", "sub_category": "train_station", "category_label": "Public Transportation", "sub_category_label": "Train Station", "color": "#1787d4", "icon": "bus.svg" }, "geometry": { "type": "Point", "coordinates": [ 51.6693574, 32.6581181 ] } },
{ "type": "Feature", "properties": { "osm_id": 5163163321, "name": "کنیسه ملا نیسان‭", "amenity": "place_of_worship", "shop": null, "tourism": null, "leisure": null, "highway": null, "railway": null, "public_transport": null, "category": "religion", "sub_category": "mosque", "category_label": "Religious Places", "sub_category_label": "Mosque", "color": "#78523e", "icon": "place-of-worship.svg" }, "geometry": { "type": "Point", "coordinates": [ 51.6881834, 32.6698665 ] } },
{ "type": "Feature", "properties": { "osm_id": 5167031322, "name": "دفتر ویژه", "amenity": null, "shop": null, "tourism": null, "leisure": null, "highway": null, "railway": null, "public_transport": null, "category": "other", "sub_category": "general", "category_label": "Other", "sub_category_label": "General", "color": "#999", "icon": "marker.svg" }, "geometry": { "type": "Point", "coordinates": [ 51.6670717, 32.656555 ] } },
{ "type": "Feature", "properties": { "osm_id": 5167528321, "name": "گلستان", "amenity": null, "shop": null, "tourism": null, "leisure": null, "highway": "bus_stop", "railway": null, "public_transport": "platform", "category": "public_transport", "sub_category": "bus_stop", "category_label": "Public Transportation", "sub_category_label": "Bus Stop", "color": "#1787d4", "icon": "bus.svg" }, "geometry": { "type": "Point", "coordinates": [ 51.6625197, 32.6657388 ] } },
{ "type": "Feature", "properties": { "osm_id": 5168583122, "name": "فلافل شاپ", "amenity": "restaurant", "shop": null, "tourism": null, "leisure": null, "highway": null, "railway": null, "public_transport": null, "category": "food_service", "sub_category": "restaurant", "category_label": "Restaurants & Cafes", "sub_category_label": "Restaurant", "color": "#b4612f", "icon": "restaurant.svg" }, "geometry": { "type": "Point", "coordinates": [ 51.6698877, 32.6637812 ] } },
{ "type": "Feature", "properties": { "osm_id": 5171554221, "name": "هستل امیرکبیر", "amenity": null, "shop": null, "tourism": "hostel", "leisure": null, "highway": null, "railway": null, "public_transport": null, "category": "accommodation", "sub_category": "hostel", "category_label": "Accommodation", "sub_category_label": "Hostel", "color": "#78523e", "icon": "lodging.svg" }, "geometry": { "type": "Point", "coordinates": [ 51.6698774, 32.6638965 ] } },
{ "type": "Feature", "properties": { "osm_id": 5173684985, "name": "داروخانه جالینوس", "amenity": "pharmacy", "shop": null, "tourism": null, "leisure": null, "highway": null, "railway": null, "public_transport": null, "category": "pharmacy_optical", "sub_category": "pharmacy", "category_label": "Pharmacy & Optical", "sub_category_label": "Pharmacy", "color": "#d14a4a", "icon": "pharmacy.svg" }, "geometry": { "type": "Point", "coordinates": [ 51.6876974, 32.6778147 ] } },
{ "type": "Feature", "properties": { "osm_id": 5183286621, "name": "بانک رفاه", "amenity": "bank", "shop": null, "tourism": null, "leisure": null, "highway": null, "railway": null, "public_transport": null, "category": "finance", "sub_category": "bank", "category_label": "Banking & Finance", "sub_category_label": "Bank", "color": "#4e497c", "icon": "bank.svg" }, "geometry": { "type": "Point", "coordinates": [ 51.6583132, 32.6659964 ] } },
{ "type": "Feature", "properties": { "osm_id": 5185444120, "name": "بانک صادرات", "amenity": "bank", "shop": null, "tourism": null, "leisure": null, "highway": null, "railway": null, "public_transport": null, "category": "finance", "sub_category": "bank", "category_label": "Banking & Finance", "sub_category_label": "Bank", "color": "#4e497c", "icon": "bank.svg" }, "geometry": { "type": "Point", "coordinates": [ 51.6765885, 32.6600946 ] } },
{ "type": "Feature", "properties": { "osm_id": 5185446421, "name": "بانک شهر", "amenity": "bank", "shop": null, "tourism": null, "leisure": null, "highway": null, "railway": null, "public_transport": null, "category": "finance", "sub_category": "bank", "category_label": "Banking & Finance", "sub_category_label": "Bank", "color": "#4e497c", "icon": "bank.svg" }, "geometry": { "type": "Point", "coordinates": [ 51.673958, 32.660039 ] } },
{ "type": "Feature", "properties": { "osm_id": 5185446422, "name": "بانک صادرات", "amenity": "bank", "shop": null, "tourism": null, "leisure": null, "highway": null, "railway": null, "public_transport": null, "category": "finance", "sub_category": "bank", "category_label": "Banking & Finance", "sub_category_label": "Bank", "color": "#4e497c", "icon": "bank.svg" }, "geometry": { "type": "Point", "coordinates": [ 51.6739124, 32.6602423 ] } },
{ "type": "Feature", "properties": { "osm_id": 5188637987, "name": "رستوران کوثر", "amenity": "restaurant", "shop": null, "tourism": null, "leisure": null, "highway": null, "railway": null, "public_transport": null, "category": "food_service", "sub_category": "restaurant", "category_label": "Restaurants & Cafes", "sub_category_label": "Restaurant", "color": "#b4612f", "icon": "restaurant.svg" }, "geometry": { "type": "Point", "coordinates": [ 51.6814339, 32.6596577 ] } },
{ "type": "Feature", "properties": { "osm_id": 5188637988, "name": "رستوران فودکورت", "amenity": "restaurant", "shop": null, "tourism": null, "leisure": null, "highway": null, "railway": null, "public_transport": null, "category": "food_service", "sub_category": "restaurant", "category_label": "Restaurants & Cafes", "sub_category_label": "Restaurant", "color": "#b4612f", "icon": "restaurant.svg" }, "geometry": { "type": "Point", "coordinates": [ 51.6811952, 32.6602855 ] } },
{ "type": "Feature", "properties": { "osm_id": 5188637989, "name": "نمایندگی 708 لوکانو -دیانت دار", "amenity": null, "shop": "car", "tourism": null, "leisure": null, "highway": null, "railway": null, "public_transport": null, "category": "automotive", "sub_category": "car_related_store", "category_label": "Automotive Services", "sub_category_label": "Car Related Store", "color": "#2ecc71", "icon": "car-repair.svg" }, "geometry": { "type": "Point", "coordinates": [ 51.680994, 32.6595606 ] } },
{ "type": "Feature", "properties": { "osm_id": 5188637990, "name": "مسجد حافظ", "amenity": "place_of_worship", "shop": null, "tourism": null, "leisure": null, "highway": null, "railway": null, "public_transport": null, "category": "religion", "sub_category": "mosque", "category_label": "Religious Places", "sub_category_label": "Mosque", "color": "#78523e", "icon": "place-of-worship.svg" }, "geometry": { "type": "Point", "coordinates": [ 51.6794866, 32.6592738 ] } },
{ "type": "Feature", "properties": { "osm_id": 5188637991, "name": "بانک تجارت", "amenity": "bank", "shop": null, "tourism": null, "leisure": null, "highway": null, "railway": null, "public_transport": null, "category": "finance", "sub_category": "bank", "category_label": "Banking & Finance", "sub_category_label": "Bank", "color": "#4e497c", "icon": "bank.svg" }, "geometry": { "type": "Point", "coordinates": [ 51.6781858, 32.6593235 ] } },
{ "type": "Feature", "properties": { "osm_id": 5188650048, "name": "بازار", "amenity": "marketplace", "shop": null, "tourism": null, "leisure": null, "highway": null, "railway": null, "public_transport": null, "category": "general_retail", "sub_category": "shopping_mall", "category_label": "General Retail", "sub_category_label": "Shopping Mall", "color": "#194aa4", "icon": "shop.svg" }, "geometry": { "type": "Point", "coordinates": [ 51.678981, 32.6600442 ] } },
{ "type": "Feature", "properties": { "osm_id": 5188651606, "name": "بانک سپه", "amenity": "bank", "shop": null, "tourism": null, "leisure": null, "highway": null, "railway": null, "public_transport": null, "category": "finance", "sub_category": "bank", "category_label": "Banking & Finance", "sub_category_label": "Bank", "color": "#4e497c", "icon": "bank.svg" }, "geometry": { "type": "Point", "coordinates": [ 51.6834383, 32.6563824 ] } },
{ "type": "Feature", "properties": { "osm_id": 5188651607, "name": "بانک تجارت", "amenity": "bank", "shop": null, "tourism": null, "leisure": null, "highway": null, "railway": null, "public_transport": null, "category": "finance", "sub_category": "bank", "category_label": "Banking & Finance", "sub_category_label": "Bank", "color": "#4e497c", "icon": "bank.svg" }, "geometry": { "type": "Point", "coordinates": [ 51.6826431, 32.652711 ] } },
{ "type": "Feature", "properties": { "osm_id": 5188681549, "name": "کفش فروشی شاهین", "amenity": null, "shop": "shoes", "tourism": null, "leisure": null, "highway": null, "railway": null, "public_transport": null, "category": "fashion", "sub_category": "shoe", "category_label": "Fashion & Clothing", "sub_category_label": "Shoe", "color": "#194aa4", "icon": "clothing-store.svg" }, "geometry": { "type": "Point", "coordinates": [ 51.673185, 32.6589298 ] } },
{ "type": "Feature", "properties": { "osm_id": 5188681550, "name": "پاساژ عمادالملک", "amenity": null, "shop": "department_store", "tourism": null, "leisure": null, "highway": null, "railway": null, "public_transport": null, "category": "general_retail", "sub_category": "department_store", "category_label": "General Retail", "sub_category_label": "Department Store", "color": "#194aa4", "icon": "shop.svg" }, "geometry": { "type": "Point", "coordinates": [ 51.6717527, 32.6586995 ] } },
{ "type": "Feature", "properties": { "osm_id": 5188681551, "name": "بانک رفاه", "amenity": "bank", "shop": null, "tourism": null, "leisure": null, "highway": null, "railway": null, "public_transport": null, "category": "finance", "sub_category": "bank", "category_label": "Banking & Finance", "sub_category_label": "Bank", "color": "#4e497c", "icon": "bank.svg" }, "geometry": { "type": "Point", "coordinates": [ 51.6713263, 32.6586047 ] } },
{ "type": "Feature", "properties": { "osm_id": 5188681552, "name": "مجتمع چهل‌ستون", "amenity": null, "shop": "department_store", "tourism": null, "leisure": null, "highway": null, "railway": null, "public_transport": null, "category": "general_retail", "sub_category": "department_store", "category_label": "General Retail", "sub_category_label": "Department Store", "color": "#194aa4", "icon": "shop.svg" }, "geometry": { "type": "Point", "coordinates": [ 51.6710044, 32.6585279 ] } },
{ "type": "Feature", "properties": { "osm_id": 5188683865, "name": "سفره خانه سنتی باباحسن", "amenity": "restaurant", "shop": null, "tourism": null, "leisure": null, "highway": null, "railway": null, "public_transport": null, "category": "food_service", "sub_category": "restaurant", "category_label": "Restaurants & Cafes", "sub_category_label": "Restaurant", "color": "#b4612f", "icon": "restaurant.svg" }, "geometry": { "type": "Point", "coordinates": [ 51.6744533, 32.6612878 ] } },
{ "type": "Feature", "properties": { "osm_id": 5189097600, "name": null, "amenity": "parking", "shop": null, "tourism": null, "leisure": null, "highway": null, "railway": null, "public_transport": null, "category": "parking_road_facility", "sub_category": "parking", "category_label": "Parking & Road Facilities", "sub_category_label": "Parking", "color": "#78523e", "icon": "parking.svg" }, "geometry": { "type": "Point", "coordinates": [ 51.6514145, 32.6683987 ] } },
{ "type": "Feature", "properties": { "osm_id": 5211050038, "name": "هایپر هایس", "amenity": null, "shop": "supermarket", "tourism": null, "leisure": null, "highway": null, "railway": null, "public_transport": null, "category": "food_retail", "sub_category": "supermarket", "category_label": "Grocery & Food Retail", "sub_category_label": "Supermarket", "color": "#b4612f", "icon": "grocery.svg" }, "geometry": { "type": "Point", "coordinates": [ 51.6790284, 32.6803692 ] } },
{ "type": "Feature", "properties": { "osm_id": 5214924021, "name": "داروخانه بهار", "amenity": "pharmacy", "shop": null, "tourism": null, "leisure": null, "highway": null, "railway": null, "public_transport": null, "category": "pharmacy_optical", "sub_category": "pharmacy", "category_label": "Pharmacy & Optical", "sub_category_label": "Pharmacy", "color": "#d14a4a", "icon": "pharmacy.svg" }, "geometry": { "type": "Point", "coordinates": [ 51.6612832, 32.6732151 ] } },
{ "type": "Feature", "properties": { "osm_id": 5215956829, "name": null, "amenity": "atm", "shop": null, "tourism": null, "leisure": null, "highway": null, "railway": null, "public_transport": null, "category": "finance", "sub_category": "atm", "category_label": "Banking & Finance", "sub_category_label": "Atm", "color": "#4e497c", "icon": "bank.svg" }, "geometry": { "type": "Point", "coordinates": [ 51.6580746, 32.6544705 ] } },
{ "type": "Feature", "properties": { "osm_id": 5215956830, "name": "دکتر مهشید انصاری زنان و زایمان", "amenity": "doctors", "shop": null, "tourism": null, "leisure": null, "highway": null, "railway": null, "public_transport": null, "category": "medical_care", "sub_category": "doctor", "category_label": "Medical Care", "sub_category_label": "Doctor", "color": "#d14a4a", "icon": "doctor.svg" }, "geometry": { "type": "Point", "coordinates": [ 51.6581975, 32.655019 ] } },
{ "type": "Feature", "properties": { "osm_id": 5215956831, "name": null, "amenity": "atm", "shop": null, "tourism": null, "leisure": null, "highway": null, "railway": null, "public_transport": null, "category": "finance", "sub_category": "atm", "category_label": "Banking & Finance", "sub_category_label": "Atm", "color": "#4e497c", "icon": "bank.svg" }, "geometry": { "type": "Point", "coordinates": [ 51.6597862, 32.6541343 ] } },
{ "type": "Feature", "properties": { "osm_id": 5220309081, "name": null, "amenity": "parking_entrance", "shop": null, "tourism": null, "leisure": null, "highway": null, "railway": null, "public_transport": null, "category": "parking_road_facility", "sub_category": "entrance", "category_label": "Parking & Road Facilities", "sub_category_label": "Entrance", "color": "#78523e", "icon": "parking.svg" }, "geometry": { "type": "Point", "coordinates": [ 51.6738064, 32.6604803 ] } },
{ "type": "Feature", "properties": { "osm_id": 5224608766, "name": "سوپر گوشت یاس", "amenity": null, "shop": "butcher", "tourism": null, "leisure": null, "highway": null, "railway": null, "public_transport": null, "category": "food_retail", "sub_category": "butcher_shop", "category_label": "Grocery & Food Retail", "sub_category_label": "Butcher Shop", "color": "#b4612f", "icon": "grocery.svg" }, "geometry": { "type": "Point", "coordinates": [ 51.650549, 32.673171 ] } },
{ "type": "Feature", "properties": { "osm_id": 5224608768, "name": "سوپر گوشت دهکده", "amenity": null, "shop": "butcher", "tourism": null, "leisure": null, "highway": null, "railway": null, "public_transport": null, "category": "food_retail", "sub_category": "butcher_shop", "category_label": "Grocery & Food Retail", "sub_category_label": "Butcher Shop", "color": "#b4612f", "icon": "grocery.svg" }, "geometry": { "type": "Point", "coordinates": [ 51.654781, 32.654803 ] } },
{ "type": "Feature", "properties": { "osm_id": 5224608775, "name": "گوشت سلطانی", "amenity": null, "shop": "butcher", "tourism": null, "leisure": null, "highway": null, "railway": null, "public_transport": null, "category": "food_retail", "sub_category": "butcher_shop", "category_label": "Grocery & Food Retail", "sub_category_label": "Butcher Shop", "color": "#b4612f", "icon": "grocery.svg" }, "geometry": { "type": "Point", "coordinates": [ 51.641848, 32.672767 ] } },
{ "type": "Feature", "properties": { "osm_id": 5224608798, "name": "سوپر گوشت شایان", "amenity": null, "shop": "butcher", "tourism": null, "leisure": null, "highway": null, "railway": null, "public_transport": null, "category": "food_retail", "sub_category": "butcher_shop", "category_label": "Grocery & Food Retail", "sub_category_label": "Butcher Shop", "color": "#b4612f", "icon": "grocery.svg" }, "geometry": { "type": "Point", "coordinates": [ 51.643132, 32.663537 ] } },
{ "type": "Feature", "properties": { "osm_id": 5224608813, "name": "سوپر گوشت آقاشیر", "amenity": null, "shop": "butcher", "tourism": null, "leisure": null, "highway": null, "railway": null, "public_transport": null, "category": "food_retail", "sub_category": "butcher_shop", "category_label": "Grocery & Food Retail", "sub_category_label": "Butcher Shop", "color": "#b4612f", "icon": "grocery.svg" }, "geometry": { "type": "Point", "coordinates": [ 51.651089, 32.676293 ] } },
{ "type": "Feature", "properties": { "osm_id": 5224608814, "name": "سوپر گوشت شیرانی", "amenity": null, "shop": "butcher", "tourism": null, "leisure": null, "highway": null, "railway": null, "public_transport": null, "category": "food_retail", "sub_category": "butcher_shop", "category_label": "Grocery & Food Retail", "sub_category_label": "Butcher Shop", "color": "#b4612f", "icon": "grocery.svg" }, "geometry": { "type": "Point", "coordinates": [ 51.676149, 32.67624 ] } },
{ "type": "Feature", "properties": { "osm_id": 5224609222, "name": "سوپر گوشت ایرانیان", "amenity": null, "shop": "butcher", "tourism": null, "leisure": null, "highway": null, "railway": null, "public_transport": null, "category": "food_retail", "sub_category": "butcher_shop", "category_label": "Grocery & Food Retail", "sub_category_label": "Butcher Shop", "color": "#b4612f", "icon": "grocery.svg" }, "geometry": { "type": "Point", "coordinates": [ 51.657, 32.6658 ] } },
{ "type": "Feature", "properties": { "osm_id": 5224609223, "name": "سوپر گوشت سپهر", "amenity": null, "shop": "butcher", "tourism": null, "leisure": null, "highway": null, "railway": null, "public_transport": null, "category": "food_retail", "sub_category": "butcher_shop", "category_label": "Grocery & Food Retail", "sub_category_label": "Butcher Shop", "color": "#b4612f", "icon": "grocery.svg" }, "geometry": { "type": "Point", "coordinates": [ 51.676168, 32.652475 ] } },
{ "type": "Feature", "properties": { "osm_id": 5224609229, "name": "گوشت فروشی بهار", "amenity": null, "shop": "butcher", "tourism": null, "leisure": null, "highway": null, "railway": null, "public_transport": null, "category": "food_retail", "sub_category": "butcher_shop", "category_label": "Grocery & Food Retail", "sub_category_label": "Butcher Shop", "color": "#b4612f", "icon": "grocery.svg" }, "geometry": { "type": "Point", "coordinates": [ 51.650577, 32.673916 ] } },
{ "type": "Feature", "properties": { "osm_id": 5224609230, "name": "سوپر گوشت وفادار", "amenity": null, "shop": "butcher", "tourism": null, "leisure": null, "highway": null, "railway": null, "public_transport": null, "category": "food_retail", "sub_category": "butcher_shop", "category_label": "Grocery & Food Retail", "sub_category_label": "Butcher Shop", "color": "#b4612f", "icon": "grocery.svg" }, "geometry": { "type": "Point", "coordinates": [ 51.693943, 32.6569 ] } },
{ "type": "Feature", "properties": { "osm_id": 5224609235, "name": "فرآورده های گوشتی میکائیلیان", "amenity": null, "shop": "butcher", "tourism": null, "leisure": null, "highway": null, "railway": null, "public_transport": null, "category": "food_retail", "sub_category": "butcher_shop", "category_label": "Grocery & Food Retail", "sub_category_label": "Butcher Shop", "color": "#b4612f", "icon": "grocery.svg" }, "geometry": { "type": "Point", "coordinates": [ 51.660957, 32.65415 ] } },
{ "type": "Feature", "properties": { "osm_id": 5237462747, "name": null, "amenity": "car_wash", "shop": null, "tourism": null, "leisure": null, "highway": null, "railway": null, "public_transport": null, "category": "automotive", "sub_category": "car_wash", "category_label": "Automotive Services", "sub_category_label": "Car Wash", "color": "#2ecc71", "icon": "car-repair.svg" }, "geometry": { "type": "Point", "coordinates": [ 51.6566481, 32.6659926 ] } },
{ "type": "Feature", "properties": { "osm_id": 5245397003, "name": "Irooni Café", "amenity": "cafe", "shop": null, "tourism": null, "leisure": null, "highway": null, "railway": null, "public_transport": null, "category": "food_service", "sub_category": "cafe", "category_label": "Restaurants & Cafes", "sub_category_label": "Cafe", "color": "#b4612f", "icon": "restaurant.svg" }, "geometry": { "type": "Point", "coordinates": [ 51.6759152, 32.6592251 ] } },
{ "type": "Feature", "properties": { "osm_id": 5264305926, "name": "کتابخانه عمومی ارشاد", "amenity": "library", "shop": null, "tourism": null, "leisure": null, "highway": null, "railway": null, "public_transport": null, "category": "education", "sub_category": "library", "category_label": "Education", "sub_category_label": "Library", "color": "#78523e", "icon": "school.svg" }, "geometry": { "type": "Point", "coordinates": [ 51.6884623, 32.6829752 ] } },
{ "type": "Feature", "properties": { "osm_id": 5267401937, "name": "بانک سپه", "amenity": "bank", "shop": null, "tourism": null, "leisure": null, "highway": null, "railway": null, "public_transport": null, "category": "finance", "sub_category": "bank", "category_label": "Banking & Finance", "sub_category_label": "Bank", "color": "#4e497c", "icon": "bank.svg" }, "geometry": { "type": "Point", "coordinates": [ 51.6802266, 32.6783274 ] } },
{ "type": "Feature", "properties": { "osm_id": 5267401938, "name": "بانک ملی", "amenity": "bank", "shop": null, "tourism": null, "leisure": null, "highway": null, "railway": null, "public_transport": null, "category": "finance", "sub_category": "bank", "category_label": "Banking & Finance", "sub_category_label": "Bank", "color": "#4e497c", "icon": "bank.svg" }, "geometry": { "type": "Point", "coordinates": [ 51.6796848, 32.6782489 ] } },
{ "type": "Feature", "properties": { "osm_id": 5267401944, "name": "کتابخانه عمومی علامه مجلسی", "amenity": "library", "shop": null, "tourism": null, "leisure": null, "highway": null, "railway": null, "public_transport": null, "category": "education", "sub_category": "library", "category_label": "Education", "sub_category_label": "Library", "color": "#78523e", "icon": "school.svg" }, "geometry": { "type": "Point", "coordinates": [ 51.6849255, 32.6706535 ] } },
{ "type": "Feature", "properties": { "osm_id": 5279050964, "name": "مجتمع آموزشی بهشتیان", "amenity": null, "shop": null, "tourism": null, "leisure": null, "highway": null, "railway": null, "public_transport": null, "category": "other", "sub_category": "general", "category_label": "Other", "sub_category_label": "General", "color": "#999", "icon": "marker.svg" }, "geometry": { "type": "Point", "coordinates": [ 51.6761938, 32.6718056 ] } },
{ "type": "Feature", "properties": { "osm_id": 5279946052, "name": "دبستان ارشاد", "amenity": "school", "shop": null, "tourism": null, "leisure": null, "highway": null, "railway": null, "public_transport": null, "category": "education", "sub_category": "school", "category_label": "Education", "sub_category_label": "School", "color": "#78523e", "icon": "school.svg" }, "geometry": { "type": "Point", "coordinates": [ 51.6688829, 32.6821989 ] } },
{ "type": "Feature", "properties": { "osm_id": 5279946054, "name": "آمادگی و دبستان پسرانه مهد دانش", "amenity": "school", "shop": null, "tourism": null, "leisure": null, "highway": null, "railway": null, "public_transport": null, "category": "education", "sub_category": "school", "category_label": "Education", "sub_category_label": "School", "color": "#78523e", "icon": "school.svg" }, "geometry": { "type": "Point", "coordinates": [ 51.6667365, 32.6799534 ] } },
{ "type": "Feature", "properties": { "osm_id": 5279946057, "name": "مسجد حضرت موسی ابن جعفر", "amenity": "place_of_worship", "shop": null, "tourism": null, "leisure": null, "highway": null, "railway": null, "public_transport": null, "category": "religion", "sub_category": "mosque", "category_label": "Religious Places", "sub_category_label": "Mosque", "color": "#78523e", "icon": "place-of-worship.svg" }, "geometry": { "type": "Point", "coordinates": [ 51.6639832, 32.6869698 ] } },
{ "type": "Feature", "properties": { "osm_id": 5281873752, "name": "مسجد حضرت ابوالفضل", "amenity": "place_of_worship", "shop": null, "tourism": null, "leisure": null, "highway": null, "railway": null, "public_transport": null, "category": "religion", "sub_category": "mosque", "category_label": "Religious Places", "sub_category_label": "Mosque", "color": "#78523e", "icon": "place-of-worship.svg" }, "geometry": { "type": "Point", "coordinates": [ 51.6612795, 32.6793867 ] } },
{ "type": "Feature", "properties": { "osm_id": 5281873772, "name": "دفترخانه ازدواج شماره ۱۰", "amenity": null, "shop": null, "tourism": null, "leisure": null, "highway": null, "railway": null, "public_transport": null, "category": "other", "sub_category": "general", "category_label": "Other", "sub_category_label": "General", "color": "#999", "icon": "marker.svg" }, "geometry": { "type": "Point", "coordinates": [ 51.6661236, 32.672801 ] } },
{ "type": "Feature", "properties": { "osm_id": 5281873774, "name": "بانک ملی", "amenity": "bank", "shop": null, "tourism": null, "leisure": null, "highway": null, "railway": null, "public_transport": null, "category": "finance", "sub_category": "bank", "category_label": "Banking & Finance", "sub_category_label": "Bank", "color": "#4e497c", "icon": "bank.svg" }, "geometry": { "type": "Point", "coordinates": [ 51.6646631, 32.6731532 ] } },
{ "type": "Feature", "properties": { "osm_id": 5281873775, "name": "دبستان پسرانه مسلم ابن عقیل", "amenity": "school", "shop": null, "tourism": null, "leisure": null, "highway": null, "railway": null, "public_transport": null, "category": "education", "sub_category": "school", "category_label": "Education", "sub_category_label": "School", "color": "#78523e", "icon": "school.svg" }, "geometry": { "type": "Point", "coordinates": [ 51.6646846, 32.6734343 ] } },
{ "type": "Feature", "properties": { "osm_id": 5338392347, "name": "حسینیه قصر منشی", "amenity": "place_of_worship", "shop": null, "tourism": null, "leisure": null, "highway": null, "railway": null, "public_transport": null, "category": "religion", "sub_category": "mosque", "category_label": "Religious Places", "sub_category_label": "Mosque", "color": "#78523e", "icon": "place-of-worship.svg" }, "geometry": { "type": "Point", "coordinates": [ 51.6828337, 32.6524901 ] } },
{ "type": "Feature", "properties": { "osm_id": 5339398322, "name": "کافه تایم", "amenity": "cafe", "shop": null, "tourism": null, "leisure": null, "highway": null, "railway": null, "public_transport": null, "category": "food_service", "sub_category": "cafe", "category_label": "Restaurants & Cafes", "sub_category_label": "Cafe", "color": "#b4612f", "icon": "restaurant.svg" }, "geometry": { "type": "Point", "coordinates": [ 51.6699945, 32.6642748 ] } },
{ "type": "Feature", "properties": { "osm_id": 5376722521, "name": "۱۹۱ تهیه غذای خراسانی", "amenity": "restaurant", "shop": null, "tourism": null, "leisure": null, "highway": null, "railway": null, "public_transport": null, "category": "food_service", "sub_category": "restaurant", "category_label": "Restaurants & Cafes", "sub_category_label": "Restaurant", "color": "#b4612f", "icon": "restaurant.svg" }, "geometry": { "type": "Point", "coordinates": [ 51.6424164, 32.6822566 ] } },
{ "type": "Feature", "properties": { "osm_id": 5427857211, "name": null, "amenity": null, "shop": null, "tourism": null, "leisure": null, "highway": "turning_circle", "railway": null, "public_transport": null, "category": "other", "sub_category": "general", "category_label": "Other", "sub_category_label": "General", "color": "#999", "icon": "marker.svg" }, "geometry": { "type": "Point", "coordinates": [ 51.6791132, 32.654754 ] } },
{ "type": "Feature", "properties": { "osm_id": 5438378478, "name": "سامانه ساز دلفین آپادانا", "amenity": null, "shop": null, "tourism": null, "leisure": null, "highway": null, "railway": null, "public_transport": null, "category": "other", "sub_category": "general", "category_label": "Other", "sub_category_label": "General", "color": "#999", "icon": "marker.svg" }, "geometry": { "type": "Point", "coordinates": [ 51.6501303, 32.6760519 ] } },
{ "type": "Feature", "properties": { "osm_id": 5456469422, "name": "کافه مس و قالی", "amenity": "cafe", "shop": null, "tourism": null, "leisure": null, "highway": null, "railway": null, "public_transport": null, "category": "food_service", "sub_category": "cafe", "category_label": "Restaurants & Cafes", "sub_category_label": "Cafe", "color": "#b4612f", "icon": "restaurant.svg" }, "geometry": { "type": "Point", "coordinates": [ 51.675379, 32.6589346 ] } },
{ "type": "Feature", "properties": { "osm_id": 5459152922, "name": "کنیسه ملا یعقوب (یعقوو زیتسیل)", "amenity": "place_of_worship", "shop": null, "tourism": null, "leisure": null, "highway": null, "railway": null, "public_transport": null, "category": "religion", "sub_category": "mosque", "category_label": "Religious Places", "sub_category_label": "Mosque", "color": "#78523e", "icon": "place-of-worship.svg" }, "geometry": { "type": "Point", "coordinates": [ 51.6904922, 32.6700619 ] } },
{ "type": "Feature", "properties": { "osm_id": 5459252038, "name": "کنیسه حاج الیاهو", "amenity": "place_of_worship", "shop": null, "tourism": null, "leisure": null, "highway": null, "railway": null, "public_transport": null, "category": "religion", "sub_category": "mosque", "category_label": "Religious Places", "sub_category_label": "Mosque", "color": "#78523e", "icon": "place-of-worship.svg" }, "geometry": { "type": "Point", "coordinates": [ 51.6886774, 32.6693887 ] } },
{ "type": "Feature", "properties": { "osm_id": 5468000123, "name": "نانوایی", "amenity": null, "shop": "bakery", "tourism": null, "leisure": null, "highway": null, "railway": null, "public_transport": null, "category": "food_retail", "sub_category": "bakery", "category_label": "Grocery & Food Retail", "sub_category_label": "Bakery", "color": "#b4612f", "icon": "grocery.svg" }, "geometry": { "type": "Point", "coordinates": [ 51.6538413, 32.6845447 ] } },
{ "type": "Feature", "properties": { "osm_id": 5484031325, "name": "میدان نقش جهان", "amenity": "cafe", "shop": null, "tourism": null, "leisure": null, "highway": null, "railway": null, "public_transport": null, "category": "food_service", "sub_category": "cafe", "category_label": "Restaurants & Cafes", "sub_category_label": "Cafe", "color": "#b4612f", "icon": "restaurant.svg" }, "geometry": { "type": "Point", "coordinates": [ 51.676323, 32.6594071 ] } },
{ "type": "Feature", "properties": { "osm_id": 5486245521, "name": "دبستان علیه", "amenity": "school", "shop": null, "tourism": null, "leisure": null, "highway": null, "railway": null, "public_transport": null, "category": "education", "sub_category": "school", "category_label": "Education", "sub_category_label": "School", "color": "#78523e", "icon": "school.svg" }, "geometry": { "type": "Point", "coordinates": [ 51.6635881, 32.6601639 ] } },
{ "type": "Feature", "properties": { "osm_id": 5488694926, "name": "افق کوروش", "amenity": null, "shop": "supermarket", "tourism": null, "leisure": null, "highway": null, "railway": null, "public_transport": null, "category": "food_retail", "sub_category": "supermarket", "category_label": "Grocery & Food Retail", "sub_category_label": "Supermarket", "color": "#b4612f", "icon": "grocery.svg" }, "geometry": { "type": "Point", "coordinates": [ 51.6575322, 32.6740323 ] } },
{ "type": "Feature", "properties": { "osm_id": 5488695123, "name": "سقاخانه پاچنار", "amenity": "drinking_water", "shop": null, "tourism": null, "leisure": null, "highway": null, "railway": null, "public_transport": null, "category": "public_service", "sub_category": "drinking_water", "category_label": "Public Services", "sub_category_label": "Drinking Water", "color": "#506aa0", "icon": "post.svg" }, "geometry": { "type": "Point", "coordinates": [ 51.6589182, 32.6676911 ] } },
{ "type": "Feature", "properties": { "osm_id": 5491641721, "name": "اسنک آقای خاص", "amenity": "fast_food", "shop": null, "tourism": null, "leisure": null, "highway": null, "railway": null, "public_transport": null, "category": "food_service", "sub_category": "fast_food", "category_label": "Restaurants & Cafes", "sub_category_label": "Fast Food", "color": "#b4612f", "icon": "restaurant.svg" }, "geometry": { "type": "Point", "coordinates": [ 51.6546324, 32.6658833 ] } },
{ "type": "Feature", "properties": { "osm_id": 5492154657, "name": "هتل چهل ستون", "amenity": null, "shop": null, "tourism": "hotel", "leisure": null, "highway": null, "railway": null, "public_transport": null, "category": "accommodation", "sub_category": "hotel", "category_label": "Accommodation", "sub_category_label": "Hotel", "color": "#78523e", "icon": "lodging.svg" }, "geometry": { "type": "Point", "coordinates": [ 51.6579777, 32.6659969 ] } },
{ "type": "Feature", "properties": { "osm_id": 5506417222, "name": "بریانی گلستان", "amenity": "restaurant", "shop": null, "tourism": null, "leisure": null, "highway": null, "railway": null, "public_transport": null, "category": "food_service", "sub_category": "restaurant", "category_label": "Restaurants & Cafes", "sub_category_label": "Restaurant", "color": "#b4612f", "icon": "restaurant.svg" }, "geometry": { "type": "Point", "coordinates": [ 51.6727193, 32.6592895 ] } },
{ "type": "Feature", "properties": { "osm_id": 5508958521, "name": "هتل سرای اردیبهشت", "amenity": null, "shop": null, "tourism": "chalet", "leisure": null, "highway": null, "railway": null, "public_transport": null, "category": "culture_attraction", "sub_category": "chalet", "category_label": "Culture & Attractions", "sub_category_label": "Chalet", "color": "#067c91", "icon": "museum.svg" }, "geometry": { "type": "Point", "coordinates": [ 51.6532078, 32.6563239 ] } },
{ "type": "Feature", "properties": { "osm_id": 5515833422, "name": "خوابگاه جماله", "amenity": null, "shop": null, "tourism": "hostel", "leisure": null, "highway": null, "railway": null, "public_transport": null, "category": "accommodation", "sub_category": "hostel", "category_label": "Accommodation", "sub_category_label": "Hostel", "color": "#78523e", "icon": "lodging.svg" }, "geometry": { "type": "Point", "coordinates": [ 51.6794979, 32.6693384 ] } },
{ "type": "Feature", "properties": { "osm_id": 5541689321, "name": "مجتمع الغدیر", "amenity": null, "shop": null, "tourism": "apartment", "leisure": null, "highway": null, "railway": null, "public_transport": null, "category": "accommodation", "sub_category": "lodging", "category_label": "Accommodation", "sub_category_label": "Lodging", "color": "#78523e", "icon": "lodging.svg" }, "geometry": { "type": "Point", "coordinates": [ 51.643974, 32.6623042 ] } },
{ "type": "Feature", "properties": { "osm_id": 5569235278, "name": "قهوه و چای صلح", "amenity": "cafe", "shop": null, "tourism": null, "leisure": null, "highway": null, "railway": null, "public_transport": null, "category": "food_service", "sub_category": "cafe", "category_label": "Restaurants & Cafes", "sub_category_label": "Cafe", "color": "#b4612f", "icon": "restaurant.svg" }, "geometry": { "type": "Point", "coordinates": [ 51.677108, 32.660065 ] } },
{ "type": "Feature", "properties": { "osm_id": 5569235279, "name": "کافه ناروان", "amenity": "cafe", "shop": null, "tourism": null, "leisure": null, "highway": null, "railway": null, "public_transport": null, "category": "food_service", "sub_category": "cafe", "category_label": "Restaurants & Cafes", "sub_category_label": "Cafe", "color": "#b4612f", "icon": "restaurant.svg" }, "geometry": { "type": "Point", "coordinates": [ 51.6767851, 32.6605517 ] } },
{ "type": "Feature", "properties": { "osm_id": 5573312521, "name": "Boty", "amenity": "restaurant", "shop": null, "tourism": null, "leisure": null, "highway": null, "railway": null, "public_transport": null, "category": "food_service", "sub_category": "restaurant", "category_label": "Restaurants & Cafes", "sub_category_label": "Restaurant", "color": "#b4612f", "icon": "restaurant.svg" }, "geometry": { "type": "Point", "coordinates": [ 51.6743903, 32.6558125 ] } },
{ "type": "Feature", "properties": { "osm_id": 5582169423, "name": "رستوران اعظم", "amenity": "restaurant", "shop": null, "tourism": null, "leisure": null, "highway": null, "railway": null, "public_transport": null, "category": "food_service", "sub_category": "restaurant", "category_label": "Restaurants & Cafes", "sub_category_label": "Restaurant", "color": "#b4612f", "icon": "restaurant.svg" }, "geometry": { "type": "Point", "coordinates": [ 51.6657198, 32.665774 ] } },
{ "type": "Feature", "properties": { "osm_id": 5584465721, "name": null, "amenity": null, "shop": null, "tourism": "hotel", "leisure": null, "highway": null, "railway": null, "public_transport": null, "category": "accommodation", "sub_category": "hotel", "category_label": "Accommodation", "sub_category_label": "Hotel", "color": "#78523e", "icon": "lodging.svg" }, "geometry": { "type": "Point", "coordinates": [ 51.6681612, 32.6665465 ] } },
{ "type": "Feature", "properties": { "osm_id": 5587951524, "name": "لوازم خانگی مهر", "amenity": null, "shop": "electronics", "tourism": null, "leisure": null, "highway": null, "railway": null, "public_transport": null, "category": "general_retail", "sub_category": "electronics_store", "category_label": "General Retail", "sub_category_label": "Electronics Store", "color": "#194aa4", "icon": "shop.svg" }, "geometry": { "type": "Point", "coordinates": [ 51.6817923, 32.6667583 ] } },
{ "type": "Feature", "properties": { "osm_id": 5591955022, "name": "خانه تاریخی کیانپور", "amenity": null, "shop": null, "tourism": "hotel", "leisure": null, "highway": null, "railway": null, "public_transport": null, "category": "accommodation", "sub_category": "hotel", "category_label": "Accommodation", "sub_category_label": "Hotel", "color": "#78523e", "icon": "lodging.svg" }, "geometry": { "type": "Point", "coordinates": [ 51.6691579, 32.6672077 ] } },
{ "type": "Feature", "properties": { "osm_id": 5621171162, "name": "Nowruz bandb", "amenity": null, "shop": null, "tourism": "guest_house", "leisure": null, "highway": null, "railway": null, "public_transport": null, "category": "accommodation", "sub_category": "lodging", "category_label": "Accommodation", "sub_category_label": "Lodging", "color": "#78523e", "icon": "lodging.svg" }, "geometry": { "type": "Point", "coordinates": [ 51.6891346, 32.662839 ] } },
{ "type": "Feature", "properties": { "osm_id": 5624575521, "name": null, "amenity": "fast_food", "shop": null, "tourism": null, "leisure": null, "highway": null, "railway": null, "public_transport": null, "category": "food_service", "sub_category": "fast_food", "category_label": "Restaurants & Cafes", "sub_category_label": "Fast Food", "color": "#b4612f", "icon": "restaurant.svg" }, "geometry": { "type": "Point", "coordinates": [ 51.6738387, 32.6649162 ] } },
{ "type": "Feature", "properties": { "osm_id": 5624575522, "name": "حکیم", "amenity": null, "shop": null, "tourism": "hotel", "leisure": null, "highway": null, "railway": null, "public_transport": null, "category": "accommodation", "sub_category": "hotel", "category_label": "Accommodation", "sub_category_label": "Hotel", "color": "#78523e", "icon": "lodging.svg" }, "geometry": { "type": "Point", "coordinates": [ 51.6738527, 32.6649868 ] } },
{ "type": "Feature", "properties": { "osm_id": 5624575621, "name": "فروشگاه بزرگ گز آنتیک", "amenity": null, "shop": "confectionery", "tourism": null, "leisure": null, "highway": null, "railway": null, "public_transport": null, "category": "food_retail", "sub_category": "confectionery", "category_label": "Grocery & Food Retail", "sub_category_label": "Confectionery", "color": "#b4612f", "icon": "grocery.svg" }, "geometry": { "type": "Point", "coordinates": [ 51.6779146, 32.6662987 ] } },
{ "type": "Feature", "properties": { "osm_id": 5626670724, "name": null, "amenity": null, "shop": "bicycle", "tourism": null, "leisure": null, "highway": null, "railway": null, "public_transport": null, "category": "automotive", "sub_category": "bicycle_store", "category_label": "Automotive Services", "sub_category_label": "Bicycle Store", "color": "#2ecc71", "icon": "car-repair.svg" }, "geometry": { "type": "Point", "coordinates": [ 51.6712555, 32.6585539 ] } },
{ "type": "Feature", "properties": { "osm_id": 5626671436, "name": "نمایشگاه خودرو کیا ، هیوندا", "amenity": null, "shop": "car", "tourism": null, "leisure": null, "highway": null, "railway": null, "public_transport": null, "category": "automotive", "sub_category": "car_related_store", "category_label": "Automotive Services", "sub_category_label": "Car Related Store", "color": "#2ecc71", "icon": "car-repair.svg" }, "geometry": { "type": "Point", "coordinates": [ 51.6431457, 32.6584689 ] } },
{ "type": "Feature", "properties": { "osm_id": 5626671437, "name": null, "amenity": null, "shop": "hairdresser", "tourism": null, "leisure": null, "highway": null, "railway": null, "public_transport": null, "category": "professional_service", "sub_category": "barber", "category_label": "Professional Services", "sub_category_label": "Barber", "color": "#506aa0", "icon": "building.svg" }, "geometry": { "type": "Point", "coordinates": [ 51.6569297, 32.6624185 ] } },
{ "type": "Feature", "properties": { "osm_id": 5626671438, "name": null, "amenity": null, "shop": "confectionery", "tourism": null, "leisure": null, "highway": null, "railway": null, "public_transport": null, "category": "food_retail", "sub_category": "confectionery", "category_label": "Grocery & Food Retail", "sub_category_label": "Confectionery", "color": "#b4612f", "icon": "grocery.svg" }, "geometry": { "type": "Point", "coordinates": [ 51.672349, 32.6587275 ] } },
{ "type": "Feature", "properties": { "osm_id": 5627170747, "name": null, "amenity": "fast_food", "shop": null, "tourism": null, "leisure": null, "highway": null, "railway": null, "public_transport": null, "category": "food_service", "sub_category": "fast_food", "category_label": "Restaurants & Cafes", "sub_category_label": "Fast Food", "color": "#b4612f", "icon": "restaurant.svg" }, "geometry": { "type": "Point", "coordinates": [ 51.6785241, 32.6591828 ] } },
{ "type": "Feature", "properties": { "osm_id": 5627171038, "name": "کافه وین", "amenity": "cafe", "shop": null, "tourism": null, "leisure": null, "highway": null, "railway": null, "public_transport": null, "category": "food_service", "sub_category": "cafe", "category_label": "Restaurants & Cafes", "sub_category_label": "Cafe", "color": "#b4612f", "icon": "restaurant.svg" }, "geometry": { "type": "Point", "coordinates": [ 51.6799334, 32.6596133 ] } },
{ "type": "Feature", "properties": { "osm_id": 5634852821, "name": "پارکینگ نقش جهان", "amenity": "parking", "shop": null, "tourism": null, "leisure": null, "highway": null, "railway": null, "public_transport": null, "category": "parking_road_facility", "sub_category": "parking", "category_label": "Parking & Road Facilities", "sub_category_label": "Parking", "color": "#78523e", "icon": "parking.svg" }, "geometry": { "type": "Point", "coordinates": [ 51.6785897, 32.6581272 ] } },
{ "type": "Feature", "properties": { "osm_id": 5640101421, "name": "خوراک ایرانی", "amenity": "restaurant", "shop": null, "tourism": null, "leisure": null, "highway": null, "railway": null, "public_transport": null, "category": "food_service", "sub_category": "restaurant", "category_label": "Restaurants & Cafes", "sub_category_label": "Restaurant", "color": "#b4612f", "icon": "restaurant.svg" }, "geometry": { "type": "Point", "coordinates": [ 51.6809184, 32.6597579 ] } },
{ "type": "Feature", "properties": { "osm_id": 5642272726, "name": null, "amenity": "restaurant", "shop": null, "tourism": null, "leisure": null, "highway": null, "railway": null, "public_transport": null, "category": "food_service", "sub_category": "restaurant", "category_label": "Restaurants & Cafes", "sub_category_label": "Restaurant", "color": "#b4612f", "icon": "restaurant.svg" }, "geometry": { "type": "Point", "coordinates": [ 51.6696843, 32.655167 ] } },
{ "type": "Feature", "properties": { "osm_id": 5643089921, "name": "میدان امام علی (سبزه میدان)", "amenity": null, "shop": null, "tourism": "attraction", "leisure": null, "highway": null, "railway": null, "public_transport": null, "category": "culture_attraction", "sub_category": "culture_attraction", "category_label": "Culture & Attractions", "sub_category_label": "Culture Attraction", "color": "#067c91", "icon": "museum.svg" }, "geometry": { "type": "Point", "coordinates": [ 51.6840003, 32.6669438 ] } },
{ "type": "Feature", "properties": { "osm_id": 5645795722, "name": null, "amenity": null, "shop": "travel_agency", "tourism": null, "leisure": null, "highway": null, "railway": null, "public_transport": null, "category": "other", "sub_category": "travel_agency", "category_label": "Other", "sub_category_label": "Travel Agency", "color": "#999", "icon": "marker.svg" }, "geometry": { "type": "Point", "coordinates": [ 51.6842435, 32.6603096 ] } },
{ "type": "Feature", "properties": { "osm_id": 5658859430, "name": null, "amenity": "bicycle_parking", "shop": null, "tourism": null, "leisure": null, "highway": null, "railway": null, "public_transport": null, "category": "public_transport", "sub_category": "bicycle_station", "category_label": "Public Transportation", "sub_category_label": "Bicycle Station", "color": "#1787d4", "icon": "bus.svg" }, "geometry": { "type": "Point", "coordinates": [ 51.6744191, 32.6606681 ] } },
{ "type": "Feature", "properties": { "osm_id": 5699959721, "name": "بانک ملت", "amenity": "bank", "shop": null, "tourism": null, "leisure": null, "highway": null, "railway": null, "public_transport": null, "category": "finance", "sub_category": "bank", "category_label": "Banking & Finance", "sub_category_label": "Bank", "color": "#4e497c", "icon": "bank.svg" }, "geometry": { "type": "Point", "coordinates": [ 51.6693517, 32.659326 ] } },
{ "type": "Feature", "properties": { "osm_id": 5699959821, "name": "بانک سپه", "amenity": "bank", "shop": null, "tourism": null, "leisure": null, "highway": null, "railway": null, "public_transport": null, "category": "finance", "sub_category": "bank", "category_label": "Banking & Finance", "sub_category_label": "Bank", "color": "#4e497c", "icon": "bank.svg" }, "geometry": { "type": "Point", "coordinates": [ 51.6700756, 32.6622468 ] } },
{ "type": "Feature", "properties": { "osm_id": 5700048783, "name": "سرای ورزشکاران (دارت)", "amenity": null, "shop": null, "tourism": null, "leisure": "sports_centre", "highway": null, "railway": null, "public_transport": null, "category": "sport_recreation", "sub_category": "gym", "category_label": "Sports & Recreation", "sub_category_label": "Gym", "color": "#067c91", "icon": "park.svg" }, "geometry": { "type": "Point", "coordinates": [ 51.6697411, 32.6649198 ] } },
{ "type": "Feature", "properties": { "osm_id": 5713683122, "name": "عمارت اقامتگاهی فرنگیس", "amenity": null, "shop": null, "tourism": "guest_house", "leisure": null, "highway": null, "railway": null, "public_transport": null, "category": "accommodation", "sub_category": "lodging", "category_label": "Accommodation", "sub_category_label": "Lodging", "color": "#78523e", "icon": "lodging.svg" }, "geometry": { "type": "Point", "coordinates": [ 51.651654, 32.6569913 ] } },
{ "type": "Feature", "properties": { "osm_id": 5715160621, "name": "فروشگاه لباس", "amenity": null, "shop": "confectionery", "tourism": null, "leisure": null, "highway": null, "railway": null, "public_transport": null, "category": "food_retail", "sub_category": "confectionery", "category_label": "Grocery & Food Retail", "sub_category_label": "Confectionery", "color": "#b4612f", "icon": "grocery.svg" }, "geometry": { "type": "Point", "coordinates": [ 51.6739648, 32.6659309 ] } },
{ "type": "Feature", "properties": { "osm_id": 5735869421, "name": "کافه قاصدک", "amenity": "cafe", "shop": null, "tourism": null, "leisure": null, "highway": null, "railway": null, "public_transport": null, "category": "food_service", "sub_category": "cafe", "category_label": "Restaurants & Cafes", "sub_category_label": "Cafe", "color": "#b4612f", "icon": "restaurant.svg" }, "geometry": { "type": "Point", "coordinates": [ 51.6751711, 32.6550843 ] } },
{ "type": "Feature", "properties": { "osm_id": 5736496121, "name": "کافه آنتیک", "amenity": "cafe", "shop": null, "tourism": null, "leisure": null, "highway": null, "railway": null, "public_transport": null, "category": "food_service", "sub_category": "cafe", "category_label": "Restaurants & Cafes", "sub_category_label": "Cafe", "color": "#b4612f", "icon": "restaurant.svg" }, "geometry": { "type": "Point", "coordinates": [ 51.67853, 32.6579674 ] } },
{ "type": "Feature", "properties": { "osm_id": 5741251121, "name": "کافه معلم", "amenity": "cafe", "shop": null, "tourism": null, "leisure": null, "highway": null, "railway": null, "public_transport": null, "category": "food_service", "sub_category": "cafe", "category_label": "Restaurants & Cafes", "sub_category_label": "Cafe", "color": "#b4612f", "icon": "restaurant.svg" }, "geometry": { "type": "Point", "coordinates": [ 51.6692925, 32.6538751 ] } },
{ "type": "Feature", "properties": { "osm_id": 5778270843, "name": "Street money exchange", "amenity": "bureau_de_change", "shop": null, "tourism": null, "leisure": null, "highway": null, "railway": null, "public_transport": null, "category": "finance", "sub_category": "exchange", "category_label": "Banking & Finance", "sub_category_label": "Exchange", "color": "#4e497c", "icon": "bank.svg" }, "geometry": { "type": "Point", "coordinates": [ 51.6736502, 32.6589538 ] } },
{ "type": "Feature", "properties": { "osm_id": 5796104953, "name": "ابزار فروشی", "amenity": null, "shop": "hardware", "tourism": null, "leisure": null, "highway": null, "railway": null, "public_transport": null, "category": "general_retail", "sub_category": "hardware_store", "category_label": "General Retail", "sub_category_label": "Hardware Store", "color": "#194aa4", "icon": "shop.svg" }, "geometry": { "type": "Point", "coordinates": [ 51.6569887, 32.672296 ] } },
{ "type": "Feature", "properties": { "osm_id": 5796105053, "name": "فرنی و سمنوی بهاران", "amenity": null, "shop": "supermarket", "tourism": null, "leisure": null, "highway": null, "railway": null, "public_transport": null, "category": "food_retail", "sub_category": "supermarket", "category_label": "Grocery & Food Retail", "sub_category_label": "Supermarket", "color": "#b4612f", "icon": "grocery.svg" }, "geometry": { "type": "Point", "coordinates": [ 51.657118, 32.6733648 ] } },
{ "type": "Feature", "properties": { "osm_id": 5796105054, "name": null, "amenity": null, "shop": null, "tourism": "artwork", "leisure": null, "highway": null, "railway": null, "public_transport": null, "category": "culture_attraction", "sub_category": "art", "category_label": "Culture & Attractions", "sub_category_label": "Art", "color": "#067c91", "icon": "museum.svg" }, "geometry": { "type": "Point", "coordinates": [ 51.6589136, 32.6695833 ] } },
{ "type": "Feature", "properties": { "osm_id": 5796105153, "name": "مسجد امام جوادالائمه", "amenity": null, "shop": null, "tourism": "artwork", "leisure": null, "highway": null, "railway": null, "public_transport": null, "category": "culture_attraction", "sub_category": "art", "category_label": "Culture & Attractions", "sub_category_label": "Art", "color": "#067c91", "icon": "museum.svg" }, "geometry": { "type": "Point", "coordinates": [ 51.6588696, 32.6695542 ] } },
{ "type": "Feature", "properties": { "osm_id": 5796167662, "name": "مسجد امام جواد الائمه", "amenity": null, "shop": null, "tourism": "artwork", "leisure": null, "highway": null, "railway": null, "public_transport": null, "category": "culture_attraction", "sub_category": "art", "category_label": "Culture & Attractions", "sub_category_label": "Art", "color": "#067c91", "icon": "museum.svg" }, "geometry": { "type": "Point", "coordinates": [ 51.6589207, 32.6695989 ] } },
{ "type": "Feature", "properties": { "osm_id": 5797571253, "name": "کافی نت صاعب", "amenity": "internet_cafe", "shop": null, "tourism": null, "leisure": null, "highway": null, "railway": null, "public_transport": null, "category": "other", "sub_category": "internet_cafe", "category_label": "Other", "sub_category_label": "Internet Cafe", "color": "#999", "icon": "marker.svg" }, "geometry": { "type": "Point", "coordinates": [ 51.6854492, 32.6606143 ] } },
{ "type": "Feature", "properties": { "osm_id": 5854475286, "name": "خانه تاریخی مشیرالملک", "amenity": null, "shop": null, "tourism": "museum", "leisure": null, "highway": null, "railway": null, "public_transport": null, "category": "culture_attraction", "sub_category": "museum", "category_label": "Culture & Attractions", "sub_category_label": "Museum", "color": "#067c91", "icon": "museum.svg" }, "geometry": { "type": "Point", "coordinates": [ 51.6817265, 32.6632608 ] } },
{ "type": "Feature", "properties": { "osm_id": 5860097485, "name": "سوپرمارکت", "amenity": null, "shop": "supermarket", "tourism": null, "leisure": null, "highway": null, "railway": null, "public_transport": null, "category": "food_retail", "sub_category": "supermarket", "category_label": "Grocery & Food Retail", "sub_category_label": "Supermarket", "color": "#b4612f", "icon": "grocery.svg" }, "geometry": { "type": "Point", "coordinates": [ 51.6587798, 32.6694701 ] } },
{ "type": "Feature", "properties": { "osm_id": 5871261887, "name": "آتلیه عکاسی مدرن", "amenity": null, "shop": "toys", "tourism": null, "leisure": null, "highway": null, "railway": null, "public_transport": null, "category": "general_retail", "sub_category": "store", "category_label": "General Retail", "sub_category_label": "Store", "color": "#194aa4", "icon": "shop.svg" }, "geometry": { "type": "Point", "coordinates": [ 51.6589483, 32.6544016 ] } },
{ "type": "Feature", "properties": { "osm_id": 5933718114, "name": "Maz Maz House", "amenity": "fast_food", "shop": null, "tourism": null, "leisure": null, "highway": null, "railway": null, "public_transport": null, "category": "food_service", "sub_category": "fast_food", "category_label": "Restaurants & Cafes", "sub_category_label": "Fast Food", "color": "#b4612f", "icon": "restaurant.svg" }, "geometry": { "type": "Point", "coordinates": [ 51.6691214, 32.6586535 ] } },
{ "type": "Feature", "properties": { "osm_id": 5951252886, "name": "فروش ایرانسل", "amenity": null, "shop": null, "tourism": null, "leisure": null, "highway": null, "railway": null, "public_transport": null, "category": "other", "sub_category": "general", "category_label": "Other", "sub_category_label": "General", "color": "#999", "icon": "marker.svg" }, "geometry": { "type": "Point", "coordinates": [ 51.6515992, 32.6752603 ] } },
{ "type": "Feature", "properties": { "osm_id": 5952025786, "name": "تعمیرگاه ایران خودرو", "amenity": null, "shop": "car_repair", "tourism": null, "leisure": null, "highway": null, "railway": null, "public_transport": null, "category": "automotive", "sub_category": "car_repair", "category_label": "Automotive Services", "sub_category_label": "Car Repair", "color": "#2ecc71", "icon": "car-repair.svg" }, "geometry": { "type": "Point", "coordinates": [ 51.6488179, 32.6735644 ] } },
{ "type": "Feature", "properties": { "osm_id": 5963759287, "name": "Goyya", "amenity": "internet_cafe", "shop": null, "tourism": null, "leisure": null, "highway": null, "railway": null, "public_transport": null, "category": "other", "sub_category": "internet_cafe", "category_label": "Other", "sub_category_label": "Internet Cafe", "color": "#999", "icon": "marker.svg" }, "geometry": { "type": "Point", "coordinates": [ 51.6830261, 32.6557861 ] } },
{ "type": "Feature", "properties": { "osm_id": 5963759288, "name": "Iran pazirik carpet", "amenity": null, "shop": "department_store", "tourism": null, "leisure": null, "highway": null, "railway": null, "public_transport": null, "category": "general_retail", "sub_category": "department_store", "category_label": "General Retail", "sub_category_label": "Department Store", "color": "#194aa4", "icon": "shop.svg" }, "geometry": { "type": "Point", "coordinates": [ 51.6752284, 32.6553188 ] } },
{ "type": "Feature", "properties": { "osm_id": 5963797287, "name": "کباب بریانی عشایر شعبه ۴", "amenity": "restaurant", "shop": null, "tourism": null, "leisure": null, "highway": null, "railway": null, "public_transport": null, "category": "food_service", "sub_category": "restaurant", "category_label": "Restaurants & Cafes", "sub_category_label": "Restaurant", "color": "#b4612f", "icon": "restaurant.svg" }, "geometry": { "type": "Point", "coordinates": [ 51.6831323, 32.6567714 ] } },
{ "type": "Feature", "properties": { "osm_id": 5963797685, "name": "Somira", "amenity": "restaurant", "shop": null, "tourism": null, "leisure": null, "highway": null, "railway": null, "public_transport": null, "category": "food_service", "sub_category": "restaurant", "category_label": "Restaurants & Cafes", "sub_category_label": "Restaurant", "color": "#b4612f", "icon": "restaurant.svg" }, "geometry": { "type": "Point", "coordinates": [ 51.683203, 32.6600307 ] } },
{ "type": "Feature", "properties": { "osm_id": 5963797686, "name": "Amir Pourghasem", "amenity": null, "shop": "gift", "tourism": null, "leisure": null, "highway": null, "railway": null, "public_transport": null, "category": "general_retail", "sub_category": "store", "category_label": "General Retail", "sub_category_label": "Store", "color": "#194aa4", "icon": "shop.svg" }, "geometry": { "type": "Point", "coordinates": [ 51.6799014, 32.6549533 ] } },
{ "type": "Feature", "properties": { "osm_id": 5966151385, "name": "رستوران کباب", "amenity": "fast_food", "shop": null, "tourism": null, "leisure": null, "highway": null, "railway": null, "public_transport": null, "category": "food_service", "sub_category": "fast_food", "category_label": "Restaurants & Cafes", "sub_category_label": "Fast Food", "color": "#b4612f", "icon": "restaurant.svg" }, "geometry": { "type": "Point", "coordinates": [ 51.6788772, 32.655577 ] } },
{ "type": "Feature", "properties": { "osm_id": 5998265886, "name": null, "amenity": "bureau_de_change", "shop": null, "tourism": null, "leisure": null, "highway": null, "railway": null, "public_transport": null, "category": "finance", "sub_category": "exchange", "category_label": "Banking & Finance", "sub_category_label": "Exchange", "color": "#4e497c", "icon": "bank.svg" }, "geometry": { "type": "Point", "coordinates": [ 51.6751661, 32.6558617 ] } },
{ "type": "Feature", "properties": { "osm_id": 5998503685, "name": "هتل آوین", "amenity": null, "shop": null, "tourism": "hotel", "leisure": null, "highway": null, "railway": null, "public_transport": null, "category": "accommodation", "sub_category": "hotel", "category_label": "Accommodation", "sub_category_label": "Hotel", "color": "#78523e", "icon": "lodging.svg" }, "geometry": { "type": "Point", "coordinates": [ 51.6850869, 32.6618545 ] } },
{ "type": "Feature", "properties": { "osm_id": 6012325985, "name": "بانک تجارت", "amenity": "bank", "shop": null, "tourism": null, "leisure": null, "highway": null, "railway": null, "public_transport": null, "category": "finance", "sub_category": "bank", "category_label": "Banking & Finance", "sub_category_label": "Bank", "color": "#4e497c", "icon": "bank.svg" }, "geometry": { "type": "Point", "coordinates": [ 51.6415894, 32.6561813 ] } },
{ "type": "Feature", "properties": { "osm_id": 6015057290, "name": "گلابتون", "amenity": "restaurant", "shop": null, "tourism": null, "leisure": null, "highway": null, "railway": null, "public_transport": null, "category": "food_service", "sub_category": "restaurant", "category_label": "Restaurants & Cafes", "sub_category_label": "Restaurant", "color": "#b4612f", "icon": "restaurant.svg" }, "geometry": { "type": "Point", "coordinates": [ 51.665137, 32.6651169 ] } },
{ "type": "Feature", "properties": { "osm_id": 6015066386, "name": "فروشگاه کانبو", "amenity": null, "shop": "supermarket", "tourism": null, "leisure": null, "highway": null, "railway": null, "public_transport": null, "category": "food_retail", "sub_category": "supermarket", "category_label": "Grocery & Food Retail", "sub_category_label": "Supermarket", "color": "#b4612f", "icon": "grocery.svg" }, "geometry": { "type": "Point", "coordinates": [ 51.6645765, 32.6619821 ] } },
{ "type": "Feature", "properties": { "osm_id": 6029071685, "name": "قصر شاه اصفهان", "amenity": null, "shop": null, "tourism": "attraction", "leisure": null, "highway": null, "railway": null, "public_transport": null, "category": "culture_attraction", "sub_category": "culture_attraction", "category_label": "Culture & Attractions", "sub_category_label": "Culture Attraction", "color": "#067c91", "icon": "museum.svg" }, "geometry": { "type": "Point", "coordinates": [ 51.6809047, 32.6534277 ] } },
{ "type": "Feature", "properties": { "osm_id": 6039321054, "name": "کافه آقای فنجان", "amenity": "cafe", "shop": null, "tourism": null, "leisure": null, "highway": null, "railway": null, "public_transport": null, "category": "food_service", "sub_category": "cafe", "category_label": "Restaurants & Cafes", "sub_category_label": "Cafe", "color": "#b4612f", "icon": "restaurant.svg" }, "geometry": { "type": "Point", "coordinates": [ 51.6679287, 32.6551153 ] } },
{ "type": "Feature", "properties": { "osm_id": 6065975285, "name": "مدرس ابن سینا", "amenity": null, "shop": null, "tourism": "attraction", "leisure": null, "highway": null, "railway": null, "public_transport": null, "category": "culture_attraction", "sub_category": "culture_attraction", "category_label": "Culture & Attractions", "sub_category_label": "Culture Attraction", "color": "#067c91", "icon": "museum.svg" }, "geometry": { "type": "Point", "coordinates": [ 51.6791327, 32.674174 ] } },
{ "type": "Feature", "properties": { "osm_id": 6068318985, "name": "Irancell", "amenity": null, "shop": "mobile_phone", "tourism": null, "leisure": null, "highway": null, "railway": null, "public_transport": null, "category": "general_retail", "sub_category": "electronics_store", "category_label": "General Retail", "sub_category_label": "Electronics Store", "color": "#194aa4", "icon": "shop.svg" }, "geometry": { "type": "Point", "coordinates": [ 51.6513965, 32.6752234 ] } },
{ "type": "Feature", "properties": { "osm_id": 6078917087, "name": "هتل سنتی خان نشین", "amenity": null, "shop": null, "tourism": "hotel", "leisure": null, "highway": null, "railway": null, "public_transport": null, "category": "accommodation", "sub_category": "hotel", "category_label": "Accommodation", "sub_category_label": "Hotel", "color": "#78523e", "icon": "lodging.svg" }, "geometry": { "type": "Point", "coordinates": [ 51.6904843, 32.6662517 ] } },
{ "type": "Feature", "properties": { "osm_id": 6109445988, "name": "کافه آریو", "amenity": "cafe", "shop": null, "tourism": null, "leisure": null, "highway": null, "railway": null, "public_transport": null, "category": "food_service", "sub_category": "cafe", "category_label": "Restaurants & Cafes", "sub_category_label": "Cafe", "color": "#b4612f", "icon": "restaurant.svg" }, "geometry": { "type": "Point", "coordinates": [ 51.6486268, 32.6575791 ] } },
{ "type": "Feature", "properties": { "osm_id": 6113355288, "name": "پاساژ نور", "amenity": null, "shop": "beauty", "tourism": null, "leisure": null, "highway": null, "railway": null, "public_transport": null, "category": "beauty_accessories", "sub_category": "cosmetics_store", "category_label": "Beauty & Accessories", "sub_category_label": "Cosmetics Store", "color": "#194aa4", "icon": "shop.svg" }, "geometry": { "type": "Point", "coordinates": [ 51.6845757, 32.6619165 ] } },
{ "type": "Feature", "properties": { "osm_id": 6119523090, "name": null, "amenity": "telephone", "shop": null, "tourism": null, "leisure": null, "highway": null, "railway": null, "public_transport": null, "category": "public_service", "sub_category": "other", "category_label": "Public Services", "sub_category_label": "Other", "color": "#506aa0", "icon": "post.svg" }, "geometry": { "type": "Point", "coordinates": [ 51.6674379, 32.6536022 ] } },
{ "type": "Feature", "properties": { "osm_id": 6123966186, "name": null, "amenity": null, "shop": "bicycle", "tourism": null, "leisure": null, "highway": null, "railway": null, "public_transport": null, "category": "automotive", "sub_category": "bicycle_store", "category_label": "Automotive Services", "sub_category_label": "Bicycle Store", "color": "#2ecc71", "icon": "car-repair.svg" }, "geometry": { "type": "Point", "coordinates": [ 51.6799259, 32.659473 ] } },
{ "type": "Feature", "properties": { "osm_id": 6124655285, "name": "فرش", "amenity": null, "shop": "carpet", "tourism": null, "leisure": null, "highway": null, "railway": null, "public_transport": null, "category": "general_retail", "sub_category": "carpet", "category_label": "General Retail", "sub_category_label": "Carpet", "color": "#194aa4", "icon": "shop.svg" }, "geometry": { "type": "Point", "coordinates": [ 51.6754315, 32.6548215 ] } },
{ "type": "Feature", "properties": { "osm_id": 6128158987, "name": "فروشگاه لوازم کوهنوردی اسنوند", "amenity": null, "shop": "outdoor", "tourism": null, "leisure": null, "highway": null, "railway": null, "public_transport": null, "category": "general_retail", "sub_category": "outdoor", "category_label": "General Retail", "sub_category_label": "Outdoor", "color": "#194aa4", "icon": "shop.svg" }, "geometry": { "type": "Point", "coordinates": [ 51.6694744, 32.660885 ] } },
{ "type": "Feature", "properties": { "osm_id": 6128158988, "name": null, "amenity": null, "shop": "sports", "tourism": null, "leisure": null, "highway": null, "railway": null, "public_transport": null, "category": "general_retail", "sub_category": "sporting_store", "category_label": "General Retail", "sub_category_label": "Sporting Store", "color": "#194aa4", "icon": "shop.svg" }, "geometry": { "type": "Point", "coordinates": [ 51.6696878, 32.6623703 ] } },
{ "type": "Feature", "properties": { "osm_id": 6128158989, "name": null, "amenity": null, "shop": "sports", "tourism": null, "leisure": null, "highway": null, "railway": null, "public_transport": null, "category": "general_retail", "sub_category": "sporting_store", "category_label": "General Retail", "sub_category_label": "Sporting Store", "color": "#194aa4", "icon": "shop.svg" }, "geometry": { "type": "Point", "coordinates": [ 51.6698283, 32.6631014 ] } },
{ "type": "Feature", "properties": { "osm_id": 6128158990, "name": "فروشگاه لوازم ورزشی", "amenity": null, "shop": "sports", "tourism": null, "leisure": null, "highway": null, "railway": null, "public_transport": null, "category": "general_retail", "sub_category": "sporting_store", "category_label": "General Retail", "sub_category_label": "Sporting Store", "color": "#194aa4", "icon": "shop.svg" }, "geometry": { "type": "Point", "coordinates": [ 51.6701978, 32.6632322 ] } },
{ "type": "Feature", "properties": { "osm_id": 6128158991, "name": null, "amenity": null, "shop": "sports", "tourism": null, "leisure": null, "highway": null, "railway": null, "public_transport": null, "category": "general_retail", "sub_category": "sporting_store", "category_label": "General Retail", "sub_category_label": "Sporting Store", "color": "#194aa4", "icon": "shop.svg" }, "geometry": { "type": "Point", "coordinates": [ 51.6702571, 32.6634147 ] } },
{ "type": "Feature", "properties": { "osm_id": 6128158992, "name": null, "amenity": null, "shop": "sports", "tourism": null, "leisure": null, "highway": null, "railway": null, "public_transport": null, "category": "general_retail", "sub_category": "sporting_store", "category_label": "General Retail", "sub_category_label": "Sporting Store", "color": "#194aa4", "icon": "shop.svg" }, "geometry": { "type": "Point", "coordinates": [ 51.6697931, 32.6634703 ] } },
{ "type": "Feature", "properties": { "osm_id": 6128158993, "name": null, "amenity": null, "shop": "sports", "tourism": null, "leisure": null, "highway": null, "railway": null, "public_transport": null, "category": "general_retail", "sub_category": "sporting_store", "category_label": "General Retail", "sub_category_label": "Sporting Store", "color": "#194aa4", "icon": "shop.svg" }, "geometry": { "type": "Point", "coordinates": [ 51.6700264, 32.664584 ] } },
{ "type": "Feature", "properties": { "osm_id": 6128158994, "name": null, "amenity": null, "shop": "sports", "tourism": null, "leisure": null, "highway": null, "railway": null, "public_transport": null, "category": "general_retail", "sub_category": "sporting_store", "category_label": "General Retail", "sub_category_label": "Sporting Store", "color": "#194aa4", "icon": "shop.svg" }, "geometry": { "type": "Point", "coordinates": [ 51.6700693, 32.6648948 ] } },
{ "type": "Feature", "properties": { "osm_id": 6128158995, "name": null, "amenity": "restaurant", "shop": null, "tourism": null, "leisure": null, "highway": null, "railway": null, "public_transport": null, "category": "food_service", "sub_category": "restaurant", "category_label": "Restaurants & Cafes", "sub_category_label": "Restaurant", "color": "#b4612f", "icon": "restaurant.svg" }, "geometry": { "type": "Point", "coordinates": [ 51.6687666, 32.6653459 ] } },
{ "type": "Feature", "properties": { "osm_id": 6128158996, "name": null, "amenity": null, "shop": "books", "tourism": null, "leisure": null, "highway": null, "railway": null, "public_transport": null, "category": "general_retail", "sub_category": "book_store", "category_label": "General Retail", "sub_category_label": "Book Store", "color": "#194aa4", "icon": "shop.svg" }, "geometry": { "type": "Point", "coordinates": [ 51.6681698, 32.6653629 ] } },
{ "type": "Feature", "properties": { "osm_id": 6128158997, "name": "هتل معراجی", "amenity": null, "shop": null, "tourism": "hotel", "leisure": null, "highway": null, "railway": null, "public_transport": null, "category": "accommodation", "sub_category": "hotel", "category_label": "Accommodation", "sub_category_label": "Hotel", "color": "#78523e", "icon": "lodging.svg" }, "geometry": { "type": "Point", "coordinates": [ 51.6675731, 32.665606 ] } },
{ "type": "Feature", "properties": { "osm_id": 6128158998, "name": null, "amenity": null, "shop": "greengrocer", "tourism": null, "leisure": null, "highway": null, "railway": null, "public_transport": null, "category": "food_retail", "sub_category": "greengrocer", "category_label": "Grocery & Food Retail", "sub_category_label": "Greengrocer", "color": "#b4612f", "icon": "grocery.svg" }, "geometry": { "type": "Point", "coordinates": [ 51.667041, 32.6633579 ] } },
{ "type": "Feature", "properties": { "osm_id": 6128158999, "name": null, "amenity": null, "shop": "butcher", "tourism": null, "leisure": null, "highway": null, "railway": null, "public_transport": null, "category": "food_retail", "sub_category": "butcher_shop", "category_label": "Grocery & Food Retail", "sub_category_label": "Butcher Shop", "color": "#b4612f", "icon": "grocery.svg" }, "geometry": { "type": "Point", "coordinates": [ 51.6673536, 32.6629086 ] } },
{ "type": "Feature", "properties": { "osm_id": 6128159000, "name": null, "amenity": "telephone", "shop": null, "tourism": null, "leisure": null, "highway": null, "railway": null, "public_transport": null, "category": "public_service", "sub_category": "other", "category_label": "Public Services", "sub_category_label": "Other", "color": "#506aa0", "icon": "post.svg" }, "geometry": { "type": "Point", "coordinates": [ 51.6668895, 32.6615951 ] } },
{ "type": "Feature", "properties": { "osm_id": 6128159001, "name": "تجهیزات عکاسی نگاه شاپ", "amenity": null, "shop": "photo", "tourism": null, "leisure": null, "highway": null, "railway": null, "public_transport": null, "category": "general_retail", "sub_category": "photo", "category_label": "General Retail", "sub_category_label": "Photo", "color": "#194aa4", "icon": "shop.svg" }, "geometry": { "type": "Point", "coordinates": [ 51.6668398, 32.6577358 ] } },
{ "type": "Feature", "properties": { "osm_id": 6128159002, "name": "فروشگاه تن پوش", "amenity": null, "shop": "clothes", "tourism": null, "leisure": null, "highway": null, "railway": null, "public_transport": null, "category": "fashion", "sub_category": "clothes", "category_label": "Fashion & Clothing", "sub_category_label": "Clothes", "color": "#194aa4", "icon": "clothing-store.svg" }, "geometry": { "type": "Point", "coordinates": [ 51.6671093, 32.657649 ] } },
{ "type": "Feature", "properties": { "osm_id": 6128159003, "name": null, "amenity": null, "shop": "clothes", "tourism": null, "leisure": null, "highway": null, "railway": null, "public_transport": null, "category": "fashion", "sub_category": "clothes", "category_label": "Fashion & Clothing", "sub_category_label": "Clothes", "color": "#194aa4", "icon": "clothing-store.svg" }, "geometry": { "type": "Point", "coordinates": [ 51.6671049, 32.6573935 ] } },
{ "type": "Feature", "properties": { "osm_id": 6128159004, "name": null, "amenity": null, "shop": "bakery", "tourism": null, "leisure": null, "highway": null, "railway": null, "public_transport": null, "category": "food_retail", "sub_category": "bakery", "category_label": "Grocery & Food Retail", "sub_category_label": "Bakery", "color": "#b4612f", "icon": "grocery.svg" }, "geometry": { "type": "Point", "coordinates": [ 51.6664967, 32.6566546 ] } },
{ "type": "Feature", "properties": { "osm_id": 6128159005, "name": "نیکلن مارکت", "amenity": null, "shop": "convenience", "tourism": null, "leisure": null, "highway": null, "railway": null, "public_transport": null, "category": "food_retail", "sub_category": "convenience_store", "category_label": "Grocery & Food Retail", "sub_category_label": "Convenience Store", "color": "#b4612f", "icon": "grocery.svg" }, "geometry": { "type": "Point", "coordinates": [ 51.6665159, 32.6564899 ] } },
{ "type": "Feature", "properties": { "osm_id": 6128159006, "name": "بینایی سنجی و عینک سازی بزرگان (عینک بزرگان)", "amenity": null, "shop": "optician", "tourism": null, "leisure": null, "highway": null, "railway": null, "public_transport": null, "category": "pharmacy_optical", "sub_category": "optician", "category_label": "Pharmacy & Optical", "sub_category_label": "Optician", "color": "#d14a4a", "icon": "pharmacy.svg" }, "geometry": { "type": "Point", "coordinates": [ 51.6662506, 32.6564918 ] } },
{ "type": "Feature", "properties": { "osm_id": 6128159009, "name": "کفش طبی", "amenity": null, "shop": "shoes", "tourism": null, "leisure": null, "highway": null, "railway": null, "public_transport": null, "category": "fashion", "sub_category": "shoe", "category_label": "Fashion & Clothing", "sub_category_label": "Shoe", "color": "#194aa4", "icon": "clothing-store.svg" }, "geometry": { "type": "Point", "coordinates": [ 51.6663429, 32.6537168 ] } },
{ "type": "Feature", "properties": { "osm_id": 6128159010, "name": null, "amenity": null, "shop": "outdoor", "tourism": null, "leisure": null, "highway": null, "railway": null, "public_transport": null, "category": "general_retail", "sub_category": "outdoor", "category_label": "General Retail", "sub_category_label": "Outdoor", "color": "#194aa4", "icon": "shop.svg" }, "geometry": { "type": "Point", "coordinates": [ 51.6678749, 32.6551338 ] } },
{ "type": "Feature", "properties": { "osm_id": 6128159011, "name": null, "amenity": null, "shop": "outdoor", "tourism": null, "leisure": null, "highway": null, "railway": null, "public_transport": null, "category": "general_retail", "sub_category": "outdoor", "category_label": "General Retail", "sub_category_label": "Outdoor", "color": "#194aa4", "icon": "shop.svg" }, "geometry": { "type": "Point", "coordinates": [ 51.6682184, 32.6550117 ] } },
{ "type": "Feature", "properties": { "osm_id": 6128159012, "name": "کفش رم", "amenity": null, "shop": "shoes", "tourism": null, "leisure": null, "highway": null, "railway": null, "public_transport": null, "category": "fashion", "sub_category": "shoe", "category_label": "Fashion & Clothing", "sub_category_label": "Shoe", "color": "#194aa4", "icon": "clothing-store.svg" }, "geometry": { "type": "Point", "coordinates": [ 51.6682886, 32.6550013 ] } },
{ "type": "Feature", "properties": { "osm_id": 6128159013, "name": null, "amenity": null, "shop": "outdoor", "tourism": null, "leisure": null, "highway": null, "railway": null, "public_transport": null, "category": "general_retail", "sub_category": "outdoor", "category_label": "General Retail", "sub_category_label": "Outdoor", "color": "#194aa4", "icon": "shop.svg" }, "geometry": { "type": "Point", "coordinates": [ 51.6684184, 32.6550017 ] } },
{ "type": "Feature", "properties": { "osm_id": 6128167285, "name": "لوازم ورزشی سکو", "amenity": null, "shop": "sports", "tourism": null, "leisure": null, "highway": null, "railway": null, "public_transport": null, "category": "general_retail", "sub_category": "sporting_store", "category_label": "General Retail", "sub_category_label": "Sporting Store", "color": "#194aa4", "icon": "shop.svg" }, "geometry": { "type": "Point", "coordinates": [ 51.6696153, 32.6618695 ] } },
{ "type": "Feature", "properties": { "osm_id": 6128167286, "name": "فروشگاه لوزام ورزشی کسش", "amenity": null, "shop": "sports", "tourism": null, "leisure": null, "highway": null, "railway": null, "public_transport": null, "category": "general_retail", "sub_category": "sporting_store", "category_label": "General Retail", "sub_category_label": "Sporting Store", "color": "#194aa4", "icon": "shop.svg" }, "geometry": { "type": "Point", "coordinates": [ 51.669689, 32.6624649 ] } },
{ "type": "Feature", "properties": { "osm_id": 6128167287, "name": "عینک سازی قصر", "amenity": null, "shop": "optician", "tourism": null, "leisure": null, "highway": null, "railway": null, "public_transport": null, "category": "pharmacy_optical", "sub_category": "optician", "category_label": "Pharmacy & Optical", "sub_category_label": "Optician", "color": "#d14a4a", "icon": "pharmacy.svg" }, "geometry": { "type": "Point", "coordinates": [ 51.6664483, 32.6537065 ] } },
{ "type": "Feature", "properties": { "osm_id": 6128167288, "name": null, "amenity": null, "shop": "outdoor", "tourism": null, "leisure": null, "highway": null, "railway": null, "public_transport": null, "category": "general_retail", "sub_category": "outdoor", "category_label": "General Retail", "sub_category_label": "Outdoor", "color": "#194aa4", "icon": "shop.svg" }, "geometry": { "type": "Point", "coordinates": [ 51.6675291, 32.6551119 ] } },
{ "type": "Feature", "properties": { "osm_id": 6128167289, "name": null, "amenity": "cafe", "shop": null, "tourism": null, "leisure": null, "highway": null, "railway": null, "public_transport": null, "category": "food_service", "sub_category": "cafe", "category_label": "Restaurants & Cafes", "sub_category_label": "Cafe", "color": "#b4612f", "icon": "restaurant.svg" }, "geometry": { "type": "Point", "coordinates": [ 51.6678406, 32.6551452 ] } },
{ "type": "Feature", "properties": { "osm_id": 6128167385, "name": null, "amenity": null, "shop": "sports", "tourism": null, "leisure": null, "highway": null, "railway": null, "public_transport": null, "category": "general_retail", "sub_category": "sporting_store", "category_label": "General Retail", "sub_category_label": "Sporting Store", "color": "#194aa4", "icon": "shop.svg" }, "geometry": { "type": "Point", "coordinates": [ 51.6696537, 32.6620498 ] } },
{ "type": "Feature", "properties": { "osm_id": 6128167386, "name": null, "amenity": null, "shop": "sports", "tourism": null, "leisure": null, "highway": null, "railway": null, "public_transport": null, "category": "general_retail", "sub_category": "sporting_store", "category_label": "General Retail", "sub_category_label": "Sporting Store", "color": "#194aa4", "icon": "shop.svg" }, "geometry": { "type": "Point", "coordinates": [ 51.6698544, 32.6628797 ] } },
{ "type": "Feature", "properties": { "osm_id": 6128167388, "name": null, "amenity": "telephone", "shop": null, "tourism": null, "leisure": null, "highway": null, "railway": null, "public_transport": null, "category": "public_service", "sub_category": "other", "category_label": "Public Services", "sub_category_label": "Other", "color": "#506aa0", "icon": "post.svg" }, "geometry": { "type": "Point", "coordinates": [ 51.6666015, 32.6584666 ] } },
{ "type": "Feature", "properties": { "osm_id": 6128167389, "name": null, "amenity": null, "shop": "sports", "tourism": null, "leisure": null, "highway": null, "railway": null, "public_transport": null, "category": "general_retail", "sub_category": "sporting_store", "category_label": "General Retail", "sub_category_label": "Sporting Store", "color": "#194aa4", "icon": "shop.svg" }, "geometry": { "type": "Point", "coordinates": [ 51.666871, 32.6576605 ] } },
{ "type": "Feature", "properties": { "osm_id": 6128167390, "name": null, "amenity": "pharmacy", "shop": null, "tourism": null, "leisure": null, "highway": null, "railway": null, "public_transport": null, "category": "pharmacy_optical", "sub_category": "pharmacy", "category_label": "Pharmacy & Optical", "sub_category_label": "Pharmacy", "color": "#d14a4a", "icon": "pharmacy.svg" }, "geometry": { "type": "Point", "coordinates": [ 51.6665194, 32.6568099 ] } },
{ "type": "Feature", "properties": { "osm_id": 6128167391, "name": "دکتر غلامعلی حسنی", "amenity": "doctors", "shop": null, "tourism": null, "leisure": null, "highway": null, "railway": null, "public_transport": null, "category": "medical_care", "sub_category": "doctor", "category_label": "Medical Care", "sub_category_label": "Doctor", "color": "#d14a4a", "icon": "doctor.svg" }, "geometry": { "type": "Point", "coordinates": [ 51.6663421, 32.6543302 ] } },
{ "type": "Feature", "properties": { "osm_id": 6128167392, "name": null, "amenity": "ice_cream", "shop": null, "tourism": null, "leisure": null, "highway": null, "railway": null, "public_transport": null, "category": "food_service", "sub_category": "cafe", "category_label": "Restaurants & Cafes", "sub_category_label": "Cafe", "color": "#b4612f", "icon": "restaurant.svg" }, "geometry": { "type": "Point", "coordinates": [ 51.6685006, 32.6535776 ] } },
{ "type": "Feature", "properties": { "osm_id": 6128167393, "name": "کفش ملی", "amenity": null, "shop": "shoes", "tourism": null, "leisure": null, "highway": null, "railway": null, "public_transport": null, "category": "fashion", "sub_category": "shoe", "category_label": "Fashion & Clothing", "sub_category_label": "Shoe", "color": "#194aa4", "icon": "clothing-store.svg" }, "geometry": { "type": "Point", "coordinates": [ 51.668811, 32.6555938 ] } },
{ "type": "Feature", "properties": { "osm_id": 6128167394, "name": null, "amenity": null, "shop": "photo", "tourism": null, "leisure": null, "highway": null, "railway": null, "public_transport": null, "category": "general_retail", "sub_category": "photo", "category_label": "General Retail", "sub_category_label": "Photo", "color": "#194aa4", "icon": "shop.svg" }, "geometry": { "type": "Point", "coordinates": [ 51.6681905, 32.6552876 ] } },
{ "type": "Feature", "properties": { "osm_id": 6128167395, "name": "فروشگاه ارشک", "amenity": null, "shop": "clothes", "tourism": null, "leisure": null, "highway": null, "railway": null, "public_transport": null, "category": "fashion", "sub_category": "clothes", "category_label": "Fashion & Clothing", "sub_category_label": "Clothes", "color": "#194aa4", "icon": "clothing-store.svg" }, "geometry": { "type": "Point", "coordinates": [ 51.6675309, 32.6557122 ] } },
{ "type": "Feature", "properties": { "osm_id": 6128167396, "name": null, "amenity": null, "shop": "shoes", "tourism": null, "leisure": null, "highway": null, "railway": null, "public_transport": null, "category": "fashion", "sub_category": "shoe", "category_label": "Fashion & Clothing", "sub_category_label": "Shoe", "color": "#194aa4", "icon": "clothing-store.svg" }, "geometry": { "type": "Point", "coordinates": [ 51.6677861, 32.6551414 ] } },
{ "type": "Feature", "properties": { "osm_id": 6128167485, "name": "لوازم ورزشی پرش", "amenity": null, "shop": "sports", "tourism": null, "leisure": null, "highway": null, "railway": null, "public_transport": null, "category": "general_retail", "sub_category": "sporting_store", "category_label": "General Retail", "sub_category_label": "Sporting Store", "color": "#194aa4", "icon": "shop.svg" }, "geometry": { "type": "Point", "coordinates": [ 51.6696575, 32.662128 ] } },
{ "type": "Feature", "properties": { "osm_id": 6128168485, "name": null, "amenity": null, "shop": "sports", "tourism": null, "leisure": null, "highway": null, "railway": null, "public_transport": null, "category": "general_retail", "sub_category": "sporting_store", "category_label": "General Retail", "sub_category_label": "Sporting Store", "color": "#194aa4", "icon": "shop.svg" }, "geometry": { "type": "Point", "coordinates": [ 51.6661662, 32.655664 ] } },
{ "type": "Feature", "properties": { "osm_id": 6128168486, "name": null, "amenity": null, "shop": "clothes", "tourism": null, "leisure": null, "highway": null, "railway": null, "public_transport": null, "category": "fashion", "sub_category": "clothes", "category_label": "Fashion & Clothing", "sub_category_label": "Clothes", "color": "#194aa4", "icon": "clothing-store.svg" }, "geometry": { "type": "Point", "coordinates": [ 51.66861, 32.6545024 ] } },
{ "type": "Feature", "properties": { "osm_id": 6129018085, "name": null, "amenity": null, "shop": "outdoor", "tourism": null, "leisure": null, "highway": null, "railway": null, "public_transport": null, "category": "general_retail", "sub_category": "outdoor", "category_label": "General Retail", "sub_category_label": "Outdoor", "color": "#194aa4", "icon": "shop.svg" }, "geometry": { "type": "Point", "coordinates": [ 51.6681476, 32.654937 ] } },
{ "type": "Feature", "properties": { "osm_id": 6129018186, "name": null, "amenity": null, "shop": "shoes", "tourism": null, "leisure": null, "highway": null, "railway": null, "public_transport": null, "category": "fashion", "sub_category": "shoe", "category_label": "Fashion & Clothing", "sub_category_label": "Shoe", "color": "#194aa4", "icon": "clothing-store.svg" }, "geometry": { "type": "Point", "coordinates": [ 51.6686657, 32.6546609 ] } },
{ "type": "Feature", "properties": { "osm_id": 6129018188, "name": null, "amenity": null, "shop": "confectionery", "tourism": null, "leisure": null, "highway": null, "railway": null, "public_transport": null, "category": "food_retail", "sub_category": "confectionery", "category_label": "Grocery & Food Retail", "sub_category_label": "Confectionery", "color": "#b4612f", "icon": "grocery.svg" }, "geometry": { "type": "Point", "coordinates": [ 51.6690885, 32.6549827 ] } },
{ "type": "Feature", "properties": { "osm_id": 6129018385, "name": null, "amenity": null, "shop": "outdoor", "tourism": null, "leisure": null, "highway": null, "railway": null, "public_transport": null, "category": "general_retail", "sub_category": "outdoor", "category_label": "General Retail", "sub_category_label": "Outdoor", "color": "#194aa4", "icon": "shop.svg" }, "geometry": { "type": "Point", "coordinates": [ 51.6683322, 32.6550639 ] } },
{ "type": "Feature", "properties": { "osm_id": 6129018386, "name": null, "amenity": null, "shop": "photo", "tourism": null, "leisure": null, "highway": null, "railway": null, "public_transport": null, "category": "general_retail", "sub_category": "photo", "category_label": "General Retail", "sub_category_label": "Photo", "color": "#194aa4", "icon": "shop.svg" }, "geometry": { "type": "Point", "coordinates": [ 51.6682797, 32.6554322 ] } },
{ "type": "Feature", "properties": { "osm_id": 6129018387, "name": "طلا جواهر ساعت جهان;مركز فر موي آقايان آرايشگاه صدري", "amenity": null, "shop": "hairdresser", "tourism": null, "leisure": null, "highway": null, "railway": null, "public_transport": null, "category": "professional_service", "sub_category": "barber", "category_label": "Professional Services", "sub_category_label": "Barber", "color": "#506aa0", "icon": "building.svg" }, "geometry": { "type": "Point", "coordinates": [ 51.6683207, 32.6529627 ] } },
{ "type": "Feature", "properties": { "osm_id": 6129018388, "name": null, "amenity": null, "shop": "hairdresser", "tourism": null, "leisure": null, "highway": null, "railway": null, "public_transport": null, "category": "professional_service", "sub_category": "barber", "category_label": "Professional Services", "sub_category_label": "Barber", "color": "#506aa0", "icon": "building.svg" }, "geometry": { "type": "Point", "coordinates": [ 51.6684555, 32.6528255 ] } },
{ "type": "Feature", "properties": { "osm_id": 6129018395, "name": null, "amenity": "fast_food", "shop": null, "tourism": null, "leisure": null, "highway": null, "railway": null, "public_transport": null, "category": "food_service", "sub_category": "fast_food", "category_label": "Restaurants & Cafes", "sub_category_label": "Fast Food", "color": "#b4612f", "icon": "restaurant.svg" }, "geometry": { "type": "Point", "coordinates": [ 51.6690795, 32.6549312 ] } },
{ "type": "Feature", "properties": { "osm_id": 6129018396, "name": "تن‌پوش آریایی", "amenity": null, "shop": "clothes", "tourism": null, "leisure": null, "highway": null, "railway": null, "public_transport": null, "category": "fashion", "sub_category": "clothes", "category_label": "Fashion & Clothing", "sub_category_label": "Clothes", "color": "#194aa4", "icon": "clothing-store.svg" }, "geometry": { "type": "Point", "coordinates": [ 51.6691984, 32.6555387 ] } },
{ "type": "Feature", "properties": { "osm_id": 6129018397, "name": null, "amenity": null, "shop": "outdoor", "tourism": null, "leisure": null, "highway": null, "railway": null, "public_transport": null, "category": "general_retail", "sub_category": "outdoor", "category_label": "General Retail", "sub_category_label": "Outdoor", "color": "#194aa4", "icon": "shop.svg" }, "geometry": { "type": "Point", "coordinates": [ 51.6676248, 32.6551395 ] } },
{ "type": "Feature", "properties": { "osm_id": 6129018785, "name": null, "amenity": null, "shop": "shoes", "tourism": null, "leisure": null, "highway": null, "railway": null, "public_transport": null, "category": "fashion", "sub_category": "shoe", "category_label": "Fashion & Clothing", "sub_category_label": "Shoe", "color": "#194aa4", "icon": "clothing-store.svg" }, "geometry": { "type": "Point", "coordinates": [ 51.6686958, 32.6548989 ] } },
{ "type": "Feature", "properties": { "osm_id": 6129019085, "name": "دکه", "amenity": null, "shop": "newsagent", "tourism": null, "leisure": null, "highway": null, "railway": null, "public_transport": null, "category": "general_retail", "sub_category": "news_stand", "category_label": "General Retail", "sub_category_label": "News Stand", "color": "#194aa4", "icon": "shop.svg" }, "geometry": { "type": "Point", "coordinates": [ 51.6684327, 32.6525986 ] } },
{ "type": "Feature", "properties": { "osm_id": 6129020185, "name": null, "amenity": "atm", "shop": null, "tourism": null, "leisure": null, "highway": null, "railway": null, "public_transport": null, "category": "finance", "sub_category": "atm", "category_label": "Banking & Finance", "sub_category_label": "Atm", "color": "#4e497c", "icon": "bank.svg" }, "geometry": { "type": "Point", "coordinates": [ 51.6688528, 32.6536132 ] } },
{ "type": "Feature", "properties": { "osm_id": 6155034354, "name": "پارکینگ عقیق", "amenity": "parking", "shop": null, "tourism": null, "leisure": null, "highway": null, "railway": null, "public_transport": null, "category": "parking_road_facility", "sub_category": "parking", "category_label": "Parking & Road Facilities", "sub_category_label": "Parking", "color": "#78523e", "icon": "parking.svg" }, "geometry": { "type": "Point", "coordinates": [ 51.686194, 32.6738279 ] } },
{ "type": "Feature", "properties": { "osm_id": 6157884988, "name": "شاهد ابوذر", "amenity": "school", "shop": null, "tourism": null, "leisure": null, "highway": null, "railway": null, "public_transport": null, "category": "education", "sub_category": "school", "category_label": "Education", "sub_category_label": "School", "color": "#78523e", "icon": "school.svg" }, "geometry": { "type": "Point", "coordinates": [ 51.6583678, 32.6548229 ] } },
{ "type": "Feature", "properties": { "osm_id": 6157884989, "name": "بانک صادرات", "amenity": "bank", "shop": null, "tourism": null, "leisure": null, "highway": null, "railway": null, "public_transport": null, "category": "finance", "sub_category": "bank", "category_label": "Banking & Finance", "sub_category_label": "Bank", "color": "#4e497c", "icon": "bank.svg" }, "geometry": { "type": "Point", "coordinates": [ 51.6580507, 32.6544497 ] } },
{ "type": "Feature", "properties": { "osm_id": 6157884990, "name": "بانک تجارت", "amenity": "bank", "shop": null, "tourism": null, "leisure": null, "highway": null, "railway": null, "public_transport": null, "category": "finance", "sub_category": "bank", "category_label": "Banking & Finance", "sub_category_label": "Bank", "color": "#4e497c", "icon": "bank.svg" }, "geometry": { "type": "Point", "coordinates": [ 51.6597143, 32.6541989 ] } },
{ "type": "Feature", "properties": { "osm_id": 6157884991, "name": "نانوایی", "amenity": null, "shop": "bakery", "tourism": null, "leisure": null, "highway": null, "railway": null, "public_transport": null, "category": "food_retail", "sub_category": "bakery", "category_label": "Grocery & Food Retail", "sub_category_label": "Bakery", "color": "#b4612f", "icon": "grocery.svg" }, "geometry": { "type": "Point", "coordinates": [ 51.6448653, 32.6558307 ] } },
{ "type": "Feature", "properties": { "osm_id": 6157884992, "name": "نانوایی بربری", "amenity": null, "shop": "bakery", "tourism": null, "leisure": null, "highway": null, "railway": null, "public_transport": null, "category": "food_retail", "sub_category": "bakery", "category_label": "Grocery & Food Retail", "sub_category_label": "Bakery", "color": "#b4612f", "icon": "grocery.svg" }, "geometry": { "type": "Point", "coordinates": [ 51.6528734, 32.6582054 ] } },
{ "type": "Feature", "properties": { "osm_id": 6157884993, "name": "شیروانی", "amenity": "school", "shop": null, "tourism": null, "leisure": null, "highway": null, "railway": null, "public_transport": null, "category": "education", "sub_category": "school", "category_label": "Education", "sub_category_label": "School", "color": "#78523e", "icon": "school.svg" }, "geometry": { "type": "Point", "coordinates": [ 51.6450731, 32.6637467 ] } },
{ "type": "Feature", "properties": { "osm_id": 6157885089, "name": "بانک مسکن", "amenity": "bank", "shop": null, "tourism": null, "leisure": null, "highway": null, "railway": null, "public_transport": null, "category": "finance", "sub_category": "bank", "category_label": "Banking & Finance", "sub_category_label": "Bank", "color": "#4e497c", "icon": "bank.svg" }, "geometry": { "type": "Point", "coordinates": [ 51.6530742, 32.6550412 ] } },
{ "type": "Feature", "properties": { "osm_id": 6157885186, "name": "نانوایی", "amenity": null, "shop": "bakery", "tourism": null, "leisure": null, "highway": null, "railway": null, "public_transport": null, "category": "food_retail", "sub_category": "bakery", "category_label": "Grocery & Food Retail", "sub_category_label": "Bakery", "color": "#b4612f", "icon": "grocery.svg" }, "geometry": { "type": "Point", "coordinates": [ 51.6505099, 32.6590151 ] } },
{ "type": "Feature", "properties": { "osm_id": 6157885187, "name": "نانوایی سنگکی", "amenity": null, "shop": "bakery", "tourism": null, "leisure": null, "highway": null, "railway": null, "public_transport": null, "category": "food_retail", "sub_category": "bakery", "category_label": "Grocery & Food Retail", "sub_category_label": "Bakery", "color": "#b4612f", "icon": "grocery.svg" }, "geometry": { "type": "Point", "coordinates": [ 51.643917, 32.6637191 ] } },
{ "type": "Feature", "properties": { "osm_id": 6157885285, "name": "نانوایی سنگکی", "amenity": null, "shop": "bakery", "tourism": null, "leisure": null, "highway": null, "railway": null, "public_transport": null, "category": "food_retail", "sub_category": "bakery", "category_label": "Grocery & Food Retail", "sub_category_label": "Bakery", "color": "#b4612f", "icon": "grocery.svg" }, "geometry": { "type": "Point", "coordinates": [ 51.6526333, 32.6549583 ] } },
{ "type": "Feature", "properties": { "osm_id": 6164130785, "name": "خانه تاریخی ایروانی", "amenity": null, "shop": null, "tourism": "chalet", "leisure": null, "highway": null, "railway": null, "public_transport": null, "category": "culture_attraction", "sub_category": "chalet", "category_label": "Culture & Attractions", "sub_category_label": "Chalet", "color": "#067c91", "icon": "museum.svg" }, "geometry": { "type": "Point", "coordinates": [ 51.6837676, 32.6702551 ] } },
{ "type": "Feature", "properties": { "osm_id": 6169236385, "name": "عصارخانه شاهی", "amenity": null, "shop": null, "tourism": "museum", "leisure": null, "highway": null, "railway": null, "public_transport": null, "category": "culture_attraction", "sub_category": "museum", "category_label": "Culture & Attractions", "sub_category_label": "Museum", "color": "#067c91", "icon": "museum.svg" }, "geometry": { "type": "Point", "coordinates": [ 51.6777932, 32.6607337 ] } },
{ "type": "Feature", "properties": { "osm_id": 6169238785, "name": "خانه مشروطیت اصفهان", "amenity": null, "shop": null, "tourism": "museum", "leisure": null, "highway": null, "railway": null, "public_transport": null, "category": "culture_attraction", "sub_category": "museum", "category_label": "Culture & Attractions", "sub_category_label": "Museum", "color": "#067c91", "icon": "museum.svg" }, "geometry": { "type": "Point", "coordinates": [ 51.6809424, 32.6539014 ] } },
{ "type": "Feature", "properties": { "osm_id": 6180581192, "name": "ساختمان شهید احمد", "amenity": null, "shop": null, "tourism": "hostel", "leisure": null, "highway": null, "railway": null, "public_transport": null, "category": "accommodation", "sub_category": "hostel", "category_label": "Accommodation", "sub_category_label": "Hostel", "color": "#78523e", "icon": "lodging.svg" }, "geometry": { "type": "Point", "coordinates": [ 51.6670615, 32.6713374 ] } },
{ "type": "Feature", "properties": { "osm_id": 6180581696, "name": "چهارراه شکرشکن", "amenity": null, "shop": null, "tourism": null, "leisure": null, "highway": "bus_stop", "railway": null, "public_transport": "platform", "category": "public_transport", "sub_category": "bus_stop", "category_label": "Public Transportation", "sub_category_label": "Bus Stop", "color": "#1787d4", "icon": "bus.svg" }, "geometry": { "type": "Point", "coordinates": [ 51.6838761, 32.6594858 ] } },
{ "type": "Feature", "properties": { "osm_id": 6180581697, "name": null, "amenity": "bus_station", "shop": null, "tourism": null, "leisure": null, "highway": null, "railway": null, "public_transport": "station", "category": "public_transport", "sub_category": "bus_station", "category_label": "Public Transportation", "sub_category_label": "Bus Station", "color": "#1787d4", "icon": "bus.svg" }, "geometry": { "type": "Point", "coordinates": [ 51.6830122, 32.6556024 ] } },
{ "type": "Feature", "properties": { "osm_id": 6180582287, "name": "رستوران نمکدان", "amenity": "restaurant", "shop": null, "tourism": null, "leisure": null, "highway": null, "railway": null, "public_transport": null, "category": "food_service", "sub_category": "restaurant", "category_label": "Restaurants & Cafes", "sub_category_label": "Restaurant", "color": "#b4612f", "icon": "restaurant.svg" }, "geometry": { "type": "Point", "coordinates": [ 51.675621, 32.655244 ] } },
{ "type": "Feature", "properties": { "osm_id": 6180636585, "name": "کافه", "amenity": "cafe", "shop": null, "tourism": null, "leisure": null, "highway": null, "railway": null, "public_transport": null, "category": "food_service", "sub_category": "cafe", "category_label": "Restaurants & Cafes", "sub_category_label": "Cafe", "color": "#b4612f", "icon": "restaurant.svg" }, "geometry": { "type": "Point", "coordinates": [ 51.6756289, 32.6540244 ] } },
{ "type": "Feature", "properties": { "osm_id": 6187320286, "name": "Namakdan Mansion", "amenity": "cafe", "shop": null, "tourism": null, "leisure": null, "highway": null, "railway": null, "public_transport": null, "category": "food_service", "sub_category": "cafe", "category_label": "Restaurants & Cafes", "sub_category_label": "Cafe", "color": "#b4612f", "icon": "restaurant.svg" }, "geometry": { "type": "Point", "coordinates": [ 51.6755219, 32.6551879 ] } },
{ "type": "Feature", "properties": { "osm_id": 6192062486, "name": null, "amenity": "cafe", "shop": null, "tourism": null, "leisure": null, "highway": null, "railway": null, "public_transport": null, "category": "food_service", "sub_category": "cafe", "category_label": "Restaurants & Cafes", "sub_category_label": "Cafe", "color": "#b4612f", "icon": "restaurant.svg" }, "geometry": { "type": "Point", "coordinates": [ 51.6679232, 32.6551585 ] } },
{ "type": "Feature", "properties": { "osm_id": 6194757085, "name": "کافه میدون", "amenity": "cafe", "shop": null, "tourism": null, "leisure": null, "highway": null, "railway": null, "public_transport": null, "category": "food_service", "sub_category": "cafe", "category_label": "Restaurants & Cafes", "sub_category_label": "Cafe", "color": "#b4612f", "icon": "restaurant.svg" }, "geometry": { "type": "Point", "coordinates": [ 51.6760966, 32.6552407 ] } },
{ "type": "Feature", "properties": { "osm_id": 6222364336, "name": "اورجینال ابزار", "amenity": null, "shop": "hardware", "tourism": null, "leisure": null, "highway": null, "railway": null, "public_transport": null, "category": "general_retail", "sub_category": "hardware_store", "category_label": "General Retail", "sub_category_label": "Hardware Store", "color": "#194aa4", "icon": "shop.svg" }, "geometry": { "type": "Point", "coordinates": [ 51.6430618, 32.6676784 ] } },
{ "type": "Feature", "properties": { "osm_id": 6226508885, "name": "موزه عصارخانه شاهی", "amenity": null, "shop": null, "tourism": "museum", "leisure": null, "highway": null, "railway": null, "public_transport": null, "category": "culture_attraction", "sub_category": "museum", "category_label": "Culture & Attractions", "sub_category_label": "Museum", "color": "#067c91", "icon": "museum.svg" }, "geometry": { "type": "Point", "coordinates": [ 51.6779564, 32.6621811 ] } },
{ "type": "Feature", "properties": { "osm_id": 6239494685, "name": "خانه عطاالملک دهش (موزه آموزش و پرورش)", "amenity": null, "shop": null, "tourism": "museum", "leisure": null, "highway": null, "railway": null, "public_transport": null, "category": "culture_attraction", "sub_category": "museum", "category_label": "Culture & Attractions", "sub_category_label": "Museum", "color": "#067c91", "icon": "museum.svg" }, "geometry": { "type": "Point", "coordinates": [ 51.6653108, 32.6530311 ] } },
{ "type": "Feature", "properties": { "osm_id": 6239561328, "name": "مرکز تخصص پروتز ترمیم موی چهره", "amenity": null, "shop": "hairdresser", "tourism": null, "leisure": null, "highway": null, "railway": null, "public_transport": null, "category": "professional_service", "sub_category": "barber", "category_label": "Professional Services", "sub_category_label": "Barber", "color": "#506aa0", "icon": "building.svg" }, "geometry": { "type": "Point", "coordinates": [ 51.6489689, 32.6746426 ] } },
{ "type": "Feature", "properties": { "osm_id": 6254540686, "name": "تیم طراحان مینیاتور گرافیک", "amenity": null, "shop": null, "tourism": null, "leisure": null, "highway": null, "railway": null, "public_transport": null, "category": "other", "sub_category": "general", "category_label": "Other", "sub_category_label": "General", "color": "#999", "icon": "marker.svg" }, "geometry": { "type": "Point", "coordinates": [ 51.6854556, 32.6604066 ] } },
{ "type": "Feature", "properties": { "osm_id": 6255534179, "name": "خانه چسب", "amenity": null, "shop": "yes", "tourism": null, "leisure": null, "highway": null, "railway": null, "public_transport": null, "category": "general_retail", "sub_category": "yes", "category_label": "General Retail", "sub_category_label": "Yes", "color": "#194aa4", "icon": "shop.svg" }, "geometry": { "type": "Point", "coordinates": [ 51.6460757, 32.6668103 ] } },
{ "type": "Feature", "properties": { "osm_id": 6264790485, "name": "آپارتمان ۴۸", "amenity": null, "shop": null, "tourism": "apartment", "leisure": null, "highway": null, "railway": null, "public_transport": null, "category": "accommodation", "sub_category": "lodging", "category_label": "Accommodation", "sub_category_label": "Lodging", "color": "#78523e", "icon": "lodging.svg" }, "geometry": { "type": "Point", "coordinates": [ 51.6872302, 32.654777 ] } },
{ "type": "Feature", "properties": { "osm_id": 6265020385, "name": "卖藏红花", "amenity": null, "shop": "gift", "tourism": null, "leisure": null, "highway": null, "railway": null, "public_transport": null, "category": "general_retail", "sub_category": "store", "category_label": "General Retail", "sub_category_label": "Store", "color": "#194aa4", "icon": "shop.svg" }, "geometry": { "type": "Point", "coordinates": [ 51.675683, 32.6551584 ] } },
{ "type": "Feature", "properties": { "osm_id": 6308141287, "name": "طلا و جواهري خاتون", "amenity": null, "shop": "jewelry", "tourism": null, "leisure": null, "highway": null, "railway": null, "public_transport": null, "category": "beauty_accessories", "sub_category": "jewelry", "category_label": "Beauty & Accessories", "sub_category_label": "Jewelry", "color": "#194aa4", "icon": "shop.svg" }, "geometry": { "type": "Point", "coordinates": [ 51.6774811, 32.6614935 ] } },
{ "type": "Feature", "properties": { "osm_id": 6326748885, "name": "آب سرد کن", "amenity": "drinking_water", "shop": null, "tourism": null, "leisure": null, "highway": null, "railway": null, "public_transport": null, "category": "public_service", "sub_category": "drinking_water", "category_label": "Public Services", "sub_category_label": "Drinking Water", "color": "#506aa0", "icon": "post.svg" }, "geometry": { "type": "Point", "coordinates": [ 51.6774731, 32.6614591 ] } },
{ "type": "Feature", "properties": { "osm_id": 6328586785, "name": "درشکه سواری", "amenity": null, "shop": null, "tourism": "attraction", "leisure": null, "highway": null, "railway": null, "public_transport": null, "category": "culture_attraction", "sub_category": "culture_attraction", "category_label": "Culture & Attractions", "sub_category_label": "Culture Attraction", "color": "#067c91", "icon": "museum.svg" }, "geometry": { "type": "Point", "coordinates": [ 51.6773669, 32.6582731 ] } },
{ "type": "Feature", "properties": { "osm_id": 6335413786, "name": "دفتر خدماتی رایتل", "amenity": null, "shop": null, "tourism": null, "leisure": null, "highway": null, "railway": null, "public_transport": null, "category": "other", "sub_category": "general", "category_label": "Other", "sub_category_label": "General", "color": "#999", "icon": "marker.svg" }, "geometry": { "type": "Point", "coordinates": [ 51.6496616, 32.674226 ] } },
{ "type": "Feature", "properties": { "osm_id": 6335413787, "name": "سنگک", "amenity": null, "shop": "bakery", "tourism": null, "leisure": null, "highway": null, "railway": null, "public_transport": null, "category": "food_retail", "sub_category": "bakery", "category_label": "Grocery & Food Retail", "sub_category_label": "Bakery", "color": "#b4612f", "icon": "grocery.svg" }, "geometry": { "type": "Point", "coordinates": [ 51.6503393, 32.6743288 ] } },
{ "type": "Feature", "properties": { "osm_id": 6335421386, "name": "جگر کیدنی", "amenity": "restaurant", "shop": null, "tourism": null, "leisure": null, "highway": null, "railway": null, "public_transport": null, "category": "food_service", "sub_category": "restaurant", "category_label": "Restaurants & Cafes", "sub_category_label": "Restaurant", "color": "#b4612f", "icon": "restaurant.svg" }, "geometry": { "type": "Point", "coordinates": [ 51.6501145, 32.6743762 ] } },
{ "type": "Feature", "properties": { "osm_id": 6344981243, "name": null, "amenity": "restaurant", "shop": null, "tourism": null, "leisure": null, "highway": null, "railway": null, "public_transport": null, "category": "food_service", "sub_category": "restaurant", "category_label": "Restaurants & Cafes", "sub_category_label": "Restaurant", "color": "#b4612f", "icon": "restaurant.svg" }, "geometry": { "type": "Point", "coordinates": [ 51.6735084, 32.6591153 ] } },
{ "type": "Feature", "properties": { "osm_id": 6354993985, "name": "غذای خانگی مطبخ", "amenity": "restaurant", "shop": null, "tourism": null, "leisure": null, "highway": null, "railway": null, "public_transport": null, "category": "food_service", "sub_category": "restaurant", "category_label": "Restaurants & Cafes", "sub_category_label": "Restaurant", "color": "#b4612f", "icon": "restaurant.svg" }, "geometry": { "type": "Point", "coordinates": [ 51.6578743, 32.6738752 ] } },
{ "type": "Feature", "properties": { "osm_id": 6369540404, "name": "اقامتگاه بومگردی خلوت‌سرا", "amenity": null, "shop": null, "tourism": "guest_house", "leisure": null, "highway": null, "railway": null, "public_transport": null, "category": "accommodation", "sub_category": "lodging", "category_label": "Accommodation", "sub_category_label": "Lodging", "color": "#78523e", "icon": "lodging.svg" }, "geometry": { "type": "Point", "coordinates": [ 51.666276, 32.6584719 ] } },
{ "type": "Feature", "properties": { "osm_id": 6373463085, "name": "هتل سنتی اصفهان", "amenity": null, "shop": null, "tourism": "hotel", "leisure": null, "highway": null, "railway": null, "public_transport": null, "category": "accommodation", "sub_category": "hotel", "category_label": "Accommodation", "sub_category_label": "Hotel", "color": "#78523e", "icon": "lodging.svg" }, "geometry": { "type": "Point", "coordinates": [ 51.6759135, 32.6636945 ] } },
{ "type": "Feature", "properties": { "osm_id": 6388724780, "name": "غربی", "amenity": null, "shop": null, "tourism": null, "leisure": null, "highway": null, "railway": "subway_entrance", "public_transport": null, "category": "public_transport", "sub_category": "subway_station", "category_label": "Public Transportation", "sub_category_label": "Subway Station", "color": "#1787d4", "icon": "bus.svg" }, "geometry": { "type": "Point", "coordinates": [ 51.6718299, 32.6794975 ] } },
{ "type": "Feature", "properties": { "osm_id": 6388724781, "name": "شرقی", "amenity": null, "shop": null, "tourism": null, "leisure": null, "highway": null, "railway": "subway_entrance", "public_transport": null, "category": "public_transport", "sub_category": "subway_station", "category_label": "Public Transportation", "sub_category_label": "Subway Station", "color": "#1787d4", "icon": "bus.svg" }, "geometry": { "type": "Point", "coordinates": [ 51.6724817, 32.6795111 ] } },
{ "type": "Feature", "properties": { "osm_id": 6420302841, "name": null, "amenity": "toilets", "shop": null, "tourism": null, "leisure": null, "highway": null, "railway": null, "public_transport": null, "category": "public_service", "sub_category": "wc", "category_label": "Public Services", "sub_category_label": "Wc", "color": "#506aa0", "icon": "post.svg" }, "geometry": { "type": "Point", "coordinates": [ 51.678499, 32.658187 ] } },
{ "type": "Feature", "properties": { "osm_id": 6433669524, "name": "Cafe Gheseh", "amenity": "cafe", "shop": null, "tourism": null, "leisure": null, "highway": null, "railway": null, "public_transport": null, "category": "food_service", "sub_category": "cafe", "category_label": "Restaurants & Cafes", "sub_category_label": "Cafe", "color": "#b4612f", "icon": "restaurant.svg" }, "geometry": { "type": "Point", "coordinates": [ 51.6790124, 32.6554353 ] } },
{ "type": "Feature", "properties": { "osm_id": 6439613786, "name": "Antique Gaz", "amenity": null, "shop": "gift", "tourism": null, "leisure": null, "highway": null, "railway": null, "public_transport": null, "category": "general_retail", "sub_category": "store", "category_label": "General Retail", "sub_category_label": "Store", "color": "#194aa4", "icon": "shop.svg" }, "geometry": { "type": "Point", "coordinates": [ 51.6738107, 32.6601407 ] } },
{ "type": "Feature", "properties": { "osm_id": 6440034085, "name": "Antique Gaz", "amenity": null, "shop": "gift", "tourism": null, "leisure": null, "highway": null, "railway": null, "public_transport": null, "category": "general_retail", "sub_category": "store", "category_label": "General Retail", "sub_category_label": "Store", "color": "#194aa4", "icon": "shop.svg" }, "geometry": { "type": "Point", "coordinates": [ 51.67381, 32.6601309 ] } },
{ "type": "Feature", "properties": { "osm_id": 6440496191, "name": "Roozegar Cafe", "amenity": "restaurant", "shop": null, "tourism": null, "leisure": null, "highway": null, "railway": null, "public_transport": null, "category": "food_service", "sub_category": "restaurant", "category_label": "Restaurants & Cafes", "sub_category_label": "Restaurant", "color": "#b4612f", "icon": "restaurant.svg" }, "geometry": { "type": "Point", "coordinates": [ 51.6788689, 32.6556731 ] } },
{ "type": "Feature", "properties": { "osm_id": 6441077087, "name": "کافه قیصریه", "amenity": null, "shop": null, "tourism": "viewpoint", "leisure": null, "highway": null, "railway": null, "public_transport": null, "category": "culture_attraction", "sub_category": "viewpoint", "category_label": "Culture & Attractions", "sub_category_label": "Viewpoint", "color": "#067c91", "icon": "museum.svg" }, "geometry": { "type": "Point", "coordinates": [ 51.6767155, 32.6600806 ] } },
{ "type": "Feature", "properties": { "osm_id": 6447996186, "name": "هتل شیخ بهایی", "amenity": null, "shop": null, "tourism": "hotel", "leisure": null, "highway": null, "railway": null, "public_transport": null, "category": "accommodation", "sub_category": "hotel", "category_label": "Accommodation", "sub_category_label": "Hotel", "color": "#78523e", "icon": "lodging.svg" }, "geometry": { "type": "Point", "coordinates": [ 51.6676876, 32.6530322 ] } },
{ "type": "Feature", "properties": { "osm_id": 6448851485, "name": "پانسیون مهر اصفهان", "amenity": null, "shop": null, "tourism": "hostel", "leisure": null, "highway": null, "railway": null, "public_transport": null, "category": "accommodation", "sub_category": "hostel", "category_label": "Accommodation", "sub_category_label": "Hostel", "color": "#78523e", "icon": "lodging.svg" }, "geometry": { "type": "Point", "coordinates": [ 51.6625692, 32.6540825 ] } },
{ "type": "Feature", "properties": { "osm_id": 6448851486, "name": "مهمانسرا", "amenity": null, "shop": null, "tourism": "guest_house", "leisure": null, "highway": null, "railway": null, "public_transport": null, "category": "accommodation", "sub_category": "lodging", "category_label": "Accommodation", "sub_category_label": "Lodging", "color": "#78523e", "icon": "lodging.svg" }, "geometry": { "type": "Point", "coordinates": [ 51.6632759, 32.6534492 ] } },
{ "type": "Feature", "properties": { "osm_id": 6470789227, "name": "بیمه پارسیان ۲۰۲۰", "amenity": null, "shop": null, "tourism": null, "leisure": null, "highway": null, "railway": null, "public_transport": null, "category": "other", "sub_category": "general", "category_label": "Other", "sub_category_label": "General", "color": "#999", "icon": "marker.svg" }, "geometry": { "type": "Point", "coordinates": [ 51.6418316, 32.6557491 ] } },
{ "type": "Feature", "properties": { "osm_id": 6497275498, "name": "نمایندگی قطعات مدیران خودرو", "amenity": null, "shop": "car_parts", "tourism": null, "leisure": null, "highway": null, "railway": null, "public_transport": null, "category": "automotive", "sub_category": "car_related_store", "category_label": "Automotive Services", "sub_category_label": "Car Related Store", "color": "#2ecc71", "icon": "car-repair.svg" }, "geometry": { "type": "Point", "coordinates": [ 51.6406816, 32.6825432 ] } },
{ "type": "Feature", "properties": { "osm_id": 6497275499, "name": "آشپزی و بریانی خراسانی ۱", "amenity": "restaurant", "shop": null, "tourism": null, "leisure": null, "highway": null, "railway": null, "public_transport": null, "category": "food_service", "sub_category": "restaurant", "category_label": "Restaurants & Cafes", "sub_category_label": "Restaurant", "color": "#b4612f", "icon": "restaurant.svg" }, "geometry": { "type": "Point", "coordinates": [ 51.6420147, 32.6820714 ] } },
{ "type": "Feature", "properties": { "osm_id": 6497275507, "name": null, "amenity": null, "shop": null, "tourism": null, "leisure": null, "highway": "crossing", "railway": null, "public_transport": null, "category": "parking_road_facility", "sub_category": "crossing", "category_label": "Parking & Road Facilities", "sub_category_label": "Crossing", "color": "#78523e", "icon": "parking.svg" }, "geometry": { "type": "Point", "coordinates": [ 51.6410661, 32.6831611 ] } },
{ "type": "Feature", "properties": { "osm_id": 6497359190, "name": "فرهنگ سرای مهر", "amenity": "community_centre", "shop": null, "tourism": null, "leisure": null, "highway": null, "railway": null, "public_transport": null, "category": "other", "sub_category": "community_centre", "category_label": "Other", "sub_category_label": "Community Centre", "color": "#999", "icon": "marker.svg" }, "geometry": { "type": "Point", "coordinates": [ 51.6411623, 32.684294 ] } },
{ "type": "Feature", "properties": { "osm_id": 6497408370, "name": "مواد غذایی زمانی", "amenity": null, "shop": "supermarket", "tourism": null, "leisure": null, "highway": null, "railway": null, "public_transport": null, "category": "food_retail", "sub_category": "supermarket", "category_label": "Grocery & Food Retail", "sub_category_label": "Supermarket", "color": "#b4612f", "icon": "grocery.svg" }, "geometry": { "type": "Point", "coordinates": [ 51.6431337, 32.6840253 ] } },
{ "type": "Feature", "properties": { "osm_id": 6497479118, "name": "مواد غذایی سادات", "amenity": null, "shop": "supermarket", "tourism": null, "leisure": null, "highway": null, "railway": null, "public_transport": null, "category": "food_retail", "sub_category": "supermarket", "category_label": "Grocery & Food Retail", "sub_category_label": "Supermarket", "color": "#b4612f", "icon": "grocery.svg" }, "geometry": { "type": "Point", "coordinates": [ 51.6454483, 32.6851658 ] } },
{ "type": "Feature", "properties": { "osm_id": 6497479123, "name": "مدرسه مجمع خیرین مدرسه ساز استان اصفهان واحد شماره ۳ بانو کلینی", "amenity": "school", "shop": null, "tourism": null, "leisure": null, "highway": null, "railway": null, "public_transport": null, "category": "education", "sub_category": "school", "category_label": "Education", "sub_category_label": "School", "color": "#78523e", "icon": "school.svg" }, "geometry": { "type": "Point", "coordinates": [ 51.6426347, 32.6848227 ] } },
{ "type": "Feature", "properties": { "osm_id": 6498407681, "name": "تابلو سازی انتخاب", "amenity": null, "shop": "yes", "tourism": null, "leisure": null, "highway": null, "railway": null, "public_transport": null, "category": "general_retail", "sub_category": "yes", "category_label": "General Retail", "sub_category_label": "Yes", "color": "#194aa4", "icon": "shop.svg" }, "geometry": { "type": "Point", "coordinates": [ 51.6407962, 32.6828749 ] } },
{ "type": "Feature", "properties": { "osm_id": 6498407682, "name": "مشاور املاک ۱۲۸", "amenity": null, "shop": null, "tourism": null, "leisure": null, "highway": null, "railway": null, "public_transport": null, "category": "other", "sub_category": "general", "category_label": "Other", "sub_category_label": "General", "color": "#999", "icon": "marker.svg" }, "geometry": { "type": "Point", "coordinates": [ 51.6408686, 32.6828817 ] } },
{ "type": "Feature", "properties": { "osm_id": 6511974485, "name": null, "amenity": "atm", "shop": null, "tourism": null, "leisure": null, "highway": null, "railway": null, "public_transport": null, "category": "finance", "sub_category": "atm", "category_label": "Banking & Finance", "sub_category_label": "Atm", "color": "#4e497c", "icon": "bank.svg" }, "geometry": { "type": "Point", "coordinates": [ 51.6775953, 32.6614825 ] } },
{ "type": "Feature", "properties": { "osm_id": 6511974486, "name": null, "amenity": "atm", "shop": null, "tourism": null, "leisure": null, "highway": null, "railway": null, "public_transport": null, "category": "finance", "sub_category": "atm", "category_label": "Banking & Finance", "sub_category_label": "Atm", "color": "#4e497c", "icon": "bank.svg" }, "geometry": { "type": "Point", "coordinates": [ 51.6776336, 32.6612436 ] } },
{ "type": "Feature", "properties": { "osm_id": 6511974585, "name": null, "amenity": "atm", "shop": null, "tourism": null, "leisure": null, "highway": null, "railway": null, "public_transport": null, "category": "finance", "sub_category": "atm", "category_label": "Banking & Finance", "sub_category_label": "Atm", "color": "#4e497c", "icon": "bank.svg" }, "geometry": { "type": "Point", "coordinates": [ 51.6775889, 32.6615671 ] } },
{ "type": "Feature", "properties": { "osm_id": 6512734185, "name": "اقامتگاه بومگردی راتا", "amenity": null, "shop": null, "tourism": "guest_house", "leisure": null, "highway": null, "railway": null, "public_transport": null, "category": "accommodation", "sub_category": "lodging", "category_label": "Accommodation", "sub_category_label": "Lodging", "color": "#78523e", "icon": "lodging.svg" }, "geometry": { "type": "Point", "coordinates": [ 51.6602625, 32.666427 ] } },
{ "type": "Feature", "properties": { "osm_id": 6542740187, "name": "مطب دکتربهادرمشتاقیان", "amenity": "doctors", "shop": null, "tourism": null, "leisure": null, "highway": null, "railway": null, "public_transport": null, "category": "medical_care", "sub_category": "doctor", "category_label": "Medical Care", "sub_category_label": "Doctor", "color": "#d14a4a", "icon": "doctor.svg" }, "geometry": { "type": "Point", "coordinates": [ 51.6661599, 32.6536467 ] } },
{ "type": "Feature", "properties": { "osm_id": 6596673786, "name": "زورخانه علیقلی آقا", "amenity": null, "shop": null, "tourism": "attraction", "leisure": null, "highway": null, "railway": null, "public_transport": null, "category": "culture_attraction", "sub_category": "culture_attraction", "category_label": "Culture & Attractions", "sub_category_label": "Culture Attraction", "color": "#067c91", "icon": "museum.svg" }, "geometry": { "type": "Point", "coordinates": [ 51.6675809, 32.6691733 ] } },
{ "type": "Feature", "properties": { "osm_id": 6596684085, "name": "مقبره خواجه نظام الملک (دارالبطیخ)", "amenity": null, "shop": null, "tourism": "attraction", "leisure": null, "highway": null, "railway": null, "public_transport": null, "category": "culture_attraction", "sub_category": "culture_attraction", "category_label": "Culture & Attractions", "sub_category_label": "Culture Attraction", "color": "#067c91", "icon": "museum.svg" }, "geometry": { "type": "Point", "coordinates": [ 51.6913064, 32.6650926 ] } },
{ "type": "Feature", "properties": { "osm_id": 6620529387, "name": "نمایندگی وزارت امور خارجه", "amenity": null, "shop": null, "tourism": null, "leisure": null, "highway": null, "railway": null, "public_transport": null, "category": "other", "sub_category": "general", "category_label": "Other", "sub_category_label": "General", "color": "#999", "icon": "marker.svg" }, "geometry": { "type": "Point", "coordinates": [ 51.6712765, 32.6551352 ] } },
{ "type": "Feature", "properties": { "osm_id": 6652593391, "name": "۰۰۲۸", "amenity": null, "shop": null, "tourism": "caravan_site", "leisure": null, "highway": null, "railway": null, "public_transport": null, "category": "accommodation", "sub_category": "campground", "category_label": "Accommodation", "sub_category_label": "Campground", "color": "#78523e", "icon": "lodging.svg" }, "geometry": { "type": "Point", "coordinates": [ 51.6698735, 32.6612617 ] } },
{ "type": "Feature", "properties": { "osm_id": 6676827285, "name": null, "amenity": "restaurant", "shop": null, "tourism": null, "leisure": null, "highway": null, "railway": null, "public_transport": null, "category": "food_service", "sub_category": "restaurant", "category_label": "Restaurants & Cafes", "sub_category_label": "Restaurant", "color": "#b4612f", "icon": "restaurant.svg" }, "geometry": { "type": "Point", "coordinates": [ 51.6755225, 32.6546603 ] } },
{ "type": "Feature", "properties": { "osm_id": 6679852591, "name": "زورخانه مولاعلی", "amenity": null, "shop": null, "tourism": "attraction", "leisure": null, "highway": null, "railway": null, "public_transport": null, "category": "culture_attraction", "sub_category": "culture_attraction", "category_label": "Culture & Attractions", "sub_category_label": "Culture Attraction", "color": "#067c91", "icon": "museum.svg" }, "geometry": { "type": "Point", "coordinates": [ 51.6897325, 32.6699876 ] } },
{ "type": "Feature", "properties": { "osm_id": 6728718026, "name": "گروه شرکت های ره آورد", "amenity": null, "shop": null, "tourism": null, "leisure": null, "highway": null, "railway": null, "public_transport": null, "category": "other", "sub_category": "general", "category_label": "Other", "sub_category_label": "General", "color": "#999", "icon": "marker.svg" }, "geometry": { "type": "Point", "coordinates": [ 51.6669357, 32.6580842 ] } },
{ "type": "Feature", "properties": { "osm_id": 6758783285, "name": "سفره خانه سنتی نقش جهان", "amenity": "restaurant", "shop": null, "tourism": null, "leisure": null, "highway": null, "railway": null, "public_transport": null, "category": "food_service", "sub_category": "restaurant", "category_label": "Restaurants & Cafes", "sub_category_label": "Restaurant", "color": "#b4612f", "icon": "restaurant.svg" }, "geometry": { "type": "Point", "coordinates": [ 51.6784519, 32.6580174 ] } },
{ "type": "Feature", "properties": { "osm_id": 6760998246, "name": "دفتر پلیس + ۱۰", "amenity": null, "shop": null, "tourism": null, "leisure": null, "highway": null, "railway": null, "public_transport": null, "category": "other", "sub_category": "general", "category_label": "Other", "sub_category_label": "General", "color": "#999", "icon": "marker.svg" }, "geometry": { "type": "Point", "coordinates": [ 51.6868198, 32.6780209 ] } },
{ "type": "Feature", "properties": { "osm_id": 6761804788, "name": "فلافل عمو پارسا", "amenity": "fast_food", "shop": null, "tourism": null, "leisure": null, "highway": null, "railway": null, "public_transport": null, "category": "food_service", "sub_category": "fast_food", "category_label": "Restaurants & Cafes", "sub_category_label": "Fast Food", "color": "#b4612f", "icon": "restaurant.svg" }, "geometry": { "type": "Point", "coordinates": [ 51.6529895, 32.6573232 ] } },
{ "type": "Feature", "properties": { "osm_id": 6764026185, "name": null, "amenity": null, "shop": null, "tourism": "guest_house", "leisure": null, "highway": null, "railway": null, "public_transport": null, "category": "accommodation", "sub_category": "lodging", "category_label": "Accommodation", "sub_category_label": "Lodging", "color": "#78523e", "icon": "lodging.svg" }, "geometry": { "type": "Point", "coordinates": [ 51.6749471, 32.666981 ] } },
{ "type": "Feature", "properties": { "osm_id": 6765592285, "name": "خانقاه علی ابن سهل", "amenity": "place_of_worship", "shop": null, "tourism": null, "leisure": null, "highway": null, "railway": null, "public_transport": null, "category": "religion", "sub_category": "mosque", "category_label": "Religious Places", "sub_category_label": "Mosque", "color": "#78523e", "icon": "place-of-worship.svg" }, "geometry": { "type": "Point", "coordinates": [ 51.6926523, 32.6802181 ] } },
{ "type": "Feature", "properties": { "osm_id": 6794544952, "name": null, "amenity": "drinking_water", "shop": null, "tourism": null, "leisure": null, "highway": null, "railway": null, "public_transport": null, "category": "public_service", "sub_category": "drinking_water", "category_label": "Public Services", "sub_category_label": "Drinking Water", "color": "#506aa0", "icon": "post.svg" }, "geometry": { "type": "Point", "coordinates": [ 51.6748277, 32.6627708 ] } },
{ "type": "Feature", "properties": { "osm_id": 6794607371, "name": "The White Balcony Cafe", "amenity": "cafe", "shop": null, "tourism": null, "leisure": null, "highway": null, "railway": null, "public_transport": null, "category": "food_service", "sub_category": "cafe", "category_label": "Restaurants & Cafes", "sub_category_label": "Cafe", "color": "#b4612f", "icon": "restaurant.svg" }, "geometry": { "type": "Point", "coordinates": [ 51.6771112, 32.6605514 ] } },
{ "type": "Feature", "properties": { "osm_id": 6794613125, "name": "Portal", "amenity": null, "shop": null, "tourism": "attraction", "leisure": null, "highway": null, "railway": null, "public_transport": null, "category": "culture_attraction", "sub_category": "culture_attraction", "category_label": "Culture & Attractions", "sub_category_label": "Culture Attraction", "color": "#067c91", "icon": "museum.svg" }, "geometry": { "type": "Point", "coordinates": [ 51.674559, 32.6637666 ] } },
{ "type": "Feature", "properties": { "osm_id": 6794620009, "name": "Ziaei Hostel", "amenity": null, "shop": null, "tourism": "hostel", "leisure": null, "highway": null, "railway": null, "public_transport": null, "category": "accommodation", "sub_category": "hostel", "category_label": "Accommodation", "sub_category_label": "Hostel", "color": "#78523e", "icon": "lodging.svg" }, "geometry": { "type": "Point", "coordinates": [ 51.6703381, 32.6639662 ] } },
{ "type": "Feature", "properties": { "osm_id": 6807577200, "name": null, "amenity": "water_point", "shop": null, "tourism": null, "leisure": null, "highway": null, "railway": null, "public_transport": null, "category": "public_service", "sub_category": "drinking_water", "category_label": "Public Services", "sub_category_label": "Drinking Water", "color": "#506aa0", "icon": "post.svg" }, "geometry": { "type": "Point", "coordinates": [ 51.6637689, 32.6653362 ] } },
{ "type": "Feature", "properties": { "osm_id": 6807787085, "name": null, "amenity": "toilets", "shop": null, "tourism": null, "leisure": null, "highway": null, "railway": null, "public_transport": null, "category": "public_service", "sub_category": "wc", "category_label": "Public Services", "sub_category_label": "Wc", "color": "#506aa0", "icon": "post.svg" }, "geometry": { "type": "Point", "coordinates": [ 51.6635269, 32.6653739 ] } },
{ "type": "Feature", "properties": { "osm_id": 6822932244, "name": "گالری شریف", "amenity": "toilets", "shop": "watches", "tourism": null, "leisure": null, "highway": null, "railway": null, "public_transport": null, "category": "public_service", "sub_category": "wc", "category_label": "Public Services", "sub_category_label": "Wc", "color": "#506aa0", "icon": "post.svg" }, "geometry": { "type": "Point", "coordinates": [ 51.6691671, 32.6526741 ] } },
{ "type": "Feature", "properties": { "osm_id": 6833011413, "name": "کلینیک دندانپزشکی ابن سینا", "amenity": "dentist", "shop": null, "tourism": null, "leisure": null, "highway": null, "railway": null, "public_transport": null, "category": "medical_care", "sub_category": "dentist", "category_label": "Medical Care", "sub_category_label": "Dentist", "color": "#d14a4a", "icon": "doctor.svg" }, "geometry": { "type": "Point", "coordinates": [ 51.6718944, 32.6721806 ] } },
{ "type": "Feature", "properties": { "osm_id": 6854465952, "name": null, "amenity": "cafe", "shop": null, "tourism": null, "leisure": null, "highway": null, "railway": null, "public_transport": null, "category": "food_service", "sub_category": "cafe", "category_label": "Restaurants & Cafes", "sub_category_label": "Cafe", "color": "#b4612f", "icon": "restaurant.svg" }, "geometry": { "type": "Point", "coordinates": [ 51.6755465, 32.6589309 ] } },
{ "type": "Feature", "properties": { "osm_id": 6854465954, "name": null, "amenity": "cafe", "shop": null, "tourism": null, "leisure": null, "highway": null, "railway": null, "public_transport": null, "category": "food_service", "sub_category": "cafe", "category_label": "Restaurants & Cafes", "sub_category_label": "Cafe", "color": "#b4612f", "icon": "restaurant.svg" }, "geometry": { "type": "Point", "coordinates": [ 51.6767575, 32.6542648 ] } },
{ "type": "Feature", "properties": { "osm_id": 6854465959, "name": null, "amenity": "cafe", "shop": null, "tourism": null, "leisure": null, "highway": null, "railway": null, "public_transport": null, "category": "food_service", "sub_category": "cafe", "category_label": "Restaurants & Cafes", "sub_category_label": "Cafe", "color": "#b4612f", "icon": "restaurant.svg" }, "geometry": { "type": "Point", "coordinates": [ 51.6840907, 32.6591539 ] } },
{ "type": "Feature", "properties": { "osm_id": 6854465960, "name": null, "amenity": "cafe", "shop": null, "tourism": null, "leisure": null, "highway": null, "railway": null, "public_transport": null, "category": "food_service", "sub_category": "cafe", "category_label": "Restaurants & Cafes", "sub_category_label": "Cafe", "color": "#b4612f", "icon": "restaurant.svg" }, "geometry": { "type": "Point", "coordinates": [ 51.6783232, 32.6579492 ] } },
{ "type": "Feature", "properties": { "osm_id": 6854465962, "name": "آزمان قهوه روناس", "amenity": "cafe", "shop": null, "tourism": null, "leisure": null, "highway": null, "railway": null, "public_transport": null, "category": "food_service", "sub_category": "cafe", "category_label": "Restaurants & Cafes", "sub_category_label": "Cafe", "color": "#b4612f", "icon": "restaurant.svg" }, "geometry": { "type": "Point", "coordinates": [ 51.6666171, 32.6644385 ] } },
{ "type": "Feature", "properties": { "osm_id": 6854465963, "name": "کافه رستوران خانه تاریخی همدم السلطنه", "amenity": "cafe", "shop": null, "tourism": null, "leisure": null, "highway": null, "railway": null, "public_transport": null, "category": "food_service", "sub_category": "cafe", "category_label": "Restaurants & Cafes", "sub_category_label": "Cafe", "color": "#b4612f", "icon": "restaurant.svg" }, "geometry": { "type": "Point", "coordinates": [ 51.6790432, 32.6584864 ] } },
{ "type": "Feature", "properties": { "osm_id": 6854465966, "name": null, "amenity": "cafe", "shop": null, "tourism": null, "leisure": null, "highway": null, "railway": null, "public_transport": null, "category": "food_service", "sub_category": "cafe", "category_label": "Restaurants & Cafes", "sub_category_label": "Cafe", "color": "#b4612f", "icon": "restaurant.svg" }, "geometry": { "type": "Point", "coordinates": [ 51.6695353, 32.6550451 ] } },
{ "type": "Feature", "properties": { "osm_id": 6854465972, "name": null, "amenity": "cafe", "shop": null, "tourism": null, "leisure": null, "highway": null, "railway": null, "public_transport": null, "category": "food_service", "sub_category": "cafe", "category_label": "Restaurants & Cafes", "sub_category_label": "Cafe", "color": "#b4612f", "icon": "restaurant.svg" }, "geometry": { "type": "Point", "coordinates": [ 51.6542826, 32.6547871 ] } },
{ "type": "Feature", "properties": { "osm_id": 6854465976, "name": "کافه آبنوس", "amenity": "cafe", "shop": null, "tourism": null, "leisure": null, "highway": null, "railway": null, "public_transport": null, "category": "food_service", "sub_category": "cafe", "category_label": "Restaurants & Cafes", "sub_category_label": "Cafe", "color": "#b4612f", "icon": "restaurant.svg" }, "geometry": { "type": "Point", "coordinates": [ 51.6600028, 32.6560644 ] } },
{ "type": "Feature", "properties": { "osm_id": 6854465978, "name": null, "amenity": "cafe", "shop": null, "tourism": null, "leisure": null, "highway": null, "railway": null, "public_transport": null, "category": "food_service", "sub_category": "cafe", "category_label": "Restaurants & Cafes", "sub_category_label": "Cafe", "color": "#b4612f", "icon": "restaurant.svg" }, "geometry": { "type": "Point", "coordinates": [ 51.6799524, 32.6576381 ] } },
{ "type": "Feature", "properties": { "osm_id": 6854468087, "name": "کافه آلند", "amenity": "cafe", "shop": null, "tourism": null, "leisure": null, "highway": null, "railway": null, "public_transport": null, "category": "food_service", "sub_category": "cafe", "category_label": "Restaurants & Cafes", "sub_category_label": "Cafe", "color": "#b4612f", "icon": "restaurant.svg" }, "geometry": { "type": "Point", "coordinates": [ 51.6674519, 32.6576971 ] } },
{ "type": "Feature", "properties": { "osm_id": 6854468089, "name": "کافه چی؟", "amenity": "cafe", "shop": null, "tourism": null, "leisure": null, "highway": null, "railway": null, "public_transport": null, "category": "food_service", "sub_category": "cafe", "category_label": "Restaurants & Cafes", "sub_category_label": "Cafe", "color": "#b4612f", "icon": "restaurant.svg" }, "geometry": { "type": "Point", "coordinates": [ 51.660272, 32.6576232 ] } },
{ "type": "Feature", "properties": { "osm_id": 6854468091, "name": "Cafe Sooma", "amenity": "cafe", "shop": null, "tourism": null, "leisure": null, "highway": null, "railway": null, "public_transport": null, "category": "food_service", "sub_category": "cafe", "category_label": "Restaurants & Cafes", "sub_category_label": "Cafe", "color": "#b4612f", "icon": "restaurant.svg" }, "geometry": { "type": "Point", "coordinates": [ 51.6617462, 32.6623061 ] } },
{ "type": "Feature", "properties": { "osm_id": 6854468092, "name": "کافه رادیو استانداری", "amenity": "cafe", "shop": null, "tourism": null, "leisure": null, "highway": null, "railway": null, "public_transport": null, "category": "food_service", "sub_category": "cafe", "category_label": "Restaurants & Cafes", "sub_category_label": "Cafe", "color": "#b4612f", "icon": "restaurant.svg" }, "geometry": { "type": "Point", "coordinates": [ 51.6755934, 32.6541381 ] } },
{ "type": "Feature", "properties": { "osm_id": 6854468095, "name": "قهوه ریو", "amenity": "cafe", "shop": null, "tourism": null, "leisure": null, "highway": null, "railway": null, "public_transport": null, "category": "food_service", "sub_category": "cafe", "category_label": "Restaurants & Cafes", "sub_category_label": "Cafe", "color": "#b4612f", "icon": "restaurant.svg" }, "geometry": { "type": "Point", "coordinates": [ 51.6757339, 32.6527591 ] } },
{ "type": "Feature", "properties": { "osm_id": 6854468099, "name": "کافه بازآرت", "amenity": "cafe", "shop": null, "tourism": null, "leisure": null, "highway": null, "railway": null, "public_transport": null, "category": "food_service", "sub_category": "cafe", "category_label": "Restaurants & Cafes", "sub_category_label": "Cafe", "color": "#b4612f", "icon": "restaurant.svg" }, "geometry": { "type": "Point", "coordinates": [ 51.6736659, 32.6627877 ] } },
{ "type": "Feature", "properties": { "osm_id": 6854468100, "name": "کافه عمو حسن", "amenity": "cafe", "shop": null, "tourism": null, "leisure": null, "highway": null, "railway": null, "public_transport": null, "category": "food_service", "sub_category": "cafe", "category_label": "Restaurants & Cafes", "sub_category_label": "Cafe", "color": "#b4612f", "icon": "restaurant.svg" }, "geometry": { "type": "Point", "coordinates": [ 51.6775664, 32.6603075 ] } },
{ "type": "Feature", "properties": { "osm_id": 6854468101, "name": "کافه لفت", "amenity": "cafe", "shop": null, "tourism": null, "leisure": null, "highway": null, "railway": null, "public_transport": null, "category": "food_service", "sub_category": "cafe", "category_label": "Restaurants & Cafes", "sub_category_label": "Cafe", "color": "#b4612f", "icon": "restaurant.svg" }, "geometry": { "type": "Point", "coordinates": [ 51.6769808, 32.6604746 ] } },
{ "type": "Feature", "properties": { "osm_id": 6854468109, "name": "کافه گرند وین", "amenity": "cafe", "shop": null, "tourism": null, "leisure": null, "highway": null, "railway": null, "public_transport": null, "category": "food_service", "sub_category": "cafe", "category_label": "Restaurants & Cafes", "sub_category_label": "Cafe", "color": "#b4612f", "icon": "restaurant.svg" }, "geometry": { "type": "Point", "coordinates": [ 51.6805445, 32.6597031 ] } },
{ "type": "Feature", "properties": { "osm_id": 6854468113, "name": "شربت سرای روزگار", "amenity": "cafe", "shop": null, "tourism": null, "leisure": null, "highway": null, "railway": null, "public_transport": null, "category": "food_service", "sub_category": "cafe", "category_label": "Restaurants & Cafes", "sub_category_label": "Cafe", "color": "#b4612f", "icon": "restaurant.svg" }, "geometry": { "type": "Point", "coordinates": [ 51.6783326, 32.6580863 ] } },
{ "type": "Feature", "properties": { "osm_id": 6854468114, "name": null, "amenity": "cafe", "shop": null, "tourism": null, "leisure": null, "highway": null, "railway": null, "public_transport": null, "category": "food_service", "sub_category": "cafe", "category_label": "Restaurants & Cafes", "sub_category_label": "Cafe", "color": "#b4612f", "icon": "restaurant.svg" }, "geometry": { "type": "Point", "coordinates": [ 51.6564375, 32.6543779 ] } },
{ "type": "Feature", "properties": { "osm_id": 6854468115, "name": "کافه میلان", "amenity": "cafe", "shop": null, "tourism": null, "leisure": null, "highway": null, "railway": null, "public_transport": null, "category": "food_service", "sub_category": "cafe", "category_label": "Restaurants & Cafes", "sub_category_label": "Cafe", "color": "#b4612f", "icon": "restaurant.svg" }, "geometry": { "type": "Point", "coordinates": [ 51.655541, 32.6625687 ] } },
{ "type": "Feature", "properties": { "osm_id": 6854468118, "name": "کافه ارگ", "amenity": "cafe", "shop": null, "tourism": null, "leisure": null, "highway": null, "railway": null, "public_transport": null, "category": "food_service", "sub_category": "cafe", "category_label": "Restaurants & Cafes", "sub_category_label": "Cafe", "color": "#b4612f", "icon": "restaurant.svg" }, "geometry": { "type": "Point", "coordinates": [ 51.6666392, 32.6575562 ] } },
{ "type": "Feature", "properties": { "osm_id": 6854468122, "name": "کافه هوگر", "amenity": "cafe", "shop": null, "tourism": null, "leisure": null, "highway": null, "railway": null, "public_transport": null, "category": "food_service", "sub_category": "cafe", "category_label": "Restaurants & Cafes", "sub_category_label": "Cafe", "color": "#b4612f", "icon": "restaurant.svg" }, "geometry": { "type": "Point", "coordinates": [ 51.6682482, 32.6609798 ] } },
{ "type": "Feature", "properties": { "osm_id": 6854468130, "name": "کافه کتاب", "amenity": "cafe", "shop": null, "tourism": null, "leisure": null, "highway": null, "railway": null, "public_transport": null, "category": "food_service", "sub_category": "cafe", "category_label": "Restaurants & Cafes", "sub_category_label": "Cafe", "color": "#b4612f", "icon": "restaurant.svg" }, "geometry": { "type": "Point", "coordinates": [ 51.6659245, 32.6539041 ] } },
{ "type": "Feature", "properties": { "osm_id": 6854468133, "name": "چایخانه آزادگان - چاه حاج میرزا", "amenity": "cafe", "shop": null, "tourism": null, "leisure": null, "highway": null, "railway": null, "public_transport": null, "category": "food_service", "sub_category": "cafe", "category_label": "Restaurants & Cafes", "sub_category_label": "Cafe", "color": "#b4612f", "icon": "restaurant.svg" }, "geometry": { "type": "Point", "coordinates": [ 51.6784054, 32.6597486 ] } },
{ "type": "Feature", "properties": { "osm_id": 6854468134, "name": "کافه باغ شهر", "amenity": "cafe", "shop": null, "tourism": null, "leisure": null, "highway": null, "railway": null, "public_transport": null, "category": "food_service", "sub_category": "cafe", "category_label": "Restaurants & Cafes", "sub_category_label": "Cafe", "color": "#b4612f", "icon": "restaurant.svg" }, "geometry": { "type": "Point", "coordinates": [ 51.6692054, 32.6543442 ] } },
{ "type": "Feature", "properties": { "osm_id": 6854468136, "name": "کافه سبیل", "amenity": "cafe", "shop": null, "tourism": null, "leisure": null, "highway": null, "railway": null, "public_transport": null, "category": "food_service", "sub_category": "cafe", "category_label": "Restaurants & Cafes", "sub_category_label": "Cafe", "color": "#b4612f", "icon": "restaurant.svg" }, "geometry": { "type": "Point", "coordinates": [ 51.6753966, 32.6547309 ] } },
{ "type": "Feature", "properties": { "osm_id": 6854468138, "name": "کافه بان", "amenity": "cafe", "shop": null, "tourism": null, "leisure": null, "highway": null, "railway": null, "public_transport": null, "category": "food_service", "sub_category": "cafe", "category_label": "Restaurants & Cafes", "sub_category_label": "Cafe", "color": "#b4612f", "icon": "restaurant.svg" }, "geometry": { "type": "Point", "coordinates": [ 51.6685044, 32.6586163 ] } },
{ "type": "Feature", "properties": { "osm_id": 6854468143, "name": "کافه قاصدک", "amenity": "cafe", "shop": null, "tourism": null, "leisure": null, "highway": null, "railway": null, "public_transport": null, "category": "food_service", "sub_category": "cafe", "category_label": "Restaurants & Cafes", "sub_category_label": "Cafe", "color": "#b4612f", "icon": "restaurant.svg" }, "geometry": { "type": "Point", "coordinates": [ 51.6750989, 32.6550273 ] } },
{ "type": "Feature", "properties": { "osm_id": 6854468150, "name": "کافه تئاتر", "amenity": "cafe", "shop": null, "tourism": null, "leisure": null, "highway": null, "railway": null, "public_transport": null, "category": "food_service", "sub_category": "cafe", "category_label": "Restaurants & Cafes", "sub_category_label": "Cafe", "color": "#b4612f", "icon": "restaurant.svg" }, "geometry": { "type": "Point", "coordinates": [ 51.6690371, 32.6536116 ] } },
{ "type": "Feature", "properties": { "osm_id": 6854468154, "name": "کافه مثقالی", "amenity": "cafe", "shop": null, "tourism": null, "leisure": null, "highway": null, "railway": null, "public_transport": null, "category": "food_service", "sub_category": "cafe", "category_label": "Restaurants & Cafes", "sub_category_label": "Cafe", "color": "#b4612f", "icon": "restaurant.svg" }, "geometry": { "type": "Point", "coordinates": [ 51.6754593, 32.6588854 ] } },
{ "type": "Feature", "properties": { "osm_id": 6854468162, "name": "کافه رادیو اصفهان", "amenity": "cafe", "shop": null, "tourism": null, "leisure": null, "highway": null, "railway": null, "public_transport": null, "category": "food_service", "sub_category": "cafe", "category_label": "Restaurants & Cafes", "sub_category_label": "Cafe", "color": "#b4612f", "icon": "restaurant.svg" }, "geometry": { "type": "Point", "coordinates": [ 51.6677808, 32.6551227 ] } },
{ "type": "Feature", "properties": { "osm_id": 6857950423, "name": "ایمن صنعت ایران", "amenity": null, "shop": "clothes", "tourism": null, "leisure": null, "highway": null, "railway": null, "public_transport": null, "category": "fashion", "sub_category": "clothes", "category_label": "Fashion & Clothing", "sub_category_label": "Clothes", "color": "#194aa4", "icon": "clothing-store.svg" }, "geometry": { "type": "Point", "coordinates": [ 51.646073, 32.6665167 ] } },
{ "type": "Feature", "properties": { "osm_id": 6857950424, "name": "اسپرت اتومبیل آسیا", "amenity": null, "shop": "clothes", "tourism": null, "leisure": null, "highway": null, "railway": null, "public_transport": null, "category": "fashion", "sub_category": "clothes", "category_label": "Fashion & Clothing", "sub_category_label": "Clothes", "color": "#194aa4", "icon": "clothing-store.svg" }, "geometry": { "type": "Point", "coordinates": [ 51.6834299, 32.6569047 ] } },
{ "type": "Feature", "properties": { "osm_id": 6857950426, "name": "فروشگاه اینترنتی پارچه پلیسه", "amenity": null, "shop": "outpost", "tourism": null, "leisure": null, "highway": null, "railway": null, "public_transport": null, "category": "general_retail", "sub_category": "outpost", "category_label": "General Retail", "sub_category_label": "Outpost", "color": "#194aa4", "icon": "shop.svg" }, "geometry": { "type": "Point", "coordinates": [ 51.6805463, 32.6659466 ] } },
{ "type": "Feature", "properties": { "osm_id": 6857950432, "name": "فروشگاه کفش", "amenity": null, "shop": "clothes", "tourism": null, "leisure": null, "highway": null, "railway": null, "public_transport": null, "category": "fashion", "sub_category": "clothes", "category_label": "Fashion & Clothing", "sub_category_label": "Clothes", "color": "#194aa4", "icon": "clothing-store.svg" }, "geometry": { "type": "Point", "coordinates": [ 51.6766522, 32.6617941 ] } },
{ "type": "Feature", "properties": { "osm_id": 6857950434, "name": "تولید و پخش پوشاک ستاره", "amenity": null, "shop": "clothes", "tourism": null, "leisure": null, "highway": null, "railway": null, "public_transport": null, "category": "fashion", "sub_category": "clothes", "category_label": "Fashion & Clothing", "sub_category_label": "Clothes", "color": "#194aa4", "icon": "clothing-store.svg" }, "geometry": { "type": "Point", "coordinates": [ 51.6766824, 32.663834 ] } },
{ "type": "Feature", "properties": { "osm_id": 6857950442, "name": "گروه تولیدی پوشاک آریایی", "amenity": null, "shop": "clothes", "tourism": null, "leisure": null, "highway": null, "railway": null, "public_transport": null, "category": "fashion", "sub_category": "clothes", "category_label": "Fashion & Clothing", "sub_category_label": "Clothes", "color": "#194aa4", "icon": "clothing-store.svg" }, "geometry": { "type": "Point", "coordinates": [ 51.6764134, 32.6638066 ] } },
{ "type": "Feature", "properties": { "osm_id": 6857950447, "name": "تولید و پخش شاپرک اصفهان", "amenity": null, "shop": "clothes", "tourism": null, "leisure": null, "highway": null, "railway": null, "public_transport": null, "category": "fashion", "sub_category": "clothes", "category_label": "Fashion & Clothing", "sub_category_label": "Clothes", "color": "#194aa4", "icon": "clothing-store.svg" }, "geometry": { "type": "Point", "coordinates": [ 51.6759317, 32.6649798 ] } },
{ "type": "Feature", "properties": { "osm_id": 6857950449, "name": "پخش بارانا", "amenity": null, "shop": "clothes", "tourism": null, "leisure": null, "highway": null, "railway": null, "public_transport": null, "category": "fashion", "sub_category": "clothes", "category_label": "Fashion & Clothing", "sub_category_label": "Clothes", "color": "#194aa4", "icon": "clothing-store.svg" }, "geometry": { "type": "Point", "coordinates": [ 51.6826835, 32.6665789 ] } },
{ "type": "Feature", "properties": { "osm_id": 6857950452, "name": "پخش پوشاک حسین", "amenity": null, "shop": "clothes", "tourism": null, "leisure": null, "highway": null, "railway": null, "public_transport": null, "category": "fashion", "sub_category": "clothes", "category_label": "Fashion & Clothing", "sub_category_label": "Clothes", "color": "#194aa4", "icon": "clothing-store.svg" }, "geometry": { "type": "Point", "coordinates": [ 51.6798508, 32.6659627 ] } },
{ "type": "Feature", "properties": { "osm_id": 6857950455, "name": "پوشاک ترنج", "amenity": null, "shop": "clothes", "tourism": null, "leisure": null, "highway": null, "railway": null, "public_transport": null, "category": "fashion", "sub_category": "clothes", "category_label": "Fashion & Clothing", "sub_category_label": "Clothes", "color": "#194aa4", "icon": "clothing-store.svg" }, "geometry": { "type": "Point", "coordinates": [ 51.686445, 32.667375 ] } },
{ "type": "Feature", "properties": { "osm_id": 6857950458, "name": "فروشگاه مانتو ستاره", "amenity": null, "shop": "clothes", "tourism": null, "leisure": null, "highway": null, "railway": null, "public_transport": null, "category": "fashion", "sub_category": "clothes", "category_label": "Fashion & Clothing", "sub_category_label": "Clothes", "color": "#194aa4", "icon": "clothing-store.svg" }, "geometry": { "type": "Point", "coordinates": [ 51.6683069, 32.6533728 ] } },
{ "type": "Feature", "properties": { "osm_id": 6857950478, "name": "پوشاک بهنام", "amenity": null, "shop": "clothes", "tourism": null, "leisure": null, "highway": null, "railway": null, "public_transport": null, "category": "fashion", "sub_category": "clothes", "category_label": "Fashion & Clothing", "sub_category_label": "Clothes", "color": "#194aa4", "icon": "clothing-store.svg" }, "geometry": { "type": "Point", "coordinates": [ 51.6710989, 32.670454 ] } },
{ "type": "Feature", "properties": { "osm_id": 6857954585, "name": "فروشگاه خاتون", "amenity": null, "shop": "clothes", "tourism": null, "leisure": null, "highway": null, "railway": null, "public_transport": null, "category": "fashion", "sub_category": "clothes", "category_label": "Fashion & Clothing", "sub_category_label": "Clothes", "color": "#194aa4", "icon": "clothing-store.svg" }, "geometry": { "type": "Point", "coordinates": [ 51.6922429, 32.6851164 ] } },
{ "type": "Feature", "properties": { "osm_id": 6857954586, "name": "گروه ورزشی رویال", "amenity": null, "shop": "clothes", "tourism": null, "leisure": null, "highway": null, "railway": null, "public_transport": null, "category": "fashion", "sub_category": "clothes", "category_label": "Fashion & Clothing", "sub_category_label": "Clothes", "color": "#194aa4", "icon": "clothing-store.svg" }, "geometry": { "type": "Point", "coordinates": [ 51.6704768, 32.6646991 ] } },
{ "type": "Feature", "properties": { "osm_id": 6857954587, "name": "پوشاک آرشاک", "amenity": null, "shop": "clothes", "tourism": null, "leisure": null, "highway": null, "railway": null, "public_transport": null, "category": "fashion", "sub_category": "clothes", "category_label": "Fashion & Clothing", "sub_category_label": "Clothes", "color": "#194aa4", "icon": "clothing-store.svg" }, "geometry": { "type": "Point", "coordinates": [ 51.6676048, 32.6557578 ] } },
{ "type": "Feature", "properties": { "osm_id": 6857954599, "name": "فروشگاه عطر بهشت", "amenity": null, "shop": "clothes", "tourism": null, "leisure": null, "highway": null, "railway": null, "public_transport": null, "category": "fashion", "sub_category": "clothes", "category_label": "Fashion & Clothing", "sub_category_label": "Clothes", "color": "#194aa4", "icon": "clothing-store.svg" }, "geometry": { "type": "Point", "coordinates": [ 51.6694643, 32.6571813 ] } },
{ "type": "Feature", "properties": { "osm_id": 6857954601, "name": "پخش پوشاك كوثر", "amenity": null, "shop": "clothes", "tourism": null, "leisure": null, "highway": null, "railway": null, "public_transport": null, "category": "fashion", "sub_category": "clothes", "category_label": "Fashion & Clothing", "sub_category_label": "Clothes", "color": "#194aa4", "icon": "clothing-store.svg" }, "geometry": { "type": "Point", "coordinates": [ 51.6754151, 32.6637643 ] } },
{ "type": "Feature", "properties": { "osm_id": 6857954603, "name": "پوشاک زیرو", "amenity": null, "shop": "clothes", "tourism": null, "leisure": null, "highway": null, "railway": null, "public_transport": null, "category": "fashion", "sub_category": "clothes", "category_label": "Fashion & Clothing", "sub_category_label": "Clothes", "color": "#194aa4", "icon": "clothing-store.svg" }, "geometry": { "type": "Point", "coordinates": [ 51.6713978, 32.6723622 ] } },
{ "type": "Feature", "properties": { "osm_id": 6857954621, "name": "سیسمونی ثامن الائمه", "amenity": null, "shop": "clothes", "tourism": null, "leisure": null, "highway": null, "railway": null, "public_transport": null, "category": "fashion", "sub_category": "clothes", "category_label": "Fashion & Clothing", "sub_category_label": "Clothes", "color": "#194aa4", "icon": "clothing-store.svg" }, "geometry": { "type": "Point", "coordinates": [ 51.6713158, 32.6654463 ] } },
{ "type": "Feature", "properties": { "osm_id": 6857954624, "name": "مرکز عرضه پارچه لباس فرم مدارس", "amenity": null, "shop": "clothes", "tourism": null, "leisure": null, "highway": null, "railway": null, "public_transport": null, "category": "fashion", "sub_category": "clothes", "category_label": "Fashion & Clothing", "sub_category_label": "Clothes", "color": "#194aa4", "icon": "clothing-store.svg" }, "geometry": { "type": "Point", "coordinates": [ 51.6750436, 32.6637183 ] } },
{ "type": "Feature", "properties": { "osm_id": 6857954625, "name": "لوازم ورزشی تک اسپرت", "amenity": null, "shop": "sports", "tourism": null, "leisure": null, "highway": null, "railway": null, "public_transport": null, "category": "general_retail", "sub_category": "sporting_store", "category_label": "General Retail", "sub_category_label": "Sporting Store", "color": "#194aa4", "icon": "shop.svg" }, "geometry": { "type": "Point", "coordinates": [ 51.6716523, 32.6776018 ] } },
{ "type": "Feature", "properties": { "osm_id": 6857954640, "name": "گالری لباس زنانه مردانه یسنا", "amenity": null, "shop": "clothes", "tourism": null, "leisure": null, "highway": null, "railway": null, "public_transport": null, "category": "fashion", "sub_category": "clothes", "category_label": "Fashion & Clothing", "sub_category_label": "Clothes", "color": "#194aa4", "icon": "clothing-store.svg" }, "geometry": { "type": "Point", "coordinates": [ 51.6700644, 32.6877754 ] } },
{ "type": "Feature", "properties": { "osm_id": 6857954642, "name": "آقای لباس", "amenity": null, "shop": "clothes", "tourism": null, "leisure": null, "highway": null, "railway": null, "public_transport": null, "category": "fashion", "sub_category": "clothes", "category_label": "Fashion & Clothing", "sub_category_label": "Clothes", "color": "#194aa4", "icon": "clothing-store.svg" }, "geometry": { "type": "Point", "coordinates": [ 51.6709013, 32.6681989 ] } },
{ "type": "Feature", "properties": { "osm_id": 6857954646, "name": "لباس زیر زنانه ستاره", "amenity": null, "shop": "clothes", "tourism": null, "leisure": null, "highway": null, "railway": null, "public_transport": null, "category": "fashion", "sub_category": "clothes", "category_label": "Fashion & Clothing", "sub_category_label": "Clothes", "color": "#194aa4", "icon": "clothing-store.svg" }, "geometry": { "type": "Point", "coordinates": [ 51.6694187, 32.6555306 ] } },
{ "type": "Feature", "properties": { "osm_id": 6857954647, "name": "لباس منزل ایندور", "amenity": null, "shop": "clothes", "tourism": null, "leisure": null, "highway": null, "railway": null, "public_transport": null, "category": "fashion", "sub_category": "clothes", "category_label": "Fashion & Clothing", "sub_category_label": "Clothes", "color": "#194aa4", "icon": "clothing-store.svg" }, "geometry": { "type": "Point", "coordinates": [ 51.6780628, 32.6609225 ] } },
{ "type": "Feature", "properties": { "osm_id": 6857954651, "name": "تولیدی جوراب و لباس زیرمقدم", "amenity": null, "shop": "clothes", "tourism": null, "leisure": null, "highway": null, "railway": null, "public_transport": null, "category": "fashion", "sub_category": "clothes", "category_label": "Fashion & Clothing", "sub_category_label": "Clothes", "color": "#194aa4", "icon": "clothing-store.svg" }, "geometry": { "type": "Point", "coordinates": [ 51.6675592, 32.6535744 ] } },
{ "type": "Feature", "properties": { "osm_id": 6857954653, "name": "لباس احرام میرباقری", "amenity": null, "shop": "clothes", "tourism": null, "leisure": null, "highway": null, "railway": null, "public_transport": null, "category": "fashion", "sub_category": "clothes", "category_label": "Fashion & Clothing", "sub_category_label": "Clothes", "color": "#194aa4", "icon": "clothing-store.svg" }, "geometry": { "type": "Point", "coordinates": [ 51.6939934, 32.6644102 ] } },
{ "type": "Feature", "properties": { "osm_id": 6857954656, "name": "لباس مجلسی زنانه و دخترانه نازلی", "amenity": null, "shop": "clothes", "tourism": null, "leisure": null, "highway": null, "railway": null, "public_transport": null, "category": "fashion", "sub_category": "clothes", "category_label": "Fashion & Clothing", "sub_category_label": "Clothes", "color": "#194aa4", "icon": "clothing-store.svg" }, "geometry": { "type": "Point", "coordinates": [ 51.6765852, 32.6787193 ] } },
{ "type": "Feature", "properties": { "osm_id": 6857954659, "name": "Record sport (رکورد اسپورت)", "amenity": null, "shop": "clothes", "tourism": null, "leisure": null, "highway": null, "railway": null, "public_transport": null, "category": "fashion", "sub_category": "clothes", "category_label": "Fashion & Clothing", "sub_category_label": "Clothes", "color": "#194aa4", "icon": "clothing-store.svg" }, "geometry": { "type": "Point", "coordinates": [ 51.6695484, 32.6614343 ] } },
{ "type": "Feature", "properties": { "osm_id": 6857954665, "name": "لباس فروشی مجید", "amenity": null, "shop": "clothes", "tourism": null, "leisure": null, "highway": null, "railway": null, "public_transport": null, "category": "fashion", "sub_category": "clothes", "category_label": "Fashion & Clothing", "sub_category_label": "Clothes", "color": "#194aa4", "icon": "clothing-store.svg" }, "geometry": { "type": "Point", "coordinates": [ 51.6736136, 32.6781716 ] } },
{ "type": "Feature", "properties": { "osm_id": 6857954671, "name": "تولید و پخش مانتو بیوتی", "amenity": null, "shop": "clothes", "tourism": null, "leisure": null, "highway": null, "railway": null, "public_transport": null, "category": "fashion", "sub_category": "clothes", "category_label": "Fashion & Clothing", "sub_category_label": "Clothes", "color": "#194aa4", "icon": "clothing-store.svg" }, "geometry": { "type": "Point", "coordinates": [ 51.679198, 32.6665934 ] } },
{ "type": "Feature", "properties": { "osm_id": 6857954672, "name": "مركز پخش غزالي لباس زير جوراب ساپورت مايو شنا", "amenity": null, "shop": "clothes", "tourism": null, "leisure": null, "highway": null, "railway": null, "public_transport": null, "category": "fashion", "sub_category": "clothes", "category_label": "Fashion & Clothing", "sub_category_label": "Clothes", "color": "#194aa4", "icon": "clothing-store.svg" }, "geometry": { "type": "Point", "coordinates": [ 51.6826782, 32.6666054 ] } },
{ "type": "Feature", "properties": { "osm_id": 6857954674, "name": "اسپرت میلاد", "amenity": null, "shop": "clothes", "tourism": null, "leisure": null, "highway": null, "railway": null, "public_transport": null, "category": "fashion", "sub_category": "clothes", "category_label": "Fashion & Clothing", "sub_category_label": "Clothes", "color": "#194aa4", "icon": "clothing-store.svg" }, "geometry": { "type": "Point", "coordinates": [ 51.6595492, 32.6658898 ] } },
{ "type": "Feature", "properties": { "osm_id": 6857954676, "name": "لباس زیر سودا", "amenity": null, "shop": "clothes", "tourism": null, "leisure": null, "highway": null, "railway": null, "public_transport": null, "category": "fashion", "sub_category": "clothes", "category_label": "Fashion & Clothing", "sub_category_label": "Clothes", "color": "#194aa4", "icon": "clothing-store.svg" }, "geometry": { "type": "Point", "coordinates": [ 51.6832136, 32.6671335 ] } },
{ "type": "Feature", "properties": { "osm_id": 6857954678, "name": "فروشگاه ایستگاه ورزش", "amenity": null, "shop": "clothes", "tourism": null, "leisure": null, "highway": null, "railway": null, "public_transport": null, "category": "fashion", "sub_category": "clothes", "category_label": "Fashion & Clothing", "sub_category_label": "Clothes", "color": "#194aa4", "icon": "clothing-store.svg" }, "geometry": { "type": "Point", "coordinates": [ 51.6702723, 32.6623835 ] } },
{ "type": "Feature", "properties": { "osm_id": 6866783285, "name": null, "amenity": "fast_food", "shop": null, "tourism": null, "leisure": null, "highway": null, "railway": null, "public_transport": null, "category": "food_service", "sub_category": "fast_food", "category_label": "Restaurants & Cafes", "sub_category_label": "Fast Food", "color": "#b4612f", "icon": "restaurant.svg" }, "geometry": { "type": "Point", "coordinates": [ 51.6494805, 32.6748251 ] } },
{ "type": "Feature", "properties": { "osm_id": 6877456194, "name": null, "amenity": "bench", "shop": null, "tourism": null, "leisure": null, "highway": null, "railway": null, "public_transport": null, "category": "other", "sub_category": "bench", "category_label": "Other", "sub_category_label": "Bench", "color": "#999", "icon": "marker.svg" }, "geometry": { "type": "Point", "coordinates": [ 51.6767367, 32.6594358 ] } },
{ "type": "Feature", "properties": { "osm_id": 6877457190, "name": "عالی قاپو", "amenity": "ice_cream", "shop": null, "tourism": null, "leisure": null, "highway": null, "railway": null, "public_transport": null, "category": "food_service", "sub_category": "cafe", "category_label": "Restaurants & Cafes", "sub_category_label": "Cafe", "color": "#b4612f", "icon": "restaurant.svg" }, "geometry": { "type": "Point", "coordinates": [ 51.676212, 32.6592457 ] } },
{ "type": "Feature", "properties": { "osm_id": 6877463185, "name": null, "amenity": "bench", "shop": null, "tourism": null, "leisure": null, "highway": null, "railway": null, "public_transport": null, "category": "other", "sub_category": "bench", "category_label": "Other", "sub_category_label": "Bench", "color": "#999", "icon": "marker.svg" }, "geometry": { "type": "Point", "coordinates": [ 51.6766813, 32.6595336 ] } },
{ "type": "Feature", "properties": { "osm_id": 6902477315, "name": "پارکینگ سرای مخلص", "amenity": "parking", "shop": null, "tourism": null, "leisure": null, "highway": null, "railway": null, "public_transport": null, "category": "parking_road_facility", "sub_category": "parking", "category_label": "Parking & Road Facilities", "sub_category_label": "Parking", "color": "#78523e", "icon": "parking.svg" }, "geometry": { "type": "Point", "coordinates": [ 51.6792706, 32.6607412 ] } },
{ "type": "Feature", "properties": { "osm_id": 6902502498, "name": null, "amenity": "parking_entrance", "shop": null, "tourism": null, "leisure": null, "highway": null, "railway": null, "public_transport": null, "category": "parking_road_facility", "sub_category": "entrance", "category_label": "Parking & Road Facilities", "sub_category_label": "Entrance", "color": "#78523e", "icon": "parking.svg" }, "geometry": { "type": "Point", "coordinates": [ 51.6820732, 32.6594683 ] } },
{ "type": "Feature", "properties": { "osm_id": 6908279347, "name": "بیمارستان خورشید", "amenity": "bus_station", "shop": null, "tourism": null, "leisure": null, "highway": null, "railway": null, "public_transport": "station", "category": "public_transport", "sub_category": "bus_station", "category_label": "Public Transportation", "sub_category_label": "Bus Station", "color": "#1787d4", "icon": "bus.svg" }, "geometry": { "type": "Point", "coordinates": [ 51.6755211, 32.6541784 ] } },
{ "type": "Feature", "properties": { "osm_id": 6908279348, "name": "ایستگاه خط ۷۹", "amenity": "bus_station", "shop": null, "tourism": null, "leisure": null, "highway": null, "railway": null, "public_transport": "station", "category": "public_transport", "sub_category": "bus_station", "category_label": "Public Transportation", "sub_category_label": "Bus Station", "color": "#1787d4", "icon": "bus.svg" }, "geometry": { "type": "Point", "coordinates": [ 51.674094, 32.6594381 ] } },
{ "type": "Feature", "properties": { "osm_id": 6908279349, "name": "مسجد حکیم", "amenity": "bus_station", "shop": null, "tourism": null, "leisure": null, "highway": null, "railway": null, "public_transport": "station", "category": "public_transport", "sub_category": "bus_station", "category_label": "Public Transportation", "sub_category_label": "Bus Station", "color": "#1787d4", "icon": "bus.svg" }, "geometry": { "type": "Point", "coordinates": [ 51.6737574, 32.6625733 ] } },
{ "type": "Feature", "properties": { "osm_id": 6908279352, "name": "مسجد حاج محمد جعفر", "amenity": "bus_station", "shop": null, "tourism": null, "leisure": null, "highway": "bus_stop", "railway": null, "public_transport": "platform", "category": "public_transport", "sub_category": "bus_station", "category_label": "Public Transportation", "sub_category_label": "Bus Station", "color": "#1787d4", "icon": "bus.svg" }, "geometry": { "type": "Point", "coordinates": [ 51.6793, 32.6666523 ] } },
{ "type": "Feature", "properties": { "osm_id": 6908279353, "name": "خوابگاه وزیر", "amenity": null, "shop": null, "tourism": "hostel", "leisure": null, "highway": null, "railway": null, "public_transport": null, "category": "accommodation", "sub_category": "hostel", "category_label": "Accommodation", "sub_category_label": "Hostel", "color": "#78523e", "icon": "lodging.svg" }, "geometry": { "type": "Point", "coordinates": [ 51.6792183, 32.6688458 ] } },
{ "type": "Feature", "properties": { "osm_id": 6925068285, "name": "سرای سنتی هاتف", "amenity": null, "shop": null, "tourism": "hotel", "leisure": null, "highway": null, "railway": null, "public_transport": null, "category": "accommodation", "sub_category": "hotel", "category_label": "Accommodation", "sub_category_label": "Hotel", "color": "#78523e", "icon": "lodging.svg" }, "geometry": { "type": "Point", "coordinates": [ 51.6834516, 32.6615832 ] } },
{ "type": "Feature", "properties": { "osm_id": 6934873185, "name": null, "amenity": null, "shop": "travel_agency", "tourism": null, "leisure": null, "highway": null, "railway": null, "public_transport": null, "category": "other", "sub_category": "travel_agency", "category_label": "Other", "sub_category_label": "Travel Agency", "color": "#999", "icon": "marker.svg" }, "geometry": { "type": "Point", "coordinates": [ 51.6658972, 32.6539548 ] } },
{ "type": "Feature", "properties": { "osm_id": 6944676018, "name": "بانک رفاه", "amenity": "bank", "shop": null, "tourism": null, "leisure": null, "highway": null, "railway": null, "public_transport": null, "category": "finance", "sub_category": "bank", "category_label": "Banking & Finance", "sub_category_label": "Bank", "color": "#4e497c", "icon": "bank.svg" }, "geometry": { "type": "Point", "coordinates": [ 51.6516556, 32.6745718 ] } },
{ "type": "Feature", "properties": { "osm_id": 6944676119, "name": "کباب و بریانی شهبازی", "amenity": "restaurant", "shop": null, "tourism": null, "leisure": null, "highway": null, "railway": null, "public_transport": null, "category": "food_service", "sub_category": "restaurant", "category_label": "Restaurants & Cafes", "sub_category_label": "Restaurant", "color": "#b4612f", "icon": "restaurant.svg" }, "geometry": { "type": "Point", "coordinates": [ 51.6519274, 32.6746029 ] } },
{ "type": "Feature", "properties": { "osm_id": 6944676120, "name": null, "amenity": null, "shop": "bakery", "tourism": null, "leisure": null, "highway": null, "railway": null, "public_transport": null, "category": "food_retail", "sub_category": "bakery", "category_label": "Grocery & Food Retail", "sub_category_label": "Bakery", "color": "#b4612f", "icon": "grocery.svg" }, "geometry": { "type": "Point", "coordinates": [ 51.6520025, 32.6745937 ] } },
{ "type": "Feature", "properties": { "osm_id": 6944676205, "name": "کباب بناب", "amenity": "restaurant", "shop": null, "tourism": null, "leisure": null, "highway": null, "railway": null, "public_transport": null, "category": "food_service", "sub_category": "restaurant", "category_label": "Restaurants & Cafes", "sub_category_label": "Restaurant", "color": "#b4612f", "icon": "restaurant.svg" }, "geometry": { "type": "Point", "coordinates": [ 51.651784, 32.6745764 ] } },
{ "type": "Feature", "properties": { "osm_id": 6944678500, "name": "آلونک", "amenity": "fast_food", "shop": null, "tourism": null, "leisure": null, "highway": null, "railway": null, "public_transport": null, "category": "food_service", "sub_category": "fast_food", "category_label": "Restaurants & Cafes", "sub_category_label": "Fast Food", "color": "#b4612f", "icon": "restaurant.svg" }, "geometry": { "type": "Point", "coordinates": [ 51.6518564, 32.6745971 ] } },
{ "type": "Feature", "properties": { "osm_id": 6960058985, "name": null, "amenity": "toilets", "shop": null, "tourism": null, "leisure": null, "highway": null, "railway": null, "public_transport": null, "category": "public_service", "sub_category": "wc", "category_label": "Public Services", "sub_category_label": "Wc", "color": "#506aa0", "icon": "post.svg" }, "geometry": { "type": "Point", "coordinates": [ 51.6730197, 32.6593666 ] } },
{ "type": "Feature", "properties": { "osm_id": 6960058986, "name": null, "amenity": "motorcycle_parking", "shop": null, "tourism": null, "leisure": null, "highway": null, "railway": null, "public_transport": null, "category": "other", "sub_category": "motorcycle_parking", "category_label": "Other", "sub_category_label": "Motorcycle Parking", "color": "#999", "icon": "marker.svg" }, "geometry": { "type": "Point", "coordinates": [ 51.6730251, 32.659708 ] } },
{ "type": "Feature", "properties": { "osm_id": 6961484886, "name": null, "amenity": null, "shop": null, "tourism": "caravan_site", "leisure": null, "highway": null, "railway": null, "public_transport": null, "category": "accommodation", "sub_category": "campground", "category_label": "Accommodation", "sub_category_label": "Campground", "color": "#78523e", "icon": "lodging.svg" }, "geometry": { "type": "Point", "coordinates": [ 51.6784491, 32.6620586 ] } },
{ "type": "Feature", "properties": { "osm_id": 6969470285, "name": "saraye safir", "amenity": null, "shop": null, "tourism": "hotel", "leisure": null, "highway": null, "railway": null, "public_transport": null, "category": "accommodation", "sub_category": "hotel", "category_label": "Accommodation", "sub_category_label": "Hotel", "color": "#78523e", "icon": "lodging.svg" }, "geometry": { "type": "Point", "coordinates": [ 51.6589333, 32.6651744 ] } },
{ "type": "Feature", "properties": { "osm_id": 6979723485, "name": null, "amenity": null, "shop": null, "tourism": null, "leisure": "sauna", "highway": null, "railway": null, "public_transport": null, "category": "sport_recreation", "sub_category": "spa", "category_label": "Sports & Recreation", "sub_category_label": "Spa", "color": "#067c91", "icon": "park.svg" }, "geometry": { "type": "Point", "coordinates": [ 51.6830953, 32.6732067 ] } },
{ "type": "Feature", "properties": { "osm_id": 6980197085, "name": "سرای سفیر", "amenity": null, "shop": null, "tourism": "hostel", "leisure": null, "highway": null, "railway": null, "public_transport": null, "category": "accommodation", "sub_category": "hostel", "category_label": "Accommodation", "sub_category_label": "Hostel", "color": "#78523e", "icon": "lodging.svg" }, "geometry": { "type": "Point", "coordinates": [ 51.6579874, 32.664992 ] } },
{ "type": "Feature", "properties": { "osm_id": 7006793385, "name": "راهنمای محلی", "amenity": null, "shop": null, "tourism": "information", "leisure": null, "highway": null, "railway": null, "public_transport": null, "category": "culture_attraction", "sub_category": "information", "category_label": "Culture & Attractions", "sub_category_label": "Information", "color": "#067c91", "icon": "museum.svg" }, "geometry": { "type": "Point", "coordinates": [ 51.6698546, 32.6581818 ] } },
{ "type": "Feature", "properties": { "osm_id": 7008134000, "name": null, "amenity": "toilets", "shop": null, "tourism": null, "leisure": null, "highway": null, "railway": null, "public_transport": null, "category": "public_service", "sub_category": "wc", "category_label": "Public Services", "sub_category_label": "Wc", "color": "#506aa0", "icon": "post.svg" }, "geometry": { "type": "Point", "coordinates": [ 51.6782722, 32.6596582 ] } },
{ "type": "Feature", "properties": { "osm_id": 7008138388, "name": null, "amenity": "fast_food", "shop": null, "tourism": null, "leisure": null, "highway": null, "railway": null, "public_transport": null, "category": "food_service", "sub_category": "fast_food", "category_label": "Restaurants & Cafes", "sub_category_label": "Fast Food", "color": "#b4612f", "icon": "restaurant.svg" }, "geometry": { "type": "Point", "coordinates": [ 51.6559778, 32.6692477 ] } },
{ "type": "Feature", "properties": { "osm_id": 7010739987, "name": null, "amenity": null, "shop": null, "tourism": "hostel", "leisure": null, "highway": null, "railway": null, "public_transport": null, "category": "accommodation", "sub_category": "hostel", "category_label": "Accommodation", "sub_category_label": "Hostel", "color": "#78523e", "icon": "lodging.svg" }, "geometry": { "type": "Point", "coordinates": [ 51.6893559, 32.6684656 ] } },
{ "type": "Feature", "properties": { "osm_id": 7010739988, "name": "قهوه طلا", "amenity": "cafe", "shop": null, "tourism": null, "leisure": null, "highway": null, "railway": null, "public_transport": null, "category": "food_service", "sub_category": "cafe", "category_label": "Restaurants & Cafes", "sub_category_label": "Cafe", "color": "#b4612f", "icon": "restaurant.svg" }, "geometry": { "type": "Point", "coordinates": [ 51.6919278, 32.6698027 ] } },
{ "type": "Feature", "properties": { "osm_id": 7011820988, "name": "جگرکی", "amenity": "restaurant", "shop": null, "tourism": null, "leisure": null, "highway": null, "railway": null, "public_transport": null, "category": "food_service", "sub_category": "restaurant", "category_label": "Restaurants & Cafes", "sub_category_label": "Restaurant", "color": "#b4612f", "icon": "restaurant.svg" }, "geometry": { "type": "Point", "coordinates": [ 51.6695672, 32.6653046 ] } },
{ "type": "Feature", "properties": { "osm_id": 7020765486, "name": "بیت السّینا", "amenity": null, "shop": null, "tourism": "camp_site", "leisure": null, "highway": null, "railway": null, "public_transport": null, "category": "accommodation", "sub_category": "campground", "category_label": "Accommodation", "sub_category_label": "Campground", "color": "#78523e", "icon": "lodging.svg" }, "geometry": { "type": "Point", "coordinates": [ 51.6554222, 32.6638973 ] } },
{ "type": "Feature", "properties": { "osm_id": 7022333385, "name": "بانک صادرات", "amenity": "bank", "shop": null, "tourism": null, "leisure": null, "highway": null, "railway": null, "public_transport": null, "category": "finance", "sub_category": "bank", "category_label": "Banking & Finance", "sub_category_label": "Bank", "color": "#4e497c", "icon": "bank.svg" }, "geometry": { "type": "Point", "coordinates": [ 51.6624249, 32.6731644 ] } },
{ "type": "Feature", "properties": { "osm_id": 7022338085, "name": "بانک سپه", "amenity": "bank", "shop": null, "tourism": null, "leisure": null, "highway": null, "railway": null, "public_transport": null, "category": "finance", "sub_category": "bank", "category_label": "Banking & Finance", "sub_category_label": "Bank", "color": "#4e497c", "icon": "bank.svg" }, "geometry": { "type": "Point", "coordinates": [ 51.6625484, 32.6732117 ] } },
{ "type": "Feature", "properties": { "osm_id": 7036774585, "name": null, "amenity": null, "shop": "confectionery", "tourism": null, "leisure": null, "highway": null, "railway": null, "public_transport": null, "category": "food_retail", "sub_category": "confectionery", "category_label": "Grocery & Food Retail", "sub_category_label": "Confectionery", "color": "#b4612f", "icon": "grocery.svg" }, "geometry": { "type": "Point", "coordinates": [ 51.6661675, 32.6577583 ] } },
{ "type": "Feature", "properties": { "osm_id": 7090319702, "name": "شاهد", "amenity": null, "shop": null, "tourism": null, "leisure": null, "highway": null, "railway": "construction", "public_transport": "stop_position", "category": "other", "sub_category": "general", "category_label": "Other", "sub_category_label": "General", "color": "#999", "icon": "marker.svg" }, "geometry": { "type": "Point", "coordinates": [ 51.6922357, 32.6850115 ] } },
{ "type": "Feature", "properties": { "osm_id": 7090319704, "name": "ابن سینا", "amenity": null, "shop": null, "tourism": null, "leisure": null, "highway": null, "railway": "construction", "public_transport": "stop_position", "category": "other", "sub_category": "general", "category_label": "Other", "sub_category_label": "General", "color": "#999", "icon": "marker.svg" }, "geometry": { "type": "Point", "coordinates": [ 51.6873784, 32.6740947 ] } },
{ "type": "Feature", "properties": { "osm_id": 7090319705, "name": "طوقچی", "amenity": null, "shop": null, "tourism": null, "leisure": null, "highway": null, "railway": "construction", "public_transport": "stop_position", "category": "other", "sub_category": "general", "category_label": "Other", "sub_category_label": "General", "color": "#999", "icon": "marker.svg" }, "geometry": { "type": "Point", "coordinates": [ 51.6885045, 32.6791201 ] } },
{ "type": "Feature", "properties": { "osm_id": 7090319706, "name": "امام علی", "amenity": null, "shop": null, "tourism": null, "leisure": null, "highway": null, "railway": "construction", "public_transport": "stop_position", "category": "other", "sub_category": "general", "category_label": "Other", "sub_category_label": "General", "color": "#999", "icon": "marker.svg" }, "geometry": { "type": "Point", "coordinates": [ 51.6854173, 32.6650787 ] } },
{ "type": "Feature", "properties": { "osm_id": 7097820867, "name": null, "amenity": null, "shop": null, "tourism": null, "leisure": null, "highway": "traffic_signals", "railway": null, "public_transport": null, "category": "parking_road_facility", "sub_category": "traffic_signals", "category_label": "Parking & Road Facilities", "sub_category_label": "Traffic Signals", "color": "#78523e", "icon": "parking.svg" }, "geometry": { "type": "Point", "coordinates": [ 51.669032, 32.6574022 ] } },
{ "type": "Feature", "properties": { "osm_id": 7106531326, "name": "غربی", "amenity": null, "shop": null, "tourism": null, "leisure": null, "highway": null, "railway": "subway_entrance", "public_transport": null, "category": "public_transport", "sub_category": "subway_station", "category_label": "Public Transportation", "sub_category_label": "Subway Station", "color": "#1787d4", "icon": "bus.svg" }, "geometry": { "type": "Point", "coordinates": [ 51.6690135, 32.6578762 ] } },
{ "type": "Feature", "properties": { "osm_id": 7106531327, "name": "شمال شرقی", "amenity": null, "shop": null, "tourism": null, "leisure": null, "highway": null, "railway": "subway_entrance", "public_transport": null, "category": "public_transport", "sub_category": "subway_station", "category_label": "Public Transportation", "sub_category_label": "Subway Station", "color": "#1787d4", "icon": "bus.svg" }, "geometry": { "type": "Point", "coordinates": [ 51.6696832, 32.6582617 ] } },
{ "type": "Feature", "properties": { "osm_id": 7121800823, "name": "پیرایش رضا", "amenity": null, "shop": "hairdresser", "tourism": null, "leisure": null, "highway": null, "railway": null, "public_transport": null, "category": "professional_service", "sub_category": "barber", "category_label": "Professional Services", "sub_category_label": "Barber", "color": "#506aa0", "icon": "building.svg" }, "geometry": { "type": "Point", "coordinates": [ 51.6686958, 32.686884 ] } },
{ "type": "Feature", "properties": { "osm_id": 7165621187, "name": "أغا ربيعي خونه", "amenity": null, "shop": null, "tourism": "hostel", "leisure": null, "highway": null, "railway": null, "public_transport": null, "category": "accommodation", "sub_category": "hostel", "category_label": "Accommodation", "sub_category_label": "Hostel", "color": "#78523e", "icon": "lodging.svg" }, "geometry": { "type": "Point", "coordinates": [ 51.6656984, 32.656349 ] } },
{ "type": "Feature", "properties": { "osm_id": 7165626485, "name": "اغا ربیعی خونه", "amenity": null, "shop": null, "tourism": "hostel", "leisure": null, "highway": null, "railway": null, "public_transport": null, "category": "accommodation", "sub_category": "hostel", "category_label": "Accommodation", "sub_category_label": "Hostel", "color": "#78523e", "icon": "lodging.svg" }, "geometry": { "type": "Point", "coordinates": [ 51.6663803, 32.6568974 ] } },
{ "type": "Feature", "properties": { "osm_id": 7168728286, "name": "ادب", "amenity": "bar", "shop": null, "tourism": null, "leisure": null, "highway": null, "railway": null, "public_transport": null, "category": "food_service", "sub_category": "restaurant", "category_label": "Restaurants & Cafes", "sub_category_label": "Restaurant", "color": "#b4612f", "icon": "restaurant.svg" }, "geometry": { "type": "Point", "coordinates": [ 51.6739713, 32.6527898 ] } },
{ "type": "Feature", "properties": { "osm_id": 7191984993, "name": "داروخانه شبانه‌ روزی حکیم شفا", "amenity": "pharmacy", "shop": null, "tourism": null, "leisure": null, "highway": null, "railway": null, "public_transport": null, "category": "pharmacy_optical", "sub_category": "pharmacy", "category_label": "Pharmacy & Optical", "sub_category_label": "Pharmacy", "color": "#d14a4a", "icon": "pharmacy.svg" }, "geometry": { "type": "Point", "coordinates": [ 51.6710523, 32.6762825 ] } },
{ "type": "Feature", "properties": { "osm_id": 7208715157, "name": "کیف خوبان", "amenity": null, "shop": "bag", "tourism": null, "leisure": null, "highway": null, "railway": null, "public_transport": null, "category": "general_retail", "sub_category": "bag", "category_label": "General Retail", "sub_category_label": "Bag", "color": "#194aa4", "icon": "shop.svg" }, "geometry": { "type": "Point", "coordinates": [ 51.6688757, 32.6565936 ] } },
{ "type": "Feature", "properties": { "osm_id": 7208715158, "name": "کفش ملی", "amenity": null, "shop": "shoes", "tourism": null, "leisure": null, "highway": null, "railway": null, "public_transport": null, "category": "fashion", "sub_category": "shoe", "category_label": "Fashion & Clothing", "sub_category_label": "Shoe", "color": "#194aa4", "icon": "clothing-store.svg" }, "geometry": { "type": "Point", "coordinates": [ 51.6687755, 32.655835 ] } },
{ "type": "Feature", "properties": { "osm_id": 7208715159, "name": "پاساژ اقبال", "amenity": null, "shop": "mall", "tourism": null, "leisure": null, "highway": null, "railway": null, "public_transport": null, "category": "general_retail", "sub_category": "shopping_mall", "category_label": "General Retail", "sub_category_label": "Shopping Mall", "color": "#194aa4", "icon": "shop.svg" }, "geometry": { "type": "Point", "coordinates": [ 51.6689175, 32.656984 ] } },
{ "type": "Feature", "properties": { "osm_id": 7208715161, "name": "پوشاک گرند", "amenity": null, "shop": "clothes", "tourism": null, "leisure": null, "highway": null, "railway": null, "public_transport": null, "category": "fashion", "sub_category": "clothes", "category_label": "Fashion & Clothing", "sub_category_label": "Clothes", "color": "#194aa4", "icon": "clothing-store.svg" }, "geometry": { "type": "Point", "coordinates": [ 51.6687846, 32.6558807 ] } },
{ "type": "Feature", "properties": { "osm_id": 7208715162, "name": null, "amenity": "bench", "shop": null, "tourism": null, "leisure": null, "highway": null, "railway": null, "public_transport": null, "category": "other", "sub_category": "bench", "category_label": "Other", "sub_category_label": "Bench", "color": "#999", "icon": "marker.svg" }, "geometry": { "type": "Point", "coordinates": [ 51.6690699, 32.6558453 ] } },
{ "type": "Feature", "properties": { "osm_id": 7208715163, "name": "فست فود هات سنتر", "amenity": "fast_food", "shop": null, "tourism": null, "leisure": null, "highway": null, "railway": null, "public_transport": null, "category": "food_service", "sub_category": "fast_food", "category_label": "Restaurants & Cafes", "sub_category_label": "Fast Food", "color": "#b4612f", "icon": "restaurant.svg" }, "geometry": { "type": "Point", "coordinates": [ 51.6688277, 32.6561925 ] } },
{ "type": "Feature", "properties": { "osm_id": 7208715164, "name": "پوشاک سی‌گل", "amenity": null, "shop": "clothes", "tourism": null, "leisure": null, "highway": null, "railway": null, "public_transport": null, "category": "fashion", "sub_category": "clothes", "category_label": "Fashion & Clothing", "sub_category_label": "Clothes", "color": "#194aa4", "icon": "clothing-store.svg" }, "geometry": { "type": "Point", "coordinates": [ 51.6689018, 32.6568756 ] } },
{ "type": "Feature", "properties": { "osm_id": 7208715165, "name": "کفش فرزین", "amenity": null, "shop": "shoes", "tourism": null, "leisure": null, "highway": null, "railway": null, "public_transport": null, "category": "fashion", "sub_category": "shoe", "category_label": "Fashion & Clothing", "sub_category_label": "Shoe", "color": "#194aa4", "icon": "clothing-store.svg" }, "geometry": { "type": "Point", "coordinates": [ 51.6689355, 32.6571083 ] } },
{ "type": "Feature", "properties": { "osm_id": 7208715166, "name": "پوشاک تدین", "amenity": null, "shop": "clothes", "tourism": null, "leisure": null, "highway": null, "railway": null, "public_transport": null, "category": "fashion", "sub_category": "clothes", "category_label": "Fashion & Clothing", "sub_category_label": "Clothes", "color": "#194aa4", "icon": "clothing-store.svg" }, "geometry": { "type": "Point", "coordinates": [ 51.6689385, 32.6570745 ] } },
{ "type": "Feature", "properties": { "osm_id": 7208715167, "name": "کتابفروشی فرهنگسرای اصفهان", "amenity": null, "shop": "books", "tourism": null, "leisure": null, "highway": null, "railway": null, "public_transport": null, "category": "general_retail", "sub_category": "book_store", "category_label": "General Retail", "sub_category_label": "Book Store", "color": "#194aa4", "icon": "shop.svg" }, "geometry": { "type": "Point", "coordinates": [ 51.6688857, 32.6567847 ] } },
{ "type": "Feature", "properties": { "osm_id": 7208715168, "name": "کفش ایران", "amenity": null, "shop": "shoes", "tourism": null, "leisure": null, "highway": null, "railway": null, "public_transport": null, "category": "fashion", "sub_category": "shoe", "category_label": "Fashion & Clothing", "sub_category_label": "Shoe", "color": "#194aa4", "icon": "clothing-store.svg" }, "geometry": { "type": "Point", "coordinates": [ 51.668932, 32.6570242 ] } },
{ "type": "Feature", "properties": { "osm_id": 7208789840, "name": "سمسارزاده", "amenity": null, "shop": "hunting", "tourism": null, "leisure": null, "highway": null, "railway": null, "public_transport": null, "category": "general_retail", "sub_category": "hunting", "category_label": "General Retail", "sub_category_label": "Hunting", "color": "#194aa4", "icon": "shop.svg" }, "geometry": { "type": "Point", "coordinates": [ 51.668709, 32.6553726 ] } },
{ "type": "Feature", "properties": { "osm_id": 7208789841, "name": "چیکن لند", "amenity": "fast_food", "shop": null, "tourism": null, "leisure": null, "highway": null, "railway": null, "public_transport": null, "category": "food_service", "sub_category": "fast_food", "category_label": "Restaurants & Cafes", "sub_category_label": "Fast Food", "color": "#b4612f", "icon": "restaurant.svg" }, "geometry": { "type": "Point", "coordinates": [ 51.6687044, 32.6553363 ] } },
{ "type": "Feature", "properties": { "osm_id": 7313769313, "name": null, "amenity": null, "shop": null, "tourism": "camp_site", "leisure": null, "highway": null, "railway": null, "public_transport": null, "category": "accommodation", "sub_category": "campground", "category_label": "Accommodation", "sub_category_label": "Campground", "color": "#78523e", "icon": "lodging.svg" }, "geometry": { "type": "Point", "coordinates": [ 51.6892145, 32.6816285 ] } },
{ "type": "Feature", "properties": { "osm_id": 7313914691, "name": "عادلپور", "amenity": null, "shop": null, "tourism": "camp_site", "leisure": null, "highway": null, "railway": null, "public_transport": null, "category": "accommodation", "sub_category": "campground", "category_label": "Accommodation", "sub_category_label": "Campground", "color": "#78523e", "icon": "lodging.svg" }, "geometry": { "type": "Point", "coordinates": [ 51.6481174, 32.6604799 ] } },
{ "type": "Feature", "properties": { "osm_id": 7313914885, "name": "madar marzieh khanom", "amenity": null, "shop": null, "tourism": "camp_site", "leisure": null, "highway": null, "railway": null, "public_transport": null, "category": "accommodation", "sub_category": "campground", "category_label": "Accommodation", "sub_category_label": "Campground", "color": "#78523e", "icon": "lodging.svg" }, "geometry": { "type": "Point", "coordinates": [ 51.6551071, 32.6695904 ] } },
{ "type": "Feature", "properties": { "osm_id": 7474508985, "name": "مجتمع اداری وحدت", "amenity": null, "shop": null, "tourism": null, "leisure": null, "highway": null, "railway": null, "public_transport": null, "category": "other", "sub_category": "general", "category_label": "Other", "sub_category_label": "General", "color": "#999", "icon": "marker.svg" }, "geometry": { "type": "Point", "coordinates": [ 51.6583612, 32.6655865 ] } },
{ "type": "Feature", "properties": { "osm_id": 7532811394, "name": "مدرسه سلیمانی", "amenity": "school", "shop": null, "tourism": null, "leisure": null, "highway": null, "railway": null, "public_transport": null, "category": "education", "sub_category": "school", "category_label": "Education", "sub_category_label": "School", "color": "#78523e", "icon": "school.svg" }, "geometry": { "type": "Point", "coordinates": [ 51.6770723, 32.6548373 ] } },
{ "type": "Feature", "properties": { "osm_id": 7532811589, "name": "مدرسه ناصری", "amenity": "school", "shop": null, "tourism": null, "leisure": null, "highway": null, "railway": null, "public_transport": null, "category": "education", "sub_category": "school", "category_label": "Education", "sub_category_label": "School", "color": "#78523e", "icon": "school.svg" }, "geometry": { "type": "Point", "coordinates": [ 51.6780527, 32.6543202 ] } },
{ "type": "Feature", "properties": { "osm_id": 7541789747, "name": "نانوایی حسن غازی", "amenity": null, "shop": "bakery", "tourism": null, "leisure": null, "highway": null, "railway": null, "public_transport": null, "category": "food_retail", "sub_category": "bakery", "category_label": "Grocery & Food Retail", "sub_category_label": "Bakery", "color": "#b4612f", "icon": "grocery.svg" }, "geometry": { "type": "Point", "coordinates": [ 51.6675087, 32.6547065 ] } },
{ "type": "Feature", "properties": { "osm_id": 7541824315, "name": "پاساژ مهدی", "amenity": null, "shop": "fabric", "tourism": null, "leisure": null, "highway": null, "railway": null, "public_transport": null, "category": "general_retail", "sub_category": "fabric", "category_label": "General Retail", "sub_category_label": "Fabric", "color": "#194aa4", "icon": "shop.svg" }, "geometry": { "type": "Point", "coordinates": [ 51.6678385, 32.6555061 ] } },
{ "type": "Feature", "properties": { "osm_id": 7541903231, "name": "پاساژ هجرت", "amenity": null, "shop": "department_store", "tourism": null, "leisure": null, "highway": null, "railway": null, "public_transport": null, "category": "general_retail", "sub_category": "department_store", "category_label": "General Retail", "sub_category_label": "Department Store", "color": "#194aa4", "icon": "shop.svg" }, "geometry": { "type": "Point", "coordinates": [ 51.6682524, 32.6555845 ] } },
{ "type": "Feature", "properties": { "osm_id": 7599435062, "name": "نمایندگی نیکتا", "amenity": null, "shop": "supermarket", "tourism": null, "leisure": null, "highway": null, "railway": null, "public_transport": null, "category": "food_retail", "sub_category": "supermarket", "category_label": "Grocery & Food Retail", "sub_category_label": "Supermarket", "color": "#b4612f", "icon": "grocery.svg" }, "geometry": { "type": "Point", "coordinates": [ 51.6922513, 32.6697881 ] } },
{ "type": "Feature", "properties": { "osm_id": 7663190237, "name": "آژانس دیجیتال مارکتینگ کاردان سیستم", "amenity": null, "shop": null, "tourism": null, "leisure": null, "highway": null, "railway": null, "public_transport": null, "category": "other", "sub_category": "general", "category_label": "Other", "sub_category_label": "General", "color": "#999", "icon": "marker.svg" }, "geometry": { "type": "Point", "coordinates": [ 51.6497567, 32.6740315 ] } },
{ "type": "Feature", "properties": { "osm_id": 7694192092, "name": "نقش جهان", "amenity": null, "shop": null, "tourism": null, "leisure": null, "highway": null, "railway": "construction", "public_transport": "stop_position", "category": "other", "sub_category": "general", "category_label": "Other", "sub_category_label": "General", "color": "#999", "icon": "marker.svg" }, "geometry": { "type": "Point", "coordinates": [ 51.6840642, 32.6598468 ] } },
{ "type": "Feature", "properties": { "osm_id": 7694240189, "name": "خلجا", "amenity": null, "shop": null, "tourism": null, "leisure": null, "highway": null, "railway": "construction", "public_transport": "stop_position", "category": "other", "sub_category": "general", "category_label": "Other", "sub_category_label": "General", "color": "#999", "icon": "marker.svg" }, "geometry": { "type": "Point", "coordinates": [ 51.6603904, 32.6580098 ] } },
{ "type": "Feature", "properties": { "osm_id": 7900056924, "name": "مطب دکتر سپهری‌فر متخصص داخلی گوارش", "amenity": "doctors", "shop": null, "tourism": null, "leisure": null, "highway": null, "railway": null, "public_transport": null, "category": "medical_care", "sub_category": "doctor", "category_label": "Medical Care", "sub_category_label": "Doctor", "color": "#d14a4a", "icon": "doctor.svg" }, "geometry": { "type": "Point", "coordinates": [ 51.681576, 32.678385 ] } },
{ "type": "Feature", "properties": { "osm_id": 7942816185, "name": "جمشيد", "amenity": null, "shop": null, "tourism": "hotel", "leisure": null, "highway": null, "railway": null, "public_transport": null, "category": "accommodation", "sub_category": "hotel", "category_label": "Accommodation", "sub_category_label": "Hotel", "color": "#78523e", "icon": "lodging.svg" }, "geometry": { "type": "Point", "coordinates": [ 51.6693913, 32.6609136 ] } },
{ "type": "Feature", "properties": { "osm_id": 7962661296, "name": null, "amenity": "drinking_water", "shop": null, "tourism": null, "leisure": null, "highway": null, "railway": null, "public_transport": null, "category": "public_service", "sub_category": "drinking_water", "category_label": "Public Services", "sub_category_label": "Drinking Water", "color": "#506aa0", "icon": "post.svg" }, "geometry": { "type": "Point", "coordinates": [ 51.6748918, 32.6624025 ] } },
{ "type": "Feature", "properties": { "osm_id": 8017241176, "name": "دفتر فنی رایا", "amenity": null, "shop": "copyshop", "tourism": null, "leisure": null, "highway": null, "railway": null, "public_transport": null, "category": "general_retail", "sub_category": "copyshop", "category_label": "General Retail", "sub_category_label": "Copyshop", "color": "#194aa4", "icon": "shop.svg" }, "geometry": { "type": "Point", "coordinates": [ 51.6893939, 32.6820061 ] } },
{ "type": "Feature", "properties": { "osm_id": 8068902130, "name": "Hayat House", "amenity": "cafe", "shop": null, "tourism": null, "leisure": null, "highway": null, "railway": null, "public_transport": null, "category": "food_service", "sub_category": "cafe", "category_label": "Restaurants & Cafes", "sub_category_label": "Cafe", "color": "#b4612f", "icon": "restaurant.svg" }, "geometry": { "type": "Point", "coordinates": [ 51.6714176, 32.662395 ] } },
{ "type": "Feature", "properties": { "osm_id": 8074821388, "name": "دفتر مرکزی سلام شاپ", "amenity": null, "shop": null, "tourism": "attraction", "leisure": null, "highway": null, "railway": null, "public_transport": null, "category": "culture_attraction", "sub_category": "culture_attraction", "category_label": "Culture & Attractions", "sub_category_label": "Culture Attraction", "color": "#067c91", "icon": "museum.svg" }, "geometry": { "type": "Point", "coordinates": [ 51.6858938, 32.6533162 ] } },
{ "type": "Feature", "properties": { "osm_id": 8120564748, "name": "فروشگاه ژست اسپرت", "amenity": null, "shop": "sports", "tourism": null, "leisure": null, "highway": null, "railway": null, "public_transport": null, "category": "general_retail", "sub_category": "sporting_store", "category_label": "General Retail", "sub_category_label": "Sporting Store", "color": "#194aa4", "icon": "shop.svg" }, "geometry": { "type": "Point", "coordinates": [ 51.6695942, 32.6617644 ] } },
{ "type": "Feature", "properties": { "osm_id": 8124168717, "name": "ماساژ رایا", "amenity": null, "shop": "massage", "tourism": null, "leisure": null, "highway": null, "railway": null, "public_transport": null, "category": "general_retail", "sub_category": "massage", "category_label": "General Retail", "sub_category_label": "Massage", "color": "#194aa4", "icon": "shop.svg" }, "geometry": { "type": "Point", "coordinates": [ 51.6935182, 32.65868 ] } },
{ "type": "Feature", "properties": { "osm_id": 8155362663, "name": "نیرو نیک پرداز کهربا", "amenity": null, "shop": "electronics", "tourism": null, "leisure": null, "highway": null, "railway": null, "public_transport": null, "category": "general_retail", "sub_category": "electronics_store", "category_label": "General Retail", "sub_category_label": "Electronics Store", "color": "#194aa4", "icon": "shop.svg" }, "geometry": { "type": "Point", "coordinates": [ 51.6553538, 32.6628412 ] } },
{ "type": "Feature", "properties": { "osm_id": 8156042186, "name": "نمایندگی مانیتور فابریک وینکا مارکت WINCA", "amenity": null, "shop": "car", "tourism": null, "leisure": null, "highway": null, "railway": null, "public_transport": null, "category": "automotive", "sub_category": "car_related_store", "category_label": "Automotive Services", "sub_category_label": "Car Related Store", "color": "#2ecc71", "icon": "car-repair.svg" }, "geometry": { "type": "Point", "coordinates": [ 51.688613, 32.6847289 ] } },
{ "type": "Feature", "properties": { "osm_id": 8175930891, "name": null, "amenity": null, "shop": null, "tourism": null, "leisure": null, "highway": "traffic_signals", "railway": null, "public_transport": null, "category": "parking_road_facility", "sub_category": "traffic_signals", "category_label": "Parking & Road Facilities", "sub_category_label": "Traffic Signals", "color": "#78523e", "icon": "parking.svg" }, "geometry": { "type": "Point", "coordinates": [ 51.6883143, 32.6778864 ] } },
{ "type": "Feature", "properties": { "osm_id": 8198019267, "name": null, "amenity": null, "shop": null, "tourism": null, "leisure": null, "highway": "traffic_signals", "railway": null, "public_transport": null, "category": "parking_road_facility", "sub_category": "traffic_signals", "category_label": "Parking & Road Facilities", "sub_category_label": "Traffic Signals", "color": "#78523e", "icon": "parking.svg" }, "geometry": { "type": "Point", "coordinates": [ 51.6884436, 32.6781726 ] } },
{ "type": "Feature", "properties": { "osm_id": 8209005680, "name": null, "amenity": null, "shop": null, "tourism": null, "leisure": null, "highway": "traffic_signals", "railway": null, "public_transport": null, "category": "parking_road_facility", "sub_category": "traffic_signals", "category_label": "Parking & Road Facilities", "sub_category_label": "Traffic Signals", "color": "#78523e", "icon": "parking.svg" }, "geometry": { "type": "Point", "coordinates": [ 51.6935333, 32.662145 ] } },
{ "type": "Feature", "properties": { "osm_id": 8209005681, "name": null, "amenity": null, "shop": null, "tourism": null, "leisure": null, "highway": "traffic_signals", "railway": null, "public_transport": null, "category": "parking_road_facility", "sub_category": "traffic_signals", "category_label": "Parking & Road Facilities", "sub_category_label": "Traffic Signals", "color": "#78523e", "icon": "parking.svg" }, "geometry": { "type": "Point", "coordinates": [ 51.6937797, 32.6621892 ] } },
{ "type": "Feature", "properties": { "osm_id": 8209005682, "name": null, "amenity": null, "shop": null, "tourism": null, "leisure": null, "highway": "traffic_signals", "railway": null, "public_transport": null, "category": "parking_road_facility", "sub_category": "traffic_signals", "category_label": "Parking & Road Facilities", "sub_category_label": "Traffic Signals", "color": "#78523e", "icon": "parking.svg" }, "geometry": { "type": "Point", "coordinates": [ 51.6937212, 32.6621382 ] } },
{ "type": "Feature", "properties": { "osm_id": 8220508542, "name": "نمایندگی بیمه آسیا (قاسمی)", "amenity": null, "shop": null, "tourism": null, "leisure": null, "highway": null, "railway": null, "public_transport": null, "category": "other", "sub_category": "general", "category_label": "Other", "sub_category_label": "General", "color": "#999", "icon": "marker.svg" }, "geometry": { "type": "Point", "coordinates": [ 51.6520382, 32.6634415 ] } },
{ "type": "Feature", "properties": { "osm_id": 8220541434, "name": "آزمایشگاه آذرمهر", "amenity": null, "shop": null, "tourism": null, "leisure": null, "highway": null, "railway": null, "public_transport": null, "category": "other", "sub_category": "general", "category_label": "Other", "sub_category_label": "General", "color": "#999", "icon": "marker.svg" }, "geometry": { "type": "Point", "coordinates": [ 51.6523408, 32.6593706 ] } },
{ "type": "Feature", "properties": { "osm_id": 8220546969, "name": "مرغ و ماهی ولیعصر (نمایندگی اصفهان مرغ)", "amenity": null, "shop": "butcher", "tourism": null, "leisure": null, "highway": null, "railway": null, "public_transport": null, "category": "food_retail", "sub_category": "butcher_shop", "category_label": "Grocery & Food Retail", "sub_category_label": "Butcher Shop", "color": "#b4612f", "icon": "grocery.svg" }, "geometry": { "type": "Point", "coordinates": [ 51.6519219, 32.6585464 ] } },
{ "type": "Feature", "properties": { "osm_id": 8222627600, "name": "فروشگاه پمپیران", "amenity": null, "shop": "hardware", "tourism": null, "leisure": null, "highway": null, "railway": null, "public_transport": null, "category": "general_retail", "sub_category": "hardware_store", "category_label": "General Retail", "sub_category_label": "Hardware Store", "color": "#194aa4", "icon": "shop.svg" }, "geometry": { "type": "Point", "coordinates": [ 51.6544867, 32.6661089 ] } },
{ "type": "Feature", "properties": { "osm_id": 8223612009, "name": null, "amenity": null, "shop": null, "tourism": null, "leisure": null, "highway": "traffic_signals", "railway": null, "public_transport": null, "category": "parking_road_facility", "sub_category": "traffic_signals", "category_label": "Parking & Road Facilities", "sub_category_label": "Traffic Signals", "color": "#78523e", "icon": "parking.svg" }, "geometry": { "type": "Point", "coordinates": [ 51.6513803, 32.6659652 ] } },
{ "type": "Feature", "properties": { "osm_id": 8223612010, "name": null, "amenity": null, "shop": null, "tourism": null, "leisure": null, "highway": "traffic_signals", "railway": null, "public_transport": null, "category": "parking_road_facility", "sub_category": "traffic_signals", "category_label": "Parking & Road Facilities", "sub_category_label": "Traffic Signals", "color": "#78523e", "icon": "parking.svg" }, "geometry": { "type": "Point", "coordinates": [ 51.6515296, 32.666101 ] } },
{ "type": "Feature", "properties": { "osm_id": 8223612011, "name": null, "amenity": null, "shop": null, "tourism": null, "leisure": null, "highway": "traffic_signals", "railway": null, "public_transport": null, "category": "parking_road_facility", "sub_category": "traffic_signals", "category_label": "Parking & Road Facilities", "sub_category_label": "Traffic Signals", "color": "#78523e", "icon": "parking.svg" }, "geometry": { "type": "Point", "coordinates": [ 51.6511625, 32.6660224 ] } },
{ "type": "Feature", "properties": { "osm_id": 8306820417, "name": "نمایندگی خدمات پس از فروش گلدیران ال جی", "amenity": null, "shop": "alcohol", "tourism": null, "leisure": null, "highway": null, "railway": null, "public_transport": null, "category": "food_retail", "sub_category": "store", "category_label": "Grocery & Food Retail", "sub_category_label": "Store", "color": "#b4612f", "icon": "grocery.svg" }, "geometry": { "type": "Point", "coordinates": [ 51.6935924, 32.6617053 ] } },
{ "type": "Feature", "properties": { "osm_id": 8396828653, "name": "کافه پاسارگاد", "amenity": "cafe", "shop": null, "tourism": null, "leisure": null, "highway": null, "railway": null, "public_transport": null, "category": "food_service", "sub_category": "cafe", "category_label": "Restaurants & Cafes", "sub_category_label": "Cafe", "color": "#b4612f", "icon": "restaurant.svg" }, "geometry": { "type": "Point", "coordinates": [ 51.6849157, 32.6611748 ] } },
{ "type": "Feature", "properties": { "osm_id": 8480271322, "name": "لوازم جانبی موبایل کیانپارس", "amenity": null, "shop": "mobile_phone", "tourism": null, "leisure": null, "highway": null, "railway": null, "public_transport": null, "category": "general_retail", "sub_category": "electronics_store", "category_label": "General Retail", "sub_category_label": "Electronics Store", "color": "#194aa4", "icon": "shop.svg" }, "geometry": { "type": "Point", "coordinates": [ 51.6939314, 32.6622809 ] } },
{ "type": "Feature", "properties": { "osm_id": 8490655231, "name": "پایانه باغ قوشخانه", "amenity": null, "shop": null, "tourism": null, "leisure": null, "highway": null, "railway": null, "public_transport": "stop_position", "category": "other", "sub_category": "general", "category_label": "Other", "sub_category_label": "General", "color": "#999", "icon": "marker.svg" }, "geometry": { "type": "Point", "coordinates": [ 51.6917476, 32.6833237 ] } },
{ "type": "Feature", "properties": { "osm_id": 8490681945, "name": "میدان قدس (طوقچی)", "amenity": null, "shop": null, "tourism": null, "leisure": null, "highway": "bus_stop", "railway": null, "public_transport": "stop_position", "category": "public_transport", "sub_category": "bus_stop", "category_label": "Public Transportation", "sub_category_label": "Bus Stop", "color": "#1787d4", "icon": "bus.svg" }, "geometry": { "type": "Point", "coordinates": [ 51.6894329, 32.6777185 ] } },
{ "type": "Feature", "properties": { "osm_id": 8490681946, "name": "میدان قدس (طوقچی)", "amenity": null, "shop": null, "tourism": null, "leisure": null, "highway": null, "railway": null, "public_transport": "platform", "category": "public_transport", "sub_category": "bus_stop", "category_label": "Public Transportation", "sub_category_label": "Bus Stop", "color": "#1787d4", "icon": "bus.svg" }, "geometry": { "type": "Point", "coordinates": [ 51.6895059, 32.6777499 ] } },
{ "type": "Feature", "properties": { "osm_id": 8493272921, "name": "مولوی", "amenity": null, "shop": null, "tourism": null, "leisure": null, "highway": "bus_stop", "railway": null, "public_transport": "platform", "category": "public_transport", "sub_category": "bus_stop", "category_label": "Public Transportation", "sub_category_label": "Bus Stop", "color": "#1787d4", "icon": "bus.svg" }, "geometry": { "type": "Point", "coordinates": [ 51.6826859, 32.6784325 ] } },
{ "type": "Feature", "properties": { "osm_id": 8493272922, "name": "مولوی", "amenity": null, "shop": null, "tourism": null, "leisure": null, "highway": null, "railway": null, "public_transport": "stop_position", "category": "other", "sub_category": "general", "category_label": "Other", "sub_category_label": "General", "color": "#999", "icon": "marker.svg" }, "geometry": { "type": "Point", "coordinates": [ 51.6826856, 32.6784905 ] } },
{ "type": "Feature", "properties": { "osm_id": 8493272923, "name": "مولوی", "amenity": null, "shop": null, "tourism": null, "leisure": null, "highway": null, "railway": null, "public_transport": "stop_position", "category": "other", "sub_category": "general", "category_label": "Other", "sub_category_label": "General", "color": "#999", "icon": "marker.svg" }, "geometry": { "type": "Point", "coordinates": [ 51.6826861, 32.6783574 ] } },
{ "type": "Feature", "properties": { "osm_id": 8493272928, "name": "ضابط زاده", "amenity": null, "shop": null, "tourism": null, "leisure": null, "highway": "bus_stop", "railway": null, "public_transport": "platform", "category": "public_transport", "sub_category": "bus_stop", "category_label": "Public Transportation", "sub_category_label": "Bus Stop", "color": "#1787d4", "icon": "bus.svg" }, "geometry": { "type": "Point", "coordinates": [ 51.678797, 32.6787084 ] } },
{ "type": "Feature", "properties": { "osm_id": 8493272929, "name": "ضابط زاده", "amenity": null, "shop": null, "tourism": null, "leisure": null, "highway": null, "railway": null, "public_transport": "stop_position", "category": "other", "sub_category": "general", "category_label": "Other", "sub_category_label": "General", "color": "#999", "icon": "marker.svg" }, "geometry": { "type": "Point", "coordinates": [ 51.678794, 32.6787699 ] } },
{ "type": "Feature", "properties": { "osm_id": 8493272930, "name": "ضابط زاده", "amenity": null, "shop": null, "tourism": null, "leisure": null, "highway": null, "railway": null, "public_transport": "stop_position", "category": "other", "sub_category": "general", "category_label": "Other", "sub_category_label": "General", "color": "#999", "icon": "marker.svg" }, "geometry": { "type": "Point", "coordinates": [ 51.6787758, 32.6786486 ] } },
{ "type": "Feature", "properties": { "osm_id": 8493272931, "name": "مسجد امام حسین", "amenity": null, "shop": null, "tourism": null, "leisure": null, "highway": "bus_stop", "railway": null, "public_transport": "platform", "category": "public_transport", "sub_category": "bus_stop", "category_label": "Public Transportation", "sub_category_label": "Bus Stop", "color": "#1787d4", "icon": "bus.svg" }, "geometry": { "type": "Point", "coordinates": [ 51.6660088, 32.6794947 ] } },
{ "type": "Feature", "properties": { "osm_id": 8493272932, "name": "مسجد امام حسین", "amenity": null, "shop": null, "tourism": null, "leisure": null, "highway": null, "railway": null, "public_transport": "stop_position", "category": "other", "sub_category": "general", "category_label": "Other", "sub_category_label": "General", "color": "#999", "icon": "marker.svg" }, "geometry": { "type": "Point", "coordinates": [ 51.6660349, 32.6795438 ] } },
{ "type": "Feature", "properties": { "osm_id": 8493272933, "name": "مسجد امام حسین", "amenity": null, "shop": null, "tourism": null, "leisure": null, "highway": null, "railway": null, "public_transport": "stop_position", "category": "other", "sub_category": "general", "category_label": "Other", "sub_category_label": "General", "color": "#999", "icon": "marker.svg" }, "geometry": { "type": "Point", "coordinates": [ 51.6660267, 32.679437 ] } },
{ "type": "Feature", "properties": { "osm_id": 8493272935, "name": "میدان ۲۵ آبان", "amenity": null, "shop": null, "tourism": null, "leisure": null, "highway": null, "railway": null, "public_transport": "stop_position", "category": "other", "sub_category": "general", "category_label": "Other", "sub_category_label": "General", "color": "#999", "icon": "marker.svg" }, "geometry": { "type": "Point", "coordinates": [ 51.6718571, 32.6792722 ] } },
{ "type": "Feature", "properties": { "osm_id": 8493272936, "name": "میدان ۲۵ آبان", "amenity": null, "shop": null, "tourism": null, "leisure": null, "highway": null, "railway": null, "public_transport": "stop_position", "category": "other", "sub_category": "general", "category_label": "Other", "sub_category_label": "General", "color": "#999", "icon": "marker.svg" }, "geometry": { "type": "Point", "coordinates": [ 51.6724924, 32.6790031 ] } },
{ "type": "Feature", "properties": { "osm_id": 8493272937, "name": "میدان ۲۵ آبان", "amenity": null, "shop": null, "tourism": null, "leisure": null, "highway": "bus_stop", "railway": null, "public_transport": "platform", "category": "public_transport", "sub_category": "bus_stop", "category_label": "Public Transportation", "sub_category_label": "Bus Stop", "color": "#1787d4", "icon": "bus.svg" }, "geometry": { "type": "Point", "coordinates": [ 51.672144, 32.6791357 ] } },
{ "type": "Feature", "properties": { "osm_id": 8493272938, "name": "هفده شهریور", "amenity": null, "shop": null, "tourism": null, "leisure": null, "highway": "bus_stop", "railway": null, "public_transport": "platform", "category": "public_transport", "sub_category": "bus_stop", "category_label": "Public Transportation", "sub_category_label": "Bus Stop", "color": "#1787d4", "icon": "bus.svg" }, "geometry": { "type": "Point", "coordinates": [ 51.6606657, 32.6798133 ] } },
{ "type": "Feature", "properties": { "osm_id": 8493272939, "name": "هفده شهریور", "amenity": null, "shop": null, "tourism": null, "leisure": null, "highway": null, "railway": null, "public_transport": "stop_position", "category": "other", "sub_category": "general", "category_label": "Other", "sub_category_label": "General", "color": "#999", "icon": "marker.svg" }, "geometry": { "type": "Point", "coordinates": [ 51.6606886, 32.6798609 ] } },
{ "type": "Feature", "properties": { "osm_id": 8493272940, "name": "هفده شهریور", "amenity": null, "shop": null, "tourism": null, "leisure": null, "highway": null, "railway": null, "public_transport": "stop_position", "category": "other", "sub_category": "general", "category_label": "Other", "sub_category_label": "General", "color": "#999", "icon": "marker.svg" }, "geometry": { "type": "Point", "coordinates": [ 51.6606802, 32.6797622 ] } },
{ "type": "Feature", "properties": { "osm_id": 8493272943, "name": "آیت الله خادمی", "amenity": null, "shop": null, "tourism": null, "leisure": null, "highway": "bus_stop", "railway": null, "public_transport": "platform", "category": "public_transport", "sub_category": "bus_stop", "category_label": "Public Transportation", "sub_category_label": "Bus Stop", "color": "#1787d4", "icon": "bus.svg" }, "geometry": { "type": "Point", "coordinates": [ 51.6575056, 32.6800144 ] } },
{ "type": "Feature", "properties": { "osm_id": 8493272944, "name": "آیت الله خادمی", "amenity": null, "shop": null, "tourism": null, "leisure": null, "highway": null, "railway": null, "public_transport": "stop_position", "category": "other", "sub_category": "general", "category_label": "Other", "sub_category_label": "General", "color": "#999", "icon": "marker.svg" }, "geometry": { "type": "Point", "coordinates": [ 51.6575133, 32.6800544 ] } },
{ "type": "Feature", "properties": { "osm_id": 8493272945, "name": "آیت الله خادمی", "amenity": null, "shop": null, "tourism": null, "leisure": null, "highway": null, "railway": null, "public_transport": "stop_position", "category": "other", "sub_category": "general", "category_label": "Other", "sub_category_label": "General", "color": "#999", "icon": "marker.svg" }, "geometry": { "type": "Point", "coordinates": [ 51.6575037, 32.6799609 ] } },
{ "type": "Feature", "properties": { "osm_id": 8493272946, "name": "رباط", "amenity": null, "shop": null, "tourism": null, "leisure": null, "highway": "bus_stop", "railway": null, "public_transport": "platform", "category": "public_transport", "sub_category": "bus_stop", "category_label": "Public Transportation", "sub_category_label": "Bus Stop", "color": "#1787d4", "icon": "bus.svg" }, "geometry": { "type": "Point", "coordinates": [ 51.6529786, 32.680283 ] } },
{ "type": "Feature", "properties": { "osm_id": 8493272947, "name": "رباط", "amenity": null, "shop": null, "tourism": null, "leisure": null, "highway": null, "railway": null, "public_transport": "stop_position", "category": "other", "sub_category": "general", "category_label": "Other", "sub_category_label": "General", "color": "#999", "icon": "marker.svg" }, "geometry": { "type": "Point", "coordinates": [ 51.6529686, 32.6803462 ] } },
{ "type": "Feature", "properties": { "osm_id": 8493272948, "name": "رباط", "amenity": null, "shop": null, "tourism": null, "leisure": null, "highway": null, "railway": null, "public_transport": "stop_position", "category": "other", "sub_category": "general", "category_label": "Other", "sub_category_label": "General", "color": "#999", "icon": "marker.svg" }, "geometry": { "type": "Point", "coordinates": [ 51.6529498, 32.680226 ] } },
{ "type": "Feature", "properties": { "osm_id": 8493272955, "name": "دروازه تهران", "amenity": null, "shop": null, "tourism": null, "leisure": null, "highway": null, "railway": null, "public_transport": "stop_position", "category": "other", "sub_category": "general", "category_label": "Other", "sub_category_label": "General", "color": "#999", "icon": "marker.svg" }, "geometry": { "type": "Point", "coordinates": [ 51.6504283, 32.6742204 ] } },
{ "type": "Feature", "properties": { "osm_id": 8493599889, "name": "صغیر اصفهانی", "amenity": null, "shop": null, "tourism": null, "leisure": null, "highway": "bus_stop", "railway": null, "public_transport": "platform", "category": "public_transport", "sub_category": "bus_stop", "category_label": "Public Transportation", "sub_category_label": "Bus Stop", "color": "#1787d4", "icon": "bus.svg" }, "geometry": { "type": "Point", "coordinates": [ 51.6929863, 32.6667046 ] } },
{ "type": "Feature", "properties": { "osm_id": 8493599890, "name": "صغیر اصفهانی", "amenity": null, "shop": null, "tourism": null, "leisure": null, "highway": null, "railway": null, "public_transport": "stop_position", "category": "other", "sub_category": "general", "category_label": "Other", "sub_category_label": "General", "color": "#999", "icon": "marker.svg" }, "geometry": { "type": "Point", "coordinates": [ 51.6929909, 32.6667492 ] } },
{ "type": "Feature", "properties": { "osm_id": 8493599891, "name": "صغیر اصفهانی", "amenity": null, "shop": null, "tourism": null, "leisure": null, "highway": null, "railway": null, "public_transport": "stop_position", "category": "other", "sub_category": "general", "category_label": "Other", "sub_category_label": "General", "color": "#999", "icon": "marker.svg" }, "geometry": { "type": "Point", "coordinates": [ 51.6929871, 32.6666727 ] } },
{ "type": "Feature", "properties": { "osm_id": 8493599894, "name": "شهید جعفریان", "amenity": null, "shop": null, "tourism": null, "leisure": null, "highway": "bus_stop", "railway": null, "public_transport": "platform", "category": "public_transport", "sub_category": "bus_stop", "category_label": "Public Transportation", "sub_category_label": "Bus Stop", "color": "#1787d4", "icon": "bus.svg" }, "geometry": { "type": "Point", "coordinates": [ 51.6903961, 32.6670406 ] } },
{ "type": "Feature", "properties": { "osm_id": 8493599895, "name": "شهید جعفریان", "amenity": null, "shop": null, "tourism": null, "leisure": null, "highway": null, "railway": null, "public_transport": "stop_position", "category": "other", "sub_category": "general", "category_label": "Other", "sub_category_label": "General", "color": "#999", "icon": "marker.svg" }, "geometry": { "type": "Point", "coordinates": [ 51.6903954, 32.6670809 ] } },
{ "type": "Feature", "properties": { "osm_id": 8493599896, "name": "شهید جعفریان", "amenity": null, "shop": null, "tourism": null, "leisure": null, "highway": null, "railway": null, "public_transport": "stop_position", "category": "other", "sub_category": "general", "category_label": "Other", "sub_category_label": "General", "color": "#999", "icon": "marker.svg" }, "geometry": { "type": "Point", "coordinates": [ 51.6903878, 32.6669897 ] } },
{ "type": "Feature", "properties": { "osm_id": 8493599905, "name": "میدان امام علی (سبزه میدان)", "amenity": null, "shop": null, "tourism": null, "leisure": null, "highway": null, "railway": null, "public_transport": "stop_position", "category": "other", "sub_category": "general", "category_label": "Other", "sub_category_label": "General", "color": "#999", "icon": "marker.svg" }, "geometry": { "type": "Point", "coordinates": [ 51.6844591, 32.6672829 ] } },
{ "type": "Feature", "properties": { "osm_id": 8493599906, "name": "میدان امام علی (سبزه میدان)", "amenity": null, "shop": null, "tourism": null, "leisure": null, "highway": null, "railway": null, "public_transport": "stop_position", "category": "other", "sub_category": "general", "category_label": "Other", "sub_category_label": "General", "color": "#999", "icon": "marker.svg" }, "geometry": { "type": "Point", "coordinates": [ 51.6844627, 32.6670872 ] } },
{ "type": "Feature", "properties": { "osm_id": 8493599907, "name": "میدان امام علی (سبزه میدان)", "amenity": null, "shop": null, "tourism": null, "leisure": null, "highway": "bus_stop", "railway": null, "public_transport": "platform", "category": "public_transport", "sub_category": "bus_stop", "category_label": "Public Transportation", "sub_category_label": "Bus Stop", "color": "#1787d4", "icon": "bus.svg" }, "geometry": { "type": "Point", "coordinates": [ 51.6844673, 32.6671628 ] } },
{ "type": "Feature", "properties": { "osm_id": 8493599908, "name": "حاج محمد جعفر", "amenity": null, "shop": null, "tourism": null, "leisure": null, "highway": "bus_stop", "railway": null, "public_transport": "platform", "category": "public_transport", "sub_category": "bus_stop", "category_label": "Public Transportation", "sub_category_label": "Bus Stop", "color": "#1787d4", "icon": "bus.svg" }, "geometry": { "type": "Point", "coordinates": [ 51.6782639, 32.6664328 ] } },
{ "type": "Feature", "properties": { "osm_id": 8493599909, "name": "حاج محمد جعفر", "amenity": null, "shop": null, "tourism": null, "leisure": null, "highway": null, "railway": null, "public_transport": "stop_position", "category": "other", "sub_category": "general", "category_label": "Other", "sub_category_label": "General", "color": "#999", "icon": "marker.svg" }, "geometry": { "type": "Point", "coordinates": [ 51.6782519, 32.6664696 ] } },
{ "type": "Feature", "properties": { "osm_id": 8493599910, "name": "حاج محمد جعفر", "amenity": null, "shop": null, "tourism": null, "leisure": null, "highway": null, "railway": null, "public_transport": "stop_position", "category": "other", "sub_category": "general", "category_label": "Other", "sub_category_label": "General", "color": "#999", "icon": "marker.svg" }, "geometry": { "type": "Point", "coordinates": [ 51.678272, 32.6663901 ] } },
{ "type": "Feature", "properties": { "osm_id": 8493599911, "name": "سنبلستان", "amenity": null, "shop": null, "tourism": null, "leisure": null, "highway": "bus_stop", "railway": null, "public_transport": "platform", "category": "public_transport", "sub_category": "bus_stop", "category_label": "Public Transportation", "sub_category_label": "Bus Stop", "color": "#1787d4", "icon": "bus.svg" }, "geometry": { "type": "Point", "coordinates": [ 51.6745135, 32.665931 ] } },
{ "type": "Feature", "properties": { "osm_id": 8493599912, "name": "سنبلستان", "amenity": null, "shop": null, "tourism": null, "leisure": null, "highway": null, "railway": null, "public_transport": "stop_position", "category": "other", "sub_category": "general", "category_label": "Other", "sub_category_label": "General", "color": "#999", "icon": "marker.svg" }, "geometry": { "type": "Point", "coordinates": [ 51.6745062, 32.6659716 ] } },
{ "type": "Feature", "properties": { "osm_id": 8493599913, "name": "سنبلستان", "amenity": null, "shop": null, "tourism": null, "leisure": null, "highway": null, "railway": null, "public_transport": "stop_position", "category": "other", "sub_category": "general", "category_label": "Other", "sub_category_label": "General", "color": "#999", "icon": "marker.svg" }, "geometry": { "type": "Point", "coordinates": [ 51.6745268, 32.6658964 ] } },
{ "type": "Feature", "properties": { "osm_id": 8493599914, "name": "چهارراه تختی", "amenity": null, "shop": null, "tourism": null, "leisure": null, "highway": "bus_stop", "railway": null, "public_transport": "platform", "category": "public_transport", "sub_category": "bus_stop", "category_label": "Public Transportation", "sub_category_label": "Bus Stop", "color": "#1787d4", "icon": "bus.svg" }, "geometry": { "type": "Point", "coordinates": [ 51.6698618, 32.6653814 ] } },
{ "type": "Feature", "properties": { "osm_id": 8493599915, "name": "چهارراه تختی", "amenity": null, "shop": null, "tourism": null, "leisure": null, "highway": null, "railway": null, "public_transport": "stop_position", "category": "other", "sub_category": "general", "category_label": "Other", "sub_category_label": "General", "color": "#999", "icon": "marker.svg" }, "geometry": { "type": "Point", "coordinates": [ 51.6698731, 32.6653497 ] } },
{ "type": "Feature", "properties": { "osm_id": 8493599916, "name": "چهارراه تختی", "amenity": null, "shop": null, "tourism": null, "leisure": null, "highway": null, "railway": null, "public_transport": "stop_position", "category": "other", "sub_category": "general", "category_label": "Other", "sub_category_label": "General", "color": "#999", "icon": "marker.svg" }, "geometry": { "type": "Point", "coordinates": [ 51.6698694, 32.6654331 ] } },
{ "type": "Feature", "properties": { "osm_id": 8493599917, "name": "طیب", "amenity": null, "shop": null, "tourism": null, "leisure": null, "highway": "bus_stop", "railway": null, "public_transport": "platform", "category": "public_transport", "sub_category": "bus_stop", "category_label": "Public Transportation", "sub_category_label": "Bus Stop", "color": "#1787d4", "icon": "bus.svg" }, "geometry": { "type": "Point", "coordinates": [ 51.6661591, 32.6655226 ] } },
{ "type": "Feature", "properties": { "osm_id": 8493599918, "name": "طیب", "amenity": null, "shop": null, "tourism": null, "leisure": null, "highway": "bus_stop", "railway": null, "public_transport": "platform", "category": "public_transport", "sub_category": "bus_stop", "category_label": "Public Transportation", "sub_category_label": "Bus Stop", "color": "#1787d4", "icon": "bus.svg" }, "geometry": { "type": "Point", "coordinates": [ 51.6661586, 32.6655682 ] } },
{ "type": "Feature", "properties": { "osm_id": 8493599919, "name": "طیب", "amenity": null, "shop": null, "tourism": null, "leisure": null, "highway": "bus_stop", "railway": null, "public_transport": "platform", "category": "public_transport", "sub_category": "bus_stop", "category_label": "Public Transportation", "sub_category_label": "Bus Stop", "color": "#1787d4", "icon": "bus.svg" }, "geometry": { "type": "Point", "coordinates": [ 51.6661614, 32.6654837 ] } },
{ "type": "Feature", "properties": { "osm_id": 8493599920, "name": "گلستان", "amenity": null, "shop": null, "tourism": null, "leisure": null, "highway": "bus_stop", "railway": null, "public_transport": "platform", "category": "public_transport", "sub_category": "bus_stop", "category_label": "Public Transportation", "sub_category_label": "Bus Stop", "color": "#1787d4", "icon": "bus.svg" }, "geometry": { "type": "Point", "coordinates": [ 51.6624398, 32.6656644 ] } },
{ "type": "Feature", "properties": { "osm_id": 8493599921, "name": "گلستان", "amenity": null, "shop": null, "tourism": null, "leisure": null, "highway": null, "railway": null, "public_transport": "stop_position", "category": "other", "sub_category": "general", "category_label": "Other", "sub_category_label": "General", "color": "#999", "icon": "marker.svg" }, "geometry": { "type": "Point", "coordinates": [ 51.6624338, 32.6657039 ] } },
{ "type": "Feature", "properties": { "osm_id": 8493599922, "name": "گلستان", "amenity": null, "shop": null, "tourism": null, "leisure": null, "highway": null, "railway": null, "public_transport": "stop_position", "category": "other", "sub_category": "general", "category_label": "Other", "sub_category_label": "General", "color": "#999", "icon": "marker.svg" }, "geometry": { "type": "Point", "coordinates": [ 51.6624216, 32.6656185 ] } },
{ "type": "Feature", "properties": { "osm_id": 8493599923, "name": "بیمه", "amenity": null, "shop": null, "tourism": null, "leisure": null, "highway": "bus_stop", "railway": null, "public_transport": "platform", "category": "public_transport", "sub_category": "bus_stop", "category_label": "Public Transportation", "sub_category_label": "Bus Stop", "color": "#1787d4", "icon": "bus.svg" }, "geometry": { "type": "Point", "coordinates": [ 51.6551458, 32.6659297 ] } },
{ "type": "Feature", "properties": { "osm_id": 8493599924, "name": "بیمه", "amenity": null, "shop": null, "tourism": null, "leisure": null, "highway": null, "railway": null, "public_transport": "stop_position", "category": "other", "sub_category": "general", "category_label": "Other", "sub_category_label": "General", "color": "#999", "icon": "marker.svg" }, "geometry": { "type": "Point", "coordinates": [ 51.6551355, 32.6658814 ] } },
{ "type": "Feature", "properties": { "osm_id": 8493599925, "name": "بیمه", "amenity": null, "shop": null, "tourism": null, "leisure": null, "highway": null, "railway": null, "public_transport": "stop_position", "category": "other", "sub_category": "general", "category_label": "Other", "sub_category_label": "General", "color": "#999", "icon": "marker.svg" }, "geometry": { "type": "Point", "coordinates": [ 51.6551524, 32.665969 ] } },
{ "type": "Feature", "properties": { "osm_id": 8493599926, "name": "چهارراه هفتم محرم", "amenity": null, "shop": null, "tourism": null, "leisure": null, "highway": null, "railway": null, "public_transport": "stop_position", "category": "other", "sub_category": "general", "category_label": "Other", "sub_category_label": "General", "color": "#999", "icon": "marker.svg" }, "geometry": { "type": "Point", "coordinates": [ 51.6523677, 32.6659812 ] } },
{ "type": "Feature", "properties": { "osm_id": 8493599927, "name": "چهارراه هفتم محرم", "amenity": null, "shop": null, "tourism": null, "leisure": null, "highway": "bus_stop", "railway": null, "public_transport": "platform", "category": "public_transport", "sub_category": "bus_stop", "category_label": "Public Transportation", "sub_category_label": "Bus Stop", "color": "#1787d4", "icon": "bus.svg" }, "geometry": { "type": "Point", "coordinates": [ 51.652062, 32.6660343 ] } },
{ "type": "Feature", "properties": { "osm_id": 8493599928, "name": "چهارراه هفتم محرم", "amenity": null, "shop": null, "tourism": null, "leisure": null, "highway": null, "railway": null, "public_transport": "stop_position", "category": "other", "sub_category": "general", "category_label": "Other", "sub_category_label": "General", "color": "#999", "icon": "marker.svg" }, "geometry": { "type": "Point", "coordinates": [ 51.6520569, 32.6660817 ] } },
{ "type": "Feature", "properties": { "osm_id": 8493599929, "name": "چهارراه هفتم محرم", "amenity": null, "shop": null, "tourism": null, "leisure": null, "highway": null, "railway": null, "public_transport": "stop_position", "category": "other", "sub_category": "general", "category_label": "Other", "sub_category_label": "General", "color": "#999", "icon": "marker.svg" }, "geometry": { "type": "Point", "coordinates": [ 51.6520535, 32.6659925 ] } },
{ "type": "Feature", "properties": { "osm_id": 8493599930, "name": "پایانه خرم", "amenity": "bus_station", "shop": null, "tourism": null, "leisure": null, "highway": null, "railway": null, "public_transport": "station", "category": "public_transport", "sub_category": "bus_station", "category_label": "Public Transportation", "sub_category_label": "Bus Station", "color": "#1787d4", "icon": "bus.svg" }, "geometry": { "type": "Point", "coordinates": [ 51.6492271, 32.6729768 ] } },
{ "type": "Feature", "properties": { "osm_id": 8493599939, "name": "پایانه خرم", "amenity": null, "shop": null, "tourism": null, "leisure": null, "highway": null, "railway": null, "public_transport": "stop_position", "category": "other", "sub_category": "general", "category_label": "Other", "sub_category_label": "General", "color": "#999", "icon": "marker.svg" }, "geometry": { "type": "Point", "coordinates": [ 51.6495873, 32.6728454 ] } },
{ "type": "Feature", "properties": { "osm_id": 8499519034, "name": "تولیدی گلریزان", "amenity": null, "shop": "clothes", "tourism": null, "leisure": null, "highway": null, "railway": null, "public_transport": null, "category": "fashion", "sub_category": "clothes", "category_label": "Fashion & Clothing", "sub_category_label": "Clothes", "color": "#194aa4", "icon": "clothing-store.svg" }, "geometry": { "type": "Point", "coordinates": [ 51.681043, 32.6656327 ] } },
{ "type": "Feature", "properties": { "osm_id": 8502568941, "name": "پایانه بابلدشت", "amenity": null, "shop": null, "tourism": null, "leisure": null, "highway": null, "railway": null, "public_transport": "stop_position", "category": "other", "sub_category": "general", "category_label": "Other", "sub_category_label": "General", "color": "#999", "icon": "marker.svg" }, "geometry": { "type": "Point", "coordinates": [ 51.6724499, 32.6766198 ] } },
{ "type": "Feature", "properties": { "osm_id": 8502568946, "name": "مترو شهید باهنر", "amenity": null, "shop": null, "tourism": null, "leisure": null, "highway": "bus_stop", "railway": null, "public_transport": "platform", "category": "public_transport", "sub_category": "bus_stop", "category_label": "Public Transportation", "sub_category_label": "Bus Stop", "color": "#1787d4", "icon": "bus.svg" }, "geometry": { "type": "Point", "coordinates": [ 51.6721469, 32.6809761 ] } },
{ "type": "Feature", "properties": { "osm_id": 8502568947, "name": "مترو شهید باهنر", "amenity": null, "shop": null, "tourism": null, "leisure": null, "highway": null, "railway": null, "public_transport": "stop_position", "category": "other", "sub_category": "general", "category_label": "Other", "sub_category_label": "General", "color": "#999", "icon": "marker.svg" }, "geometry": { "type": "Point", "coordinates": [ 51.6722647, 32.6809754 ] } },
{ "type": "Feature", "properties": { "osm_id": 8502568948, "name": "مترو شهید باهنر", "amenity": null, "shop": null, "tourism": null, "leisure": null, "highway": "bus_stop", "railway": null, "public_transport": "platform", "category": "public_transport", "sub_category": "bus_stop", "category_label": "Public Transportation", "sub_category_label": "Bus Stop", "color": "#1787d4", "icon": "bus.svg" }, "geometry": { "type": "Point", "coordinates": [ 51.6726352, 32.6810374 ] } },
{ "type": "Feature", "properties": { "osm_id": 8502568949, "name": "پایانه بابلدشت", "amenity": null, "shop": null, "tourism": null, "leisure": null, "highway": null, "railway": null, "public_transport": "stop_position", "category": "other", "sub_category": "general", "category_label": "Other", "sub_category_label": "General", "color": "#999", "icon": "marker.svg" }, "geometry": { "type": "Point", "coordinates": [ 51.6721977, 32.6766791 ] } },
{ "type": "Feature", "properties": { "osm_id": 8502568950, "name": "مترو شهید چمران", "amenity": null, "shop": null, "tourism": null, "leisure": null, "highway": null, "railway": null, "public_transport": "stop_position", "category": "other", "sub_category": "general", "category_label": "Other", "sub_category_label": "General", "color": "#999", "icon": "marker.svg" }, "geometry": { "type": "Point", "coordinates": [ 51.6731926, 32.6881179 ] } },
{ "type": "Feature", "properties": { "osm_id": 8502568951, "name": "مترو شهید چمران", "amenity": null, "shop": null, "tourism": null, "leisure": null, "highway": "bus_stop", "railway": null, "public_transport": "platform", "category": "public_transport", "sub_category": "bus_stop", "category_label": "Public Transportation", "sub_category_label": "Bus Stop", "color": "#1787d4", "icon": "bus.svg" }, "geometry": { "type": "Point", "coordinates": [ 51.6730895, 32.6881181 ] } },
{ "type": "Feature", "properties": { "osm_id": 8502568952, "name": "مترو شهید چمران", "amenity": null, "shop": null, "tourism": null, "leisure": null, "highway": null, "railway": null, "public_transport": "stop_position", "category": "other", "sub_category": "general", "category_label": "Other", "sub_category_label": "General", "color": "#999", "icon": "marker.svg" }, "geometry": { "type": "Point", "coordinates": [ 51.6734997, 32.688198 ] } },
{ "type": "Feature", "properties": { "osm_id": 8502568953, "name": "مترو شهید چمران", "amenity": null, "shop": null, "tourism": null, "leisure": null, "highway": "bus_stop", "railway": null, "public_transport": "platform", "category": "public_transport", "sub_category": "bus_stop", "category_label": "Public Transportation", "sub_category_label": "Bus Stop", "color": "#1787d4", "icon": "bus.svg" }, "geometry": { "type": "Point", "coordinates": [ 51.6735893, 32.6881581 ] } },
{ "type": "Feature", "properties": { "osm_id": 8504337059, "name": "پایانه باغ قوشخانه", "amenity": null, "shop": null, "tourism": null, "leisure": null, "highway": null, "railway": null, "public_transport": "stop_position", "category": "other", "sub_category": "general", "category_label": "Other", "sub_category_label": "General", "color": "#999", "icon": "marker.svg" }, "geometry": { "type": "Point", "coordinates": [ 51.6905328, 32.6832463 ] } },
{ "type": "Feature", "properties": { "osm_id": 8504337089, "name": "بنائی", "amenity": null, "shop": null, "tourism": null, "leisure": null, "highway": "bus_stop", "railway": null, "public_transport": "platform", "category": "public_transport", "sub_category": "bus_stop", "category_label": "Public Transportation", "sub_category_label": "Bus Stop", "color": "#1787d4", "icon": "bus.svg" }, "geometry": { "type": "Point", "coordinates": [ 51.6925583, 32.685461 ] } },
{ "type": "Feature", "properties": { "osm_id": 8504337090, "name": "بنائی", "amenity": null, "shop": null, "tourism": null, "leisure": null, "highway": null, "railway": null, "public_transport": "stop_position", "category": "other", "sub_category": "general", "category_label": "Other", "sub_category_label": "General", "color": "#999", "icon": "marker.svg" }, "geometry": { "type": "Point", "coordinates": [ 51.6926255, 32.6854028 ] } },
{ "type": "Feature", "properties": { "osm_id": 8504337091, "name": "بنائی", "amenity": null, "shop": null, "tourism": null, "leisure": null, "highway": "bus_stop", "railway": null, "public_transport": "platform", "category": "public_transport", "sub_category": "bus_stop", "category_label": "Public Transportation", "sub_category_label": "Bus Stop", "color": "#1787d4", "icon": "bus.svg" }, "geometry": { "type": "Point", "coordinates": [ 51.6930709, 32.6855231 ] } },
{ "type": "Feature", "properties": { "osm_id": 8504337092, "name": "بنائی", "amenity": null, "shop": null, "tourism": null, "leisure": null, "highway": null, "railway": null, "public_transport": "stop_position", "category": "other", "sub_category": "general", "category_label": "Other", "sub_category_label": "General", "color": "#999", "icon": "marker.svg" }, "geometry": { "type": "Point", "coordinates": [ 51.6930143, 32.6855821 ] } },
{ "type": "Feature", "properties": { "osm_id": 8506169093, "name": "پایانه باغ قوشخانه", "amenity": null, "shop": null, "tourism": null, "leisure": null, "highway": null, "railway": null, "public_transport": "stop_position", "category": "other", "sub_category": "general", "category_label": "Other", "sub_category_label": "General", "color": "#999", "icon": "marker.svg" }, "geometry": { "type": "Point", "coordinates": [ 51.6906813, 32.6831719 ] } },
{ "type": "Feature", "properties": { "osm_id": 8509150545, "name": "میدان قدس (طوقچی)", "amenity": null, "shop": null, "tourism": null, "leisure": null, "highway": null, "railway": null, "public_transport": "stop_position", "category": "other", "sub_category": "general", "category_label": "Other", "sub_category_label": "General", "color": "#999", "icon": "marker.svg" }, "geometry": { "type": "Point", "coordinates": [ 51.6914542, 32.6785225 ] } },
{ "type": "Feature", "properties": { "osm_id": 8509153786, "name": "میدان قدس (طوقچی)", "amenity": "bus_station", "shop": null, "tourism": null, "leisure": null, "highway": null, "railway": null, "public_transport": "station", "category": "public_transport", "sub_category": "bus_station", "category_label": "Public Transportation", "sub_category_label": "Bus Station", "color": "#1787d4", "icon": "bus.svg" }, "geometry": { "type": "Point", "coordinates": [ 51.6914999, 32.6784699 ] } },
{ "type": "Feature", "properties": { "osm_id": 8509153787, "name": "میدان قدس (طوقچی)", "amenity": null, "shop": null, "tourism": null, "leisure": null, "highway": null, "railway": null, "public_transport": "stop_position", "category": "other", "sub_category": "general", "category_label": "Other", "sub_category_label": "General", "color": "#999", "icon": "marker.svg" }, "geometry": { "type": "Point", "coordinates": [ 51.6895033, 32.6778004 ] } },
{ "type": "Feature", "properties": { "osm_id": 8509153789, "name": "مخابرات", "amenity": null, "shop": null, "tourism": null, "leisure": null, "highway": "bus_stop", "railway": null, "public_transport": "platform", "category": "public_transport", "sub_category": "bus_stop", "category_label": "Public Transportation", "sub_category_label": "Bus Stop", "color": "#1787d4", "icon": "bus.svg" }, "geometry": { "type": "Point", "coordinates": [ 51.6857136, 32.6783584 ] } },
{ "type": "Feature", "properties": { "osm_id": 8509153790, "name": "مخابرات", "amenity": null, "shop": null, "tourism": null, "leisure": null, "highway": "bus_stop", "railway": null, "public_transport": "platform", "category": "public_transport", "sub_category": "bus_stop", "category_label": "Public Transportation", "sub_category_label": "Bus Stop", "color": "#1787d4", "icon": "bus.svg" }, "geometry": { "type": "Point", "coordinates": [ 51.6864719, 32.6780557 ] } },
{ "type": "Feature", "properties": { "osm_id": 8509153791, "name": "مخابرات", "amenity": null, "shop": null, "tourism": null, "leisure": null, "highway": null, "railway": null, "public_transport": "stop_position", "category": "other", "sub_category": "general", "category_label": "Other", "sub_category_label": "General", "color": "#999", "icon": "marker.svg" }, "geometry": { "type": "Point", "coordinates": [ 51.686474, 32.6781033 ] } },
{ "type": "Feature", "properties": { "osm_id": 8509153792, "name": "مولوی", "amenity": null, "shop": null, "tourism": null, "leisure": null, "highway": "bus_stop", "railway": null, "public_transport": "platform", "category": "public_transport", "sub_category": "bus_stop", "category_label": "Public Transportation", "sub_category_label": "Bus Stop", "color": "#1787d4", "icon": "bus.svg" }, "geometry": { "type": "Point", "coordinates": [ 51.682714, 32.6785598 ] } },
{ "type": "Feature", "properties": { "osm_id": 8509153793, "name": "مولوی", "amenity": null, "shop": null, "tourism": null, "leisure": null, "highway": "bus_stop", "railway": null, "public_transport": "platform", "category": "public_transport", "sub_category": "bus_stop", "category_label": "Public Transportation", "sub_category_label": "Bus Stop", "color": "#1787d4", "icon": "bus.svg" }, "geometry": { "type": "Point", "coordinates": [ 51.6826765, 32.6782648 ] } },
{ "type": "Feature", "properties": { "osm_id": 8509153794, "name": "مدرس", "amenity": null, "shop": null, "tourism": null, "leisure": null, "highway": "bus_stop", "railway": null, "public_transport": "platform", "category": "public_transport", "sub_category": "bus_stop", "category_label": "Public Transportation", "sub_category_label": "Bus Stop", "color": "#1787d4", "icon": "bus.svg" }, "geometry": { "type": "Point", "coordinates": [ 51.6795335, 32.6784784 ] } },
{ "type": "Feature", "properties": { "osm_id": 8509153795, "name": "مدرس", "amenity": null, "shop": null, "tourism": null, "leisure": null, "highway": null, "railway": null, "public_transport": "stop_position", "category": "other", "sub_category": "general", "category_label": "Other", "sub_category_label": "General", "color": "#999", "icon": "marker.svg" }, "geometry": { "type": "Point", "coordinates": [ 51.6795624, 32.678421 ] } },
{ "type": "Feature", "properties": { "osm_id": 8509153796, "name": "ضابط زاده", "amenity": null, "shop": null, "tourism": null, "leisure": null, "highway": "bus_stop", "railway": null, "public_transport": "platform", "category": "public_transport", "sub_category": "bus_stop", "category_label": "Public Transportation", "sub_category_label": "Bus Stop", "color": "#1787d4", "icon": "bus.svg" }, "geometry": { "type": "Point", "coordinates": [ 51.678768, 32.6785801 ] } },
{ "type": "Feature", "properties": { "osm_id": 8509153797, "name": "سرچشمه", "amenity": null, "shop": null, "tourism": null, "leisure": null, "highway": "bus_stop", "railway": null, "public_transport": "platform", "category": "public_transport", "sub_category": "bus_stop", "category_label": "Public Transportation", "sub_category_label": "Bus Stop", "color": "#1787d4", "icon": "bus.svg" }, "geometry": { "type": "Point", "coordinates": [ 51.6776333, 32.6776135 ] } },
{ "type": "Feature", "properties": { "osm_id": 8509153798, "name": "سرچشمه", "amenity": null, "shop": null, "tourism": null, "leisure": null, "highway": null, "railway": null, "public_transport": "stop_position", "category": "other", "sub_category": "general", "category_label": "Other", "sub_category_label": "General", "color": "#999", "icon": "marker.svg" }, "geometry": { "type": "Point", "coordinates": [ 51.6776747, 32.6775695 ] } },
{ "type": "Feature", "properties": { "osm_id": 8509153799, "name": "دردشت", "amenity": null, "shop": null, "tourism": null, "leisure": null, "highway": "bus_stop", "railway": null, "public_transport": "platform", "category": "public_transport", "sub_category": "bus_stop", "category_label": "Public Transportation", "sub_category_label": "Bus Stop", "color": "#1787d4", "icon": "bus.svg" }, "geometry": { "type": "Point", "coordinates": [ 51.6747893, 32.6749181 ] } },
{ "type": "Feature", "properties": { "osm_id": 8509153800, "name": "دردشت", "amenity": null, "shop": null, "tourism": null, "leisure": null, "highway": null, "railway": null, "public_transport": "stop_position", "category": "other", "sub_category": "general", "category_label": "Other", "sub_category_label": "General", "color": "#999", "icon": "marker.svg" }, "geometry": { "type": "Point", "coordinates": [ 51.6748497, 32.6748872 ] } },
{ "type": "Feature", "properties": { "osm_id": 8509153801, "name": "میدان شهدا", "amenity": null, "shop": null, "tourism": null, "leisure": null, "highway": "bus_stop", "railway": null, "public_transport": "platform", "category": "public_transport", "sub_category": "bus_stop", "category_label": "Public Transportation", "sub_category_label": "Bus Stop", "color": "#1787d4", "icon": "bus.svg" }, "geometry": { "type": "Point", "coordinates": [ 51.6711347, 32.6722253 ] } },
{ "type": "Feature", "properties": { "osm_id": 8509153802, "name": "میدان شهدا", "amenity": null, "shop": null, "tourism": null, "leisure": null, "highway": null, "railway": null, "public_transport": "stop_position", "category": "other", "sub_category": "general", "category_label": "Other", "sub_category_label": "General", "color": "#999", "icon": "marker.svg" }, "geometry": { "type": "Point", "coordinates": [ 51.6719168, 32.6724703 ] } },
{ "type": "Feature", "properties": { "osm_id": 8512445430, "name": "اداره ثبت", "amenity": null, "shop": null, "tourism": null, "leisure": null, "highway": "bus_stop", "railway": null, "public_transport": "platform", "category": "public_transport", "sub_category": "bus_stop", "category_label": "Public Transportation", "sub_category_label": "Bus Stop", "color": "#1787d4", "icon": "bus.svg" }, "geometry": { "type": "Point", "coordinates": [ 51.6724935, 32.6838006 ] } },
{ "type": "Feature", "properties": { "osm_id": 8512445431, "name": "اداره ثبت", "amenity": null, "shop": null, "tourism": null, "leisure": null, "highway": null, "railway": null, "public_transport": "stop_position", "category": "other", "sub_category": "general", "category_label": "Other", "sub_category_label": "General", "color": "#999", "icon": "marker.svg" }, "geometry": { "type": "Point", "coordinates": [ 51.6726064, 32.6838082 ] } },
{ "type": "Feature", "properties": { "osm_id": 8512445432, "name": "اداره ثبت", "amenity": null, "shop": null, "tourism": null, "leisure": null, "highway": null, "railway": null, "public_transport": "stop_position", "category": "other", "sub_category": "general", "category_label": "Other", "sub_category_label": "General", "color": "#999", "icon": "marker.svg" }, "geometry": { "type": "Point", "coordinates": [ 51.672883, 32.6837811 ] } },
{ "type": "Feature", "properties": { "osm_id": 8512445437, "name": "سوانح سوختگی", "amenity": null, "shop": null, "tourism": null, "leisure": null, "highway": null, "railway": null, "public_transport": "stop_position", "category": "other", "sub_category": "general", "category_label": "Other", "sub_category_label": "General", "color": "#999", "icon": "marker.svg" }, "geometry": { "type": "Point", "coordinates": [ 51.6733996, 32.6896476 ] } },
{ "type": "Feature", "properties": { "osm_id": 8512445438, "name": "سوانح سوختگی", "amenity": null, "shop": null, "tourism": null, "leisure": null, "highway": null, "railway": null, "public_transport": "stop_position", "category": "other", "sub_category": "general", "category_label": "Other", "sub_category_label": "General", "color": "#999", "icon": "marker.svg" }, "geometry": { "type": "Point", "coordinates": [ 51.6736993, 32.6895963 ] } },
{ "type": "Feature", "properties": { "osm_id": 8512445439, "name": "سوانح سوختگی", "amenity": null, "shop": null, "tourism": null, "leisure": null, "highway": "bus_stop", "railway": null, "public_transport": "platform", "category": "public_transport", "sub_category": "bus_stop", "category_label": "Public Transportation", "sub_category_label": "Bus Stop", "color": "#1787d4", "icon": "bus.svg" }, "geometry": { "type": "Point", "coordinates": [ 51.6737968, 32.689581 ] } },
{ "type": "Feature", "properties": { "osm_id": 8512445440, "name": "سوانح سوختگی", "amenity": null, "shop": null, "tourism": null, "leisure": null, "highway": "bus_stop", "railway": null, "public_transport": "platform", "category": "public_transport", "sub_category": "bus_stop", "category_label": "Public Transportation", "sub_category_label": "Bus Stop", "color": "#1787d4", "icon": "bus.svg" }, "geometry": { "type": "Point", "coordinates": [ 51.6733202, 32.689653 ] } },
{ "type": "Feature", "properties": { "osm_id": 8515902973, "name": "میدان امام حسین (دروازه دولت)", "amenity": null, "shop": null, "tourism": null, "leisure": null, "highway": "bus_stop", "railway": null, "public_transport": "platform", "category": "public_transport", "sub_category": "bus_stop", "category_label": "Public Transportation", "sub_category_label": "Bus Stop", "color": "#1787d4", "icon": "bus.svg" }, "geometry": { "type": "Point", "coordinates": [ 51.6704029, 32.6569222 ] } },
{ "type": "Feature", "properties": { "osm_id": 8515927470, "name": "طیب", "amenity": null, "shop": null, "tourism": null, "leisure": null, "highway": null, "railway": null, "public_transport": "stop_position", "category": "other", "sub_category": "general", "category_label": "Other", "sub_category_label": "General", "color": "#999", "icon": "marker.svg" }, "geometry": { "type": "Point", "coordinates": [ 51.6665435, 32.6592516 ] } },
{ "type": "Feature", "properties": { "osm_id": 8515927471, "name": "طیب", "amenity": null, "shop": null, "tourism": null, "leisure": null, "highway": "bus_stop", "railway": null, "public_transport": "platform", "category": "public_transport", "sub_category": "bus_stop", "category_label": "Public Transportation", "sub_category_label": "Bus Stop", "color": "#1787d4", "icon": "bus.svg" }, "geometry": { "type": "Point", "coordinates": [ 51.6666336, 32.6592367 ] } },
{ "type": "Feature", "properties": { "osm_id": 8515927477, "name": "چهارراه هفتم محرم", "amenity": null, "shop": null, "tourism": null, "leisure": null, "highway": null, "railway": null, "public_transport": "stop_position", "category": "other", "sub_category": "general", "category_label": "Other", "sub_category_label": "General", "color": "#999", "icon": "marker.svg" }, "geometry": { "type": "Point", "coordinates": [ 51.6499507, 32.6661464 ] } },
{ "type": "Feature", "properties": { "osm_id": 8515927571, "name": "خرازی", "amenity": null, "shop": null, "tourism": null, "leisure": null, "highway": null, "railway": null, "public_transport": "stop_position", "category": "other", "sub_category": "general", "category_label": "Other", "sub_category_label": "General", "color": "#999", "icon": "marker.svg" }, "geometry": { "type": "Point", "coordinates": [ 51.6424859, 32.6635631 ] } },
{ "type": "Feature", "properties": { "osm_id": 8515927572, "name": "خرازی", "amenity": null, "shop": null, "tourism": null, "leisure": null, "highway": null, "railway": null, "public_transport": "stop_position", "category": "other", "sub_category": "general", "category_label": "Other", "sub_category_label": "General", "color": "#999", "icon": "marker.svg" }, "geometry": { "type": "Point", "coordinates": [ 51.6423076, 32.6634691 ] } },
{ "type": "Feature", "properties": { "osm_id": 8515927574, "name": "صمدیه", "amenity": null, "shop": null, "tourism": null, "leisure": null, "highway": "bus_stop", "railway": null, "public_transport": "platform", "category": "public_transport", "sub_category": "bus_stop", "category_label": "Public Transportation", "sub_category_label": "Bus Stop", "color": "#1787d4", "icon": "bus.svg" }, "geometry": { "type": "Point", "coordinates": [ 51.6431488, 32.6656896 ] } },
{ "type": "Feature", "properties": { "osm_id": 8515927575, "name": "خرم", "amenity": null, "shop": null, "tourism": null, "leisure": null, "highway": "bus_stop", "railway": null, "public_transport": "platform", "category": "public_transport", "sub_category": "bus_stop", "category_label": "Public Transportation", "sub_category_label": "Bus Stop", "color": "#1787d4", "icon": "bus.svg" }, "geometry": { "type": "Point", "coordinates": [ 51.645915, 32.6668157 ] } },
{ "type": "Feature", "properties": { "osm_id": 8515927576, "name": "خرم", "amenity": null, "shop": null, "tourism": null, "leisure": null, "highway": null, "railway": null, "public_transport": "stop_position", "category": "other", "sub_category": "general", "category_label": "Other", "sub_category_label": "General", "color": "#999", "icon": "marker.svg" }, "geometry": { "type": "Point", "coordinates": [ 51.645889, 32.6667986 ] } },
{ "type": "Feature", "properties": { "osm_id": 8515927577, "name": "خرم", "amenity": null, "shop": null, "tourism": null, "leisure": null, "highway": null, "railway": null, "public_transport": "stop_position", "category": "other", "sub_category": "general", "category_label": "Other", "sub_category_label": "General", "color": "#999", "icon": "marker.svg" }, "geometry": { "type": "Point", "coordinates": [ 51.6458561, 32.6667121 ] } },
{ "type": "Feature", "properties": { "osm_id": 8515927578, "name": "چهارراه هفتم محرم", "amenity": null, "shop": null, "tourism": null, "leisure": null, "highway": null, "railway": null, "public_transport": "stop_position", "category": "other", "sub_category": "general", "category_label": "Other", "sub_category_label": "General", "color": "#999", "icon": "marker.svg" }, "geometry": { "type": "Point", "coordinates": [ 51.6523579, 32.6660708 ] } },
{ "type": "Feature", "properties": { "osm_id": 8515927579, "name": "بیمه", "amenity": null, "shop": null, "tourism": null, "leisure": null, "highway": "bus_stop", "railway": null, "public_transport": "platform", "category": "public_transport", "sub_category": "bus_stop", "category_label": "Public Transportation", "sub_category_label": "Bus Stop", "color": "#1787d4", "icon": "bus.svg" }, "geometry": { "type": "Point", "coordinates": [ 51.6554587, 32.6659948 ] } },
{ "type": "Feature", "properties": { "osm_id": 8515927580, "name": "بیمه", "amenity": null, "shop": null, "tourism": null, "leisure": null, "highway": null, "railway": null, "public_transport": "stop_position", "category": "other", "sub_category": "general", "category_label": "Other", "sub_category_label": "General", "color": "#999", "icon": "marker.svg" }, "geometry": { "type": "Point", "coordinates": [ 51.6554502, 32.6659582 ] } },
{ "type": "Feature", "properties": { "osm_id": 8515927581, "name": "بیمه", "amenity": null, "shop": null, "tourism": null, "leisure": null, "highway": null, "railway": null, "public_transport": "stop_position", "category": "other", "sub_category": "general", "category_label": "Other", "sub_category_label": "General", "color": "#999", "icon": "marker.svg" }, "geometry": { "type": "Point", "coordinates": [ 51.655459, 32.6658697 ] } },
{ "type": "Feature", "properties": { "osm_id": 8515927582, "name": "هتل پیروزی", "amenity": null, "shop": null, "tourism": null, "leisure": null, "highway": "bus_stop", "railway": null, "public_transport": "platform", "category": "public_transport", "sub_category": "bus_stop", "category_label": "Public Transportation", "sub_category_label": "Bus Stop", "color": "#1787d4", "icon": "bus.svg" }, "geometry": { "type": "Point", "coordinates": [ 51.6679791, 32.6653523 ] } },
{ "type": "Feature", "properties": { "osm_id": 8515927583, "name": "هتل پیروزی", "amenity": null, "shop": null, "tourism": null, "leisure": null, "highway": null, "railway": null, "public_transport": "stop_position", "category": "other", "sub_category": "general", "category_label": "Other", "sub_category_label": "General", "color": "#999", "icon": "marker.svg" }, "geometry": { "type": "Point", "coordinates": [ 51.6679971, 32.6654174 ] } },
{ "type": "Feature", "properties": { "osm_id": 8515927584, "name": "چهارراه تختی", "amenity": null, "shop": null, "tourism": null, "leisure": null, "highway": null, "railway": null, "public_transport": "stop_position", "category": "other", "sub_category": "general", "category_label": "Other", "sub_category_label": "General", "color": "#999", "icon": "marker.svg" }, "geometry": { "type": "Point", "coordinates": [ 51.6702249, 32.6637531 ] } },
{ "type": "Feature", "properties": { "osm_id": 8515927585, "name": "چهارراه تختی", "amenity": null, "shop": null, "tourism": null, "leisure": null, "highway": null, "railway": null, "public_transport": "stop_position", "category": "other", "sub_category": "general", "category_label": "Other", "sub_category_label": "General", "color": "#999", "icon": "marker.svg" }, "geometry": { "type": "Point", "coordinates": [ 51.6700292, 32.6639659 ] } },
{ "type": "Feature", "properties": { "osm_id": 8515927586, "name": "میدان امام حسین (دروازه دولت)", "amenity": null, "shop": null, "tourism": null, "leisure": null, "highway": null, "railway": null, "public_transport": "stop_position", "category": "other", "sub_category": "general", "category_label": "Other", "sub_category_label": "General", "color": "#999", "icon": "marker.svg" }, "geometry": { "type": "Point", "coordinates": [ 51.6693229, 32.6590906 ] } },
{ "type": "Feature", "properties": { "osm_id": 8515927587, "name": "میدان امام حسین (دروازه دولت)", "amenity": null, "shop": null, "tourism": null, "leisure": null, "highway": null, "railway": null, "public_transport": "stop_position", "category": "other", "sub_category": "general", "category_label": "Other", "sub_category_label": "General", "color": "#999", "icon": "marker.svg" }, "geometry": { "type": "Point", "coordinates": [ 51.6695943, 32.6590482 ] } },
{ "type": "Feature", "properties": { "osm_id": 8515927588, "name": "باب الرحمه", "amenity": null, "shop": null, "tourism": null, "leisure": null, "highway": "bus_stop", "railway": null, "public_transport": "platform", "category": "public_transport", "sub_category": "bus_stop", "category_label": "Public Transportation", "sub_category_label": "Bus Stop", "color": "#1787d4", "icon": "bus.svg" }, "geometry": { "type": "Point", "coordinates": [ 51.6681224, 32.6583955 ] } },
{ "type": "Feature", "properties": { "osm_id": 8515927589, "name": "باب الرحمه", "amenity": null, "shop": null, "tourism": null, "leisure": null, "highway": null, "railway": null, "public_transport": "stop_position", "category": "other", "sub_category": "general", "category_label": "Other", "sub_category_label": "General", "color": "#999", "icon": "marker.svg" }, "geometry": { "type": "Point", "coordinates": [ 51.6681225, 32.6583635 ] } },
{ "type": "Feature", "properties": { "osm_id": 8515927590, "name": "درب کوشک", "amenity": null, "shop": null, "tourism": null, "leisure": null, "highway": "bus_stop", "railway": null, "public_transport": "platform", "category": "public_transport", "sub_category": "bus_stop", "category_label": "Public Transportation", "sub_category_label": "Bus Stop", "color": "#1787d4", "icon": "bus.svg" }, "geometry": { "type": "Point", "coordinates": [ 51.666987, 32.6633782 ] } },
{ "type": "Feature", "properties": { "osm_id": 8515927591, "name": "درب کوشک", "amenity": null, "shop": null, "tourism": null, "leisure": null, "highway": null, "railway": null, "public_transport": "stop_position", "category": "other", "sub_category": "general", "category_label": "Other", "sub_category_label": "General", "color": "#999", "icon": "marker.svg" }, "geometry": { "type": "Point", "coordinates": [ 51.6669395, 32.6633712 ] } },
{ "type": "Feature", "properties": { "osm_id": 8515927592, "name": null, "amenity": null, "shop": null, "tourism": null, "leisure": null, "highway": null, "railway": null, "public_transport": "stop_position", "category": "other", "sub_category": "general", "category_label": "Other", "sub_category_label": "General", "color": "#999", "icon": "marker.svg" }, "geometry": { "type": "Point", "coordinates": [ 51.6514913, 32.6653381 ] } },
{ "type": "Feature", "properties": { "osm_id": 8515927593, "name": "میرداماد", "amenity": null, "shop": null, "tourism": null, "leisure": null, "highway": "bus_stop", "railway": null, "public_transport": "stop_position", "category": "public_transport", "sub_category": "bus_stop", "category_label": "Public Transportation", "sub_category_label": "Bus Stop", "color": "#1787d4", "icon": "bus.svg" }, "geometry": { "type": "Point", "coordinates": [ 51.6517522, 32.6646685 ] } },
{ "type": "Feature", "properties": { "osm_id": 8515927594, "name": "میرداماد", "amenity": null, "shop": null, "tourism": null, "leisure": null, "highway": null, "railway": null, "public_transport": "stop_position", "category": "other", "sub_category": "general", "category_label": "Other", "sub_category_label": "General", "color": "#999", "icon": "marker.svg" }, "geometry": { "type": "Point", "coordinates": [ 51.6522021, 32.6628902 ] } },
{ "type": "Feature", "properties": { "osm_id": 8515927595, "name": "بیمارستان کاشانی", "amenity": null, "shop": null, "tourism": null, "leisure": null, "highway": "bus_stop", "railway": null, "public_transport": "platform", "category": "public_transport", "sub_category": "bus_stop", "category_label": "Public Transportation", "sub_category_label": "Bus Stop", "color": "#1787d4", "icon": "bus.svg" }, "geometry": { "type": "Point", "coordinates": [ 51.6529893, 32.6606411 ] } },
{ "type": "Feature", "properties": { "osm_id": 8515927596, "name": "بیمارستان کاشانی", "amenity": null, "shop": null, "tourism": null, "leisure": null, "highway": null, "railway": null, "public_transport": "stop_position", "category": "other", "sub_category": "general", "category_label": "Other", "sub_category_label": "General", "color": "#999", "icon": "marker.svg" }, "geometry": { "type": "Point", "coordinates": [ 51.6529084, 32.6606497 ] } },
{ "type": "Feature", "properties": { "osm_id": 8515927597, "name": "بیمارستان کاشانی", "amenity": null, "shop": null, "tourism": null, "leisure": null, "highway": null, "railway": null, "public_transport": "stop_position", "category": "other", "sub_category": "general", "category_label": "Other", "sub_category_label": "General", "color": "#999", "icon": "marker.svg" }, "geometry": { "type": "Point", "coordinates": [ 51.6528645, 32.6606955 ] } },
{ "type": "Feature", "properties": { "osm_id": 8515927598, "name": "چهارسوق", "amenity": null, "shop": null, "tourism": null, "leisure": null, "highway": null, "railway": null, "public_transport": "stop_position", "category": "other", "sub_category": "general", "category_label": "Other", "sub_category_label": "General", "color": "#999", "icon": "marker.svg" }, "geometry": { "type": "Point", "coordinates": [ 51.6530016, 32.6581974 ] } },
{ "type": "Feature", "properties": { "osm_id": 8515927599, "name": "چهارسوق", "amenity": null, "shop": null, "tourism": null, "leisure": null, "highway": null, "railway": null, "public_transport": "stop_position", "category": "other", "sub_category": "general", "category_label": "Other", "sub_category_label": "General", "color": "#999", "icon": "marker.svg" }, "geometry": { "type": "Point", "coordinates": [ 51.6536763, 32.6584276 ] } },
{ "type": "Feature", "properties": { "osm_id": 8515927600, "name": "چهارراه بهشتی", "amenity": null, "shop": null, "tourism": null, "leisure": null, "highway": null, "railway": null, "public_transport": "stop_position", "category": "other", "sub_category": "general", "category_label": "Other", "sub_category_label": "General", "color": "#999", "icon": "marker.svg" }, "geometry": { "type": "Point", "coordinates": [ 51.6530308, 32.655416 ] } },
{ "type": "Feature", "properties": { "osm_id": 8515927601, "name": "شمس آباد", "amenity": null, "shop": null, "tourism": null, "leisure": null, "highway": "bus_stop", "railway": null, "public_transport": "platform", "category": "public_transport", "sub_category": "bus_stop", "category_label": "Public Transportation", "sub_category_label": "Bus Stop", "color": "#1787d4", "icon": "bus.svg" }, "geometry": { "type": "Point", "coordinates": [ 51.6513902, 32.6550284 ] } },
{ "type": "Feature", "properties": { "osm_id": 8515927602, "name": "شمس آباد", "amenity": null, "shop": null, "tourism": null, "leisure": null, "highway": null, "railway": null, "public_transport": "stop_position", "category": "other", "sub_category": "general", "category_label": "Other", "sub_category_label": "General", "color": "#999", "icon": "marker.svg" }, "geometry": { "type": "Point", "coordinates": [ 51.6514065, 32.6551381 ] } },
{ "type": "Feature", "properties": { "osm_id": 8515927603, "name": "شمس آباد", "amenity": null, "shop": null, "tourism": null, "leisure": null, "highway": null, "railway": null, "public_transport": "stop_position", "category": "other", "sub_category": "general", "category_label": "Other", "sub_category_label": "General", "color": "#999", "icon": "marker.svg" }, "geometry": { "type": "Point", "coordinates": [ 51.6514003, 32.655075 ] } },
{ "type": "Feature", "properties": { "osm_id": 8515927604, "name": "نجارباشی", "amenity": null, "shop": null, "tourism": null, "leisure": null, "highway": null, "railway": null, "public_transport": "stop_position", "category": "other", "sub_category": "general", "category_label": "Other", "sub_category_label": "General", "color": "#999", "icon": "marker.svg" }, "geometry": { "type": "Point", "coordinates": [ 51.6490315, 32.6553059 ] } },
{ "type": "Feature", "properties": { "osm_id": 8515927605, "name": "نجارباشی", "amenity": null, "shop": null, "tourism": null, "leisure": null, "highway": null, "railway": null, "public_transport": "stop_position", "category": "other", "sub_category": "general", "category_label": "Other", "sub_category_label": "General", "color": "#999", "icon": "marker.svg" }, "geometry": { "type": "Point", "coordinates": [ 51.6493261, 32.655324 ] } },
{ "type": "Feature", "properties": { "osm_id": 8515927606, "name": "جهاد (صارمیه)", "amenity": null, "shop": null, "tourism": null, "leisure": null, "highway": "bus_stop", "railway": null, "public_transport": "platform", "category": "public_transport", "sub_category": "bus_stop", "category_label": "Public Transportation", "sub_category_label": "Bus Stop", "color": "#1787d4", "icon": "bus.svg" }, "geometry": { "type": "Point", "coordinates": [ 51.6442531, 32.6557189 ] } },
{ "type": "Feature", "properties": { "osm_id": 8515927607, "name": "جهاد (صارمیه)", "amenity": null, "shop": null, "tourism": null, "leisure": null, "highway": null, "railway": null, "public_transport": "stop_position", "category": "other", "sub_category": "general", "category_label": "Other", "sub_category_label": "General", "color": "#999", "icon": "marker.svg" }, "geometry": { "type": "Point", "coordinates": [ 51.6442794, 32.6558391 ] } },
{ "type": "Feature", "properties": { "osm_id": 8515927608, "name": "جهاد (صارمیه)", "amenity": null, "shop": null, "tourism": null, "leisure": null, "highway": null, "railway": null, "public_transport": "stop_position", "category": "other", "sub_category": "general", "category_label": "Other", "sub_category_label": "General", "color": "#999", "icon": "marker.svg" }, "geometry": { "type": "Point", "coordinates": [ 51.6442634, 32.6557803 ] } },
{ "type": "Feature", "properties": { "osm_id": 8515927609, "name": "صاحب روضات", "amenity": null, "shop": null, "tourism": null, "leisure": null, "highway": "bus_stop", "railway": null, "public_transport": "platform", "category": "public_transport", "sub_category": "bus_stop", "category_label": "Public Transportation", "sub_category_label": "Bus Stop", "color": "#1787d4", "icon": "bus.svg" }, "geometry": { "type": "Point", "coordinates": [ 51.6432092, 32.6589052 ] } },
{ "type": "Feature", "properties": { "osm_id": 8515927610, "name": "صاحب روضات", "amenity": null, "shop": null, "tourism": null, "leisure": null, "highway": null, "railway": null, "public_transport": "stop_position", "category": "other", "sub_category": "general", "category_label": "Other", "sub_category_label": "General", "color": "#999", "icon": "marker.svg" }, "geometry": { "type": "Point", "coordinates": [ 51.6432523, 32.658916 ] } },
{ "type": "Feature", "properties": { "osm_id": 8515927611, "name": "صاحب روضات", "amenity": null, "shop": null, "tourism": null, "leisure": null, "highway": "bus_stop", "railway": null, "public_transport": "platform", "category": "public_transport", "sub_category": "bus_stop", "category_label": "Public Transportation", "sub_category_label": "Bus Stop", "color": "#1787d4", "icon": "bus.svg" }, "geometry": { "type": "Point", "coordinates": [ 51.6438186, 32.6592796 ] } },
{ "type": "Feature", "properties": { "osm_id": 8515927612, "name": "صاحب روضات", "amenity": null, "shop": null, "tourism": null, "leisure": null, "highway": null, "railway": null, "public_transport": "stop_position", "category": "other", "sub_category": "general", "category_label": "Other", "sub_category_label": "General", "color": "#999", "icon": "marker.svg" }, "geometry": { "type": "Point", "coordinates": [ 51.6437294, 32.6592902 ] } },
{ "type": "Feature", "properties": { "osm_id": 8516297930, "name": "اسکندری", "amenity": null, "shop": null, "tourism": null, "leisure": null, "highway": "bus_stop", "railway": null, "public_transport": "platform", "category": "public_transport", "sub_category": "bus_stop", "category_label": "Public Transportation", "sub_category_label": "Bus Stop", "color": "#1787d4", "icon": "bus.svg" }, "geometry": { "type": "Point", "coordinates": [ 51.6450955, 32.6786484 ] } },
{ "type": "Feature", "properties": { "osm_id": 8516297931, "name": "اسکندری", "amenity": null, "shop": null, "tourism": null, "leisure": null, "highway": null, "railway": null, "public_transport": "stop_position", "category": "other", "sub_category": "general", "category_label": "Other", "sub_category_label": "General", "color": "#999", "icon": "marker.svg" }, "geometry": { "type": "Point", "coordinates": [ 51.6451813, 32.6786903 ] } },
{ "type": "Feature", "properties": { "osm_id": 8516297932, "name": "دروازه تهران", "amenity": null, "shop": null, "tourism": null, "leisure": null, "highway": null, "railway": null, "public_transport": "stop_position", "category": "other", "sub_category": "general", "category_label": "Other", "sub_category_label": "General", "color": "#999", "icon": "marker.svg" }, "geometry": { "type": "Point", "coordinates": [ 51.6488444, 32.6760869 ] } },
{ "type": "Feature", "properties": { "osm_id": 8516297933, "name": "دروازه تهران", "amenity": null, "shop": null, "tourism": null, "leisure": null, "highway": null, "railway": null, "public_transport": "stop_position", "category": "other", "sub_category": "general", "category_label": "Other", "sub_category_label": "General", "color": "#999", "icon": "marker.svg" }, "geometry": { "type": "Point", "coordinates": [ 51.6490206, 32.6758016 ] } },
{ "type": "Feature", "properties": { "osm_id": 8516297934, "name": "چهار راه بهشتی", "amenity": null, "shop": null, "tourism": null, "leisure": null, "highway": "bus_stop", "railway": null, "public_transport": "platform", "category": "public_transport", "sub_category": "bus_stop", "category_label": "Public Transportation", "sub_category_label": "Bus Stop", "color": "#1787d4", "icon": "bus.svg" }, "geometry": { "type": "Point", "coordinates": [ 51.6534313, 32.654985 ] } },
{ "type": "Feature", "properties": { "osm_id": 8516297935, "name": "چهار راه بهشتی", "amenity": null, "shop": null, "tourism": null, "leisure": null, "highway": null, "railway": null, "public_transport": "stop_position", "category": "other", "sub_category": "general", "category_label": "Other", "sub_category_label": "General", "color": "#999", "icon": "marker.svg" }, "geometry": { "type": "Point", "coordinates": [ 51.6534245, 32.6549557 ] } },
{ "type": "Feature", "properties": { "osm_id": 8516297936, "name": "چهار راه بهشتی", "amenity": null, "shop": null, "tourism": null, "leisure": null, "highway": null, "railway": null, "public_transport": "stop_position", "category": "other", "sub_category": "general", "category_label": "Other", "sub_category_label": "General", "color": "#999", "icon": "marker.svg" }, "geometry": { "type": "Point", "coordinates": [ 51.6534252, 32.6548971 ] } },
{ "type": "Feature", "properties": { "osm_id": 8516297937, "name": "مهرگان", "amenity": null, "shop": null, "tourism": null, "leisure": null, "highway": "bus_stop", "railway": null, "public_transport": "platform", "category": "public_transport", "sub_category": "bus_stop", "category_label": "Public Transportation", "sub_category_label": "Bus Stop", "color": "#1787d4", "icon": "bus.svg" }, "geometry": { "type": "Point", "coordinates": [ 51.6558763, 32.6546149 ] } },
{ "type": "Feature", "properties": { "osm_id": 8516297938, "name": "مهرگان", "amenity": null, "shop": null, "tourism": null, "leisure": null, "highway": null, "railway": null, "public_transport": "stop_position", "category": "other", "sub_category": "general", "category_label": "Other", "sub_category_label": "General", "color": "#999", "icon": "marker.svg" }, "geometry": { "type": "Point", "coordinates": [ 51.6558704, 32.6546539 ] } },
{ "type": "Feature", "properties": { "osm_id": 8516297939, "name": "خلجا", "amenity": null, "shop": null, "tourism": null, "leisure": null, "highway": "bus_stop", "railway": null, "public_transport": "platform", "category": "public_transport", "sub_category": "bus_stop", "category_label": "Public Transportation", "sub_category_label": "Bus Stop", "color": "#1787d4", "icon": "bus.svg" }, "geometry": { "type": "Point", "coordinates": [ 51.659351, 32.654231 ] } },
{ "type": "Feature", "properties": { "osm_id": 8516297940, "name": "خلجا", "amenity": null, "shop": null, "tourism": null, "leisure": null, "highway": "bus_stop", "railway": null, "public_transport": "platform", "category": "public_transport", "sub_category": "bus_stop", "category_label": "Public Transportation", "sub_category_label": "Bus Stop", "color": "#1787d4", "icon": "bus.svg" }, "geometry": { "type": "Point", "coordinates": [ 51.6593825, 32.6543906 ] } },
{ "type": "Feature", "properties": { "osm_id": 8516297941, "name": "خلجا", "amenity": null, "shop": null, "tourism": null, "leisure": null, "highway": null, "railway": null, "public_transport": "stop_position", "category": "other", "sub_category": "general", "category_label": "Other", "sub_category_label": "General", "color": "#999", "icon": "marker.svg" }, "geometry": { "type": "Point", "coordinates": [ 51.6593727, 32.6542892 ] } },
{ "type": "Feature", "properties": { "osm_id": 8516297942, "name": "خلجا", "amenity": null, "shop": null, "tourism": null, "leisure": null, "highway": null, "railway": null, "public_transport": "stop_position", "category": "other", "sub_category": "general", "category_label": "Other", "sub_category_label": "General", "color": "#999", "icon": "marker.svg" }, "geometry": { "type": "Point", "coordinates": [ 51.659367, 32.6543583 ] } },
{ "type": "Feature", "properties": { "osm_id": 8516297943, "name": "دار القرآن", "amenity": null, "shop": null, "tourism": null, "leisure": null, "highway": "bus_stop", "railway": null, "public_transport": "platform", "category": "public_transport", "sub_category": "bus_stop", "category_label": "Public Transportation", "sub_category_label": "Bus Stop", "color": "#1787d4", "icon": "bus.svg" }, "geometry": { "type": "Point", "coordinates": [ 51.6620808, 32.6539932 ] } },
{ "type": "Feature", "properties": { "osm_id": 8516297944, "name": "دار القرآن", "amenity": null, "shop": null, "tourism": null, "leisure": null, "highway": "bus_stop", "railway": null, "public_transport": "platform", "category": "public_transport", "sub_category": "bus_stop", "category_label": "Public Transportation", "sub_category_label": "Bus Stop", "color": "#1787d4", "icon": "bus.svg" }, "geometry": { "type": "Point", "coordinates": [ 51.6621452, 32.6541208 ] } },
{ "type": "Feature", "properties": { "osm_id": 8516297945, "name": "دار القرآن", "amenity": null, "shop": null, "tourism": null, "leisure": null, "highway": null, "railway": null, "public_transport": "stop_position", "category": "other", "sub_category": "general", "category_label": "Other", "sub_category_label": "General", "color": "#999", "icon": "marker.svg" }, "geometry": { "type": "Point", "coordinates": [ 51.6621375, 32.6540796 ] } },
{ "type": "Feature", "properties": { "osm_id": 8516297946, "name": "دار القرآن", "amenity": null, "shop": null, "tourism": null, "leisure": null, "highway": null, "railway": null, "public_transport": "stop_position", "category": "other", "sub_category": "general", "category_label": "Other", "sub_category_label": "General", "color": "#999", "icon": "marker.svg" }, "geometry": { "type": "Point", "coordinates": [ 51.6620895, 32.6540332 ] } },
{ "type": "Feature", "properties": { "osm_id": 8516297947, "name": "چهارراه قصر", "amenity": null, "shop": null, "tourism": null, "leisure": null, "highway": "bus_stop", "railway": null, "public_transport": "platform", "category": "public_transport", "sub_category": "bus_stop", "category_label": "Public Transportation", "sub_category_label": "Bus Stop", "color": "#1787d4", "icon": "bus.svg" }, "geometry": { "type": "Point", "coordinates": [ 51.6654922, 32.6536349 ] } },
{ "type": "Feature", "properties": { "osm_id": 8516297948, "name": "چهارراه قصر", "amenity": null, "shop": null, "tourism": null, "leisure": null, "highway": "bus_stop", "railway": null, "public_transport": "platform", "category": "public_transport", "sub_category": "bus_stop", "category_label": "Public Transportation", "sub_category_label": "Bus Stop", "color": "#1787d4", "icon": "bus.svg" }, "geometry": { "type": "Point", "coordinates": [ 51.6654961, 32.6537963 ] } },
{ "type": "Feature", "properties": { "osm_id": 8516297949, "name": "چهارراه قصر", "amenity": null, "shop": null, "tourism": null, "leisure": null, "highway": null, "railway": null, "public_transport": "stop_position", "category": "other", "sub_category": "general", "category_label": "Other", "sub_category_label": "General", "color": "#999", "icon": "marker.svg" }, "geometry": { "type": "Point", "coordinates": [ 51.6654978, 32.6537415 ] } },
{ "type": "Feature", "properties": { "osm_id": 8516297950, "name": "چهارراه قصر", "amenity": null, "shop": null, "tourism": null, "leisure": null, "highway": null, "railway": null, "public_transport": "stop_position", "category": "other", "sub_category": "general", "category_label": "Other", "sub_category_label": "General", "color": "#999", "icon": "marker.svg" }, "geometry": { "type": "Point", "coordinates": [ 51.6654928, 32.6536972 ] } },
{ "type": "Feature", "properties": { "osm_id": 8516297951, "name": "قصر", "amenity": null, "shop": null, "tourism": null, "leisure": null, "highway": "bus_stop", "railway": null, "public_transport": "platform", "category": "public_transport", "sub_category": "bus_stop", "category_label": "Public Transportation", "sub_category_label": "Bus Stop", "color": "#1787d4", "icon": "bus.svg" }, "geometry": { "type": "Point", "coordinates": [ 51.6661418, 32.6541882 ] } },
{ "type": "Feature", "properties": { "osm_id": 8516297952, "name": "قصر", "amenity": null, "shop": null, "tourism": null, "leisure": null, "highway": "bus_stop", "railway": null, "public_transport": "platform", "category": "public_transport", "sub_category": "bus_stop", "category_label": "Public Transportation", "sub_category_label": "Bus Stop", "color": "#1787d4", "icon": "bus.svg" }, "geometry": { "type": "Point", "coordinates": [ 51.665952, 32.6542225 ] } },
{ "type": "Feature", "properties": { "osm_id": 8516297953, "name": "قصر", "amenity": null, "shop": null, "tourism": null, "leisure": null, "highway": null, "railway": null, "public_transport": "stop_position", "category": "other", "sub_category": "general", "category_label": "Other", "sub_category_label": "General", "color": "#999", "icon": "marker.svg" }, "geometry": { "type": "Point", "coordinates": [ 51.6660171, 32.6542159 ] } },
{ "type": "Feature", "properties": { "osm_id": 8516297954, "name": "قصر", "amenity": null, "shop": null, "tourism": null, "leisure": null, "highway": null, "railway": null, "public_transport": "stop_position", "category": "other", "sub_category": "general", "category_label": "Other", "sub_category_label": "General", "color": "#999", "icon": "marker.svg" }, "geometry": { "type": "Point", "coordinates": [ 51.6660782, 32.6542092 ] } },
{ "type": "Feature", "properties": { "osm_id": 8516297955, "name": "جهان نما", "amenity": null, "shop": null, "tourism": null, "leisure": null, "highway": "bus_stop", "railway": null, "public_transport": "platform", "category": "public_transport", "sub_category": "bus_stop", "category_label": "Public Transportation", "sub_category_label": "Bus Stop", "color": "#1787d4", "icon": "bus.svg" }, "geometry": { "type": "Point", "coordinates": [ 51.666318, 32.6571305 ] } },
{ "type": "Feature", "properties": { "osm_id": 8516297956, "name": "جهان نما", "amenity": null, "shop": null, "tourism": null, "leisure": null, "highway": null, "railway": null, "public_transport": "stop_position", "category": "other", "sub_category": "general", "category_label": "Other", "sub_category_label": "General", "color": "#999", "icon": "marker.svg" }, "geometry": { "type": "Point", "coordinates": [ 51.6664029, 32.657139 ] } },
{ "type": "Feature", "properties": { "osm_id": 8516297957, "name": "جهان نما", "amenity": null, "shop": null, "tourism": null, "leisure": null, "highway": "bus_stop", "railway": null, "public_transport": "platform", "category": "public_transport", "sub_category": "bus_stop", "category_label": "Public Transportation", "sub_category_label": "Bus Stop", "color": "#1787d4", "icon": "bus.svg" }, "geometry": { "type": "Point", "coordinates": [ 51.6669714, 32.6574273 ] } },
{ "type": "Feature", "properties": { "osm_id": 8516297958, "name": "جهان نما", "amenity": null, "shop": null, "tourism": null, "leisure": null, "highway": null, "railway": null, "public_transport": "stop_position", "category": "other", "sub_category": "general", "category_label": "Other", "sub_category_label": "General", "color": "#999", "icon": "marker.svg" }, "geometry": { "type": "Point", "coordinates": [ 51.6669874, 32.6574869 ] } },
{ "type": "Feature", "properties": { "osm_id": 8516297959, "name": "میدان امام حسین (دروازه دولت)", "amenity": null, "shop": null, "tourism": null, "leisure": null, "highway": null, "railway": null, "public_transport": "stop_position", "category": "other", "sub_category": "general", "category_label": "Other", "sub_category_label": "General", "color": "#999", "icon": "marker.svg" }, "geometry": { "type": "Point", "coordinates": [ 51.6702752, 32.6567874 ] } },
{ "type": "Feature", "properties": { "osm_id": 8516297960, "name": "میدان امام حسین (دروازه دولت)", "amenity": null, "shop": null, "tourism": null, "leisure": null, "highway": null, "railway": null, "public_transport": "stop_position", "category": "other", "sub_category": "general", "category_label": "Other", "sub_category_label": "General", "color": "#999", "icon": "marker.svg" }, "geometry": { "type": "Point", "coordinates": [ 51.6703421, 32.6568847 ] } },
{ "type": "Feature", "properties": { "osm_id": 8516297961, "name": "جهان نما", "amenity": null, "shop": null, "tourism": null, "leisure": null, "highway": "bus_stop", "railway": null, "public_transport": "platform", "category": "public_transport", "sub_category": "bus_stop", "category_label": "Public Transportation", "sub_category_label": "Bus Stop", "color": "#1787d4", "icon": "bus.svg" }, "geometry": { "type": "Point", "coordinates": [ 51.6662784, 32.6578502 ] } },
{ "type": "Feature", "properties": { "osm_id": 8516297962, "name": "جهان نما", "amenity": null, "shop": null, "tourism": null, "leisure": null, "highway": null, "railway": null, "public_transport": "stop_position", "category": "other", "sub_category": "general", "category_label": "Other", "sub_category_label": "General", "color": "#999", "icon": "marker.svg" }, "geometry": { "type": "Point", "coordinates": [ 51.6664174, 32.6578744 ] } },
{ "type": "Feature", "properties": { "osm_id": 8516297963, "name": "چهارراه ناروان", "amenity": null, "shop": null, "tourism": null, "leisure": null, "highway": "bus_stop", "railway": null, "public_transport": "platform", "category": "public_transport", "sub_category": "bus_stop", "category_label": "Public Transportation", "sub_category_label": "Bus Stop", "color": "#1787d4", "icon": "bus.svg" }, "geometry": { "type": "Point", "coordinates": [ 51.6624849, 32.6578761 ] } },
{ "type": "Feature", "properties": { "osm_id": 8516297964, "name": "چهارراه ناروان", "amenity": null, "shop": null, "tourism": null, "leisure": null, "highway": null, "railway": null, "public_transport": "stop_position", "category": "other", "sub_category": "general", "category_label": "Other", "sub_category_label": "General", "color": "#999", "icon": "marker.svg" }, "geometry": { "type": "Point", "coordinates": [ 51.6624832, 32.6578215 ] } },
{ "type": "Feature", "properties": { "osm_id": 8516297965, "name": "چهارراه سرتیپ", "amenity": null, "shop": null, "tourism": null, "leisure": null, "highway": "bus_stop", "railway": null, "public_transport": "platform", "category": "public_transport", "sub_category": "bus_stop", "category_label": "Public Transportation", "sub_category_label": "Bus Stop", "color": "#1787d4", "icon": "bus.svg" }, "geometry": { "type": "Point", "coordinates": [ 51.658187, 32.658143 ] } },
{ "type": "Feature", "properties": { "osm_id": 8516297966, "name": "چهارراه سرتیپ", "amenity": null, "shop": null, "tourism": null, "leisure": null, "highway": null, "railway": null, "public_transport": "stop_position", "category": "other", "sub_category": "general", "category_label": "Other", "sub_category_label": "General", "color": "#999", "icon": "marker.svg" }, "geometry": { "type": "Point", "coordinates": [ 51.6581835, 32.6581157 ] } },
{ "type": "Feature", "properties": { "osm_id": 8516297974, "name": "جامی", "amenity": null, "shop": null, "tourism": null, "leisure": null, "highway": null, "railway": null, "public_transport": "stop_position", "category": "other", "sub_category": "general", "category_label": "Other", "sub_category_label": "General", "color": "#999", "icon": "marker.svg" }, "geometry": { "type": "Point", "coordinates": [ 51.650782, 32.6706183 ] } },
{ "type": "Feature", "properties": { "osm_id": 8516297975, "name": "چهارراه هفتم محرم", "amenity": null, "shop": null, "tourism": null, "leisure": null, "highway": "bus_stop", "railway": null, "public_transport": "platform", "category": "public_transport", "sub_category": "bus_stop", "category_label": "Public Transportation", "sub_category_label": "Bus Stop", "color": "#1787d4", "icon": "bus.svg" }, "geometry": { "type": "Point", "coordinates": [ 51.6513158, 32.6667447 ] } },
{ "type": "Feature", "properties": { "osm_id": 8516297976, "name": "چهارراه هفتم محرم", "amenity": null, "shop": null, "tourism": null, "leisure": null, "highway": null, "railway": null, "public_transport": "stop_position", "category": "other", "sub_category": "general", "category_label": "Other", "sub_category_label": "General", "color": "#999", "icon": "marker.svg" }, "geometry": { "type": "Point", "coordinates": [ 51.6512399, 32.6667443 ] } },
{ "type": "Feature", "properties": { "osm_id": 8516297977, "name": "بیمارستان صدیقه طاهره", "amenity": null, "shop": null, "tourism": null, "leisure": null, "highway": "bus_stop", "railway": null, "public_transport": "platform", "category": "public_transport", "sub_category": "bus_stop", "category_label": "Public Transportation", "sub_category_label": "Bus Stop", "color": "#1787d4", "icon": "bus.svg" }, "geometry": { "type": "Point", "coordinates": [ 51.6478677, 32.6719928 ] } },
{ "type": "Feature", "properties": { "osm_id": 8516297978, "name": "بیمارستان صدیقه طاهره", "amenity": null, "shop": null, "tourism": null, "leisure": null, "highway": null, "railway": null, "public_transport": "stop_position", "category": "other", "sub_category": "general", "category_label": "Other", "sub_category_label": "General", "color": "#999", "icon": "marker.svg" }, "geometry": { "type": "Point", "coordinates": [ 51.6480009, 32.6719488 ] } },
{ "type": "Feature", "properties": { "osm_id": 8549886005, "name": "جهاد (صارمیه)", "amenity": null, "shop": null, "tourism": null, "leisure": null, "highway": "bus_stop", "railway": null, "public_transport": "platform", "category": "public_transport", "sub_category": "bus_stop", "category_label": "Public Transportation", "sub_category_label": "Bus Stop", "color": "#1787d4", "icon": "bus.svg" }, "geometry": { "type": "Point", "coordinates": [ 51.6438262, 32.6553926 ] } },
{ "type": "Feature", "properties": { "osm_id": 8549886006, "name": "جهاد (صارمیه)", "amenity": null, "shop": null, "tourism": null, "leisure": null, "highway": null, "railway": null, "public_transport": "stop_position", "category": "other", "sub_category": "general", "category_label": "Other", "sub_category_label": "General", "color": "#999", "icon": "marker.svg" }, "geometry": { "type": "Point", "coordinates": [ 51.6432568, 32.6553451 ] } },
{ "type": "Feature", "properties": { "osm_id": 8549886007, "name": "جهاد (صارمیه)", "amenity": null, "shop": null, "tourism": null, "leisure": null, "highway": null, "railway": null, "public_transport": "stop_position", "category": "other", "sub_category": "general", "category_label": "Other", "sub_category_label": "General", "color": "#999", "icon": "marker.svg" }, "geometry": { "type": "Point", "coordinates": [ 51.6437427, 32.6554297 ] } },
{ "type": "Feature", "properties": { "osm_id": 8549886008, "name": "اشرفی اصفهانی (کهندژ)", "amenity": null, "shop": null, "tourism": null, "leisure": null, "highway": "bus_stop", "railway": null, "public_transport": "platform", "category": "public_transport", "sub_category": "bus_stop", "category_label": "Public Transportation", "sub_category_label": "Bus Stop", "color": "#1787d4", "icon": "bus.svg" }, "geometry": { "type": "Point", "coordinates": [ 51.6437791, 32.6632259 ] } },
{ "type": "Feature", "properties": { "osm_id": 8549886009, "name": "اشرفی اصفهانی (کهندژ)", "amenity": null, "shop": null, "tourism": null, "leisure": null, "highway": null, "railway": null, "public_transport": "stop_position", "category": "other", "sub_category": "general", "category_label": "Other", "sub_category_label": "General", "color": "#999", "icon": "marker.svg" }, "geometry": { "type": "Point", "coordinates": [ 51.6436822, 32.6632233 ] } },
{ "type": "Feature", "properties": { "osm_id": 8549886010, "name": "پایانه صمدیه", "amenity": null, "shop": null, "tourism": null, "leisure": null, "highway": "bus_stop", "railway": null, "public_transport": "platform", "category": "public_transport", "sub_category": "bus_stop", "category_label": "Public Transportation", "sub_category_label": "Bus Stop", "color": "#1787d4", "icon": "bus.svg" }, "geometry": { "type": "Point", "coordinates": [ 51.6445772, 32.6676303 ] } },
{ "type": "Feature", "properties": { "osm_id": 8549886011, "name": "پایانه صمدیه", "amenity": null, "shop": null, "tourism": null, "leisure": null, "highway": null, "railway": null, "public_transport": "stop_position", "category": "other", "sub_category": "general", "category_label": "Other", "sub_category_label": "General", "color": "#999", "icon": "marker.svg" }, "geometry": { "type": "Point", "coordinates": [ 51.644492, 32.6675238 ] } },
{ "type": "Feature", "properties": { "osm_id": 8549886012, "name": "رباط", "amenity": null, "shop": null, "tourism": null, "leisure": null, "highway": "bus_stop", "railway": null, "public_transport": "platform", "category": "public_transport", "sub_category": "bus_stop", "category_label": "Public Transportation", "sub_category_label": "Bus Stop", "color": "#1787d4", "icon": "bus.svg" }, "geometry": { "type": "Point", "coordinates": [ 51.6555781, 32.6861676 ] } },
{ "type": "Feature", "properties": { "osm_id": 8549886013, "name": "رباط", "amenity": null, "shop": null, "tourism": null, "leisure": null, "highway": null, "railway": null, "public_transport": "stop_position", "category": "other", "sub_category": "general", "category_label": "Other", "sub_category_label": "General", "color": "#999", "icon": "marker.svg" }, "geometry": { "type": "Point", "coordinates": [ 51.655575, 32.6862185 ] } },
{ "type": "Feature", "properties": { "osm_id": 8549886014, "name": "استاد شهریار", "amenity": null, "shop": null, "tourism": null, "leisure": null, "highway": "bus_stop", "railway": null, "public_transport": "platform", "category": "public_transport", "sub_category": "bus_stop", "category_label": "Public Transportation", "sub_category_label": "Bus Stop", "color": "#1787d4", "icon": "bus.svg" }, "geometry": { "type": "Point", "coordinates": [ 51.6629389, 32.689088 ] } },
{ "type": "Feature", "properties": { "osm_id": 8549886015, "name": "استاد شهریار", "amenity": null, "shop": null, "tourism": null, "leisure": null, "highway": null, "railway": null, "public_transport": "stop_position", "category": "other", "sub_category": "general", "category_label": "Other", "sub_category_label": "General", "color": "#999", "icon": "marker.svg" }, "geometry": { "type": "Point", "coordinates": [ 51.6629179, 32.6891572 ] } },
{ "type": "Feature", "properties": { "osm_id": 8549886016, "name": "استاد شهریار", "amenity": null, "shop": null, "tourism": null, "leisure": null, "highway": "bus_stop", "railway": null, "public_transport": "platform", "category": "public_transport", "sub_category": "bus_stop", "category_label": "Public Transportation", "sub_category_label": "Bus Stop", "color": "#1787d4", "icon": "bus.svg" }, "geometry": { "type": "Point", "coordinates": [ 51.6626418, 32.6896635 ] } },
{ "type": "Feature", "properties": { "osm_id": 8549890017, "name": "استاد شهریار", "amenity": null, "shop": null, "tourism": null, "leisure": null, "highway": null, "railway": null, "public_transport": "stop_position", "category": "other", "sub_category": "general", "category_label": "Other", "sub_category_label": "General", "color": "#999", "icon": "marker.svg" }, "geometry": { "type": "Point", "coordinates": [ 51.6626818, 32.6896055 ] } },
{ "type": "Feature", "properties": { "osm_id": 8549890019, "name": "پنج آذر", "amenity": null, "shop": null, "tourism": null, "leisure": null, "highway": null, "railway": null, "public_transport": "stop_position", "category": "other", "sub_category": "general", "category_label": "Other", "sub_category_label": "General", "color": "#999", "icon": "marker.svg" }, "geometry": { "type": "Point", "coordinates": [ 51.6652201, 32.690597 ] } },
{ "type": "Feature", "properties": { "osm_id": 8555170903, "name": "دروازه تهران", "amenity": null, "shop": null, "tourism": null, "leisure": null, "highway": null, "railway": null, "public_transport": "stop_position", "category": "other", "sub_category": "general", "category_label": "Other", "sub_category_label": "General", "color": "#999", "icon": "marker.svg" }, "geometry": { "type": "Point", "coordinates": [ 51.6508849, 32.6763404 ] } },
{ "type": "Feature", "properties": { "osm_id": 8555170906, "name": "صادقی", "amenity": null, "shop": null, "tourism": null, "leisure": null, "highway": "bus_stop", "railway": null, "public_transport": "platform", "category": "public_transport", "sub_category": "bus_stop", "category_label": "Public Transportation", "sub_category_label": "Bus Stop", "color": "#1787d4", "icon": "bus.svg" }, "geometry": { "type": "Point", "coordinates": [ 51.6528042, 32.6817278 ] } },
{ "type": "Feature", "properties": { "osm_id": 8555170907, "name": "صادقی", "amenity": null, "shop": null, "tourism": null, "leisure": null, "highway": "bus_stop", "railway": null, "public_transport": "platform", "category": "public_transport", "sub_category": "bus_stop", "category_label": "Public Transportation", "sub_category_label": "Bus Stop", "color": "#1787d4", "icon": "bus.svg" }, "geometry": { "type": "Point", "coordinates": [ 51.6529444, 32.6812512 ] } },
{ "type": "Feature", "properties": { "osm_id": 8555170908, "name": "صادقی", "amenity": null, "shop": null, "tourism": null, "leisure": null, "highway": null, "railway": null, "public_transport": "stop_position", "category": "other", "sub_category": "general", "category_label": "Other", "sub_category_label": "General", "color": "#999", "icon": "marker.svg" }, "geometry": { "type": "Point", "coordinates": [ 51.652895, 32.6816824 ] } },
{ "type": "Feature", "properties": { "osm_id": 8555170910, "name": "مسجد صاحب الزمان", "amenity": null, "shop": null, "tourism": null, "leisure": null, "highway": "bus_stop", "railway": null, "public_transport": "platform", "category": "public_transport", "sub_category": "bus_stop", "category_label": "Public Transportation", "sub_category_label": "Bus Stop", "color": "#1787d4", "icon": "bus.svg" }, "geometry": { "type": "Point", "coordinates": [ 51.6538963, 32.6844321 ] } },
{ "type": "Feature", "properties": { "osm_id": 8555170911, "name": "مسجد صاحب الزمان", "amenity": null, "shop": null, "tourism": null, "leisure": null, "highway": null, "railway": null, "public_transport": "stop_position", "category": "other", "sub_category": "general", "category_label": "Other", "sub_category_label": "General", "color": "#999", "icon": "marker.svg" }, "geometry": { "type": "Point", "coordinates": [ 51.6539927, 32.6844281 ] } },
{ "type": "Feature", "properties": { "osm_id": 8555170912, "name": "مسجد صاحب الزمان", "amenity": null, "shop": null, "tourism": null, "leisure": null, "highway": null, "railway": null, "public_transport": "stop_position", "category": "other", "sub_category": "general", "category_label": "Other", "sub_category_label": "General", "color": "#999", "icon": "marker.svg" }, "geometry": { "type": "Point", "coordinates": [ 51.6542597, 32.6847306 ] } },
{ "type": "Feature", "properties": { "osm_id": 8555185575, "name": "دروازه تهران", "amenity": null, "shop": null, "tourism": null, "leisure": null, "highway": "bus_stop", "railway": null, "public_transport": "platform", "category": "public_transport", "sub_category": "bus_stop", "category_label": "Public Transportation", "sub_category_label": "Bus Stop", "color": "#1787d4", "icon": "bus.svg" }, "geometry": { "type": "Point", "coordinates": [ 51.6506382, 32.6764033 ] } },
{ "type": "Feature", "properties": { "osm_id": 8555185576, "name": "دروازه تهران", "amenity": null, "shop": null, "tourism": null, "leisure": null, "highway": null, "railway": null, "public_transport": "stop_position", "category": "other", "sub_category": "general", "category_label": "Other", "sub_category_label": "General", "color": "#999", "icon": "marker.svg" }, "geometry": { "type": "Point", "coordinates": [ 51.6507304, 32.676388 ] } },
{ "type": "Feature", "properties": { "osm_id": 8555185577, "name": "شهید خرازی", "amenity": null, "shop": null, "tourism": null, "leisure": null, "highway": "bus_stop", "railway": null, "public_transport": "platform", "category": "public_transport", "sub_category": "bus_stop", "category_label": "Public Transportation", "sub_category_label": "Bus Stop", "color": "#1787d4", "icon": "bus.svg" }, "geometry": { "type": "Point", "coordinates": [ 51.6438056, 32.673157 ] } },
{ "type": "Feature", "properties": { "osm_id": 8555185578, "name": "شهید خرازی", "amenity": null, "shop": null, "tourism": null, "leisure": null, "highway": null, "railway": null, "public_transport": "stop_position", "category": "other", "sub_category": "general", "category_label": "Other", "sub_category_label": "General", "color": "#999", "icon": "marker.svg" }, "geometry": { "type": "Point", "coordinates": [ 51.643821, 32.673106 ] } },
{ "type": "Feature", "properties": { "osm_id": 8559340029, "name": "کنیسای آقا شکراله (یعقوب مسجدی)", "amenity": "place_of_worship", "shop": null, "tourism": null, "leisure": null, "highway": null, "railway": null, "public_transport": null, "category": "religion", "sub_category": "mosque", "category_label": "Religious Places", "sub_category_label": "Mosque", "color": "#78523e", "icon": "place-of-worship.svg" }, "geometry": { "type": "Point", "coordinates": [ 51.6912364, 32.6688649 ] } },
{ "type": "Feature", "properties": { "osm_id": 8559340030, "name": "کنیسه شموئل حناساب", "amenity": "place_of_worship", "shop": null, "tourism": null, "leisure": null, "highway": null, "railway": null, "public_transport": null, "category": "religion", "sub_category": "mosque", "category_label": "Religious Places", "sub_category_label": "Mosque", "color": "#78523e", "icon": "place-of-worship.svg" }, "geometry": { "type": "Point", "coordinates": [ 51.6900549, 32.6692452 ] } },
{ "type": "Feature", "properties": { "osm_id": 8559340031, "name": "کنیسا موسی خیا", "amenity": "place_of_worship", "shop": null, "tourism": null, "leisure": null, "highway": null, "railway": null, "public_transport": null, "category": "religion", "sub_category": "mosque", "category_label": "Religious Places", "sub_category_label": "Mosque", "color": "#78523e", "icon": "place-of-worship.svg" }, "geometry": { "type": "Point", "coordinates": [ 51.6891725, 32.6704795 ] } },
{ "type": "Feature", "properties": { "osm_id": 8559340032, "name": "کنیسا بزرگ (هاگادول)", "amenity": "place_of_worship", "shop": null, "tourism": null, "leisure": null, "highway": null, "railway": null, "public_transport": null, "category": "religion", "sub_category": "mosque", "category_label": "Religious Places", "sub_category_label": "Mosque", "color": "#78523e", "icon": "place-of-worship.svg" }, "geometry": { "type": "Point", "coordinates": [ 51.689866, 32.6706653 ] } },
{ "type": "Feature", "properties": { "osm_id": 8559340033, "name": "کنیسا سنگ بست", "amenity": "place_of_worship", "shop": null, "tourism": null, "leisure": null, "highway": null, "railway": null, "public_transport": null, "category": "religion", "sub_category": "mosque", "category_label": "Religious Places", "sub_category_label": "Mosque", "color": "#78523e", "icon": "place-of-worship.svg" }, "geometry": { "type": "Point", "coordinates": [ 51.6923413, 32.6719864 ] } },
{ "type": "Feature", "properties": { "osm_id": 8559484874, "name": "کنیسه عمو شعیا", "amenity": "place_of_worship", "shop": null, "tourism": null, "leisure": null, "highway": null, "railway": null, "public_transport": null, "category": "religion", "sub_category": "mosque", "category_label": "Religious Places", "sub_category_label": "Mosque", "color": "#78523e", "icon": "place-of-worship.svg" }, "geometry": { "type": "Point", "coordinates": [ 51.6882023, 32.6680124 ] } },
{ "type": "Feature", "properties": { "osm_id": 8559484876, "name": "کنسیه گلبهار", "amenity": "place_of_worship", "shop": null, "tourism": null, "leisure": null, "highway": null, "railway": null, "public_transport": null, "category": "religion", "sub_category": "mosque", "category_label": "Religious Places", "sub_category_label": "Mosque", "color": "#78523e", "icon": "place-of-worship.svg" }, "geometry": { "type": "Point", "coordinates": [ 51.6815548, 32.6654655 ] } },
{ "type": "Feature", "properties": { "osm_id": 8606364488, "name": "کافه سفر", "amenity": "cafe", "shop": null, "tourism": null, "leisure": null, "highway": null, "railway": null, "public_transport": null, "category": "food_service", "sub_category": "cafe", "category_label": "Restaurants & Cafes", "sub_category_label": "Cafe", "color": "#b4612f", "icon": "restaurant.svg" }, "geometry": { "type": "Point", "coordinates": [ 51.6690362, 32.6536764 ] } },
{ "type": "Feature", "properties": { "osm_id": 8638375601, "name": "مجسمه چوگان", "amenity": null, "shop": null, "tourism": "artwork", "leisure": null, "highway": null, "railway": null, "public_transport": null, "category": "culture_attraction", "sub_category": "art", "category_label": "Culture & Attractions", "sub_category_label": "Art", "color": "#067c91", "icon": "museum.svg" }, "geometry": { "type": "Point", "coordinates": [ 51.6692513, 32.6572866 ] } },
{ "type": "Feature", "properties": { "osm_id": 8646845875, "name": "کلانتری ۳۵ بازار", "amenity": "police", "shop": null, "tourism": null, "leisure": null, "highway": null, "railway": null, "public_transport": null, "category": "government_security", "sub_category": "police", "category_label": "Government & Security", "sub_category_label": "Police", "color": "#506aa0", "icon": "police.svg" }, "geometry": { "type": "Point", "coordinates": [ 51.6769848, 32.660304 ] } },
{ "type": "Feature", "properties": { "osm_id": 8662007049, "name": "جنوب شرقی", "amenity": null, "shop": null, "tourism": null, "leisure": null, "highway": null, "railway": "subway_entrance", "public_transport": null, "category": "public_transport", "sub_category": "subway_station", "category_label": "Public Transportation", "sub_category_label": "Subway Station", "color": "#1787d4", "icon": "bus.svg" }, "geometry": { "type": "Point", "coordinates": [ 51.6694732, 32.6572518 ] } },
{ "type": "Feature", "properties": { "osm_id": 8664429456, "name": "فروشگاه آنتن برفکی", "amenity": null, "shop": "hifi", "tourism": null, "leisure": null, "highway": null, "railway": null, "public_transport": null, "category": "general_retail", "sub_category": "hifi", "category_label": "General Retail", "sub_category_label": "Hifi", "color": "#194aa4", "icon": "shop.svg" }, "geometry": { "type": "Point", "coordinates": [ 51.6936733, 32.6759663 ] } },
{ "type": "Feature", "properties": { "osm_id": 8694576517, "name": "دیباج نگار", "amenity": null, "shop": "gift", "tourism": null, "leisure": null, "highway": null, "railway": null, "public_transport": null, "category": "general_retail", "sub_category": "store", "category_label": "General Retail", "sub_category_label": "Store", "color": "#194aa4", "icon": "shop.svg" }, "geometry": { "type": "Point", "coordinates": [ 51.6821496, 32.6695246 ] } },
{ "type": "Feature", "properties": { "osm_id": 8699255859, "name": "مسجد المهدی", "amenity": "place_of_worship", "shop": null, "tourism": null, "leisure": null, "highway": null, "railway": null, "public_transport": null, "category": "religion", "sub_category": "mosque", "category_label": "Religious Places", "sub_category_label": "Mosque", "color": "#78523e", "icon": "place-of-worship.svg" }, "geometry": { "type": "Point", "coordinates": [ 51.6420692, 32.6895481 ] } },
{ "type": "Feature", "properties": { "osm_id": 8699267495, "name": "ساختمان مرکزی دانشگاه پیام نور استان اصفهان", "amenity": "university", "shop": null, "tourism": null, "leisure": null, "highway": null, "railway": null, "public_transport": null, "category": "education", "sub_category": "university", "category_label": "Education", "sub_category_label": "University", "color": "#78523e", "icon": "school.svg" }, "geometry": { "type": "Point", "coordinates": [ 51.6435184, 32.6728462 ] } },
{ "type": "Feature", "properties": { "osm_id": 8699267496, "name": "حسینیه اقاران", "amenity": "place_of_worship", "shop": null, "tourism": null, "leisure": null, "highway": null, "railway": null, "public_transport": null, "category": "religion", "sub_category": "mosque", "category_label": "Religious Places", "sub_category_label": "Mosque", "color": "#78523e", "icon": "place-of-worship.svg" }, "geometry": { "type": "Point", "coordinates": [ 51.6406868, 32.6721468 ] } },
{ "type": "Feature", "properties": { "osm_id": 8699267503, "name": "مدرسه سمیه", "amenity": "school", "shop": null, "tourism": null, "leisure": null, "highway": null, "railway": null, "public_transport": null, "category": "education", "sub_category": "school", "category_label": "Education", "sub_category_label": "School", "color": "#78523e", "icon": "school.svg" }, "geometry": { "type": "Point", "coordinates": [ 51.6406582, 32.6732401 ] } },
{ "type": "Feature", "properties": { "osm_id": 8699267515, "name": "امامزاده شازده عبدالله برزان", "amenity": "place_of_worship", "shop": null, "tourism": null, "leisure": null, "highway": null, "railway": null, "public_transport": null, "category": "religion", "sub_category": "mosque", "category_label": "Religious Places", "sub_category_label": "Mosque", "color": "#78523e", "icon": "place-of-worship.svg" }, "geometry": { "type": "Point", "coordinates": [ 51.6408707, 32.6726309 ] } },
{ "type": "Feature", "properties": { "osm_id": 8701481559, "name": "بازارچه علی قلی آقا", "amenity": "marketplace", "shop": null, "tourism": null, "leisure": null, "highway": null, "railway": null, "public_transport": null, "category": "general_retail", "sub_category": "shopping_mall", "category_label": "General Retail", "sub_category_label": "Shopping Mall", "color": "#194aa4", "icon": "shop.svg" }, "geometry": { "type": "Point", "coordinates": [ 51.6667535, 32.6683214 ] } },
{ "type": "Feature", "properties": { "osm_id": 8748334822, "name": "بیمه تعاون 3933 | Taavon Agency 3933", "amenity": null, "shop": null, "tourism": null, "leisure": null, "highway": null, "railway": null, "public_transport": null, "category": "other", "sub_category": "general", "category_label": "Other", "sub_category_label": "General", "color": "#999", "icon": "marker.svg" }, "geometry": { "type": "Point", "coordinates": [ 51.6431849, 32.6540638 ] } },
{ "type": "Feature", "properties": { "osm_id": 8769950678, "name": "شرکت فنی مهندسی عماد", "amenity": null, "shop": "fireplace", "tourism": null, "leisure": null, "highway": null, "railway": null, "public_transport": null, "category": "general_retail", "sub_category": "fireplace", "category_label": "General Retail", "sub_category_label": "Fireplace", "color": "#194aa4", "icon": "shop.svg" }, "geometry": { "type": "Point", "coordinates": [ 51.6612958, 32.6624697 ] } },
{ "type": "Feature", "properties": { "osm_id": 8780330618, "name": "مرکز مدیریت حوزه علمیه اصفهان", "amenity": null, "shop": null, "tourism": null, "leisure": null, "highway": null, "railway": null, "public_transport": null, "category": "other", "sub_category": "general", "category_label": "Other", "sub_category_label": "General", "color": "#999", "icon": "marker.svg" }, "geometry": { "type": "Point", "coordinates": [ 51.6825044, 32.6607917 ] } },
{ "type": "Feature", "properties": { "osm_id": 8939008931, "name": "لوازم قنادی مرکزی اصفهان", "amenity": null, "shop": "supermarket", "tourism": null, "leisure": null, "highway": null, "railway": null, "public_transport": null, "category": "food_retail", "sub_category": "supermarket", "category_label": "Grocery & Food Retail", "sub_category_label": "Supermarket", "color": "#b4612f", "icon": "grocery.svg" }, "geometry": { "type": "Point", "coordinates": [ 51.6660294, 32.6656122 ] } },
{ "type": "Feature", "properties": { "osm_id": 9002211841, "name": "ایمن صنایع", "amenity": null, "shop": "hardware", "tourism": null, "leisure": null, "highway": null, "railway": null, "public_transport": null, "category": "general_retail", "sub_category": "hardware_store", "category_label": "General Retail", "sub_category_label": "Hardware Store", "color": "#194aa4", "icon": "shop.svg" }, "geometry": { "type": "Point", "coordinates": [ 51.6482794, 32.6659621 ] } },
{ "type": "Feature", "properties": { "osm_id": 9009903494, "name": "پیپرپیک", "amenity": null, "shop": "stationery", "tourism": null, "leisure": null, "highway": null, "railway": null, "public_transport": null, "category": "general_retail", "sub_category": "stationery", "category_label": "General Retail", "sub_category_label": "Stationery", "color": "#194aa4", "icon": "shop.svg" }, "geometry": { "type": "Point", "coordinates": [ 51.670085, 32.6623586 ] } },
{ "type": "Feature", "properties": { "osm_id": 9105304417, "name": "لوله و اتصالات کشاورزی", "amenity": null, "shop": "convenience", "tourism": null, "leisure": null, "highway": null, "railway": null, "public_transport": null, "category": "food_retail", "sub_category": "convenience_store", "category_label": "Grocery & Food Retail", "sub_category_label": "Convenience Store", "color": "#b4612f", "icon": "grocery.svg" }, "geometry": { "type": "Point", "coordinates": [ 51.6416568, 32.6636425 ] } },
{ "type": "Feature", "properties": { "osm_id": 9120021227, "name": "پارکینگ اردیبهشت", "amenity": "parking", "shop": null, "tourism": null, "leisure": null, "highway": null, "railway": null, "public_transport": null, "category": "parking_road_facility", "sub_category": "parking", "category_label": "Parking & Road Facilities", "sub_category_label": "Parking", "color": "#78523e", "icon": "parking.svg" }, "geometry": { "type": "Point", "coordinates": [ 51.6549682, 32.6586583 ] } },
{ "type": "Feature", "properties": { "osm_id": 9181032852, "name": null, "amenity": null, "shop": "supermarket", "tourism": null, "leisure": null, "highway": null, "railway": null, "public_transport": null, "category": "food_retail", "sub_category": "supermarket", "category_label": "Grocery & Food Retail", "sub_category_label": "Supermarket", "color": "#b4612f", "icon": "grocery.svg" }, "geometry": { "type": "Point", "coordinates": [ 51.6752846, 32.6751699 ] } },
{ "type": "Feature", "properties": { "osm_id": 9181032853, "name": null, "amenity": null, "shop": "greengrocer", "tourism": null, "leisure": null, "highway": null, "railway": null, "public_transport": null, "category": "food_retail", "sub_category": "greengrocer", "category_label": "Grocery & Food Retail", "sub_category_label": "Greengrocer", "color": "#b4612f", "icon": "grocery.svg" }, "geometry": { "type": "Point", "coordinates": [ 51.6753476, 32.6752263 ] } },
{ "type": "Feature", "properties": { "osm_id": 9181032854, "name": null, "amenity": null, "shop": "greengrocer", "tourism": null, "leisure": null, "highway": null, "railway": null, "public_transport": null, "category": "food_retail", "sub_category": "greengrocer", "category_label": "Grocery & Food Retail", "sub_category_label": "Greengrocer", "color": "#b4612f", "icon": "grocery.svg" }, "geometry": { "type": "Point", "coordinates": [ 51.6751952, 32.6753187 ] } },
{ "type": "Feature", "properties": { "osm_id": 9219098855, "name": "تالار حدادی", "amenity": "events_venue", "shop": null, "tourism": null, "leisure": null, "highway": null, "railway": null, "public_transport": null, "category": "other", "sub_category": "events_venue", "category_label": "Other", "sub_category_label": "Events Venue", "color": "#999", "icon": "marker.svg" }, "geometry": { "type": "Point", "coordinates": [ 51.6587247, 32.6620533 ] } },
{ "type": "Feature", "properties": { "osm_id": 9255562790, "name": "گلخانه تخصصی سانسکو", "amenity": "marketplace", "shop": null, "tourism": null, "leisure": null, "highway": null, "railway": null, "public_transport": null, "category": "general_retail", "sub_category": "shopping_mall", "category_label": "General Retail", "sub_category_label": "Shopping Mall", "color": "#194aa4", "icon": "shop.svg" }, "geometry": { "type": "Point", "coordinates": [ 51.664612, 32.675522 ] } },
{ "type": "Feature", "properties": { "osm_id": 9264055978, "name": "پارکینگ خواجه نظام الملک", "amenity": "parking", "shop": null, "tourism": null, "leisure": null, "highway": null, "railway": null, "public_transport": null, "category": "parking_road_facility", "sub_category": "parking", "category_label": "Parking & Road Facilities", "sub_category_label": "Parking", "color": "#78523e", "icon": "parking.svg" }, "geometry": { "type": "Point", "coordinates": [ 51.6940367, 32.6656511 ] } },
{ "type": "Feature", "properties": { "osm_id": 9286173202, "name": "مدیریت سیستمهای انتقال مدیریت منطقه اصفهان شرکت مخابرات ایران", "amenity": null, "shop": null, "tourism": null, "leisure": null, "highway": null, "railway": null, "public_transport": null, "category": "other", "sub_category": "general", "category_label": "Other", "sub_category_label": "General", "color": "#999", "icon": "marker.svg" }, "geometry": { "type": "Point", "coordinates": [ 51.6555038, 32.6557289 ] } },
{ "type": "Feature", "properties": { "osm_id": 9311615743, "name": "کالای خواب کیش", "amenity": null, "shop": "bed", "tourism": null, "leisure": null, "highway": null, "railway": null, "public_transport": null, "category": "general_retail", "sub_category": "bed", "category_label": "General Retail", "sub_category_label": "Bed", "color": "#194aa4", "icon": "shop.svg" }, "geometry": { "type": "Point", "coordinates": [ 51.6811054, 32.673412 ] } },
{ "type": "Feature", "properties": { "osm_id": 9369626081, "name": "مسجد خان", "amenity": "place_of_worship", "shop": null, "tourism": null, "leisure": null, "highway": null, "railway": null, "public_transport": null, "category": "religion", "sub_category": "mosque", "category_label": "Religious Places", "sub_category_label": "Mosque", "color": "#78523e", "icon": "place-of-worship.svg" }, "geometry": { "type": "Point", "coordinates": [ 51.6894527, 32.6645375 ] } },
{ "type": "Feature", "properties": { "osm_id": 9413027525, "name": "هنرستان نقش جهان", "amenity": "school", "shop": null, "tourism": null, "leisure": null, "highway": null, "railway": null, "public_transport": null, "category": "education", "sub_category": "school", "category_label": "Education", "sub_category_label": "School", "color": "#78523e", "icon": "school.svg" }, "geometry": { "type": "Point", "coordinates": [ 51.6907562, 32.6575691 ] } },
{ "type": "Feature", "properties": { "osm_id": 9428245062, "name": null, "amenity": "drinking_water", "shop": null, "tourism": null, "leisure": null, "highway": null, "railway": null, "public_transport": null, "category": "public_service", "sub_category": "drinking_water", "category_label": "Public Services", "sub_category_label": "Drinking Water", "color": "#506aa0", "icon": "post.svg" }, "geometry": { "type": "Point", "coordinates": [ 51.6711641, 32.6543608 ] } },
{ "type": "Feature", "properties": { "osm_id": 9492489117, "name": "مهمانپذیر خیام", "amenity": null, "shop": null, "tourism": "motel", "leisure": null, "highway": null, "railway": null, "public_transport": null, "category": "accommodation", "sub_category": "motel", "category_label": "Accommodation", "sub_category_label": "Motel", "color": "#78523e", "icon": "lodging.svg" }, "geometry": { "type": "Point", "coordinates": [ 51.6531909, 32.6581198 ] } },
{ "type": "Feature", "properties": { "osm_id": 9574298203, "name": "دمپایی شهر(نیکیتا)", "amenity": null, "shop": "shoes", "tourism": null, "leisure": null, "highway": null, "railway": null, "public_transport": null, "category": "fashion", "sub_category": "shoe", "category_label": "Fashion & Clothing", "sub_category_label": "Shoe", "color": "#194aa4", "icon": "clothing-store.svg" }, "geometry": { "type": "Point", "coordinates": [ 51.6678195, 32.6573818 ] } },
{ "type": "Feature", "properties": { "osm_id": 9680052473, "name": "بهستان", "amenity": null, "shop": null, "tourism": null, "leisure": null, "highway": "bus_stop", "railway": null, "public_transport": null, "category": "public_transport", "sub_category": "bus_stop", "category_label": "Public Transportation", "sub_category_label": "Bus Stop", "color": "#1787d4", "icon": "bus.svg" }, "geometry": { "type": "Point", "coordinates": [ 51.6432037, 32.6597488 ] } },
{ "type": "Feature", "properties": { "osm_id": 9689392925, "name": "گالری نقره روژان", "amenity": null, "shop": null, "tourism": "gallery", "leisure": null, "highway": null, "railway": null, "public_transport": null, "category": "culture_attraction", "sub_category": "art", "category_label": "Culture & Attractions", "sub_category_label": "Art", "color": "#067c91", "icon": "museum.svg" }, "geometry": { "type": "Point", "coordinates": [ 51.6726297, 32.6857442 ] } },
{ "type": "Feature", "properties": { "osm_id": 9691910062, "name": "گالری ثانیه ها", "amenity": null, "shop": "watches", "tourism": null, "leisure": null, "highway": null, "railway": null, "public_transport": null, "category": "general_retail", "sub_category": "watches", "category_label": "General Retail", "sub_category_label": "Watches", "color": "#194aa4", "icon": "shop.svg" }, "geometry": { "type": "Point", "coordinates": [ 51.6847059, 32.6619855 ] } },
{ "type": "Feature", "properties": { "osm_id": 9750807841, "name": "هتل سنتی گل آرا", "amenity": null, "shop": null, "tourism": "hotel", "leisure": null, "highway": null, "railway": null, "public_transport": null, "category": "accommodation", "sub_category": "hotel", "category_label": "Accommodation", "sub_category_label": "Hotel", "color": "#78523e", "icon": "lodging.svg" }, "geometry": { "type": "Point", "coordinates": [ 51.6792388, 32.663497 ] } },
{ "type": "Feature", "properties": { "osm_id": 9751301631, "name": "فروشگاه لوازم آرایشی آندیا", "amenity": null, "shop": "cosmetics", "tourism": null, "leisure": null, "highway": null, "railway": null, "public_transport": null, "category": "beauty_accessories", "sub_category": "cosmetics_store", "category_label": "Beauty & Accessories", "sub_category_label": "Cosmetics Store", "color": "#194aa4", "icon": "shop.svg" }, "geometry": { "type": "Point", "coordinates": [ 51.6534126, 32.6624778 ] } },
{ "type": "Feature", "properties": { "osm_id": 9757995337, "name": "لباس رزلند", "amenity": null, "shop": "clothes", "tourism": null, "leisure": null, "highway": null, "railway": null, "public_transport": null, "category": "fashion", "sub_category": "clothes", "category_label": "Fashion & Clothing", "sub_category_label": "Clothes", "color": "#194aa4", "icon": "clothing-store.svg" }, "geometry": { "type": "Point", "coordinates": [ 51.6683523, 32.6526261 ] } },
{ "type": "Feature", "properties": { "osm_id": 9757995342, "name": "فست فود ثاویچ", "amenity": "fast_food", "shop": null, "tourism": null, "leisure": null, "highway": null, "railway": null, "public_transport": null, "category": "food_service", "sub_category": "fast_food", "category_label": "Restaurants & Cafes", "sub_category_label": "Fast Food", "color": "#b4612f", "icon": "restaurant.svg" }, "geometry": { "type": "Point", "coordinates": [ 51.6683436, 32.6525539 ] } },
{ "type": "Feature", "properties": { "osm_id": 9781713884, "name": "فروشگاه اسپرسوساز پارادایس", "amenity": null, "shop": "houseware", "tourism": null, "leisure": null, "highway": null, "railway": null, "public_transport": null, "category": "general_retail", "sub_category": "houseware", "category_label": "General Retail", "sub_category_label": "Houseware", "color": "#194aa4", "icon": "shop.svg" }, "geometry": { "type": "Point", "coordinates": [ 51.6846126, 32.6624366 ] } },
{ "type": "Feature", "properties": { "osm_id": 9785691317, "name": "فرش یونیک", "amenity": null, "shop": "gift", "tourism": null, "leisure": null, "highway": null, "railway": null, "public_transport": null, "category": "general_retail", "sub_category": "store", "category_label": "General Retail", "sub_category_label": "Store", "color": "#194aa4", "icon": "shop.svg" }, "geometry": { "type": "Point", "coordinates": [ 51.6742123, 32.6615901 ] } },
{ "type": "Feature", "properties": { "osm_id": 9802171221, "name": "سالن دریا بیوتی", "amenity": null, "shop": "beauty", "tourism": null, "leisure": null, "highway": null, "railway": null, "public_transport": null, "category": "beauty_accessories", "sub_category": "cosmetics_store", "category_label": "Beauty & Accessories", "sub_category_label": "Cosmetics Store", "color": "#194aa4", "icon": "shop.svg" }, "geometry": { "type": "Point", "coordinates": [ 51.672041, 32.6762819 ] } },
{ "type": "Feature", "properties": { "osm_id": 9802765954, "name": "شرکت راشا سازه ژیوار", "amenity": null, "shop": null, "tourism": null, "leisure": null, "highway": null, "railway": null, "public_transport": null, "category": "other", "sub_category": "general", "category_label": "Other", "sub_category_label": "General", "color": "#999", "icon": "marker.svg" }, "geometry": { "type": "Point", "coordinates": [ 51.6717052, 32.6694953 ] } },
{ "type": "Feature", "properties": { "osm_id": 9821441617, "name": null, "amenity": null, "shop": null, "tourism": "attraction", "leisure": null, "highway": null, "railway": null, "public_transport": null, "category": "culture_attraction", "sub_category": "culture_attraction", "category_label": "Culture & Attractions", "sub_category_label": "Culture Attraction", "color": "#067c91", "icon": "museum.svg" }, "geometry": { "type": "Point", "coordinates": [ 51.6673096, 32.6529944 ] } },
{ "type": "Feature", "properties": { "osm_id": 9823036399, "name": "مهمانپذیر هریتیج اصفهان", "amenity": null, "shop": null, "tourism": "hostel", "leisure": null, "highway": null, "railway": null, "public_transport": null, "category": "accommodation", "sub_category": "hostel", "category_label": "Accommodation", "sub_category_label": "Hostel", "color": "#78523e", "icon": "lodging.svg" }, "geometry": { "type": "Point", "coordinates": [ 51.6824573, 32.6570744 ] } },
{ "type": "Feature", "properties": { "osm_id": 9852628602, "name": "sepahanchapgar", "amenity": null, "shop": "ماشین های اداری", "tourism": null, "leisure": null, "highway": null, "railway": null, "public_transport": null, "category": "general_retail", "sub_category": "ماشین های اداری", "category_label": "General Retail", "sub_category_label": "ماشین های اداری", "color": "#194aa4", "icon": "shop.svg" }, "geometry": { "type": "Point", "coordinates": [ 51.6749838, 32.6555722 ] } },
{ "type": "Feature", "properties": { "osm_id": 9858978612, "name": "داروخانه", "amenity": "pharmacy", "shop": null, "tourism": null, "leisure": null, "highway": null, "railway": null, "public_transport": null, "category": "pharmacy_optical", "sub_category": "pharmacy", "category_label": "Pharmacy & Optical", "sub_category_label": "Pharmacy", "color": "#d14a4a", "icon": "pharmacy.svg" }, "geometry": { "type": "Point", "coordinates": [ 51.6725855, 32.6718201 ] } },
{ "type": "Feature", "properties": { "osm_id": 9858978613, "name": "ارزانی", "amenity": null, "shop": "general", "tourism": null, "leisure": null, "highway": null, "railway": null, "public_transport": null, "category": "general_retail", "sub_category": "store", "category_label": "General Retail", "sub_category_label": "Store", "color": "#194aa4", "icon": "shop.svg" }, "geometry": { "type": "Point", "coordinates": [ 51.6716136, 32.6717474 ] } },
{ "type": "Feature", "properties": { "osm_id": 9858978615, "name": "عطاری رضا", "amenity": null, "shop": "herbalist", "tourism": null, "leisure": null, "highway": null, "railway": null, "public_transport": null, "category": "general_retail", "sub_category": "herbalist", "category_label": "General Retail", "sub_category_label": "Herbalist", "color": "#194aa4", "icon": "shop.svg" }, "geometry": { "type": "Point", "coordinates": [ 51.6708457, 32.6713244 ] } },
{ "type": "Feature", "properties": { "osm_id": 9858978616, "name": "کفشدوزک", "amenity": null, "shop": "party", "tourism": null, "leisure": null, "highway": null, "railway": null, "public_transport": null, "category": "general_retail", "sub_category": "party", "category_label": "General Retail", "sub_category_label": "Party", "color": "#194aa4", "icon": "shop.svg" }, "geometry": { "type": "Point", "coordinates": [ 51.6707723, 32.6710103 ] } },
{ "type": "Feature", "properties": { "osm_id": 9858987917, "name": "سوپرمارکت صدف کوثر", "amenity": null, "shop": "convenience", "tourism": null, "leisure": null, "highway": null, "railway": null, "public_transport": null, "category": "food_retail", "sub_category": "convenience_store", "category_label": "Grocery & Food Retail", "sub_category_label": "Convenience Store", "color": "#b4612f", "icon": "grocery.svg" }, "geometry": { "type": "Point", "coordinates": [ 51.6739126, 32.6716739 ] } },
{ "type": "Feature", "properties": { "osm_id": 9858987918, "name": "کیف و کفش مهرگان", "amenity": null, "shop": "shoes", "tourism": null, "leisure": null, "highway": null, "railway": null, "public_transport": null, "category": "fashion", "sub_category": "shoe", "category_label": "Fashion & Clothing", "sub_category_label": "Shoe", "color": "#194aa4", "icon": "clothing-store.svg" }, "geometry": { "type": "Point", "coordinates": [ 51.6712769, 32.6710026 ] } },
{ "type": "Feature", "properties": { "osm_id": 9858987919, "name": "پوشاک بچه گانه شیک و پیک", "amenity": null, "shop": "clothes", "tourism": null, "leisure": null, "highway": null, "railway": null, "public_transport": null, "category": "fashion", "sub_category": "clothes", "category_label": "Fashion & Clothing", "sub_category_label": "Clothes", "color": "#194aa4", "icon": "clothing-store.svg" }, "geometry": { "type": "Point", "coordinates": [ 51.6715398, 32.67167 ] } },
{ "type": "Feature", "properties": { "osm_id": 9858987920, "name": "سایز بزرگ جین کو", "amenity": null, "shop": "clothes", "tourism": null, "leisure": null, "highway": null, "railway": null, "public_transport": null, "category": "fashion", "sub_category": "clothes", "category_label": "Fashion & Clothing", "sub_category_label": "Clothes", "color": "#194aa4", "icon": "clothing-store.svg" }, "geometry": { "type": "Point", "coordinates": [ 51.6707665, 32.6709506 ] } },
{ "type": "Feature", "properties": { "osm_id": 9858987924, "name": "دمپایی و صندل", "amenity": null, "shop": "shoes", "tourism": null, "leisure": null, "highway": null, "railway": null, "public_transport": null, "category": "fashion", "sub_category": "shoe", "category_label": "Fashion & Clothing", "sub_category_label": "Shoe", "color": "#194aa4", "icon": "clothing-store.svg" }, "geometry": { "type": "Point", "coordinates": [ 51.6715592, 32.6716947 ] } },
{ "type": "Feature", "properties": { "osm_id": 9858987925, "name": "کفش ولیعصر", "amenity": null, "shop": "shoes", "tourism": null, "leisure": null, "highway": null, "railway": null, "public_transport": null, "category": "fashion", "sub_category": "shoe", "category_label": "Fashion & Clothing", "sub_category_label": "Shoe", "color": "#194aa4", "icon": "clothing-store.svg" }, "geometry": { "type": "Point", "coordinates": [ 51.6714909, 32.6716463 ] } },
{ "type": "Feature", "properties": { "osm_id": 9858987931, "name": "موبایل آیدا", "amenity": null, "shop": "mobile_phone", "tourism": null, "leisure": null, "highway": null, "railway": null, "public_transport": null, "category": "general_retail", "sub_category": "electronics_store", "category_label": "General Retail", "sub_category_label": "Electronics Store", "color": "#194aa4", "icon": "shop.svg" }, "geometry": { "type": "Point", "coordinates": [ 51.6722252, 32.6718293 ] } },
{ "type": "Feature", "properties": { "osm_id": 9858987933, "name": "گز و شیرینی نوشین", "amenity": null, "shop": "confectionery", "tourism": null, "leisure": null, "highway": null, "railway": null, "public_transport": null, "category": "food_retail", "sub_category": "confectionery", "category_label": "Grocery & Food Retail", "sub_category_label": "Confectionery", "color": "#b4612f", "icon": "grocery.svg" }, "geometry": { "type": "Point", "coordinates": [ 51.671331, 32.6714495 ] } },
{ "type": "Feature", "properties": { "osm_id": 9858987936, "name": "بدلیجات مروارید", "amenity": null, "shop": "general", "tourism": null, "leisure": null, "highway": null, "railway": null, "public_transport": null, "category": "general_retail", "sub_category": "store", "category_label": "General Retail", "sub_category_label": "Store", "color": "#194aa4", "icon": "shop.svg" }, "geometry": { "type": "Point", "coordinates": [ 51.6715842, 32.6717181 ] } },
{ "type": "Feature", "properties": { "osm_id": 9858987939, "name": "فست فود روچیک فود", "amenity": "fast_food", "shop": null, "tourism": null, "leisure": null, "highway": null, "railway": null, "public_transport": null, "category": "food_service", "sub_category": "fast_food", "category_label": "Restaurants & Cafes", "sub_category_label": "Fast Food", "color": "#b4612f", "icon": "restaurant.svg" }, "geometry": { "type": "Point", "coordinates": [ 51.6713143, 32.6713559 ] } },
{ "type": "Feature", "properties": { "osm_id": 9858987940, "name": "تریا آبمیوه بستنی کیمیا", "amenity": "ice_cream", "shop": null, "tourism": null, "leisure": null, "highway": null, "railway": null, "public_transport": null, "category": "food_service", "sub_category": "cafe", "category_label": "Restaurants & Cafes", "sub_category_label": "Cafe", "color": "#b4612f", "icon": "restaurant.svg" }, "geometry": { "type": "Point", "coordinates": [ 51.6714522, 32.6716164 ] } },
{ "type": "Feature", "properties": { "osm_id": 9858987941, "name": "بازسازی ظروف گرانیت و تفلون", "amenity": null, "shop": "houseware", "tourism": null, "leisure": null, "highway": null, "railway": null, "public_transport": null, "category": "general_retail", "sub_category": "houseware", "category_label": "General Retail", "sub_category_label": "Houseware", "color": "#194aa4", "icon": "shop.svg" }, "geometry": { "type": "Point", "coordinates": [ 51.6707944, 32.6711142 ] } },
{ "type": "Feature", "properties": { "osm_id": 9858987942, "name": "کفش بچه گانه", "amenity": null, "shop": "shoes", "tourism": null, "leisure": null, "highway": null, "railway": null, "public_transport": null, "category": "fashion", "sub_category": "shoe", "category_label": "Fashion & Clothing", "sub_category_label": "Shoe", "color": "#194aa4", "icon": "clothing-store.svg" }, "geometry": { "type": "Point", "coordinates": [ 51.6713842, 32.6715398 ] } },
{ "type": "Feature", "properties": { "osm_id": 9858987943, "name": "فروشگاه پوشاک خاتون", "amenity": null, "shop": "clothes", "tourism": null, "leisure": null, "highway": null, "railway": null, "public_transport": null, "category": "fashion", "sub_category": "clothes", "category_label": "Fashion & Clothing", "sub_category_label": "Clothes", "color": "#194aa4", "icon": "clothing-store.svg" }, "geometry": { "type": "Point", "coordinates": [ 51.6712916, 32.6711501 ] } },
{ "type": "Feature", "properties": { "osm_id": 9858987944, "name": "فست فود شیک شام", "amenity": "fast_food", "shop": null, "tourism": null, "leisure": null, "highway": null, "railway": null, "public_transport": null, "category": "food_service", "sub_category": "fast_food", "category_label": "Restaurants & Cafes", "sub_category_label": "Fast Food", "color": "#b4612f", "icon": "restaurant.svg" }, "geometry": { "type": "Point", "coordinates": [ 51.6707549, 32.6708345 ] } },
{ "type": "Feature", "properties": { "osm_id": 9858987946, "name": "سوپر تک", "amenity": null, "shop": "convenience", "tourism": null, "leisure": null, "highway": null, "railway": null, "public_transport": null, "category": "food_retail", "sub_category": "convenience_store", "category_label": "Grocery & Food Retail", "sub_category_label": "Convenience Store", "color": "#b4612f", "icon": "grocery.svg" }, "geometry": { "type": "Point", "coordinates": [ 51.6712971, 32.6712277 ] } },
{ "type": "Feature", "properties": { "osm_id": 9858987947, "name": "آرایشی ژاو", "amenity": null, "shop": "cosmetics", "tourism": null, "leisure": null, "highway": null, "railway": null, "public_transport": null, "category": "beauty_accessories", "sub_category": "cosmetics_store", "category_label": "Beauty & Accessories", "sub_category_label": "Cosmetics Store", "color": "#194aa4", "icon": "shop.svg" }, "geometry": { "type": "Point", "coordinates": [ 51.6714155, 32.6715796 ] } },
{ "type": "Feature", "properties": { "osm_id": 9858987951, "name": "کفش دی", "amenity": null, "shop": "shoes", "tourism": null, "leisure": null, "highway": null, "railway": null, "public_transport": null, "category": "fashion", "sub_category": "shoe", "category_label": "Fashion & Clothing", "sub_category_label": "Shoe", "color": "#194aa4", "icon": "clothing-store.svg" }, "geometry": { "type": "Point", "coordinates": [ 51.6713591, 32.6715062 ] } },
{ "type": "Feature", "properties": { "osm_id": 9858987953, "name": "پارچه یلدا بانو", "amenity": null, "shop": "fabric", "tourism": null, "leisure": null, "highway": null, "railway": null, "public_transport": null, "category": "general_retail", "sub_category": "fabric", "category_label": "General Retail", "sub_category_label": "Fabric", "color": "#194aa4", "icon": "shop.svg" }, "geometry": { "type": "Point", "coordinates": [ 51.6731679, 32.6717701 ] } },
{ "type": "Feature", "properties": { "osm_id": 9858987954, "name": "کفش", "amenity": null, "shop": "shoes", "tourism": null, "leisure": null, "highway": null, "railway": null, "public_transport": null, "category": "fashion", "sub_category": "shoe", "category_label": "Fashion & Clothing", "sub_category_label": "Shoe", "color": "#194aa4", "icon": "clothing-store.svg" }, "geometry": { "type": "Point", "coordinates": [ 51.6712944, 32.6711871 ] } },
{ "type": "Feature", "properties": { "osm_id": 9858987955, "name": "موبایل مسعود", "amenity": null, "shop": "mobile_phone", "tourism": null, "leisure": null, "highway": null, "railway": null, "public_transport": null, "category": "general_retail", "sub_category": "electronics_store", "category_label": "General Retail", "sub_category_label": "Electronics Store", "color": "#194aa4", "icon": "shop.svg" }, "geometry": { "type": "Point", "coordinates": [ 51.6707977, 32.6711822 ] } },
{ "type": "Feature", "properties": { "osm_id": 9858987956, "name": "کیف و کفش سپاهان", "amenity": null, "shop": "shoes", "tourism": null, "leisure": null, "highway": null, "railway": null, "public_transport": null, "category": "fashion", "sub_category": "shoe", "category_label": "Fashion & Clothing", "sub_category_label": "Shoe", "color": "#194aa4", "icon": "clothing-store.svg" }, "geometry": { "type": "Point", "coordinates": [ 51.6712833, 32.671062 ] } },
{ "type": "Feature", "properties": { "osm_id": 9858987957, "name": "لوازم جانبی و موبایل چهل باغ", "amenity": null, "shop": "mobile_phone", "tourism": null, "leisure": null, "highway": null, "railway": null, "public_transport": null, "category": "general_retail", "sub_category": "electronics_store", "category_label": "General Retail", "sub_category_label": "Electronics Store", "color": "#194aa4", "icon": "shop.svg" }, "geometry": { "type": "Point", "coordinates": [ 51.6707464, 32.6707796 ] } },
{ "type": "Feature", "properties": { "osm_id": 9858987961, "name": "پیرایش امید", "amenity": null, "shop": "hairdresser", "tourism": null, "leisure": null, "highway": null, "railway": null, "public_transport": null, "category": "professional_service", "sub_category": "barber", "category_label": "Professional Services", "sub_category_label": "Barber", "color": "#506aa0", "icon": "building.svg" }, "geometry": { "type": "Point", "coordinates": [ 51.6708262, 32.6711814 ] } },
{ "type": "Feature", "properties": { "osm_id": 9858987962, "name": "پوشاک سایز بزرگ بیگ من", "amenity": null, "shop": "clothes", "tourism": null, "leisure": null, "highway": null, "railway": null, "public_transport": null, "category": "fashion", "sub_category": "clothes", "category_label": "Fashion & Clothing", "sub_category_label": "Clothes", "color": "#194aa4", "icon": "clothing-store.svg" }, "geometry": { "type": "Point", "coordinates": [ 51.6707617, 32.6709094 ] } },
{ "type": "Feature", "properties": { "osm_id": 9858987964, "name": "فست فود میم", "amenity": "fast_food", "shop": null, "tourism": null, "leisure": null, "highway": null, "railway": null, "public_transport": null, "category": "food_service", "sub_category": "fast_food", "category_label": "Restaurants & Cafes", "sub_category_label": "Fast Food", "color": "#b4612f", "icon": "restaurant.svg" }, "geometry": { "type": "Point", "coordinates": [ 51.6708337, 32.6712646 ] } },
{ "type": "Feature", "properties": { "osm_id": 9858987965, "name": null, "amenity": "atm", "shop": null, "tourism": null, "leisure": null, "highway": null, "railway": null, "public_transport": null, "category": "finance", "sub_category": "atm", "category_label": "Banking & Finance", "sub_category_label": "Atm", "color": "#4e497c", "icon": "bank.svg" }, "geometry": { "type": "Point", "coordinates": [ 51.6724901, 32.6720251 ] } },
{ "type": "Feature", "properties": { "osm_id": 9858987966, "name": "کفش خاقان", "amenity": null, "shop": "shoes", "tourism": null, "leisure": null, "highway": null, "railway": null, "public_transport": null, "category": "fashion", "sub_category": "shoe", "category_label": "Fashion & Clothing", "sub_category_label": "Shoe", "color": "#194aa4", "icon": "clothing-store.svg" }, "geometry": { "type": "Point", "coordinates": [ 51.6712907, 32.6711154 ] } },
{ "type": "Feature", "properties": { "osm_id": 9876380932, "name": "هتل طلوع خورشید", "amenity": null, "shop": null, "tourism": "hotel", "leisure": null, "highway": null, "railway": null, "public_transport": null, "category": "accommodation", "sub_category": "hotel", "category_label": "Accommodation", "sub_category_label": "Hotel", "color": "#78523e", "icon": "lodging.svg" }, "geometry": { "type": "Point", "coordinates": [ 51.6840193, 32.6731713 ] } },
{ "type": "Feature", "properties": { "osm_id": 9880378436, "name": "پیتزا همبرگر مطبخ", "amenity": "fast_food", "shop": null, "tourism": null, "leisure": null, "highway": null, "railway": null, "public_transport": null, "category": "food_service", "sub_category": "fast_food", "category_label": "Restaurants & Cafes", "sub_category_label": "Fast Food", "color": "#b4612f", "icon": "restaurant.svg" }, "geometry": { "type": "Point", "coordinates": [ 51.6697976, 32.6599989 ] } },
{ "type": "Feature", "properties": { "osm_id": 9880378437, "name": "فرا رباتیک", "amenity": null, "shop": "electronics", "tourism": null, "leisure": null, "highway": null, "railway": null, "public_transport": null, "category": "general_retail", "sub_category": "electronics_store", "category_label": "General Retail", "sub_category_label": "Electronics Store", "color": "#194aa4", "icon": "shop.svg" }, "geometry": { "type": "Point", "coordinates": [ 51.6697909, 32.6599155 ] } },
{ "type": "Feature", "properties": { "osm_id": 9880378438, "name": "آموزشگاه علمی کاربردی انصار المهدی (نیروی انتظامی)", "amenity": null, "shop": null, "tourism": null, "leisure": null, "highway": null, "railway": null, "public_transport": null, "category": "other", "sub_category": "general", "category_label": "Other", "sub_category_label": "General", "color": "#999", "icon": "marker.svg" }, "geometry": { "type": "Point", "coordinates": [ 51.6699972, 32.6616397 ] } },
{ "type": "Feature", "properties": { "osm_id": 9880378439, "name": "لوازم ورزشی", "amenity": null, "shop": "sports", "tourism": null, "leisure": null, "highway": null, "railway": null, "public_transport": null, "category": "general_retail", "sub_category": "sporting_store", "category_label": "General Retail", "sub_category_label": "Sporting Store", "color": "#194aa4", "icon": "shop.svg" }, "geometry": { "type": "Point", "coordinates": [ 51.6701413, 32.6626791 ] } },
{ "type": "Feature", "properties": { "osm_id": 9880378441, "name": "رنگ توفیق", "amenity": null, "shop": "paint", "tourism": null, "leisure": null, "highway": null, "railway": null, "public_transport": null, "category": "general_retail", "sub_category": "paint", "category_label": "General Retail", "sub_category_label": "Paint", "color": "#194aa4", "icon": "shop.svg" }, "geometry": { "type": "Point", "coordinates": [ 51.6699613, 32.6614416 ] } },
{ "type": "Feature", "properties": { "osm_id": 9880378442, "name": "سیتی برگر", "amenity": "fast_food", "shop": null, "tourism": null, "leisure": null, "highway": null, "railway": null, "public_transport": null, "category": "food_service", "sub_category": "fast_food", "category_label": "Restaurants & Cafes", "sub_category_label": "Fast Food", "color": "#b4612f", "icon": "restaurant.svg" }, "geometry": { "type": "Point", "coordinates": [ 51.6699134, 32.6610281 ] } },
{ "type": "Feature", "properties": { "osm_id": 9880378443, "name": "مرکز پخش شریف", "amenity": null, "shop": "computer", "tourism": null, "leisure": null, "highway": null, "railway": null, "public_transport": null, "category": "general_retail", "sub_category": "electronics_store", "category_label": "General Retail", "sub_category_label": "Electronics Store", "color": "#194aa4", "icon": "shop.svg" }, "geometry": { "type": "Point", "coordinates": [ 51.6698091, 32.6600879 ] } },
{ "type": "Feature", "properties": { "osm_id": 9880378444, "name": "لیفان شاهین", "amenity": null, "shop": "car_parts", "tourism": null, "leisure": null, "highway": null, "railway": null, "public_transport": null, "category": "automotive", "sub_category": "car_related_store", "category_label": "Automotive Services", "sub_category_label": "Car Related Store", "color": "#2ecc71", "icon": "car-repair.svg" }, "geometry": { "type": "Point", "coordinates": [ 51.6699534, 32.6613677 ] } },
{ "type": "Feature", "properties": { "osm_id": 9880378445, "name": "لوازم و لباس ورزشی هتریک", "amenity": null, "shop": "sports", "tourism": null, "leisure": null, "highway": null, "railway": null, "public_transport": null, "category": "general_retail", "sub_category": "sporting_store", "category_label": "General Retail", "sub_category_label": "Sporting Store", "color": "#194aa4", "icon": "shop.svg" }, "geometry": { "type": "Point", "coordinates": [ 51.6700357, 32.6620438 ] } },
{ "type": "Feature", "properties": { "osm_id": 9880378446, "name": null, "amenity": "bench", "shop": null, "tourism": null, "leisure": null, "highway": null, "railway": null, "public_transport": null, "category": "other", "sub_category": "bench", "category_label": "Other", "sub_category_label": "Bench", "color": "#999", "icon": "marker.svg" }, "geometry": { "type": "Point", "coordinates": [ 51.670097, 32.6636893 ] } },
{ "type": "Feature", "properties": { "osm_id": 9880378447, "name": "کتاب فروشی نوبهار", "amenity": null, "shop": "books", "tourism": null, "leisure": null, "highway": null, "railway": null, "public_transport": null, "category": "general_retail", "sub_category": "book_store", "category_label": "General Retail", "sub_category_label": "Book Store", "color": "#194aa4", "icon": "shop.svg" }, "geometry": { "type": "Point", "coordinates": [ 51.6700878, 32.6623921 ] } },
{ "type": "Feature", "properties": { "osm_id": 9880378448, "name": "موبایل آرسون-سفیر نوين", "amenity": null, "shop": "mobile_phone", "tourism": null, "leisure": null, "highway": null, "railway": null, "public_transport": null, "category": "general_retail", "sub_category": "electronics_store", "category_label": "General Retail", "sub_category_label": "Electronics Store", "color": "#194aa4", "icon": "shop.svg" }, "geometry": { "type": "Point", "coordinates": [ 51.6697027, 32.6594325 ] } },
{ "type": "Feature", "properties": { "osm_id": 9880378449, "name": "دفتر فنی مهندسی نگارین", "amenity": null, "shop": "copyshop", "tourism": null, "leisure": null, "highway": null, "railway": null, "public_transport": null, "category": "general_retail", "sub_category": "copyshop", "category_label": "General Retail", "sub_category_label": "Copyshop", "color": "#194aa4", "icon": "shop.svg" }, "geometry": { "type": "Point", "coordinates": [ 51.6697751, 32.6597497 ] } },
{ "type": "Feature", "properties": { "osm_id": 9880378451, "name": "فینال اسپرت", "amenity": null, "shop": "sports", "tourism": null, "leisure": null, "highway": null, "railway": null, "public_transport": null, "category": "general_retail", "sub_category": "sporting_store", "category_label": "General Retail", "sub_category_label": "Sporting Store", "color": "#194aa4", "icon": "shop.svg" }, "geometry": { "type": "Point", "coordinates": [ 51.6700826, 32.6623207 ] } },
{ "type": "Feature", "properties": { "osm_id": 9880378452, "name": "گز اسماعیلی", "amenity": null, "shop": "confectionery", "tourism": null, "leisure": null, "highway": null, "railway": null, "public_transport": null, "category": "food_retail", "sub_category": "confectionery", "category_label": "Grocery & Food Retail", "sub_category_label": "Confectionery", "color": "#b4612f", "icon": "grocery.svg" }, "geometry": { "type": "Point", "coordinates": [ 51.6698106, 32.6601263 ] } },
{ "type": "Feature", "properties": { "osm_id": 9880378453, "name": "تجهیزات کوهنوردی کاراکال", "amenity": null, "shop": "sports", "tourism": null, "leisure": null, "highway": null, "railway": null, "public_transport": null, "category": "general_retail", "sub_category": "sporting_store", "category_label": "General Retail", "sub_category_label": "Sporting Store", "color": "#194aa4", "icon": "shop.svg" }, "geometry": { "type": "Point", "coordinates": [ 51.6697817, 32.6598052 ] } },
{ "type": "Feature", "properties": { "osm_id": 9880378454, "name": "جان فست‌فود", "amenity": "fast_food", "shop": null, "tourism": null, "leisure": null, "highway": null, "railway": null, "public_transport": null, "category": "food_service", "sub_category": "fast_food", "category_label": "Restaurants & Cafes", "sub_category_label": "Fast Food", "color": "#b4612f", "icon": "restaurant.svg" }, "geometry": { "type": "Point", "coordinates": [ 51.6698589, 32.6593763 ] } },
{ "type": "Feature", "properties": { "osm_id": 9880378455, "name": "آگهی و تبلیغات ایران تبلیغ", "amenity": null, "shop": null, "tourism": null, "leisure": null, "highway": null, "railway": null, "public_transport": null, "category": "other", "sub_category": "general", "category_label": "Other", "sub_category_label": "General", "color": "#999", "icon": "marker.svg" }, "geometry": { "type": "Point", "coordinates": [ 51.669909, 32.6609152 ] } },
{ "type": "Feature", "properties": { "osm_id": 9880378456, "name": "یخچال آب سردکن پاژنگ", "amenity": null, "shop": "appliance", "tourism": null, "leisure": null, "highway": null, "railway": null, "public_transport": null, "category": "general_retail", "sub_category": "appliance", "category_label": "General Retail", "sub_category_label": "Appliance", "color": "#194aa4", "icon": "shop.svg" }, "geometry": { "type": "Point", "coordinates": [ 51.6697715, 32.6596892 ] } },
{ "type": "Feature", "properties": { "osm_id": 9880378458, "name": "کتاب سرای حکمت", "amenity": null, "shop": "books", "tourism": null, "leisure": null, "highway": null, "railway": null, "public_transport": null, "category": "general_retail", "sub_category": "book_store", "category_label": "General Retail", "sub_category_label": "Book Store", "color": "#194aa4", "icon": "shop.svg" }, "geometry": { "type": "Point", "coordinates": [ 51.6701565, 32.6628257 ] } },
{ "type": "Feature", "properties": { "osm_id": 9880378459, "name": "آرایشگاه", "amenity": null, "shop": "hairdresser", "tourism": null, "leisure": null, "highway": null, "railway": null, "public_transport": null, "category": "professional_service", "sub_category": "barber", "category_label": "Professional Services", "sub_category_label": "Barber", "color": "#506aa0", "icon": "building.svg" }, "geometry": { "type": "Point", "coordinates": [ 51.6697736, 32.6597178 ] } },
{ "type": "Feature", "properties": { "osm_id": 9880378460, "name": "پیرایش قصر طلائی", "amenity": null, "shop": "hairdresser", "tourism": null, "leisure": null, "highway": null, "railway": null, "public_transport": null, "category": "professional_service", "sub_category": "barber", "category_label": "Professional Services", "sub_category_label": "Barber", "color": "#506aa0", "icon": "building.svg" }, "geometry": { "type": "Point", "coordinates": [ 51.6699822, 32.6615806 ] } },
{ "type": "Feature", "properties": { "osm_id": 9880378461, "name": "انتشارات مهر قائم", "amenity": null, "shop": "books", "tourism": null, "leisure": null, "highway": null, "railway": null, "public_transport": null, "category": "general_retail", "sub_category": "book_store", "category_label": "General Retail", "sub_category_label": "Book Store", "color": "#194aa4", "icon": "shop.svg" }, "geometry": { "type": "Point", "coordinates": [ 51.6697928, 32.6599425 ] } },
{ "type": "Feature", "properties": { "osm_id": 9880378463, "name": null, "amenity": "drinking_water", "shop": null, "tourism": null, "leisure": null, "highway": null, "railway": null, "public_transport": null, "category": "public_service", "sub_category": "drinking_water", "category_label": "Public Services", "sub_category_label": "Drinking Water", "color": "#506aa0", "icon": "post.svg" }, "geometry": { "type": "Point", "coordinates": [ 51.6697603, 32.6598828 ] } },
{ "type": "Feature", "properties": { "osm_id": 9880378464, "name": null, "amenity": "drinking_water", "shop": null, "tourism": null, "leisure": null, "highway": null, "railway": null, "public_transport": null, "category": "public_service", "sub_category": "drinking_water", "category_label": "Public Services", "sub_category_label": "Drinking Water", "color": "#506aa0", "icon": "post.svg" }, "geometry": { "type": "Point", "coordinates": [ 51.6696451, 32.6591068 ] } },
{ "type": "Feature", "properties": { "osm_id": 9880378466, "name": "ورزشی آریا", "amenity": null, "shop": "sports", "tourism": null, "leisure": null, "highway": null, "railway": null, "public_transport": null, "category": "general_retail", "sub_category": "sporting_store", "category_label": "General Retail", "sub_category_label": "Sporting Store", "color": "#194aa4", "icon": "shop.svg" }, "geometry": { "type": "Point", "coordinates": [ 51.6697873, 32.659888 ] } },
{ "type": "Feature", "properties": { "osm_id": 9880378468, "name": "سوپر نوروزی", "amenity": null, "shop": "convenience", "tourism": null, "leisure": null, "highway": null, "railway": null, "public_transport": null, "category": "food_retail", "sub_category": "convenience_store", "category_label": "Grocery & Food Retail", "sub_category_label": "Convenience Store", "color": "#b4612f", "icon": "grocery.svg" }, "geometry": { "type": "Point", "coordinates": [ 51.6698939, 32.6608092 ] } },
{ "type": "Feature", "properties": { "osm_id": 9880378469, "name": "خشکبار فرد", "amenity": null, "shop": "nuts", "tourism": null, "leisure": null, "highway": null, "railway": null, "public_transport": null, "category": "food_retail", "sub_category": "nuts_store", "category_label": "Grocery & Food Retail", "sub_category_label": "Nuts Store", "color": "#b4612f", "icon": "grocery.svg" }, "geometry": { "type": "Point", "coordinates": [ 51.6698141, 32.6601717 ] } },
{ "type": "Feature", "properties": { "osm_id": 9880378470, "name": "فروشگاه ستاره ورزش", "amenity": null, "shop": "sports", "tourism": null, "leisure": null, "highway": null, "railway": null, "public_transport": null, "category": "general_retail", "sub_category": "sporting_store", "category_label": "General Retail", "sub_category_label": "Sporting Store", "color": "#194aa4", "icon": "shop.svg" }, "geometry": { "type": "Point", "coordinates": [ 51.6699988, 32.6617861 ] } },
{ "type": "Feature", "properties": { "osm_id": 9880378471, "name": "کفش و پوشاک اسپرت کاپ", "amenity": null, "shop": "clothes", "tourism": null, "leisure": null, "highway": null, "railway": null, "public_transport": null, "category": "fashion", "sub_category": "clothes", "category_label": "Fashion & Clothing", "sub_category_label": "Clothes", "color": "#194aa4", "icon": "clothing-store.svg" }, "geometry": { "type": "Point", "coordinates": [ 51.6700386, 32.662097 ] } },
{ "type": "Feature", "properties": { "osm_id": 9880378472, "name": "آنتیک مبل دیانی", "amenity": null, "shop": "furniture", "tourism": null, "leisure": null, "highway": null, "railway": null, "public_transport": null, "category": "home_goods", "sub_category": "furniture", "category_label": "Home & Furniture", "sub_category_label": "Furniture", "color": "#194aa4", "icon": "furniture.svg" }, "geometry": { "type": "Point", "coordinates": [ 51.6698419, 32.66038 ] } },
{ "type": "Feature", "properties": { "osm_id": 9880378473, "name": "پیرایش", "amenity": null, "shop": "hairdresser", "tourism": null, "leisure": null, "highway": null, "railway": null, "public_transport": null, "category": "professional_service", "sub_category": "barber", "category_label": "Professional Services", "sub_category_label": "Barber", "color": "#506aa0", "icon": "building.svg" }, "geometry": { "type": "Point", "coordinates": [ 51.6699113, 32.6609762 ] } },
{ "type": "Feature", "properties": { "osm_id": 9880378474, "name": "لوام تحریر و سالنامه ایران زمین", "amenity": null, "shop": "stationery", "tourism": null, "leisure": null, "highway": null, "railway": null, "public_transport": null, "category": "general_retail", "sub_category": "stationery", "category_label": "General Retail", "sub_category_label": "Stationery", "color": "#194aa4", "icon": "shop.svg" }, "geometry": { "type": "Point", "coordinates": [ 51.6699509, 32.6612942 ] } },
{ "type": "Feature", "properties": { "osm_id": 9880378475, "name": "آجر مجوف اصفهان", "amenity": null, "shop": "trade", "tourism": null, "leisure": null, "highway": null, "railway": null, "public_transport": null, "category": "general_retail", "sub_category": "trade", "category_label": "General Retail", "sub_category_label": "Trade", "color": "#194aa4", "icon": "shop.svg" }, "geometry": { "type": "Point", "coordinates": [ 51.6697847, 32.6598591 ] } },
{ "type": "Feature", "properties": { "osm_id": 9880378477, "name": null, "amenity": "drinking_water", "shop": null, "tourism": null, "leisure": null, "highway": null, "railway": null, "public_transport": null, "category": "public_service", "sub_category": "drinking_water", "category_label": "Public Services", "sub_category_label": "Drinking Water", "color": "#506aa0", "icon": "post.svg" }, "geometry": { "type": "Point", "coordinates": [ 51.6698816, 32.660918 ] } },
{ "type": "Feature", "properties": { "osm_id": 9880378478, "name": "شاهین ورزش", "amenity": null, "shop": "sports", "tourism": null, "leisure": null, "highway": null, "railway": null, "public_transport": null, "category": "general_retail", "sub_category": "sporting_store", "category_label": "General Retail", "sub_category_label": "Sporting Store", "color": "#194aa4", "icon": "shop.svg" }, "geometry": { "type": "Point", "coordinates": [ 51.6701066, 32.6625267 ] } },
{ "type": "Feature", "properties": { "osm_id": 9880378479, "name": "بانک تجارت", "amenity": "bank", "shop": null, "tourism": null, "leisure": null, "highway": null, "railway": null, "public_transport": null, "category": "finance", "sub_category": "bank", "category_label": "Banking & Finance", "sub_category_label": "Bank", "color": "#4e497c", "icon": "bank.svg" }, "geometry": { "type": "Point", "coordinates": [ 51.6696334, 32.6588794 ] } },
{ "type": "Feature", "properties": { "osm_id": 9880378480, "name": "گز کرمانی", "amenity": null, "shop": "confectionery", "tourism": null, "leisure": null, "highway": null, "railway": null, "public_transport": null, "category": "food_retail", "sub_category": "confectionery", "category_label": "Grocery & Food Retail", "sub_category_label": "Confectionery", "color": "#b4612f", "icon": "grocery.svg" }, "geometry": { "type": "Point", "coordinates": [ 51.6698176, 32.660209 ] } },
{ "type": "Feature", "properties": { "osm_id": 9880378483, "name": "گز انگبینی اشکان", "amenity": null, "shop": "confectionery", "tourism": null, "leisure": null, "highway": null, "railway": null, "public_transport": null, "category": "food_retail", "sub_category": "confectionery", "category_label": "Grocery & Food Retail", "sub_category_label": "Confectionery", "color": "#b4612f", "icon": "grocery.svg" }, "geometry": { "type": "Point", "coordinates": [ 51.6698887, 32.6606668 ] } },
{ "type": "Feature", "properties": { "osm_id": 9880378484, "name": "گز کرمانی", "amenity": null, "shop": "confectionery", "tourism": null, "leisure": null, "highway": null, "railway": null, "public_transport": null, "category": "food_retail", "sub_category": "confectionery", "category_label": "Grocery & Food Retail", "sub_category_label": "Confectionery", "color": "#b4612f", "icon": "grocery.svg" }, "geometry": { "type": "Point", "coordinates": [ 51.6696943, 32.6593115 ] } },
{ "type": "Feature", "properties": { "osm_id": 9880378485, "name": "گز شاهکار", "amenity": null, "shop": "confectionery", "tourism": null, "leisure": null, "highway": null, "railway": null, "public_transport": null, "category": "food_retail", "sub_category": "confectionery", "category_label": "Grocery & Food Retail", "sub_category_label": "Confectionery", "color": "#b4612f", "icon": "grocery.svg" }, "geometry": { "type": "Point", "coordinates": [ 51.6697457, 32.659534 ] } },
{ "type": "Feature", "properties": { "osm_id": 9880378486, "name": "اتحادیه اصناف اصفهان", "amenity": null, "shop": null, "tourism": null, "leisure": null, "highway": null, "railway": null, "public_transport": null, "category": "other", "sub_category": "general", "category_label": "Other", "sub_category_label": "General", "color": "#999", "icon": "marker.svg" }, "geometry": { "type": "Point", "coordinates": [ 51.669976, 32.6614862 ] } },
{ "type": "Feature", "properties": { "osm_id": 9880378487, "name": "کتاب خانه مهدویت حضرت ولی عصر", "amenity": null, "shop": "books", "tourism": null, "leisure": null, "highway": null, "railway": null, "public_transport": null, "category": "general_retail", "sub_category": "book_store", "category_label": "General Retail", "sub_category_label": "Book Store", "color": "#194aa4", "icon": "shop.svg" }, "geometry": { "type": "Point", "coordinates": [ 51.6699097, 32.660947 ] } },
{ "type": "Feature", "properties": { "osm_id": 9880378488, "name": "گز جعفری", "amenity": null, "shop": "confectionery", "tourism": null, "leisure": null, "highway": null, "railway": null, "public_transport": null, "category": "food_retail", "sub_category": "confectionery", "category_label": "Grocery & Food Retail", "sub_category_label": "Confectionery", "color": "#b4612f", "icon": "grocery.svg" }, "geometry": { "type": "Point", "coordinates": [ 51.6699968, 32.6617566 ] } },
{ "type": "Feature", "properties": { "osm_id": 9880378489, "name": "باتیس شاپ کمپینگ و کوهنوردی", "amenity": null, "shop": "sports", "tourism": null, "leisure": null, "highway": null, "railway": null, "public_transport": null, "category": "general_retail", "sub_category": "sporting_store", "category_label": "General Retail", "sub_category_label": "Sporting Store", "color": "#194aa4", "icon": "shop.svg" }, "geometry": { "type": "Point", "coordinates": [ 51.6699148, 32.6610553 ] } },
{ "type": "Feature", "properties": { "osm_id": 9880378492, "name": null, "amenity": "bench", "shop": null, "tourism": null, "leisure": null, "highway": null, "railway": null, "public_transport": null, "category": "other", "sub_category": "bench", "category_label": "Other", "sub_category_label": "Bench", "color": "#999", "icon": "marker.svg" }, "geometry": { "type": "Point", "coordinates": [ 51.6700722, 32.663433 ] } },
{ "type": "Feature", "properties": { "osm_id": 9880378493, "name": "پوشاک حاجیان", "amenity": null, "shop": "clothes", "tourism": null, "leisure": null, "highway": null, "railway": null, "public_transport": null, "category": "fashion", "sub_category": "clothes", "category_label": "Fashion & Clothing", "sub_category_label": "Clothes", "color": "#194aa4", "icon": "clothing-store.svg" }, "geometry": { "type": "Point", "coordinates": [ 51.669687, 32.6592635 ] } },
{ "type": "Feature", "properties": { "osm_id": 9880378494, "name": "لیون اسپورت", "amenity": null, "shop": "clothes", "tourism": null, "leisure": null, "highway": null, "railway": null, "public_transport": null, "category": "fashion", "sub_category": "clothes", "category_label": "Fashion & Clothing", "sub_category_label": "Clothes", "color": "#194aa4", "icon": "clothing-store.svg" }, "geometry": { "type": "Point", "coordinates": [ 51.6699961, 32.661719 ] } },
{ "type": "Feature", "properties": { "osm_id": 9880378495, "name": "خشکبار عدالت", "amenity": null, "shop": "nuts", "tourism": null, "leisure": null, "highway": null, "railway": null, "public_transport": null, "category": "food_retail", "sub_category": "nuts_store", "category_label": "Grocery & Food Retail", "sub_category_label": "Nuts Store", "color": "#b4612f", "icon": "grocery.svg" }, "geometry": { "type": "Point", "coordinates": [ 51.6699527, 32.6613319 ] } },
{ "type": "Feature", "properties": { "osm_id": 9880378496, "name": "نانوایی سنگک", "amenity": null, "shop": "bakery", "tourism": null, "leisure": null, "highway": null, "railway": null, "public_transport": null, "category": "food_retail", "sub_category": "bakery", "category_label": "Grocery & Food Retail", "sub_category_label": "Bakery", "color": "#b4612f", "icon": "grocery.svg" }, "geometry": { "type": "Point", "coordinates": [ 51.6696969, 32.6593488 ] } },
{ "type": "Feature", "properties": { "osm_id": 9880378497, "name": "دنیای زمان", "amenity": null, "shop": "watches", "tourism": null, "leisure": null, "highway": null, "railway": null, "public_transport": null, "category": "general_retail", "sub_category": "watches", "category_label": "General Retail", "sub_category_label": "Watches", "color": "#194aa4", "icon": "shop.svg" }, "geometry": { "type": "Point", "coordinates": [ 51.6699932, 32.6616879 ] } },
{ "type": "Feature", "properties": { "osm_id": 9880378498, "name": "سیمرغ", "amenity": null, "shop": "convenience", "tourism": null, "leisure": null, "highway": null, "railway": null, "public_transport": null, "category": "food_retail", "sub_category": "convenience_store", "category_label": "Grocery & Food Retail", "sub_category_label": "Convenience Store", "color": "#b4612f", "icon": "grocery.svg" }, "geometry": { "type": "Point", "coordinates": [ 51.6699758, 32.6615282 ] } },
{ "type": "Feature", "properties": { "osm_id": 9880378499, "name": "بصیر رایان", "amenity": null, "shop": null, "tourism": null, "leisure": null, "highway": null, "railway": null, "public_transport": null, "category": "other", "sub_category": "general", "category_label": "Other", "sub_category_label": "General", "color": "#999", "icon": "marker.svg" }, "geometry": { "type": "Point", "coordinates": [ 51.6701539, 32.6627539 ] } },
{ "type": "Feature", "properties": { "osm_id": 9880378500, "name": "خشک شویی شکوفه", "amenity": null, "shop": "dry_cleaning", "tourism": null, "leisure": null, "highway": null, "railway": null, "public_transport": null, "category": "professional_service", "sub_category": "laundry", "category_label": "Professional Services", "sub_category_label": "Laundry", "color": "#506aa0", "icon": "building.svg" }, "geometry": { "type": "Point", "coordinates": [ 51.6699132, 32.6610036 ] } },
{ "type": "Feature", "properties": { "osm_id": 9880378501, "name": "گز احمدی و پسران", "amenity": null, "shop": "confectionery", "tourism": null, "leisure": null, "highway": null, "railway": null, "public_transport": null, "category": "food_retail", "sub_category": "confectionery", "category_label": "Grocery & Food Retail", "sub_category_label": "Confectionery", "color": "#b4612f", "icon": "grocery.svg" }, "geometry": { "type": "Point", "coordinates": [ 51.6696712, 32.6591858 ] } },
{ "type": "Feature", "properties": { "osm_id": 9880378503, "name": "الکترونیک نور امید", "amenity": null, "shop": "electronics", "tourism": null, "leisure": null, "highway": null, "railway": null, "public_transport": null, "category": "general_retail", "sub_category": "electronics_store", "category_label": "General Retail", "sub_category_label": "Electronics Store", "color": "#194aa4", "icon": "shop.svg" }, "geometry": { "type": "Point", "coordinates": [ 51.670081, 32.6622931 ] } },
{ "type": "Feature", "properties": { "osm_id": 9891760462, "name": "فروشگاه ایمن رزم", "amenity": null, "shop": "clothes", "tourism": null, "leisure": null, "highway": null, "railway": null, "public_transport": null, "category": "fashion", "sub_category": "clothes", "category_label": "Fashion & Clothing", "sub_category_label": "Clothes", "color": "#194aa4", "icon": "clothing-store.svg" }, "geometry": { "type": "Point", "coordinates": [ 51.6660329, 32.6575988 ] } },
{ "type": "Feature", "properties": { "osm_id": 9891760463, "name": "مرکز فنی تخصصی لوازم خانگی احسان", "amenity": null, "shop": "appliance", "tourism": null, "leisure": null, "highway": null, "railway": null, "public_transport": null, "category": "general_retail", "sub_category": "appliance", "category_label": "General Retail", "sub_category_label": "Appliance", "color": "#194aa4", "icon": "shop.svg" }, "geometry": { "type": "Point", "coordinates": [ 51.6660308, 32.6574973 ] } },
{ "type": "Feature", "properties": { "osm_id": 9891760465, "name": "غزل بوتیک", "amenity": null, "shop": "clothes", "tourism": null, "leisure": null, "highway": null, "railway": null, "public_transport": null, "category": "fashion", "sub_category": "clothes", "category_label": "Fashion & Clothing", "sub_category_label": "Clothes", "color": "#194aa4", "icon": "clothing-store.svg" }, "geometry": { "type": "Point", "coordinates": [ 51.6676801, 32.6573993 ] } },
{ "type": "Feature", "properties": { "osm_id": 9891760466, "name": "سوپری", "amenity": null, "shop": "convenience", "tourism": null, "leisure": null, "highway": null, "railway": null, "public_transport": null, "category": "food_retail", "sub_category": "convenience_store", "category_label": "Grocery & Food Retail", "sub_category_label": "Convenience Store", "color": "#b4612f", "icon": "grocery.svg" }, "geometry": { "type": "Point", "coordinates": [ 51.6662816, 32.6574013 ] } },
{ "type": "Feature", "properties": { "osm_id": 9891760467, "name": "پارچه سرای وفا", "amenity": null, "shop": "fabric", "tourism": null, "leisure": null, "highway": null, "railway": null, "public_transport": null, "category": "general_retail", "sub_category": "fabric", "category_label": "General Retail", "sub_category_label": "Fabric", "color": "#194aa4", "icon": "shop.svg" }, "geometry": { "type": "Point", "coordinates": [ 51.6660807, 32.6574924 ] } },
{ "type": "Feature", "properties": { "osm_id": 9891760468, "name": "فروشگاه گالری موبایل ارگ جهان نما", "amenity": null, "shop": "mobile_phone", "tourism": null, "leisure": null, "highway": null, "railway": null, "public_transport": null, "category": "general_retail", "sub_category": "electronics_store", "category_label": "General Retail", "sub_category_label": "Electronics Store", "color": "#194aa4", "icon": "shop.svg" }, "geometry": { "type": "Point", "coordinates": [ 51.6666736, 32.657864 ] } },
{ "type": "Feature", "properties": { "osm_id": 9891760469, "name": "الغدیر", "amenity": null, "shop": "clothes", "tourism": null, "leisure": null, "highway": null, "railway": null, "public_transport": null, "category": "fashion", "sub_category": "clothes", "category_label": "Fashion & Clothing", "sub_category_label": "Clothes", "color": "#194aa4", "icon": "clothing-store.svg" }, "geometry": { "type": "Point", "coordinates": [ 51.6681467, 32.6573705 ] } },
{ "type": "Feature", "properties": { "osm_id": 9891760470, "name": "نمایندگی کاچیران ژانومه", "amenity": null, "shop": "appliance", "tourism": null, "leisure": null, "highway": null, "railway": null, "public_transport": null, "category": "general_retail", "sub_category": "appliance", "category_label": "General Retail", "sub_category_label": "Appliance", "color": "#194aa4", "icon": "shop.svg" }, "geometry": { "type": "Point", "coordinates": [ 51.6672469, 32.6576645 ] } },
{ "type": "Feature", "properties": { "osm_id": 9891760473, "name": "ساعت آرام", "amenity": null, "shop": "watches", "tourism": null, "leisure": null, "highway": null, "railway": null, "public_transport": null, "category": "general_retail", "sub_category": "watches", "category_label": "General Retail", "sub_category_label": "Watches", "color": "#194aa4", "icon": "shop.svg" }, "geometry": { "type": "Point", "coordinates": [ 51.6677265, 32.6573961 ] } },
{ "type": "Feature", "properties": { "osm_id": 9891760474, "name": "لوازم فلزی", "amenity": null, "shop": "houseware", "tourism": null, "leisure": null, "highway": null, "railway": null, "public_transport": null, "category": "general_retail", "sub_category": "houseware", "category_label": "General Retail", "sub_category_label": "Houseware", "color": "#194aa4", "icon": "shop.svg" }, "geometry": { "type": "Point", "coordinates": [ 51.6675561, 32.6576265 ] } },
{ "type": "Feature", "properties": { "osm_id": 9891760475, "name": "سوپری", "amenity": null, "shop": "convenience", "tourism": null, "leisure": null, "highway": null, "railway": null, "public_transport": null, "category": "food_retail", "sub_category": "convenience_store", "category_label": "Grocery & Food Retail", "sub_category_label": "Convenience Store", "color": "#b4612f", "icon": "grocery.svg" }, "geometry": { "type": "Point", "coordinates": [ 51.6661719, 32.6578689 ] } },
{ "type": "Feature", "properties": { "osm_id": 9891760476, "name": "چشم ایران", "amenity": null, "shop": "clothes", "tourism": null, "leisure": null, "highway": null, "railway": null, "public_transport": null, "category": "fashion", "sub_category": "clothes", "category_label": "Fashion & Clothing", "sub_category_label": "Clothes", "color": "#194aa4", "icon": "clothing-store.svg" }, "geometry": { "type": "Point", "coordinates": [ 51.6680464, 32.6573752 ] } },
{ "type": "Feature", "properties": { "osm_id": 9891760477, "name": "پوشاک زنانه برلن", "amenity": null, "shop": "clothes", "tourism": null, "leisure": null, "highway": null, "railway": null, "public_transport": null, "category": "fashion", "sub_category": "clothes", "category_label": "Fashion & Clothing", "sub_category_label": "Clothes", "color": "#194aa4", "icon": "clothing-store.svg" }, "geometry": { "type": "Point", "coordinates": [ 51.6676263, 32.6574002 ] } },
{ "type": "Feature", "properties": { "osm_id": 9891760478, "name": "کادویی سازش", "amenity": null, "shop": "gift", "tourism": null, "leisure": null, "highway": null, "railway": null, "public_transport": null, "category": "general_retail", "sub_category": "store", "category_label": "General Retail", "sub_category_label": "Store", "color": "#194aa4", "icon": "shop.svg" }, "geometry": { "type": "Point", "coordinates": [ 51.667941, 32.6573766 ] } },
{ "type": "Feature", "properties": { "osm_id": 9891760479, "name": null, "amenity": null, "shop": null, "tourism": null, "leisure": null, "highway": "elevator", "railway": null, "public_transport": null, "category": "other", "sub_category": "general", "category_label": "Other", "sub_category_label": "General", "color": "#999", "icon": "marker.svg" }, "geometry": { "type": "Point", "coordinates": [ 51.6673783, 32.6576862 ] } },
{ "type": "Feature", "properties": { "osm_id": 9891760480, "name": "تعمیر و فروش ساعت نکوئی", "amenity": null, "shop": "watches", "tourism": null, "leisure": null, "highway": null, "railway": null, "public_transport": null, "category": "general_retail", "sub_category": "watches", "category_label": "General Retail", "sub_category_label": "Watches", "color": "#194aa4", "icon": "shop.svg" }, "geometry": { "type": "Point", "coordinates": [ 51.6663045, 32.657361 ] } },
{ "type": "Feature", "properties": { "osm_id": 9891760481, "name": "تجهیزات کوهنوردی و اتیکت", "amenity": null, "shop": "sports", "tourism": null, "leisure": null, "highway": null, "railway": null, "public_transport": null, "category": "general_retail", "sub_category": "sporting_store", "category_label": "General Retail", "sub_category_label": "Sporting Store", "color": "#194aa4", "icon": "shop.svg" }, "geometry": { "type": "Point", "coordinates": [ 51.6660831, 32.6575959 ] } },
{ "type": "Feature", "properties": { "osm_id": 9891760483, "name": "نمایشگاه و فروشگاه لوازم خانگی میعاد", "amenity": null, "shop": "appliance", "tourism": null, "leisure": null, "highway": null, "railway": null, "public_transport": null, "category": "general_retail", "sub_category": "appliance", "category_label": "General Retail", "sub_category_label": "Appliance", "color": "#194aa4", "icon": "shop.svg" }, "geometry": { "type": "Point", "coordinates": [ 51.665968, 32.6574981 ] } },
{ "type": "Feature", "properties": { "osm_id": 9891760484, "name": "نظامی ایمنی و کوهنوردی سفیر", "amenity": null, "shop": "clothes", "tourism": null, "leisure": null, "highway": null, "railway": null, "public_transport": null, "category": "fashion", "sub_category": "clothes", "category_label": "Fashion & Clothing", "sub_category_label": "Clothes", "color": "#194aa4", "icon": "clothing-store.svg" }, "geometry": { "type": "Point", "coordinates": [ 51.6659676, 32.657601 ] } },
{ "type": "Feature", "properties": { "osm_id": 9891760485, "name": "خدمات فنی ابراهیمی", "amenity": null, "shop": "appliance", "tourism": null, "leisure": null, "highway": null, "railway": null, "public_transport": null, "category": "general_retail", "sub_category": "appliance", "category_label": "General Retail", "sub_category_label": "Appliance", "color": "#194aa4", "icon": "shop.svg" }, "geometry": { "type": "Point", "coordinates": [ 51.6661678, 32.6574888 ] } },
{ "type": "Feature", "properties": { "osm_id": 9891760486, "name": "لباس بهشت", "amenity": null, "shop": "clothes", "tourism": null, "leisure": null, "highway": null, "railway": null, "public_transport": null, "category": "fashion", "sub_category": "clothes", "category_label": "Fashion & Clothing", "sub_category_label": "Clothes", "color": "#194aa4", "icon": "clothing-store.svg" }, "geometry": { "type": "Point", "coordinates": [ 51.6669879, 32.657653 ] } },
{ "type": "Feature", "properties": { "osm_id": 9891760487, "name": "کباب بریانی صوفی", "amenity": "restaurant", "shop": null, "tourism": null, "leisure": null, "highway": null, "railway": null, "public_transport": null, "category": "food_service", "sub_category": "restaurant", "category_label": "Restaurants & Cafes", "sub_category_label": "Restaurant", "color": "#b4612f", "icon": "restaurant.svg" }, "geometry": { "type": "Point", "coordinates": [ 51.6661697, 32.6578165 ] } },
{ "type": "Feature", "properties": { "osm_id": 9891760488, "name": "خدمات پس از فروش پارس خزر و بوش", "amenity": null, "shop": "appliance", "tourism": null, "leisure": null, "highway": null, "railway": null, "public_transport": null, "category": "general_retail", "sub_category": "appliance", "category_label": "General Retail", "sub_category_label": "Appliance", "color": "#194aa4", "icon": "shop.svg" }, "geometry": { "type": "Point", "coordinates": [ 51.6660046, 32.6575994 ] } },
{ "type": "Feature", "properties": { "osm_id": 9891760489, "name": "فروشگاه البرز", "amenity": null, "shop": "clothes", "tourism": null, "leisure": null, "highway": null, "railway": null, "public_transport": null, "category": "fashion", "sub_category": "clothes", "category_label": "Fashion & Clothing", "sub_category_label": "Clothes", "color": "#194aa4", "icon": "clothing-store.svg" }, "geometry": { "type": "Point", "coordinates": [ 51.6659253, 32.6576012 ] } },
{ "type": "Feature", "properties": { "osm_id": 9891760490, "name": "فروشگاه نظامی تکاور", "amenity": null, "shop": "clothes", "tourism": null, "leisure": null, "highway": null, "railway": null, "public_transport": null, "category": "fashion", "sub_category": "clothes", "category_label": "Fashion & Clothing", "sub_category_label": "Clothes", "color": "#194aa4", "icon": "clothing-store.svg" }, "geometry": { "type": "Point", "coordinates": [ 51.666057, 32.6575972 ] } },
{ "type": "Feature", "properties": { "osm_id": 9893068683, "name": "Rojan cafe", "amenity": "cafe", "shop": null, "tourism": null, "leisure": null, "highway": null, "railway": null, "public_transport": null, "category": "food_service", "sub_category": "cafe", "category_label": "Restaurants & Cafes", "sub_category_label": "Cafe", "color": "#b4612f", "icon": "restaurant.svg" }, "geometry": { "type": "Point", "coordinates": [ 51.6726432, 32.6856097 ] } },
{ "type": "Feature", "properties": { "osm_id": 9893497234, "name": "آجیل و خشکبار مهره کش", "amenity": null, "shop": "nuts", "tourism": null, "leisure": null, "highway": null, "railway": null, "public_transport": null, "category": "food_retail", "sub_category": "nuts_store", "category_label": "Grocery & Food Retail", "sub_category_label": "Nuts Store", "color": "#b4612f", "icon": "grocery.svg" }, "geometry": { "type": "Point", "coordinates": [ 51.6531823, 32.6594298 ] } },
{ "type": "Feature", "properties": { "osm_id": 9893497235, "name": "ظروف فلزی و سماور", "amenity": null, "shop": "houseware", "tourism": null, "leisure": null, "highway": null, "railway": null, "public_transport": null, "category": "general_retail", "sub_category": "houseware", "category_label": "General Retail", "sub_category_label": "Houseware", "color": "#194aa4", "icon": "shop.svg" }, "geometry": { "type": "Point", "coordinates": [ 51.6531763, 32.6591016 ] } },
{ "type": "Feature", "properties": { "osm_id": 9893497238, "name": "تجهیزات پزشکی میلاد", "amenity": null, "shop": "medical_supply", "tourism": null, "leisure": null, "highway": null, "railway": null, "public_transport": null, "category": "general_retail", "sub_category": "medical_supply", "category_label": "General Retail", "sub_category_label": "Medical Supply", "color": "#194aa4", "icon": "shop.svg" }, "geometry": { "type": "Point", "coordinates": [ 51.6531764, 32.6591819 ] } },
{ "type": "Feature", "properties": { "osm_id": 9893497239, "name": "مانتو سرای ملکه", "amenity": null, "shop": "clothes", "tourism": null, "leisure": null, "highway": null, "railway": null, "public_transport": null, "category": "fashion", "sub_category": "clothes", "category_label": "Fashion & Clothing", "sub_category_label": "Clothes", "color": "#194aa4", "icon": "clothing-store.svg" }, "geometry": { "type": "Point", "coordinates": [ 51.6531673, 32.658964 ] } },
{ "type": "Feature", "properties": { "osm_id": 9893497240, "name": "پوشاک خلیج فارس", "amenity": null, "shop": "clothes", "tourism": null, "leisure": null, "highway": null, "railway": null, "public_transport": null, "category": "fashion", "sub_category": "clothes", "category_label": "Fashion & Clothing", "sub_category_label": "Clothes", "color": "#194aa4", "icon": "clothing-store.svg" }, "geometry": { "type": "Point", "coordinates": [ 51.653163, 32.6585861 ] } },
{ "type": "Feature", "properties": { "osm_id": 9893497241, "name": "عطاری ممتاز", "amenity": null, "shop": "herbalist", "tourism": null, "leisure": null, "highway": null, "railway": null, "public_transport": null, "category": "general_retail", "sub_category": "herbalist", "category_label": "General Retail", "sub_category_label": "Herbalist", "color": "#194aa4", "icon": "shop.svg" }, "geometry": { "type": "Point", "coordinates": [ 51.6531816, 32.6592328 ] } },
{ "type": "Feature", "properties": { "osm_id": 9893497242, "name": "آرایشی بهداشتی", "amenity": null, "shop": "cosmetics", "tourism": null, "leisure": null, "highway": null, "railway": null, "public_transport": null, "category": "beauty_accessories", "sub_category": "cosmetics_store", "category_label": "Beauty & Accessories", "sub_category_label": "Cosmetics Store", "color": "#194aa4", "icon": "shop.svg" }, "geometry": { "type": "Point", "coordinates": [ 51.6531669, 32.6590219 ] } },
{ "type": "Feature", "properties": { "osm_id": 9893497243, "name": "سوپر عماد", "amenity": null, "shop": "convenience", "tourism": null, "leisure": null, "highway": null, "railway": null, "public_transport": null, "category": "food_retail", "sub_category": "convenience_store", "category_label": "Grocery & Food Retail", "sub_category_label": "Convenience Store", "color": "#b4612f", "icon": "grocery.svg" }, "geometry": { "type": "Point", "coordinates": [ 51.6531683, 32.6589911 ] } },
{ "type": "Feature", "properties": { "osm_id": 9893497246, "name": "کافه ساعت", "amenity": null, "shop": "coffee", "tourism": null, "leisure": null, "highway": null, "railway": null, "public_transport": null, "category": "general_retail", "sub_category": "coffee", "category_label": "General Retail", "sub_category_label": "Coffee", "color": "#194aa4", "icon": "shop.svg" }, "geometry": { "type": "Point", "coordinates": [ 51.6531809, 32.6595569 ] } },
{ "type": "Feature", "properties": { "osm_id": 9893497250, "name": "مغازه سوپری", "amenity": null, "shop": "convenience", "tourism": null, "leisure": null, "highway": null, "railway": null, "public_transport": null, "category": "food_retail", "sub_category": "convenience_store", "category_label": "Grocery & Food Retail", "sub_category_label": "Convenience Store", "color": "#b4612f", "icon": "grocery.svg" }, "geometry": { "type": "Point", "coordinates": [ 51.6531852, 32.6594761 ] } },
{ "type": "Feature", "properties": { "osm_id": 9893497251, "name": "لباس", "amenity": null, "shop": "clothes", "tourism": null, "leisure": null, "highway": null, "railway": null, "public_transport": null, "category": "fashion", "sub_category": "clothes", "category_label": "Fashion & Clothing", "sub_category_label": "Clothes", "color": "#194aa4", "icon": "clothing-store.svg" }, "geometry": { "type": "Point", "coordinates": [ 51.6531756, 32.6590609 ] } },
{ "type": "Feature", "properties": { "osm_id": 9893497252, "name": "لباس زیر شیک مدل", "amenity": null, "shop": "clothes", "tourism": null, "leisure": null, "highway": null, "railway": null, "public_transport": null, "category": "fashion", "sub_category": "clothes", "category_label": "Fashion & Clothing", "sub_category_label": "Clothes", "color": "#194aa4", "icon": "clothing-store.svg" }, "geometry": { "type": "Point", "coordinates": [ 51.6532064, 32.6590204 ] } },
{ "type": "Feature", "properties": { "osm_id": 9893497253, "name": "سوپر", "amenity": null, "shop": "convenience", "tourism": null, "leisure": null, "highway": null, "railway": null, "public_transport": null, "category": "food_retail", "sub_category": "convenience_store", "category_label": "Grocery & Food Retail", "sub_category_label": "Convenience Store", "color": "#b4612f", "icon": "grocery.svg" }, "geometry": { "type": "Point", "coordinates": [ 51.6531846, 32.6593457 ] } },
{ "type": "Feature", "properties": { "osm_id": 9893497255, "name": "میوه", "amenity": null, "shop": "greengrocer", "tourism": null, "leisure": null, "highway": null, "railway": null, "public_transport": null, "category": "food_retail", "sub_category": "greengrocer", "category_label": "Grocery & Food Retail", "sub_category_label": "Greengrocer", "color": "#b4612f", "icon": "grocery.svg" }, "geometry": { "type": "Point", "coordinates": [ 51.6531715, 32.6587111 ] } },
{ "type": "Feature", "properties": { "osm_id": 9893497256, "name": "گز و شیرینی نسرین", "amenity": null, "shop": "confectionery", "tourism": null, "leisure": null, "highway": null, "railway": null, "public_transport": null, "category": "food_retail", "sub_category": "confectionery", "category_label": "Grocery & Food Retail", "sub_category_label": "Confectionery", "color": "#b4612f", "icon": "grocery.svg" }, "geometry": { "type": "Point", "coordinates": [ 51.6531784, 32.6596766 ] } },
{ "type": "Feature", "properties": { "osm_id": 9893497257, "name": "میوه سبزی", "amenity": null, "shop": "greengrocer", "tourism": null, "leisure": null, "highway": null, "railway": null, "public_transport": null, "category": "food_retail", "sub_category": "greengrocer", "category_label": "Grocery & Food Retail", "sub_category_label": "Greengrocer", "color": "#b4612f", "icon": "grocery.svg" }, "geometry": { "type": "Point", "coordinates": [ 51.653186, 32.6593879 ] } },
{ "type": "Feature", "properties": { "osm_id": 9893497258, "name": "لباس", "amenity": null, "shop": "clothes", "tourism": null, "leisure": null, "highway": null, "railway": null, "public_transport": null, "category": "fashion", "sub_category": "clothes", "category_label": "Fashion & Clothing", "sub_category_label": "Clothes", "color": "#194aa4", "icon": "clothing-store.svg" }, "geometry": { "type": "Point", "coordinates": [ 51.6531844, 32.6593089 ] } },
{ "type": "Feature", "properties": { "osm_id": 9893497259, "name": "فلافل بیروت", "amenity": "fast_food", "shop": null, "tourism": null, "leisure": null, "highway": null, "railway": null, "public_transport": null, "category": "food_service", "sub_category": "fast_food", "category_label": "Restaurants & Cafes", "sub_category_label": "Fast Food", "color": "#b4612f", "icon": "restaurant.svg" }, "geometry": { "type": "Point", "coordinates": [ 51.653183, 32.6595144 ] } },
{ "type": "Feature", "properties": { "osm_id": 9905990779, "name": "فلافل علی اهوازی شعبه 2", "amenity": "fast_food", "shop": null, "tourism": null, "leisure": null, "highway": null, "railway": null, "public_transport": null, "category": "food_service", "sub_category": "fast_food", "category_label": "Restaurants & Cafes", "sub_category_label": "Fast Food", "color": "#b4612f", "icon": "restaurant.svg" }, "geometry": { "type": "Point", "coordinates": [ 51.6688276, 32.656216 ] } },
{ "type": "Feature", "properties": { "osm_id": 9906005302, "name": "خرازی و بدلیجات الماس", "amenity": null, "shop": "yes", "tourism": null, "leisure": null, "highway": null, "railway": null, "public_transport": null, "category": "general_retail", "sub_category": "yes", "category_label": "General Retail", "sub_category_label": "Yes", "color": "#194aa4", "icon": "shop.svg" }, "geometry": { "type": "Point", "coordinates": [ 51.6688262, 32.6562292 ] } },
{ "type": "Feature", "properties": { "osm_id": 9906063794, "name": "فروشگاه بزرگ پوشاک خانواده سیب", "amenity": null, "shop": "clothes", "tourism": null, "leisure": null, "highway": null, "railway": null, "public_transport": null, "category": "fashion", "sub_category": "clothes", "category_label": "Fashion & Clothing", "sub_category_label": "Clothes", "color": "#194aa4", "icon": "clothing-store.svg" }, "geometry": { "type": "Point", "coordinates": [ 51.6688284, 32.6562594 ] } },
{ "type": "Feature", "properties": { "osm_id": 9906079464, "name": "طلا و جواهر کلاهدوزان", "amenity": null, "shop": "jewelry", "tourism": null, "leisure": null, "highway": null, "railway": null, "public_transport": null, "category": "beauty_accessories", "sub_category": "jewelry", "category_label": "Beauty & Accessories", "sub_category_label": "Jewelry", "color": "#194aa4", "icon": "shop.svg" }, "geometry": { "type": "Point", "coordinates": [ 51.6688319, 32.6562553 ] } },
{ "type": "Feature", "properties": { "osm_id": 9912675025, "name": "آژانس دیجیتال مارکتینگ پرواز", "amenity": null, "shop": null, "tourism": null, "leisure": null, "highway": null, "railway": null, "public_transport": null, "category": "other", "sub_category": "general", "category_label": "Other", "sub_category_label": "General", "color": "#999", "icon": "marker.svg" }, "geometry": { "type": "Point", "coordinates": [ 51.6678637, 32.6579856 ] } },
{ "type": "Feature", "properties": { "osm_id": 9954439800, "name": "زیورآلات عمده سوگل", "amenity": null, "shop": "jewelry", "tourism": null, "leisure": null, "highway": null, "railway": null, "public_transport": null, "category": "beauty_accessories", "sub_category": "jewelry", "category_label": "Beauty & Accessories", "sub_category_label": "Jewelry", "color": "#194aa4", "icon": "shop.svg" }, "geometry": { "type": "Point", "coordinates": [ 51.6788274, 32.6612532 ] } },
{ "type": "Feature", "properties": { "osm_id": 9968017286, "name": "تکران پروتئین", "amenity": null, "shop": "butcher", "tourism": null, "leisure": null, "highway": null, "railway": null, "public_transport": null, "category": "food_retail", "sub_category": "butcher_shop", "category_label": "Grocery & Food Retail", "sub_category_label": "Butcher Shop", "color": "#b4612f", "icon": "grocery.svg" }, "geometry": { "type": "Point", "coordinates": [ 51.6716377, 32.6736171 ] } },
{ "type": "Feature", "properties": { "osm_id": 9971783841, "name": "چرم درگاهی شعبه شمس آبادی", "amenity": null, "shop": "leather", "tourism": null, "leisure": null, "highway": null, "railway": null, "public_transport": null, "category": "general_retail", "sub_category": "leather", "category_label": "General Retail", "sub_category_label": "Leather", "color": "#194aa4", "icon": "shop.svg" }, "geometry": { "type": "Point", "coordinates": [ 51.6665313, 32.6565958 ] } },
{ "type": "Feature", "properties": { "osm_id": 9987683573, "name": null, "amenity": null, "shop": null, "tourism": null, "leisure": null, "highway": "traffic_signals", "railway": null, "public_transport": null, "category": "parking_road_facility", "sub_category": "traffic_signals", "category_label": "Parking & Road Facilities", "sub_category_label": "Traffic Signals", "color": "#78523e", "icon": "parking.svg" }, "geometry": { "type": "Point", "coordinates": [ 51.6942961, 32.6525008 ] } },
{ "type": "Feature", "properties": { "osm_id": 9995296576, "name": "آجیل و خشکبار امین", "amenity": null, "shop": "nuts", "tourism": null, "leisure": null, "highway": null, "railway": null, "public_transport": null, "category": "food_retail", "sub_category": "nuts_store", "category_label": "Grocery & Food Retail", "sub_category_label": "Nuts Store", "color": "#b4612f", "icon": "grocery.svg" }, "geometry": { "type": "Point", "coordinates": [ 51.654785, 32.6582627 ] } },
{ "type": "Feature", "properties": { "osm_id": 9995296578, "name": "فروشگاه پارس", "amenity": null, "shop": "electrical", "tourism": null, "leisure": null, "highway": null, "railway": null, "public_transport": null, "category": "general_retail", "sub_category": "electrical", "category_label": "General Retail", "sub_category_label": "Electrical", "color": "#194aa4", "icon": "shop.svg" }, "geometry": { "type": "Point", "coordinates": [ 51.6549028, 32.658257 ] } },
{ "type": "Feature", "properties": { "osm_id": 9995296579, "name": "فروشگاه مرکزی داهوا(فراگستر الکترونیک)", "amenity": null, "shop": "security", "tourism": null, "leisure": null, "highway": null, "railway": null, "public_transport": null, "category": "general_retail", "sub_category": "security", "category_label": "General Retail", "sub_category_label": "Security", "color": "#194aa4", "icon": "shop.svg" }, "geometry": { "type": "Point", "coordinates": [ 51.6549256, 32.6582542 ] } },
{ "type": "Feature", "properties": { "osm_id": 9995296580, "name": "قطعات لوازم خانگی یدک پارس", "amenity": null, "shop": "appliance", "tourism": null, "leisure": null, "highway": null, "railway": null, "public_transport": null, "category": "general_retail", "sub_category": "appliance", "category_label": "General Retail", "sub_category_label": "Appliance", "color": "#194aa4", "icon": "shop.svg" }, "geometry": { "type": "Point", "coordinates": [ 51.6548775, 32.6582574 ] } },
{ "type": "Feature", "properties": { "osm_id": 10006831474, "name": "سامانه ثبت آدرس و اطلاعات لوک لاین (locline.ir)", "amenity": null, "shop": "interior_decoration", "tourism": null, "leisure": null, "highway": null, "railway": null, "public_transport": null, "category": "general_retail", "sub_category": "interior_decoration", "category_label": "General Retail", "sub_category_label": "Interior Decoration", "color": "#194aa4", "icon": "shop.svg" }, "geometry": { "type": "Point", "coordinates": [ 51.6869203, 32.6610874 ] } },
{ "type": "Feature", "properties": { "osm_id": 10030941412, "name": "امداد خودرو اصفهان", "amenity": null, "shop": "car_repair", "tourism": null, "leisure": null, "highway": null, "railway": null, "public_transport": null, "category": "automotive", "sub_category": "car_repair", "category_label": "Automotive Services", "sub_category_label": "Car Repair", "color": "#2ecc71", "icon": "car-repair.svg" }, "geometry": { "type": "Point", "coordinates": [ 51.6438842, 32.6629121 ] } },
{ "type": "Feature", "properties": { "osm_id": 10031333917, "name": null, "amenity": null, "shop": null, "tourism": "apartment", "leisure": null, "highway": null, "railway": null, "public_transport": null, "category": "accommodation", "sub_category": "lodging", "category_label": "Accommodation", "sub_category_label": "Lodging", "color": "#78523e", "icon": "lodging.svg" }, "geometry": { "type": "Point", "coordinates": [ 51.667675, 32.6647998 ] } },
{ "type": "Feature", "properties": { "osm_id": 10031334017, "name": null, "amenity": null, "shop": null, "tourism": "apartment", "leisure": null, "highway": null, "railway": null, "public_transport": null, "category": "accommodation", "sub_category": "lodging", "category_label": "Accommodation", "sub_category_label": "Lodging", "color": "#78523e", "icon": "lodging.svg" }, "geometry": { "type": "Point", "coordinates": [ 51.6679456, 32.6645955 ] } },
{ "type": "Feature", "properties": { "osm_id": 10106348125, "name": "مدرسه شهید محمد منتظری", "amenity": "school", "shop": null, "tourism": null, "leisure": null, "highway": null, "railway": null, "public_transport": null, "category": "education", "sub_category": "school", "category_label": "Education", "sub_category_label": "School", "color": "#78523e", "icon": "school.svg" }, "geometry": { "type": "Point", "coordinates": [ 51.6770804, 32.6784182 ] } },
{ "type": "Feature", "properties": { "osm_id": 10129677215, "name": "اصفهان تفلون-تراش پکینگ", "amenity": null, "shop": "houseware", "tourism": null, "leisure": null, "highway": null, "railway": null, "public_transport": null, "category": "general_retail", "sub_category": "houseware", "category_label": "General Retail", "sub_category_label": "Houseware", "color": "#194aa4", "icon": "shop.svg" }, "geometry": { "type": "Point", "coordinates": [ 51.6423915, 32.6636142 ] } },
{ "type": "Feature", "properties": { "osm_id": 10137686095, "name": "پارک میخک", "amenity": null, "shop": null, "tourism": null, "leisure": null, "highway": null, "railway": null, "public_transport": "platform", "category": "public_transport", "sub_category": "bus_stop", "category_label": "Public Transportation", "sub_category_label": "Bus Stop", "color": "#1787d4", "icon": "bus.svg" }, "geometry": { "type": "Point", "coordinates": [ 51.6800492, 32.6882358 ] } },
{ "type": "Feature", "properties": { "osm_id": 10137686097, "name": "تربیت معلم", "amenity": null, "shop": null, "tourism": null, "leisure": null, "highway": null, "railway": null, "public_transport": "platform", "category": "public_transport", "sub_category": "bus_stop", "category_label": "Public Transportation", "sub_category_label": "Bus Stop", "color": "#1787d4", "icon": "bus.svg" }, "geometry": { "type": "Point", "coordinates": [ 51.6778864, 32.6829377 ] } },
{ "type": "Feature", "properties": { "osm_id": 10137686099, "name": "پارک میخک", "amenity": null, "shop": null, "tourism": null, "leisure": null, "highway": null, "railway": null, "public_transport": "platform", "category": "public_transport", "sub_category": "bus_stop", "category_label": "Public Transportation", "sub_category_label": "Bus Stop", "color": "#1787d4", "icon": "bus.svg" }, "geometry": { "type": "Point", "coordinates": [ 51.6802878, 32.6880484 ] } },
{ "type": "Feature", "properties": { "osm_id": 10137686108, "name": "چهارراه ولی عصر", "amenity": null, "shop": null, "tourism": null, "leisure": null, "highway": "bus_stop", "railway": null, "public_transport": "platform", "category": "public_transport", "sub_category": "bus_stop", "category_label": "Public Transportation", "sub_category_label": "Bus Stop", "color": "#1787d4", "icon": "bus.svg" }, "geometry": { "type": "Point", "coordinates": [ 51.6943195, 32.6651945 ] } },
{ "type": "Feature", "properties": { "osm_id": 10137705717, "name": "ابتدای ظابط زاده", "amenity": null, "shop": null, "tourism": null, "leisure": null, "highway": null, "railway": null, "public_transport": "platform", "category": "public_transport", "sub_category": "bus_stop", "category_label": "Public Transportation", "sub_category_label": "Bus Stop", "color": "#1787d4", "icon": "bus.svg" }, "geometry": { "type": "Point", "coordinates": [ 51.678522, 32.6797065 ] } },
{ "type": "Feature", "properties": { "osm_id": 10137705718, "name": "رحیمی", "amenity": null, "shop": null, "tourism": null, "leisure": null, "highway": "bus_stop", "railway": null, "public_transport": "platform", "category": "public_transport", "sub_category": "bus_stop", "category_label": "Public Transportation", "sub_category_label": "Bus Stop", "color": "#1787d4", "icon": "bus.svg" }, "geometry": { "type": "Point", "coordinates": [ 51.678642, 32.6852475 ] } },
{ "type": "Feature", "properties": { "osm_id": 10137705727, "name": "تربیت معلم", "amenity": null, "shop": null, "tourism": null, "leisure": null, "highway": null, "railway": null, "public_transport": "platform", "category": "public_transport", "sub_category": "bus_stop", "category_label": "Public Transportation", "sub_category_label": "Bus Stop", "color": "#1787d4", "icon": "bus.svg" }, "geometry": { "type": "Point", "coordinates": [ 51.6773236, 32.6834421 ] } },
{ "type": "Feature", "properties": { "osm_id": 10137705728, "name": "رحیمی", "amenity": null, "shop": null, "tourism": null, "leisure": null, "highway": null, "railway": null, "public_transport": "platform", "category": "public_transport", "sub_category": "bus_stop", "category_label": "Public Transportation", "sub_category_label": "Bus Stop", "color": "#1787d4", "icon": "bus.svg" }, "geometry": { "type": "Point", "coordinates": [ 51.6784171, 32.6849058 ] } },
{ "type": "Feature", "properties": { "osm_id": 10137705730, "name": "سیاوش", "amenity": null, "shop": null, "tourism": null, "leisure": null, "highway": null, "railway": null, "public_transport": "platform", "category": "public_transport", "sub_category": "bus_stop", "category_label": "Public Transportation", "sub_category_label": "Bus Stop", "color": "#1787d4", "icon": "bus.svg" }, "geometry": { "type": "Point", "coordinates": [ 51.6802431, 32.6872111 ] } },
{ "type": "Feature", "properties": { "osm_id": 10137705732, "name": "چهارراه ولی عصر", "amenity": null, "shop": null, "tourism": null, "leisure": null, "highway": "bus_stop", "railway": null, "public_transport": "platform", "category": "public_transport", "sub_category": "bus_stop", "category_label": "Public Transportation", "sub_category_label": "Bus Stop", "color": "#1787d4", "icon": "bus.svg" }, "geometry": { "type": "Point", "coordinates": [ 51.6941245, 32.6655434 ] } },
{ "type": "Feature", "properties": { "osm_id": 10137705733, "name": "ابتدای ظابط زاده", "amenity": null, "shop": null, "tourism": null, "leisure": null, "highway": null, "railway": null, "public_transport": "platform", "category": "public_transport", "sub_category": "bus_stop", "category_label": "Public Transportation", "sub_category_label": "Bus Stop", "color": "#1787d4", "icon": "bus.svg" }, "geometry": { "type": "Point", "coordinates": [ 51.6788874, 32.6798861 ] } },
{ "type": "Feature", "properties": { "osm_id": 10137764437, "name": "ابتدای خواجه نظام الملک", "amenity": null, "shop": null, "tourism": null, "leisure": null, "highway": "bus_stop", "railway": null, "public_transport": "platform", "category": "public_transport", "sub_category": "bus_stop", "category_label": "Public Transportation", "sub_category_label": "Bus Stop", "color": "#1787d4", "icon": "bus.svg" }, "geometry": { "type": "Point", "coordinates": [ 51.693843, 32.6630716 ] } },
{ "type": "Feature", "properties": { "osm_id": 10137764438, "name": "گلزار", "amenity": null, "shop": null, "tourism": null, "leisure": null, "highway": "bus_stop", "railway": null, "public_transport": "platform", "category": "public_transport", "sub_category": "bus_stop", "category_label": "Public Transportation", "sub_category_label": "Bus Stop", "color": "#1787d4", "icon": "bus.svg" }, "geometry": { "type": "Point", "coordinates": [ 51.694822, 32.6623865 ] } },
{ "type": "Feature", "properties": { "osm_id": 10137764439, "name": "گلزار", "amenity": null, "shop": null, "tourism": null, "leisure": null, "highway": "bus_stop", "railway": null, "public_transport": "platform", "category": "public_transport", "sub_category": "bus_stop", "category_label": "Public Transportation", "sub_category_label": "Bus Stop", "color": "#1787d4", "icon": "bus.svg" }, "geometry": { "type": "Point", "coordinates": [ 51.6941869, 32.6623072 ] } },
{ "type": "Feature", "properties": { "osm_id": 10137764440, "name": "ابتدای خواجه نظام الملک", "amenity": null, "shop": null, "tourism": null, "leisure": null, "highway": "bus_stop", "railway": null, "public_transport": "platform", "category": "public_transport", "sub_category": "bus_stop", "category_label": "Public Transportation", "sub_category_label": "Bus Stop", "color": "#1787d4", "icon": "bus.svg" }, "geometry": { "type": "Point", "coordinates": [ 51.6935394, 32.6624994 ] } },
{ "type": "Feature", "properties": { "osm_id": 10137764441, "name": "چشمه باقرخان", "amenity": null, "shop": null, "tourism": null, "leisure": null, "highway": "bus_stop", "railway": null, "public_transport": "platform", "category": "public_transport", "sub_category": "bus_stop", "category_label": "Public Transportation", "sub_category_label": "Bus Stop", "color": "#1787d4", "icon": "bus.svg" }, "geometry": { "type": "Point", "coordinates": [ 51.6940632, 32.6568603 ] } },
{ "type": "Feature", "properties": { "osm_id": 10137764442, "name": "چشمه باقرخان", "amenity": null, "shop": null, "tourism": null, "leisure": null, "highway": "bus_stop", "railway": null, "public_transport": "platform", "category": "public_transport", "sub_category": "bus_stop", "category_label": "Public Transportation", "sub_category_label": "Bus Stop", "color": "#1787d4", "icon": "bus.svg" }, "geometry": { "type": "Point", "coordinates": [ 51.6942027, 32.6566001 ] } },
{ "type": "Feature", "properties": { "osm_id": 10137764443, "name": "آراسته", "amenity": null, "shop": null, "tourism": null, "leisure": null, "highway": "bus_stop", "railway": null, "public_transport": "platform", "category": "public_transport", "sub_category": "bus_stop", "category_label": "Public Transportation", "sub_category_label": "Bus Stop", "color": "#1787d4", "icon": "bus.svg" }, "geometry": { "type": "Point", "coordinates": [ 51.6942259, 32.6539796 ] } },
{ "type": "Feature", "properties": { "osm_id": 10137764444, "name": "اراسته", "amenity": null, "shop": null, "tourism": null, "leisure": null, "highway": "bus_stop", "railway": null, "public_transport": "platform", "category": "public_transport", "sub_category": "bus_stop", "category_label": "Public Transportation", "sub_category_label": "Bus Stop", "color": "#1787d4", "icon": "bus.svg" }, "geometry": { "type": "Point", "coordinates": [ 51.6943339, 32.6538069 ] } },
{ "type": "Feature", "properties": { "osm_id": 10180262699, "name": "دکتر نسرین دوامی", "amenity": "doctors", "shop": null, "tourism": null, "leisure": null, "highway": null, "railway": null, "public_transport": null, "category": "medical_care", "sub_category": "doctor", "category_label": "Medical Care", "sub_category_label": "Doctor", "color": "#d14a4a", "icon": "doctor.svg" }, "geometry": { "type": "Point", "coordinates": [ 51.6499371, 32.6742571 ] } },
{ "type": "Feature", "properties": { "osm_id": 10222948339, "name": "پی سی کالا", "amenity": null, "shop": "computer", "tourism": null, "leisure": null, "highway": null, "railway": null, "public_transport": null, "category": "general_retail", "sub_category": "electronics_store", "category_label": "General Retail", "sub_category_label": "Electronics Store", "color": "#194aa4", "icon": "shop.svg" }, "geometry": { "type": "Point", "coordinates": [ 51.6540972, 32.65798 ] } },
{ "type": "Feature", "properties": { "osm_id": 10238049767, "name": "بورس قهوه", "amenity": null, "shop": "coffee", "tourism": null, "leisure": null, "highway": null, "railway": null, "public_transport": null, "category": "general_retail", "sub_category": "coffee", "category_label": "General Retail", "sub_category_label": "Coffee", "color": "#194aa4", "icon": "shop.svg" }, "geometry": { "type": "Point", "coordinates": [ 51.6726321, 32.6857169 ] } },
{ "type": "Feature", "properties": { "osm_id": 10239690035, "name": "دکتر غلامرضا بهداد مهر", "amenity": "doctors", "shop": null, "tourism": null, "leisure": null, "highway": null, "railway": null, "public_transport": null, "category": "medical_care", "sub_category": "doctor", "category_label": "Medical Care", "sub_category_label": "Doctor", "color": "#d14a4a", "icon": "doctor.svg" }, "geometry": { "type": "Point", "coordinates": [ 51.6661557, 32.6535709 ] } },
{ "type": "Feature", "properties": { "osm_id": 10239704697, "name": "دکتر الهام فردین پور-متخصص زنان زایمان ونازایی", "amenity": "doctors", "shop": null, "tourism": null, "leisure": null, "highway": null, "railway": null, "public_transport": null, "category": "medical_care", "sub_category": "doctor", "category_label": "Medical Care", "sub_category_label": "Doctor", "color": "#d14a4a", "icon": "doctor.svg" }, "geometry": { "type": "Point", "coordinates": [ 51.6661769, 32.6535714 ] } },
{ "type": "Feature", "properties": { "osm_id": 10239728843, "name": "دکتر حسین نصراصفهانی-متخصص چشم", "amenity": "doctors", "shop": null, "tourism": null, "leisure": null, "highway": null, "railway": null, "public_transport": null, "category": "medical_care", "sub_category": "doctor", "category_label": "Medical Care", "sub_category_label": "Doctor", "color": "#d14a4a", "icon": "doctor.svg" }, "geometry": { "type": "Point", "coordinates": [ 51.6658241, 32.6536197 ] } },
{ "type": "Feature", "properties": { "osm_id": 10239817639, "name": "پیش دبستانی و دبستان غیردولتی کریم پسرانه", "amenity": "school", "shop": null, "tourism": null, "leisure": null, "highway": null, "railway": null, "public_transport": null, "category": "education", "sub_category": "school", "category_label": "Education", "sub_category_label": "School", "color": "#78523e", "icon": "school.svg" }, "geometry": { "type": "Point", "coordinates": [ 51.6729513, 32.6889641 ] } },
{ "type": "Feature", "properties": { "osm_id": 10240363195, "name": "پیش دبستانی و دبستان ایران مشاهیر (غیردولتی پسرانه)", "amenity": "school", "shop": null, "tourism": null, "leisure": null, "highway": null, "railway": null, "public_transport": null, "category": "education", "sub_category": "school", "category_label": "Education", "sub_category_label": "School", "color": "#78523e", "icon": "school.svg" }, "geometry": { "type": "Point", "coordinates": [ 51.6726164, 32.6809789 ] } },
{ "type": "Feature", "properties": { "osm_id": 10240449737, "name": "کلینیک دندانپزشکی مهرگان", "amenity": "dentist", "shop": null, "tourism": null, "leisure": null, "highway": null, "railway": null, "public_transport": null, "category": "medical_care", "sub_category": "dentist", "category_label": "Medical Care", "sub_category_label": "Dentist", "color": "#d14a4a", "icon": "doctor.svg" }, "geometry": { "type": "Point", "coordinates": [ 51.6707933, 32.6794935 ] } },
{ "type": "Feature", "properties": { "osm_id": 10240472829, "name": "آموزشگاه خیاطی گل سنگ (آموزشگاه طراحی دوخت گل سنگ)", "amenity": null, "shop": null, "tourism": null, "leisure": null, "highway": null, "railway": null, "public_transport": null, "category": "other", "sub_category": "general", "category_label": "Other", "sub_category_label": "General", "color": "#999", "icon": "marker.svg" }, "geometry": { "type": "Point", "coordinates": [ 51.6807781, 32.6783608 ] } },
{ "type": "Feature", "properties": { "osm_id": 10240585168, "name": "دکتر فاطمه طباطبایی-فوق تخصص غدد.متخصص کودکان", "amenity": "doctors", "shop": null, "tourism": null, "leisure": null, "highway": null, "railway": null, "public_transport": null, "category": "medical_care", "sub_category": "doctor", "category_label": "Medical Care", "sub_category_label": "Doctor", "color": "#d14a4a", "icon": "doctor.svg" }, "geometry": { "type": "Point", "coordinates": [ 51.6659058, 32.6536422 ] } },
{ "type": "Feature", "properties": { "osm_id": 10240619025, "name": "دکتر محمدصادق خیاطان-متخصص کودکان", "amenity": "doctors", "shop": null, "tourism": null, "leisure": null, "highway": null, "railway": null, "public_transport": null, "category": "medical_care", "sub_category": "doctor", "category_label": "Medical Care", "sub_category_label": "Doctor", "color": "#d14a4a", "icon": "doctor.svg" }, "geometry": { "type": "Point", "coordinates": [ 51.6658953, 32.6536136 ] } },
{ "type": "Feature", "properties": { "osm_id": 10240622967, "name": "دکترنازیلا لطیفیان", "amenity": "doctors", "shop": null, "tourism": null, "leisure": null, "highway": null, "railway": null, "public_transport": null, "category": "medical_care", "sub_category": "doctor", "category_label": "Medical Care", "sub_category_label": "Doctor", "color": "#d14a4a", "icon": "doctor.svg" }, "geometry": { "type": "Point", "coordinates": [ 51.6657534, 32.6532602 ] } },
{ "type": "Feature", "properties": { "osm_id": 10241730260, "name": "دکتر احمد سنبلستانی-متخصص مغزواعصاب", "amenity": "doctors", "shop": null, "tourism": null, "leisure": null, "highway": null, "railway": null, "public_transport": null, "category": "medical_care", "sub_category": "doctor", "category_label": "Medical Care", "sub_category_label": "Doctor", "color": "#d14a4a", "icon": "doctor.svg" }, "geometry": { "type": "Point", "coordinates": [ 51.6657837, 32.6548213 ] } },
{ "type": "Feature", "properties": { "osm_id": 10241748614, "name": "دکتر مریم آذری-جراح دنداپزشک (دندان پزشک)", "amenity": "dentist", "shop": null, "tourism": null, "leisure": null, "highway": null, "railway": null, "public_transport": null, "category": "medical_care", "sub_category": "dentist", "category_label": "Medical Care", "sub_category_label": "Dentist", "color": "#d14a4a", "icon": "doctor.svg" }, "geometry": { "type": "Point", "coordinates": [ 51.666416, 32.6551497 ] } },
{ "type": "Feature", "properties": { "osm_id": 10241769303, "name": "دکترپوریاعادلی", "amenity": "doctors", "shop": null, "tourism": null, "leisure": null, "highway": null, "railway": null, "public_transport": null, "category": "medical_care", "sub_category": "doctor", "category_label": "Medical Care", "sub_category_label": "Doctor", "color": "#d14a4a", "icon": "doctor.svg" }, "geometry": { "type": "Point", "coordinates": [ 51.6662258, 32.6567073 ] } },
{ "type": "Feature", "properties": { "osm_id": 10241787045, "name": "دکترمرتضی پوراحمد", "amenity": "doctors", "shop": null, "tourism": null, "leisure": null, "highway": null, "railway": null, "public_transport": null, "category": "medical_care", "sub_category": "doctor", "category_label": "Medical Care", "sub_category_label": "Doctor", "color": "#d14a4a", "icon": "doctor.svg" }, "geometry": { "type": "Point", "coordinates": [ 51.6673912, 32.6605748 ] } },
{ "type": "Feature", "properties": { "osm_id": 10242672480, "name": "گالری فرش اخوان حاتمی (فرش فروشی اخوان حاتمی)", "amenity": null, "shop": "carpet", "tourism": null, "leisure": null, "highway": null, "railway": null, "public_transport": null, "category": "general_retail", "sub_category": "carpet", "category_label": "General Retail", "sub_category_label": "Carpet", "color": "#194aa4", "icon": "shop.svg" }, "geometry": { "type": "Point", "coordinates": [ 51.6737594, 32.6623178 ] } },
{ "type": "Feature", "properties": { "osm_id": 10242674589, "name": "لیتوگرافی پارسا", "amenity": null, "shop": "copyshop", "tourism": null, "leisure": null, "highway": null, "railway": null, "public_transport": null, "category": "general_retail", "sub_category": "copyshop", "category_label": "General Retail", "sub_category_label": "Copyshop", "color": "#194aa4", "icon": "shop.svg" }, "geometry": { "type": "Point", "coordinates": [ 51.656291, 32.6691263 ] } },
{ "type": "Feature", "properties": { "osm_id": 10242696976, "name": "گز و شیرینی منش (گز شیرین منش)", "amenity": null, "shop": "pastry", "tourism": null, "leisure": null, "highway": null, "railway": null, "public_transport": null, "category": "general_retail", "sub_category": "pastry", "category_label": "General Retail", "sub_category_label": "Pastry", "color": "#194aa4", "icon": "shop.svg" }, "geometry": { "type": "Point", "coordinates": [ 51.6772841, 32.6639242 ] } },
{ "type": "Feature", "properties": { "osm_id": 10242739226, "name": "فروشگاه عینک منا", "amenity": null, "shop": "optician", "tourism": null, "leisure": null, "highway": null, "railway": null, "public_transport": null, "category": "pharmacy_optical", "sub_category": "optician", "category_label": "Pharmacy & Optical", "sub_category_label": "Optician", "color": "#d14a4a", "icon": "pharmacy.svg" }, "geometry": { "type": "Point", "coordinates": [ 51.6689162, 32.6653081 ] } },
{ "type": "Feature", "properties": { "osm_id": 10245657404, "name": "دکترفرود آقاجردی", "amenity": "doctors", "shop": null, "tourism": null, "leisure": null, "highway": null, "railway": null, "public_transport": null, "category": "medical_care", "sub_category": "doctor", "category_label": "Medical Care", "sub_category_label": "Doctor", "color": "#d14a4a", "icon": "doctor.svg" }, "geometry": { "type": "Point", "coordinates": [ 51.6510411, 32.6658859 ] } },
{ "type": "Feature", "properties": { "osm_id": 10245669635, "name": "فروشگاه تکنوفن اصفهان (هواکش و تهویه هوا)", "amenity": null, "shop": "yes", "tourism": null, "leisure": null, "highway": null, "railway": null, "public_transport": null, "category": "general_retail", "sub_category": "yes", "category_label": "General Retail", "sub_category_label": "Yes", "color": "#194aa4", "icon": "shop.svg" }, "geometry": { "type": "Point", "coordinates": [ 51.670758, 32.6705933 ] } },
{ "type": "Feature", "properties": { "osm_id": 10245691138, "name": "دکتر مسعود شیرانی-جراح دندانپزشک (دندان پزشک)", "amenity": "dentist", "shop": null, "tourism": null, "leisure": null, "highway": null, "railway": null, "public_transport": null, "category": "medical_care", "sub_category": "dentist", "category_label": "Medical Care", "sub_category_label": "Dentist", "color": "#d14a4a", "icon": "doctor.svg" }, "geometry": { "type": "Point", "coordinates": [ 51.6657687, 32.6621109 ] } },
{ "type": "Feature", "properties": { "osm_id": 10245713805, "name": "فیزیوتراپی کاظمیه (فیزیوتراپی و توانبخشی کاظمیه)", "amenity": null, "shop": null, "tourism": null, "leisure": null, "highway": null, "railway": null, "public_transport": null, "category": "other", "sub_category": "general", "category_label": "Other", "sub_category_label": "General", "color": "#999", "icon": "marker.svg" }, "geometry": { "type": "Point", "coordinates": [ 51.6933141, 32.6788659 ] } },
{ "type": "Feature", "properties": { "osm_id": 10245723932, "name": "فروشگاه طاووسی (فروشگاه لوازم موتورسیکلت طاووسی)", "amenity": null, "shop": "motorcycle", "tourism": null, "leisure": null, "highway": null, "railway": null, "public_transport": null, "category": "automotive", "sub_category": "car_related_store", "category_label": "Automotive Services", "sub_category_label": "Car Related Store", "color": "#2ecc71", "icon": "car-repair.svg" }, "geometry": { "type": "Point", "coordinates": [ 51.6939283, 32.6751782 ] } },
{ "type": "Feature", "properties": { "osm_id": 10245724222, "name": "گروه مهندسی ریزبین (دوربین مداربسته،کرکره و درب برقی،دزدگیر)", "amenity": null, "shop": "yes", "tourism": null, "leisure": null, "highway": null, "railway": null, "public_transport": null, "category": "general_retail", "sub_category": "yes", "category_label": "General Retail", "sub_category_label": "Yes", "color": "#194aa4", "icon": "shop.svg" }, "geometry": { "type": "Point", "coordinates": [ 51.6569517, 32.6583757 ] } },
{ "type": "Feature", "properties": { "osm_id": 10245916012, "name": "آزمایشگاه هشت بهشت (آزمایشگاه تشخیص طبی هشت بهشت)", "amenity": null, "shop": null, "tourism": null, "leisure": null, "highway": null, "railway": null, "public_transport": null, "category": "other", "sub_category": "general", "category_label": "Other", "sub_category_label": "General", "color": "#999", "icon": "marker.svg" }, "geometry": { "type": "Point", "coordinates": [ 51.6881386, 32.6526655 ] } },
{ "type": "Feature", "properties": { "osm_id": 10246218531, "name": "دکترسعیدفریدفر", "amenity": "dentist", "shop": null, "tourism": null, "leisure": null, "highway": null, "railway": null, "public_transport": null, "category": "medical_care", "sub_category": "dentist", "category_label": "Medical Care", "sub_category_label": "Dentist", "color": "#d14a4a", "icon": "doctor.svg" }, "geometry": { "type": "Point", "coordinates": [ 51.6563663, 32.6548802 ] } },
{ "type": "Feature", "properties": { "osm_id": 10247380210, "name": "رستوران خان دایی (سالن غذا خوری خان دایی)", "amenity": "restaurant", "shop": null, "tourism": null, "leisure": null, "highway": null, "railway": null, "public_transport": null, "category": "food_service", "sub_category": "restaurant", "category_label": "Restaurants & Cafes", "sub_category_label": "Restaurant", "color": "#b4612f", "icon": "restaurant.svg" }, "geometry": { "type": "Point", "coordinates": [ 51.6430984, 32.6527172 ] } },
{ "type": "Feature", "properties": { "osm_id": 10247507486, "name": "فروشگاه لوازم خانگی ایران کالا (فروشگاه ایران کالا)", "amenity": null, "shop": "appliance", "tourism": null, "leisure": null, "highway": null, "railway": null, "public_transport": null, "category": "general_retail", "sub_category": "appliance", "category_label": "General Retail", "sub_category_label": "Appliance", "color": "#194aa4", "icon": "shop.svg" }, "geometry": { "type": "Point", "coordinates": [ 51.6844257, 32.6610723 ] } },
{ "type": "Feature", "properties": { "osm_id": 10247839771, "name": "دکتر مهناز معلم-جراح و متخصص زنان و زایمان،نازایی", "amenity": "doctors", "shop": null, "tourism": null, "leisure": null, "highway": null, "railway": null, "public_transport": null, "category": "medical_care", "sub_category": "doctor", "category_label": "Medical Care", "sub_category_label": "Doctor", "color": "#d14a4a", "icon": "doctor.svg" }, "geometry": { "type": "Point", "coordinates": [ 51.6661627, 32.6535946 ] } },
{ "type": "Feature", "properties": { "osm_id": 10247853662, "name": "آزمایشگاه پارت (آزمایشگاه پاتولوژی پارت)", "amenity": null, "shop": null, "tourism": null, "leisure": null, "highway": null, "railway": null, "public_transport": null, "category": "other", "sub_category": "general", "category_label": "Other", "sub_category_label": "General", "color": "#999", "icon": "marker.svg" }, "geometry": { "type": "Point", "coordinates": [ 51.6663425, 32.6551584 ] } },
{ "type": "Feature", "properties": { "osm_id": 10247853663, "name": "دکتر پوریا عادلی-متخصص شیمی درمانی و رادیوتراپی", "amenity": "doctors", "shop": null, "tourism": null, "leisure": null, "highway": null, "railway": null, "public_transport": null, "category": "medical_care", "sub_category": "doctor", "category_label": "Medical Care", "sub_category_label": "Doctor", "color": "#d14a4a", "icon": "doctor.svg" }, "geometry": { "type": "Point", "coordinates": [ 51.666283, 32.6564893 ] } },
{ "type": "Feature", "properties": { "osm_id": 10247877131, "name": "دکتر نیره سید مظفری-متخصص اعصاب و روان،روانپزشک", "amenity": "doctors", "shop": null, "tourism": null, "leisure": null, "highway": null, "railway": null, "public_transport": null, "category": "medical_care", "sub_category": "doctor", "category_label": "Medical Care", "sub_category_label": "Doctor", "color": "#d14a4a", "icon": "doctor.svg" }, "geometry": { "type": "Point", "coordinates": [ 51.666628, 32.6572385 ] } },
{ "type": "Feature", "properties": { "osm_id": 10255438598, "name": "چهارراه باباقاسم", "amenity": null, "shop": null, "tourism": null, "leisure": null, "highway": "bus_stop", "railway": null, "public_transport": "platform", "category": "public_transport", "sub_category": "bus_stop", "category_label": "Public Transportation", "sub_category_label": "Bus Stop", "color": "#1787d4", "icon": "bus.svg" }, "geometry": { "type": "Point", "coordinates": [ 51.6870853, 32.6733573 ] } },
{ "type": "Feature", "properties": { "osm_id": 10255481068, "name": "آبمیوه بستنی امیر", "amenity": "ice_cream", "shop": null, "tourism": null, "leisure": null, "highway": null, "railway": null, "public_transport": null, "category": "food_service", "sub_category": "cafe", "category_label": "Restaurants & Cafes", "sub_category_label": "Cafe", "color": "#b4612f", "icon": "restaurant.svg" }, "geometry": { "type": "Point", "coordinates": [ 51.6874767, 32.6783133 ] } },
{ "type": "Feature", "properties": { "osm_id": 10255481070, "name": "عینک آیسو", "amenity": null, "shop": "optician", "tourism": null, "leisure": null, "highway": null, "railway": null, "public_transport": null, "category": "pharmacy_optical", "sub_category": "optician", "category_label": "Pharmacy & Optical", "sub_category_label": "Optician", "color": "#d14a4a", "icon": "pharmacy.svg" }, "geometry": { "type": "Point", "coordinates": [ 51.684919, 32.6784746 ] } },
{ "type": "Feature", "properties": { "osm_id": 10255481071, "name": "یراق آلات کابینت نصف جهان", "amenity": null, "shop": "hardware", "tourism": null, "leisure": null, "highway": null, "railway": null, "public_transport": null, "category": "general_retail", "sub_category": "hardware_store", "category_label": "General Retail", "sub_category_label": "Hardware Store", "color": "#194aa4", "icon": "shop.svg" }, "geometry": { "type": "Point", "coordinates": [ 51.6851242, 32.6784795 ] } },
{ "type": "Feature", "properties": { "osm_id": 10255481072, "name": "عینک ارکیده", "amenity": null, "shop": "optician", "tourism": null, "leisure": null, "highway": null, "railway": null, "public_transport": null, "category": "pharmacy_optical", "sub_category": "optician", "category_label": "Pharmacy & Optical", "sub_category_label": "Optician", "color": "#d14a4a", "icon": "pharmacy.svg" }, "geometry": { "type": "Point", "coordinates": [ 51.6846217, 32.6784715 ] } },
{ "type": "Feature", "properties": { "osm_id": 10255481073, "name": "عینک ایلیا", "amenity": null, "shop": "optician", "tourism": null, "leisure": null, "highway": null, "railway": null, "public_transport": null, "category": "pharmacy_optical", "sub_category": "optician", "category_label": "Pharmacy & Optical", "sub_category_label": "Optician", "color": "#d14a4a", "icon": "pharmacy.svg" }, "geometry": { "type": "Point", "coordinates": [ 51.6862298, 32.6784083 ] } },
{ "type": "Feature", "properties": { "osm_id": 10255481074, "name": "تعمیرگاه موتور فشارکی", "amenity": null, "shop": "motorcycle_repair", "tourism": null, "leisure": null, "highway": null, "railway": null, "public_transport": null, "category": "general_retail", "sub_category": "motorcycle_repair", "category_label": "General Retail", "sub_category_label": "Motorcycle Repair", "color": "#194aa4", "icon": "shop.svg" }, "geometry": { "type": "Point", "coordinates": [ 51.6858745, 32.6784038 ] } },
{ "type": "Feature", "properties": { "osm_id": 10255481076, "name": "قهوه راد", "amenity": null, "shop": "coffee", "tourism": null, "leisure": null, "highway": null, "railway": null, "public_transport": null, "category": "general_retail", "sub_category": "coffee", "category_label": "General Retail", "sub_category_label": "Coffee", "color": "#194aa4", "icon": "shop.svg" }, "geometry": { "type": "Point", "coordinates": [ 51.6845259, 32.6784724 ] } },
{ "type": "Feature", "properties": { "osm_id": 10255481078, "name": "عینک تینا", "amenity": null, "shop": "optician", "tourism": null, "leisure": null, "highway": null, "railway": null, "public_transport": null, "category": "pharmacy_optical", "sub_category": "optician", "category_label": "Pharmacy & Optical", "sub_category_label": "Optician", "color": "#d14a4a", "icon": "pharmacy.svg" }, "geometry": { "type": "Point", "coordinates": [ 51.6862832, 32.6784318 ] } },
{ "type": "Feature", "properties": { "osm_id": 10255481080, "name": "عینک بینا", "amenity": null, "shop": "optician", "tourism": null, "leisure": null, "highway": null, "railway": null, "public_transport": null, "category": "pharmacy_optical", "sub_category": "optician", "category_label": "Pharmacy & Optical", "sub_category_label": "Optician", "color": "#d14a4a", "icon": "pharmacy.svg" }, "geometry": { "type": "Point", "coordinates": [ 51.6859383, 32.6784029 ] } },
{ "type": "Feature", "properties": { "osm_id": 10255481081, "name": "عینک عماد", "amenity": null, "shop": "optician", "tourism": null, "leisure": null, "highway": null, "railway": null, "public_transport": null, "category": "pharmacy_optical", "sub_category": "optician", "category_label": "Pharmacy & Optical", "sub_category_label": "Optician", "color": "#d14a4a", "icon": "pharmacy.svg" }, "geometry": { "type": "Point", "coordinates": [ 51.6850733, 32.678486 ] } },
{ "type": "Feature", "properties": { "osm_id": 10255481082, "name": "سوپرمارکت میلاد", "amenity": null, "shop": "convenience", "tourism": null, "leisure": null, "highway": null, "railway": null, "public_transport": null, "category": "food_retail", "sub_category": "convenience_store", "category_label": "Grocery & Food Retail", "sub_category_label": "Convenience Store", "color": "#b4612f", "icon": "grocery.svg" }, "geometry": { "type": "Point", "coordinates": [ 51.6841248, 32.6784954 ] } },
{ "type": "Feature", "properties": { "osm_id": 10255481084, "name": "سوپر گوشت رضایت", "amenity": null, "shop": "butcher", "tourism": null, "leisure": null, "highway": null, "railway": null, "public_transport": null, "category": "food_retail", "sub_category": "butcher_shop", "category_label": "Grocery & Food Retail", "sub_category_label": "Butcher Shop", "color": "#b4612f", "icon": "grocery.svg" }, "geometry": { "type": "Point", "coordinates": [ 51.6876363, 32.678344 ] } },
{ "type": "Feature", "properties": { "osm_id": 10255481085, "name": "عینک هرمس", "amenity": null, "shop": "optician", "tourism": null, "leisure": null, "highway": null, "railway": null, "public_transport": null, "category": "pharmacy_optical", "sub_category": "optician", "category_label": "Pharmacy & Optical", "sub_category_label": "Optician", "color": "#d14a4a", "icon": "pharmacy.svg" }, "geometry": { "type": "Point", "coordinates": [ 51.6848711, 32.6784722 ] } },
{ "type": "Feature", "properties": { "osm_id": 10255481086, "name": "آرایشی پرمیس", "amenity": null, "shop": "cosmetics", "tourism": null, "leisure": null, "highway": null, "railway": null, "public_transport": null, "category": "beauty_accessories", "sub_category": "cosmetics_store", "category_label": "Beauty & Accessories", "sub_category_label": "Cosmetics Store", "color": "#194aa4", "icon": "shop.svg" }, "geometry": { "type": "Point", "coordinates": [ 51.6851872, 32.6784787 ] } },
{ "type": "Feature", "properties": { "osm_id": 10255481087, "name": "عینک آیریس", "amenity": null, "shop": "optician", "tourism": null, "leisure": null, "highway": null, "railway": null, "public_transport": null, "category": "pharmacy_optical", "sub_category": "optician", "category_label": "Pharmacy & Optical", "sub_category_label": "Optician", "color": "#d14a4a", "icon": "pharmacy.svg" }, "geometry": { "type": "Point", "coordinates": [ 51.6849711, 32.6784751 ] } },
{ "type": "Feature", "properties": { "osm_id": 10255481088, "name": "کلینیک موتور سیکلت امین", "amenity": null, "shop": "motorcycle_repair", "tourism": null, "leisure": null, "highway": null, "railway": null, "public_transport": null, "category": "general_retail", "sub_category": "motorcycle_repair", "category_label": "General Retail", "sub_category_label": "Motorcycle Repair", "color": "#194aa4", "icon": "shop.svg" }, "geometry": { "type": "Point", "coordinates": [ 51.6840666, 32.6784984 ] } },
{ "type": "Feature", "properties": { "osm_id": 10255481089, "name": "عینک مهدی", "amenity": null, "shop": "optician", "tourism": null, "leisure": null, "highway": null, "railway": null, "public_transport": null, "category": "pharmacy_optical", "sub_category": "optician", "category_label": "Pharmacy & Optical", "sub_category_label": "Optician", "color": "#d14a4a", "icon": "pharmacy.svg" }, "geometry": { "type": "Point", "coordinates": [ 51.6844497, 32.678476 ] } },
{ "type": "Feature", "properties": { "osm_id": 10255481090, "name": "عینک ونوس", "amenity": null, "shop": "optician", "tourism": null, "leisure": null, "highway": null, "railway": null, "public_transport": null, "category": "pharmacy_optical", "sub_category": "optician", "category_label": "Pharmacy & Optical", "sub_category_label": "Optician", "color": "#d14a4a", "icon": "pharmacy.svg" }, "geometry": { "type": "Point", "coordinates": [ 51.6842573, 32.6784923 ] } },
{ "type": "Feature", "properties": { "osm_id": 10255481091, "name": "آژانس املاک نباتی", "amenity": null, "shop": null, "tourism": null, "leisure": null, "highway": null, "railway": null, "public_transport": null, "category": "other", "sub_category": "general", "category_label": "Other", "sub_category_label": "General", "color": "#999", "icon": "marker.svg" }, "geometry": { "type": "Point", "coordinates": [ 51.6839683, 32.6785096 ] } },
{ "type": "Feature", "properties": { "osm_id": 10255481092, "name": "جوجه زغالی دانیال", "amenity": "restaurant", "shop": null, "tourism": null, "leisure": null, "highway": null, "railway": null, "public_transport": null, "category": "food_service", "sub_category": "restaurant", "category_label": "Restaurants & Cafes", "sub_category_label": "Restaurant", "color": "#b4612f", "icon": "restaurant.svg" }, "geometry": { "type": "Point", "coordinates": [ 51.6843299, 32.6784922 ] } },
{ "type": "Feature", "properties": { "osm_id": 10255481093, "name": "عینک پارس لنز", "amenity": null, "shop": "optician", "tourism": null, "leisure": null, "highway": null, "railway": null, "public_transport": null, "category": "pharmacy_optical", "sub_category": "optician", "category_label": "Pharmacy & Optical", "sub_category_label": "Optician", "color": "#d14a4a", "icon": "pharmacy.svg" }, "geometry": { "type": "Point", "coordinates": [ 51.6875171, 32.6783216 ] } },
{ "type": "Feature", "properties": { "osm_id": 10255481094, "name": "عینک دبی", "amenity": null, "shop": "optician", "tourism": null, "leisure": null, "highway": null, "railway": null, "public_transport": null, "category": "pharmacy_optical", "sub_category": "optician", "category_label": "Pharmacy & Optical", "sub_category_label": "Optician", "color": "#d14a4a", "icon": "pharmacy.svg" }, "geometry": { "type": "Point", "coordinates": [ 51.686076, 32.6784073 ] } },
{ "type": "Feature", "properties": { "osm_id": 10255481097, "name": "داروخانه دکتر بندگانی", "amenity": "pharmacy", "shop": null, "tourism": null, "leisure": null, "highway": null, "railway": null, "public_transport": null, "category": "pharmacy_optical", "sub_category": "pharmacy", "category_label": "Pharmacy & Optical", "sub_category_label": "Pharmacy", "color": "#d14a4a", "icon": "pharmacy.svg" }, "geometry": { "type": "Point", "coordinates": [ 51.6871935, 32.6783301 ] } },
{ "type": "Feature", "properties": { "osm_id": 10255481099, "name": "عینک کلاسیک", "amenity": null, "shop": "optician", "tourism": null, "leisure": null, "highway": null, "railway": null, "public_transport": null, "category": "pharmacy_optical", "sub_category": "optician", "category_label": "Pharmacy & Optical", "sub_category_label": "Optician", "color": "#d14a4a", "icon": "pharmacy.svg" }, "geometry": { "type": "Point", "coordinates": [ 51.6839186, 32.6785191 ] } },
{ "type": "Feature", "properties": { "osm_id": 10255481101, "name": "پلاستیک مدرس", "amenity": null, "shop": "general", "tourism": null, "leisure": null, "highway": null, "railway": null, "public_transport": null, "category": "general_retail", "sub_category": "store", "category_label": "General Retail", "sub_category_label": "Store", "color": "#194aa4", "icon": "shop.svg" }, "geometry": { "type": "Point", "coordinates": [ 51.687426, 32.6783125 ] } },
{ "type": "Feature", "properties": { "osm_id": 10255481102, "name": null, "amenity": "atm", "shop": null, "tourism": null, "leisure": null, "highway": null, "railway": null, "public_transport": null, "category": "finance", "sub_category": "atm", "category_label": "Banking & Finance", "sub_category_label": "Atm", "color": "#4e497c", "icon": "bank.svg" }, "geometry": { "type": "Point", "coordinates": [ 51.6866595, 32.6784049 ] } },
{ "type": "Feature", "properties": { "osm_id": 10255481103, "name": "آجیل قدس", "amenity": null, "shop": "nuts", "tourism": null, "leisure": null, "highway": null, "railway": null, "public_transport": null, "category": "food_retail", "sub_category": "nuts_store", "category_label": "Grocery & Food Retail", "sub_category_label": "Nuts Store", "color": "#b4612f", "icon": "grocery.svg" }, "geometry": { "type": "Point", "coordinates": [ 51.6875633, 32.6783292 ] } },
{ "type": "Feature", "properties": { "osm_id": 10267665346, "name": "چهارراه باباقاسم", "amenity": null, "shop": null, "tourism": null, "leisure": null, "highway": "bus_stop", "railway": null, "public_transport": "platform", "category": "public_transport", "sub_category": "bus_stop", "category_label": "Public Transportation", "sub_category_label": "Bus Stop", "color": "#1787d4", "icon": "bus.svg" }, "geometry": { "type": "Point", "coordinates": [ 51.6882554, 32.6731159 ] } },
{ "type": "Feature", "properties": { "osm_id": 10277855678, "name": "ماد مدیا", "amenity": null, "shop": null, "tourism": null, "leisure": null, "highway": null, "railway": null, "public_transport": null, "category": "other", "sub_category": "general", "category_label": "Other", "sub_category_label": "General", "color": "#999", "icon": "marker.svg" }, "geometry": { "type": "Point", "coordinates": [ 51.6700146, 32.667021 ] } },
{ "type": "Feature", "properties": { "osm_id": 10277876260, "name": "گروه مهندسی لعل فام", "amenity": null, "shop": "computer", "tourism": null, "leisure": null, "highway": null, "railway": null, "public_transport": null, "category": "general_retail", "sub_category": "electronics_store", "category_label": "General Retail", "sub_category_label": "Electronics Store", "color": "#194aa4", "icon": "shop.svg" }, "geometry": { "type": "Point", "coordinates": [ 51.6540376, 32.6580229 ] } },
{ "type": "Feature", "properties": { "osm_id": 10285781649, "name": "شهرداری منطقه 3", "amenity": null, "shop": null, "tourism": null, "leisure": null, "highway": null, "railway": null, "public_transport": "stop_position", "category": "other", "sub_category": "general", "category_label": "Other", "sub_category_label": "General", "color": "#999", "icon": "marker.svg" }, "geometry": { "type": "Point", "coordinates": [ 51.6947562, 32.6685539 ] } },
{ "type": "Feature", "properties": { "osm_id": 10285781650, "name": "پارک", "amenity": null, "shop": null, "tourism": null, "leisure": null, "highway": null, "railway": null, "public_transport": "stop_position", "category": "other", "sub_category": "general", "category_label": "Other", "sub_category_label": "General", "color": "#999", "icon": "marker.svg" }, "geometry": { "type": "Point", "coordinates": [ 51.6909549, 32.6709381 ] } },
{ "type": "Feature", "properties": { "osm_id": 10285781651, "name": "چهارراه باباقاسم", "amenity": null, "shop": null, "tourism": null, "leisure": null, "highway": null, "railway": null, "public_transport": "stop_position", "category": "other", "sub_category": "general", "category_label": "Other", "sub_category_label": "General", "color": "#999", "icon": "marker.svg" }, "geometry": { "type": "Point", "coordinates": [ 51.6883037, 32.6731735 ] } },
{ "type": "Feature", "properties": { "osm_id": 10285781652, "name": "میدان امام علی", "amenity": null, "shop": null, "tourism": null, "leisure": null, "highway": null, "railway": null, "public_transport": "stop_position", "category": "other", "sub_category": "general", "category_label": "Other", "sub_category_label": "General", "color": "#999", "icon": "marker.svg" }, "geometry": { "type": "Point", "coordinates": [ 51.686744, 32.6715848 ] } },
{ "type": "Feature", "properties": { "osm_id": 10285813756, "name": "گلزار", "amenity": null, "shop": null, "tourism": null, "leisure": null, "highway": "bus_stop", "railway": null, "public_transport": "platform", "category": "public_transport", "sub_category": "bus_stop", "category_label": "Public Transportation", "sub_category_label": "Bus Stop", "color": "#1787d4", "icon": "bus.svg" }, "geometry": { "type": "Point", "coordinates": [ 51.6934407, 32.6524938 ] } },
{ "type": "Feature", "properties": { "osm_id": 10285813757, "name": "مسجد خان", "amenity": null, "shop": null, "tourism": null, "leisure": null, "highway": "bus_stop", "railway": null, "public_transport": "platform", "category": "public_transport", "sub_category": "bus_stop", "category_label": "Public Transportation", "sub_category_label": "Bus Stop", "color": "#1787d4", "icon": "bus.svg" }, "geometry": { "type": "Point", "coordinates": [ 51.6898466, 32.6524938 ] } },
{ "type": "Feature", "properties": { "osm_id": 10285813761, "name": "بیمارستان خورشید", "amenity": null, "shop": null, "tourism": null, "leisure": null, "highway": "bus_stop", "railway": null, "public_transport": "platform", "category": "public_transport", "sub_category": "bus_stop", "category_label": "Public Transportation", "sub_category_label": "Bus Stop", "color": "#1787d4", "icon": "bus.svg" }, "geometry": { "type": "Point", "coordinates": [ 51.6758476, 32.6530527 ] } },
{ "type": "Feature", "properties": { "osm_id": 10285813762, "name": "بیمارستان خورشید", "amenity": null, "shop": null, "tourism": null, "leisure": null, "highway": null, "railway": null, "public_transport": "stop_position", "category": "other", "sub_category": "general", "category_label": "Other", "sub_category_label": "General", "color": "#999", "icon": "marker.svg" }, "geometry": { "type": "Point", "coordinates": [ 51.6758158, 32.6530486 ] } },
{ "type": "Feature", "properties": { "osm_id": 10285813763, "name": "پارک شهید رجایی", "amenity": null, "shop": null, "tourism": null, "leisure": null, "highway": null, "railway": null, "public_transport": "stop_position", "category": "other", "sub_category": "general", "category_label": "Other", "sub_category_label": "General", "color": "#999", "icon": "marker.svg" }, "geometry": { "type": "Point", "coordinates": [ 51.6721619, 32.6545987 ] } },
{ "type": "Feature", "properties": { "osm_id": 10285834387, "name": "قصر منشی", "amenity": null, "shop": null, "tourism": null, "leisure": null, "highway": null, "railway": null, "public_transport": "stop_position", "category": "other", "sub_category": "general", "category_label": "Other", "sub_category_label": "General", "color": "#999", "icon": "marker.svg" }, "geometry": { "type": "Point", "coordinates": [ 51.682382, 32.6527851 ] } },
{ "type": "Feature", "properties": { "osm_id": 10285834388, "name": "بیت الحسین", "amenity": null, "shop": null, "tourism": null, "leisure": null, "highway": null, "railway": null, "public_transport": "stop_position", "category": "other", "sub_category": "general", "category_label": "Other", "sub_category_label": "General", "color": "#999", "icon": "marker.svg" }, "geometry": { "type": "Point", "coordinates": [ 51.6830962, 32.6557541 ] } },
{ "type": "Feature", "properties": { "osm_id": 10285834389, "name": "چهارراه شکرشکن", "amenity": null, "shop": null, "tourism": null, "leisure": null, "highway": "bus_stop", "railway": null, "public_transport": "platform", "category": "public_transport", "sub_category": "bus_stop", "category_label": "Public Transportation", "sub_category_label": "Bus Stop", "color": "#1787d4", "icon": "bus.svg" }, "geometry": { "type": "Point", "coordinates": [ 51.684018, 32.6594784 ] } },
{ "type": "Feature", "properties": { "osm_id": 10285834390, "name": "ابتدای هاتف", "amenity": null, "shop": null, "tourism": null, "leisure": null, "highway": null, "railway": null, "public_transport": "stop_position", "category": "other", "sub_category": "general", "category_label": "Other", "sub_category_label": "General", "color": "#999", "icon": "marker.svg" }, "geometry": { "type": "Point", "coordinates": [ 51.6843763, 32.6613169 ] } },
{ "type": "Feature", "properties": { "osm_id": 10285834391, "name": "امامزاده", "amenity": null, "shop": null, "tourism": null, "leisure": null, "highway": "bus_stop", "railway": null, "public_transport": "platform", "category": "public_transport", "sub_category": "bus_stop", "category_label": "Public Transportation", "sub_category_label": "Bus Stop", "color": "#1787d4", "icon": "bus.svg" }, "geometry": { "type": "Point", "coordinates": [ 51.6848483, 32.6635603 ] } },
{ "type": "Feature", "properties": { "osm_id": 10285834392, "name": "امامزاده", "amenity": null, "shop": null, "tourism": null, "leisure": null, "highway": "bus_stop", "railway": null, "public_transport": "platform", "category": "public_transport", "sub_category": "bus_stop", "category_label": "Public Transportation", "sub_category_label": "Bus Stop", "color": "#1787d4", "icon": "bus.svg" }, "geometry": { "type": "Point", "coordinates": [ 51.6850082, 32.6638149 ] } },
{ "type": "Feature", "properties": { "osm_id": 10286055742, "name": "تابلوساز حاجی پور", "amenity": null, "shop": "electrical", "tourism": null, "leisure": null, "highway": null, "railway": null, "public_transport": null, "category": "general_retail", "sub_category": "electrical", "category_label": "General Retail", "sub_category_label": "Electrical", "color": "#194aa4", "icon": "shop.svg" }, "geometry": { "type": "Point", "coordinates": [ 51.6773932, 32.6664765 ] } },
{ "type": "Feature", "properties": { "osm_id": 10286435509, "name": "میدان قدس", "amenity": null, "shop": null, "tourism": null, "leisure": null, "highway": "bus_stop", "railway": null, "public_transport": "platform", "category": "public_transport", "sub_category": "bus_stop", "category_label": "Public Transportation", "sub_category_label": "Bus Stop", "color": "#1787d4", "icon": "bus.svg" }, "geometry": { "type": "Point", "coordinates": [ 51.688031, 32.676758 ] } },
{ "type": "Feature", "properties": { "osm_id": 10286435510, "name": "میدان قدس", "amenity": null, "shop": null, "tourism": null, "leisure": null, "highway": "bus_stop", "railway": null, "public_transport": "platform", "category": "public_transport", "sub_category": "bus_stop", "category_label": "Public Transportation", "sub_category_label": "Bus Stop", "color": "#1787d4", "icon": "bus.svg" }, "geometry": { "type": "Point", "coordinates": [ 51.6880632, 32.6777117 ] } },
{ "type": "Feature", "properties": { "osm_id": 10286435511, "name": "ابتدای لاله", "amenity": null, "shop": null, "tourism": null, "leisure": null, "highway": "bus_stop", "railway": null, "public_transport": "platform", "category": "public_transport", "sub_category": "bus_stop", "category_label": "Public Transportation", "sub_category_label": "Bus Stop", "color": "#1787d4", "icon": "bus.svg" }, "geometry": { "type": "Point", "coordinates": [ 51.688605, 32.6791024 ] } },
{ "type": "Feature", "properties": { "osm_id": 10286435512, "name": "میدان قدس", "amenity": null, "shop": null, "tourism": null, "leisure": null, "highway": "bus_stop", "railway": null, "public_transport": "platform", "category": "public_transport", "sub_category": "bus_stop", "category_label": "Public Transportation", "sub_category_label": "Bus Stop", "color": "#1787d4", "icon": "bus.svg" }, "geometry": { "type": "Point", "coordinates": [ 51.6885407, 32.6799016 ] } },
{ "type": "Feature", "properties": { "osm_id": 10286435513, "name": "پایانه باغ قوشخانه", "amenity": null, "shop": null, "tourism": null, "leisure": null, "highway": "bus_stop", "railway": null, "public_transport": "platform", "category": "public_transport", "sub_category": "bus_stop", "category_label": "Public Transportation", "sub_category_label": "Bus Stop", "color": "#1787d4", "icon": "bus.svg" }, "geometry": { "type": "Point", "coordinates": [ 51.690901, 32.683812 ] } },
{ "type": "Feature", "properties": { "osm_id": 10288190558, "name": "چهارراه باباقاسم", "amenity": null, "shop": null, "tourism": null, "leisure": null, "highway": "bus_stop", "railway": null, "public_transport": "platform", "category": "public_transport", "sub_category": "bus_stop", "category_label": "Public Transportation", "sub_category_label": "Bus Stop", "color": "#1787d4", "icon": "bus.svg" }, "geometry": { "type": "Point", "coordinates": [ 51.688233, 32.6730876 ] } },
{ "type": "Feature", "properties": { "osm_id": 10288198074, "name": "شهرداری منطقه 3", "amenity": null, "shop": null, "tourism": null, "leisure": null, "highway": "bus_stop", "railway": null, "public_transport": "platform", "category": "public_transport", "sub_category": "bus_stop", "category_label": "Public Transportation", "sub_category_label": "Bus Stop", "color": "#1787d4", "icon": "bus.svg" }, "geometry": { "type": "Point", "coordinates": [ 51.6948219, 32.6685685 ] } },
{ "type": "Feature", "properties": { "osm_id": 10288198075, "name": "پارک", "amenity": null, "shop": null, "tourism": null, "leisure": null, "highway": "bus_stop", "railway": null, "public_transport": "platform", "category": "public_transport", "sub_category": "bus_stop", "category_label": "Public Transportation", "sub_category_label": "Bus Stop", "color": "#1787d4", "icon": "bus.svg" }, "geometry": { "type": "Point", "coordinates": [ 51.6909944, 32.6709528 ] } },
{ "type": "Feature", "properties": { "osm_id": 10288198076, "name": "چهارراه باباقاسم", "amenity": null, "shop": null, "tourism": null, "leisure": null, "highway": "bus_stop", "railway": null, "public_transport": "platform", "category": "public_transport", "sub_category": "bus_stop", "category_label": "Public Transportation", "sub_category_label": "Bus Stop", "color": "#1787d4", "icon": "bus.svg" }, "geometry": { "type": "Point", "coordinates": [ 51.6883366, 32.6731885 ] } },
{ "type": "Feature", "properties": { "osm_id": 10289017395, "name": "پارک", "amenity": null, "shop": null, "tourism": null, "leisure": null, "highway": null, "railway": null, "public_transport": "stop_position", "category": "other", "sub_category": "general", "category_label": "Other", "sub_category_label": "General", "color": "#999", "icon": "marker.svg" }, "geometry": { "type": "Point", "coordinates": [ 51.6908897, 32.6709042 ] } },
{ "type": "Feature", "properties": { "osm_id": 10289017396, "name": "پارک", "amenity": null, "shop": null, "tourism": null, "leisure": null, "highway": "bus_stop", "railway": null, "public_transport": "platform", "category": "public_transport", "sub_category": "bus_stop", "category_label": "Public Transportation", "sub_category_label": "Bus Stop", "color": "#1787d4", "icon": "bus.svg" }, "geometry": { "type": "Point", "coordinates": [ 51.6908539, 32.670889 ] } },
{ "type": "Feature", "properties": { "osm_id": 10289017397, "name": "شهرداری منطقه 3", "amenity": null, "shop": null, "tourism": null, "leisure": null, "highway": null, "railway": null, "public_transport": "stop_position", "category": "other", "sub_category": "general", "category_label": "Other", "sub_category_label": "General", "color": "#999", "icon": "marker.svg" }, "geometry": { "type": "Point", "coordinates": [ 51.6942983, 32.6686361 ] } },
{ "type": "Feature", "properties": { "osm_id": 10289017398, "name": "شهرداری منطقه 3", "amenity": null, "shop": null, "tourism": null, "leisure": null, "highway": "bus_stop", "railway": null, "public_transport": "platform", "category": "public_transport", "sub_category": "bus_stop", "category_label": "Public Transportation", "sub_category_label": "Bus Stop", "color": "#1787d4", "icon": "bus.svg" }, "geometry": { "type": "Point", "coordinates": [ 51.6942871, 32.6686096 ] } },
{ "type": "Feature", "properties": { "osm_id": 10295363711, "name": "گالری مبلمان اداری نادکو", "amenity": null, "shop": "furniture", "tourism": null, "leisure": null, "highway": null, "railway": null, "public_transport": null, "category": "home_goods", "sub_category": "furniture", "category_label": "Home & Furniture", "sub_category_label": "Furniture", "color": "#194aa4", "icon": "furniture.svg" }, "geometry": { "type": "Point", "coordinates": [ 51.6752892, 32.6551502 ] } },
{ "type": "Feature", "properties": { "osm_id": 10298744908, "name": "پارک شهید رجایی", "amenity": null, "shop": null, "tourism": null, "leisure": null, "highway": "bus_stop", "railway": null, "public_transport": "platform", "category": "public_transport", "sub_category": "bus_stop", "category_label": "Public Transportation", "sub_category_label": "Bus Stop", "color": "#1787d4", "icon": "bus.svg" }, "geometry": { "type": "Point", "coordinates": [ 51.6721975, 32.6545883 ] } },
{ "type": "Feature", "properties": { "osm_id": 10298845067, "name": "گلزار", "amenity": null, "shop": null, "tourism": null, "leisure": null, "highway": null, "railway": null, "public_transport": "stop_position", "category": "other", "sub_category": "general", "category_label": "Other", "sub_category_label": "General", "color": "#999", "icon": "marker.svg" }, "geometry": { "type": "Point", "coordinates": [ 51.693445, 32.6525555 ] } },
{ "type": "Feature", "properties": { "osm_id": 10298845069, "name": "مسجد خان", "amenity": null, "shop": null, "tourism": null, "leisure": null, "highway": null, "railway": null, "public_transport": "stop_position", "category": "other", "sub_category": "general", "category_label": "Other", "sub_category_label": "General", "color": "#999", "icon": "marker.svg" }, "geometry": { "type": "Point", "coordinates": [ 51.6898406, 32.6525505 ] } },
{ "type": "Feature", "properties": { "osm_id": 10299051209, "name": "پارک شهید رحایی", "amenity": null, "shop": null, "tourism": null, "leisure": null, "highway": null, "railway": null, "public_transport": "stop_position", "category": "other", "sub_category": "general", "category_label": "Other", "sub_category_label": "General", "color": "#999", "icon": "marker.svg" }, "geometry": { "type": "Point", "coordinates": [ 51.6720002, 32.6545569 ] } },
{ "type": "Feature", "properties": { "osm_id": 10299051210, "name": "پارک شهید رجایی", "amenity": null, "shop": null, "tourism": null, "leisure": null, "highway": "bus_stop", "railway": null, "public_transport": "platform", "category": "public_transport", "sub_category": "bus_stop", "category_label": "Public Transportation", "sub_category_label": "Bus Stop", "color": "#1787d4", "icon": "bus.svg" }, "geometry": { "type": "Point", "coordinates": [ 51.671965, 32.6545544 ] } },
{ "type": "Feature", "properties": { "osm_id": 10302134005, "name": "جهان نما", "amenity": null, "shop": null, "tourism": null, "leisure": null, "highway": null, "railway": null, "public_transport": "stop_position", "category": "other", "sub_category": "general", "category_label": "Other", "sub_category_label": "General", "color": "#999", "icon": "marker.svg" }, "geometry": { "type": "Point", "coordinates": [ 51.6664924, 32.6571319 ] } },
{ "type": "Feature", "properties": { "osm_id": 10302134006, "name": "جهان نما", "amenity": null, "shop": null, "tourism": null, "leisure": null, "highway": "bus_stop", "railway": null, "public_transport": "platform", "category": "public_transport", "sub_category": "bus_stop", "category_label": "Public Transportation", "sub_category_label": "Bus Stop", "color": "#1787d4", "icon": "bus.svg" }, "geometry": { "type": "Point", "coordinates": [ 51.6665211, 32.6571269 ] } },
{ "type": "Feature", "properties": { "osm_id": 10302144212, "name": "بیمارستان خورشید", "amenity": null, "shop": null, "tourism": null, "leisure": null, "highway": null, "railway": null, "public_transport": "stop_position", "category": "other", "sub_category": "general", "category_label": "Other", "sub_category_label": "General", "color": "#999", "icon": "marker.svg" }, "geometry": { "type": "Point", "coordinates": [ 51.6757891, 32.6530428 ] } },
{ "type": "Feature", "properties": { "osm_id": 10302144213, "name": "بیمارستان خورشید", "amenity": null, "shop": null, "tourism": null, "leisure": null, "highway": "bus_stop", "railway": null, "public_transport": "platform", "category": "public_transport", "sub_category": "bus_stop", "category_label": "Public Transportation", "sub_category_label": "Bus Stop", "color": "#1787d4", "icon": "bus.svg" }, "geometry": { "type": "Point", "coordinates": [ 51.6757733, 32.6530413 ] } },
{ "type": "Feature", "properties": { "osm_id": 10303237417, "name": null, "amenity": null, "shop": null, "tourism": null, "leisure": null, "highway": "crossing", "railway": null, "public_transport": null, "category": "parking_road_facility", "sub_category": "crossing", "category_label": "Parking & Road Facilities", "sub_category_label": "Crossing", "color": "#78523e", "icon": "parking.svg" }, "geometry": { "type": "Point", "coordinates": [ 51.6744109, 32.6579653 ] } },
{ "type": "Feature", "properties": { "osm_id": 10308274219, "name": "آراسته", "amenity": null, "shop": null, "tourism": null, "leisure": null, "highway": null, "railway": null, "public_transport": "stop_position", "category": "other", "sub_category": "general", "category_label": "Other", "sub_category_label": "General", "color": "#999", "icon": "marker.svg" }, "geometry": { "type": "Point", "coordinates": [ 51.6942811, 32.6538026 ] } },
{ "type": "Feature", "properties": { "osm_id": 10308274220, "name": "چشمه باقرخان", "amenity": null, "shop": null, "tourism": null, "leisure": null, "highway": null, "railway": null, "public_transport": "stop_position", "category": "other", "sub_category": "general", "category_label": "Other", "sub_category_label": "General", "color": "#999", "icon": "marker.svg" }, "geometry": { "type": "Point", "coordinates": [ 51.694162, 32.6566158 ] } },
{ "type": "Feature", "properties": { "osm_id": 10308274221, "name": "ابتدای خواجه نظام الملک", "amenity": null, "shop": null, "tourism": null, "leisure": null, "highway": null, "railway": null, "public_transport": "stop_position", "category": "other", "sub_category": "general", "category_label": "Other", "sub_category_label": "General", "color": "#999", "icon": "marker.svg" }, "geometry": { "type": "Point", "coordinates": [ 51.693796, 32.6630831 ] } },
{ "type": "Feature", "properties": { "osm_id": 10308274222, "name": "چهارراه ولی عصر", "amenity": null, "shop": null, "tourism": null, "leisure": null, "highway": null, "railway": null, "public_transport": "stop_position", "category": "other", "sub_category": "general", "category_label": "Other", "sub_category_label": "General", "color": "#999", "icon": "marker.svg" }, "geometry": { "type": "Point", "coordinates": [ 51.694254, 32.6652234 ] } },
{ "type": "Feature", "properties": { "osm_id": 10308274223, "name": "میدان امام علی (ع)", "amenity": null, "shop": null, "tourism": null, "leisure": null, "highway": "bus_stop", "railway": null, "public_transport": "platform", "category": "public_transport", "sub_category": "bus_stop", "category_label": "Public Transportation", "sub_category_label": "Bus Stop", "color": "#1787d4", "icon": "bus.svg" }, "geometry": { "type": "Point", "coordinates": [ 51.6867966, 32.6674296 ] } },
{ "type": "Feature", "properties": { "osm_id": 10308510809, "name": "چهارراه ولی عصر", "amenity": null, "shop": null, "tourism": null, "leisure": null, "highway": null, "railway": null, "public_transport": "stop_position", "category": "other", "sub_category": "general", "category_label": "Other", "sub_category_label": "General", "color": "#999", "icon": "marker.svg" }, "geometry": { "type": "Point", "coordinates": [ 51.6942085, 32.6655487 ] } },
{ "type": "Feature", "properties": { "osm_id": 10308510810, "name": "ابتدای خواجه نظام الملک", "amenity": null, "shop": null, "tourism": null, "leisure": null, "highway": null, "railway": null, "public_transport": "stop_position", "category": "other", "sub_category": "general", "category_label": "Other", "sub_category_label": "General", "color": "#999", "icon": "marker.svg" }, "geometry": { "type": "Point", "coordinates": [ 51.6936012, 32.6625106 ] } },
{ "type": "Feature", "properties": { "osm_id": 10308510811, "name": "چشمه باقرخان", "amenity": null, "shop": null, "tourism": null, "leisure": null, "highway": null, "railway": null, "public_transport": "stop_position", "category": "other", "sub_category": "general", "category_label": "Other", "sub_category_label": "General", "color": "#999", "icon": "marker.svg" }, "geometry": { "type": "Point", "coordinates": [ 51.6941069, 32.6568688 ] } },
{ "type": "Feature", "properties": { "osm_id": 10308510812, "name": "آراسته", "amenity": null, "shop": null, "tourism": null, "leisure": null, "highway": null, "railway": null, "public_transport": "stop_position", "category": "other", "sub_category": "general", "category_label": "Other", "sub_category_label": "General", "color": "#999", "icon": "marker.svg" }, "geometry": { "type": "Point", "coordinates": [ 51.6942857, 32.6539774 ] } },
{ "type": "Feature", "properties": { "osm_id": 10308546021, "name": "قصر منشی", "amenity": null, "shop": null, "tourism": null, "leisure": null, "highway": "bus_stop", "railway": null, "public_transport": "platform", "category": "public_transport", "sub_category": "bus_stop", "category_label": "Public Transportation", "sub_category_label": "Bus Stop", "color": "#1787d4", "icon": "bus.svg" }, "geometry": { "type": "Point", "coordinates": [ 51.6824134, 32.6527859 ] } },
{ "type": "Feature", "properties": { "osm_id": 10308546022, "name": "بیت الحسین", "amenity": null, "shop": null, "tourism": null, "leisure": null, "highway": "bus_stop", "railway": null, "public_transport": "platform", "category": "public_transport", "sub_category": "bus_stop", "category_label": "Public Transportation", "sub_category_label": "Bus Stop", "color": "#1787d4", "icon": "bus.svg" }, "geometry": { "type": "Point", "coordinates": [ 51.6831287, 32.6557505 ] } },
{ "type": "Feature", "properties": { "osm_id": 10308546023, "name": "چهارراه شکرشکن", "amenity": null, "shop": null, "tourism": null, "leisure": null, "highway": null, "railway": null, "public_transport": "stop_position", "category": "other", "sub_category": "general", "category_label": "Other", "sub_category_label": "General", "color": "#999", "icon": "marker.svg" }, "geometry": { "type": "Point", "coordinates": [ 51.6839628, 32.6594881 ] } },
{ "type": "Feature", "properties": { "osm_id": 10308546024, "name": "ابتدای هاتف", "amenity": null, "shop": null, "tourism": null, "leisure": null, "highway": "bus_stop", "railway": null, "public_transport": "platform", "category": "public_transport", "sub_category": "bus_stop", "category_label": "Public Transportation", "sub_category_label": "Bus Stop", "color": "#1787d4", "icon": "bus.svg" }, "geometry": { "type": "Point", "coordinates": [ 51.6844082, 32.6613074 ] } },
{ "type": "Feature", "properties": { "osm_id": 10308546026, "name": "چهارراه باباقاسم", "amenity": null, "shop": null, "tourism": null, "leisure": null, "highway": null, "railway": null, "public_transport": "stop_position", "category": "other", "sub_category": "general", "category_label": "Other", "sub_category_label": "General", "color": "#999", "icon": "marker.svg" }, "geometry": { "type": "Point", "coordinates": [ 51.6871037, 32.6728734 ] } },
{ "type": "Feature", "properties": { "osm_id": 10308546027, "name": "چهارراه باباقاسم", "amenity": null, "shop": null, "tourism": null, "leisure": null, "highway": "bus_stop", "railway": null, "public_transport": "platform", "category": "public_transport", "sub_category": "bus_stop", "category_label": "Public Transportation", "sub_category_label": "Bus Stop", "color": "#1787d4", "icon": "bus.svg" }, "geometry": { "type": "Point", "coordinates": [ 51.6871192, 32.67287 ] } },
{ "type": "Feature", "properties": { "osm_id": 10308546028, "name": "میدان قدس", "amenity": null, "shop": null, "tourism": null, "leisure": null, "highway": null, "railway": null, "public_transport": "stop_position", "category": "other", "sub_category": "general", "category_label": "Other", "sub_category_label": "General", "color": "#999", "icon": "marker.svg" }, "geometry": { "type": "Point", "coordinates": [ 51.6879947, 32.676758 ] } },
{ "type": "Feature", "properties": { "osm_id": 10308546029, "name": "ابتدای لاله", "amenity": null, "shop": null, "tourism": null, "leisure": null, "highway": null, "railway": null, "public_transport": "stop_position", "category": "other", "sub_category": "general", "category_label": "Other", "sub_category_label": "General", "color": "#999", "icon": "marker.svg" }, "geometry": { "type": "Point", "coordinates": [ 51.6885617, 32.6791164 ] } },
{ "type": "Feature", "properties": { "osm_id": 10308546030, "name": "پایانه باغ قوشخانه", "amenity": null, "shop": null, "tourism": null, "leisure": null, "highway": null, "railway": null, "public_transport": "stop_position", "category": "other", "sub_category": "general", "category_label": "Other", "sub_category_label": "General", "color": "#999", "icon": "marker.svg" }, "geometry": { "type": "Point", "coordinates": [ 51.6908813, 32.6838375 ] } },
{ "type": "Feature", "properties": { "osm_id": 10314575410, "name": "پایانه باغ قوشخانه", "amenity": null, "shop": null, "tourism": null, "leisure": null, "highway": null, "railway": null, "public_transport": "stop_position", "category": "other", "sub_category": "general", "category_label": "Other", "sub_category_label": "General", "color": "#999", "icon": "marker.svg" }, "geometry": { "type": "Point", "coordinates": [ 51.6909668, 32.684031 ] } },
{ "type": "Feature", "properties": { "osm_id": 10314575411, "name": "میدان قدس", "amenity": null, "shop": null, "tourism": null, "leisure": null, "highway": null, "railway": null, "public_transport": "stop_position", "category": "other", "sub_category": "general", "category_label": "Other", "sub_category_label": "General", "color": "#999", "icon": "marker.svg" }, "geometry": { "type": "Point", "coordinates": [ 51.6881059, 32.6777316 ] } },
{ "type": "Feature", "properties": { "osm_id": 10314575412, "name": "چهارراه باباقاسم", "amenity": null, "shop": null, "tourism": null, "leisure": null, "highway": null, "railway": null, "public_transport": "stop_position", "category": "other", "sub_category": "general", "category_label": "Other", "sub_category_label": "General", "color": "#999", "icon": "marker.svg" }, "geometry": { "type": "Point", "coordinates": [ 51.6871416, 32.6733757 ] } },
{ "type": "Feature", "properties": { "osm_id": 10314575413, "name": "میدان امام علی (ع)", "amenity": null, "shop": null, "tourism": null, "leisure": null, "highway": "bus_stop", "railway": null, "public_transport": "platform", "category": "public_transport", "sub_category": "bus_stop", "category_label": "Public Transportation", "sub_category_label": "Bus Stop", "color": "#1787d4", "icon": "bus.svg" }, "geometry": { "type": "Point", "coordinates": [ 51.686716, 32.6715885 ] } },
{ "type": "Feature", "properties": { "osm_id": 10314575414, "name": "امامزاده", "amenity": null, "shop": null, "tourism": null, "leisure": null, "highway": null, "railway": null, "public_transport": "stop_position", "category": "other", "sub_category": "general", "category_label": "Other", "sub_category_label": "General", "color": "#999", "icon": "marker.svg" }, "geometry": { "type": "Point", "coordinates": [ 51.6849003, 32.6635497 ] } },
{ "type": "Feature", "properties": { "osm_id": 10314597180, "name": "بیت الحسین", "amenity": null, "shop": null, "tourism": null, "leisure": null, "highway": null, "railway": null, "public_transport": "stop_position", "category": "other", "sub_category": "general", "category_label": "Other", "sub_category_label": "General", "color": "#999", "icon": "marker.svg" }, "geometry": { "type": "Point", "coordinates": [ 51.6830731, 32.6556461 ] } },
{ "type": "Feature", "properties": { "osm_id": 10314597181, "name": "قصر منشی", "amenity": null, "shop": null, "tourism": null, "leisure": null, "highway": null, "railway": null, "public_transport": "stop_position", "category": "other", "sub_category": "general", "category_label": "Other", "sub_category_label": "General", "color": "#999", "icon": "marker.svg" }, "geometry": { "type": "Point", "coordinates": [ 51.6824443, 32.6530561 ] } },
{ "type": "Feature", "properties": { "osm_id": 10314597182, "name": "قصر منشی", "amenity": null, "shop": null, "tourism": null, "leisure": null, "highway": "bus_stop", "railway": null, "public_transport": "platform", "category": "public_transport", "sub_category": "bus_stop", "category_label": "Public Transportation", "sub_category_label": "Bus Stop", "color": "#1787d4", "icon": "bus.svg" }, "geometry": { "type": "Point", "coordinates": [ 51.6824084, 32.6530574 ] } },
{ "type": "Feature", "properties": { "osm_id": 10556317323, "name": "میدان جمهوری اسلامی", "amenity": null, "shop": null, "tourism": null, "leisure": null, "highway": null, "railway": null, "public_transport": "stop_position", "category": "other", "sub_category": "general", "category_label": "Other", "sub_category_label": "General", "color": "#999", "icon": "marker.svg" }, "geometry": { "type": "Point", "coordinates": [ 51.6513454, 32.674859 ] } },
{ "type": "Feature", "properties": { "osm_id": 10556317324, "name": "میدان جمهوری اسلامی", "amenity": null, "shop": null, "tourism": null, "leisure": null, "highway": "bus_stop", "railway": null, "public_transport": "platform", "category": "public_transport", "sub_category": "bus_stop", "category_label": "Public Transportation", "sub_category_label": "Bus Stop", "color": "#1787d4", "icon": "bus.svg" }, "geometry": { "type": "Point", "coordinates": [ 51.6513779, 32.6748529 ] } },
{ "type": "Feature", "properties": { "osm_id": 10556508559, "name": "میدان جمهوری اسلامی", "amenity": null, "shop": null, "tourism": null, "leisure": null, "highway": null, "railway": null, "public_transport": "stop_position", "category": "other", "sub_category": "general", "category_label": "Other", "sub_category_label": "General", "color": "#999", "icon": "marker.svg" }, "geometry": { "type": "Point", "coordinates": [ 51.6503759, 32.6734678 ] } },
{ "type": "Feature", "properties": { "osm_id": 10556508560, "name": "میدان جمهوری اسلامی", "amenity": null, "shop": null, "tourism": null, "leisure": null, "highway": "bus_stop", "railway": null, "public_transport": "platform", "category": "public_transport", "sub_category": "bus_stop", "category_label": "Public Transportation", "sub_category_label": "Bus Stop", "color": "#1787d4", "icon": "bus.svg" }, "geometry": { "type": "Point", "coordinates": [ 51.650327, 32.6734702 ] } },
{ "type": "Feature", "properties": { "osm_id": 10556508561, "name": "جامی", "amenity": null, "shop": null, "tourism": null, "leisure": null, "highway": null, "railway": null, "public_transport": "stop_position", "category": "other", "sub_category": "general", "category_label": "Other", "sub_category_label": "General", "color": "#999", "icon": "marker.svg" }, "geometry": { "type": "Point", "coordinates": [ 51.6506747, 32.6710021 ] } },
{ "type": "Feature", "properties": { "osm_id": 10556508562, "name": "جامی", "amenity": null, "shop": null, "tourism": null, "leisure": null, "highway": "bus_stop", "railway": null, "public_transport": "platform", "category": "public_transport", "sub_category": "bus_stop", "category_label": "Public Transportation", "sub_category_label": "Bus Stop", "color": "#1787d4", "icon": "bus.svg" }, "geometry": { "type": "Point", "coordinates": [ 51.6506354, 32.6709979 ] } },
{ "type": "Feature", "properties": { "osm_id": 10556508563, "name": "چهارراه هفتم محرم", "amenity": null, "shop": null, "tourism": null, "leisure": null, "highway": null, "railway": null, "public_transport": "stop_position", "category": "other", "sub_category": "general", "category_label": "Other", "sub_category_label": "General", "color": "#999", "icon": "marker.svg" }, "geometry": { "type": "Point", "coordinates": [ 51.6511817, 32.6667349 ] } },
{ "type": "Feature", "properties": { "osm_id": 10556508564, "name": "چهارراه هفتم محرم", "amenity": null, "shop": null, "tourism": null, "leisure": null, "highway": "bus_stop", "railway": null, "public_transport": "platform", "category": "public_transport", "sub_category": "bus_stop", "category_label": "Public Transportation", "sub_category_label": "Bus Stop", "color": "#1787d4", "icon": "bus.svg" }, "geometry": { "type": "Point", "coordinates": [ 51.6511397, 32.6667282 ] } },
{ "type": "Feature", "properties": { "osm_id": 10556508565, "name": "چهار راه بهشتی", "amenity": null, "shop": null, "tourism": null, "leisure": null, "highway": null, "railway": null, "public_transport": "stop_position", "category": "other", "sub_category": "general", "category_label": "Other", "sub_category_label": "General", "color": "#999", "icon": "marker.svg" }, "geometry": { "type": "Point", "coordinates": [ 51.6529799, 32.6546157 ] } },
{ "type": "Feature", "properties": { "osm_id": 10562573686, "name": "اسپرت حمید", "amenity": null, "shop": "sports", "tourism": null, "leisure": null, "highway": null, "railway": null, "public_transport": null, "category": "general_retail", "sub_category": "sporting_store", "category_label": "General Retail", "sub_category_label": "Sporting Store", "color": "#194aa4", "icon": "shop.svg" }, "geometry": { "type": "Point", "coordinates": [ 51.6703872, 32.6647525 ] } },
{ "type": "Feature", "properties": { "osm_id": 10573147292, "name": "چهارراه شکرشکن", "amenity": null, "shop": null, "tourism": null, "leisure": null, "highway": null, "railway": null, "public_transport": "stop_position", "category": "other", "sub_category": "general", "category_label": "Other", "sub_category_label": "General", "color": "#999", "icon": "marker.svg" }, "geometry": { "type": "Point", "coordinates": [ 51.685573, 32.660609 ] } },
{ "type": "Feature", "properties": { "osm_id": 10573147293, "name": "چهارراه شکرشکن", "amenity": null, "shop": null, "tourism": null, "leisure": null, "highway": "bus_stop", "railway": null, "public_transport": "platform", "category": "public_transport", "sub_category": "bus_stop", "category_label": "Public Transportation", "sub_category_label": "Bus Stop", "color": "#1787d4", "icon": "bus.svg" }, "geometry": { "type": "Point", "coordinates": [ 51.6855767, 32.6605764 ] } },
{ "type": "Feature", "properties": { "osm_id": 10573147294, "name": "مهدیه", "amenity": null, "shop": null, "tourism": null, "leisure": null, "highway": null, "railway": null, "public_transport": "stop_position", "category": "other", "sub_category": "general", "category_label": "Other", "sub_category_label": "General", "color": "#999", "icon": "marker.svg" }, "geometry": { "type": "Point", "coordinates": [ 51.6901273, 32.6614948 ] } },
{ "type": "Feature", "properties": { "osm_id": 10573147295, "name": "مهدیه", "amenity": null, "shop": null, "tourism": null, "leisure": null, "highway": "bus_stop", "railway": null, "public_transport": "platform", "category": "public_transport", "sub_category": "bus_stop", "category_label": "Public Transportation", "sub_category_label": "Bus Stop", "color": "#1787d4", "icon": "bus.svg" }, "geometry": { "type": "Point", "coordinates": [ 51.6901284, 32.6614661 ] } },
{ "type": "Feature", "properties": { "osm_id": 10573147296, "name": "گلزار", "amenity": null, "shop": null, "tourism": null, "leisure": null, "highway": null, "railway": null, "public_transport": "stop_position", "category": "other", "sub_category": "general", "category_label": "Other", "sub_category_label": "General", "color": "#999", "icon": "marker.svg" }, "geometry": { "type": "Point", "coordinates": [ 51.6948146, 32.6624101 ] } },
{ "type": "Feature", "properties": { "osm_id": 10573163358, "name": "دانشگاه پیام نور - ساختمان مرکزی", "amenity": null, "shop": null, "tourism": null, "leisure": null, "highway": null, "railway": null, "public_transport": "stop_position", "category": "other", "sub_category": "general", "category_label": "Other", "sub_category_label": "General", "color": "#999", "icon": "marker.svg" }, "geometry": { "type": "Point", "coordinates": [ 51.6431595, 32.6736044 ] } },
{ "type": "Feature", "properties": { "osm_id": 10573163359, "name": "دانشگاه پیام نور - ساختمان مرکزی", "amenity": null, "shop": null, "tourism": null, "leisure": null, "highway": "bus_stop", "railway": null, "public_transport": "platform", "category": "public_transport", "sub_category": "bus_stop", "category_label": "Public Transportation", "sub_category_label": "Bus Stop", "color": "#1787d4", "icon": "bus.svg" }, "geometry": { "type": "Point", "coordinates": [ 51.6432219, 32.6735909 ] } },
{ "type": "Feature", "properties": { "osm_id": 10573163360, "name": "مسجد المرتضی", "amenity": null, "shop": null, "tourism": null, "leisure": null, "highway": null, "railway": null, "public_transport": "stop_position", "category": "other", "sub_category": "general", "category_label": "Other", "sub_category_label": "General", "color": "#999", "icon": "marker.svg" }, "geometry": { "type": "Point", "coordinates": [ 51.6429007, 32.6782125 ] } },
{ "type": "Feature", "properties": { "osm_id": 10573163361, "name": "مسجد المرتضی", "amenity": null, "shop": null, "tourism": null, "leisure": null, "highway": "bus_stop", "railway": null, "public_transport": "platform", "category": "public_transport", "sub_category": "bus_stop", "category_label": "Public Transportation", "sub_category_label": "Bus Stop", "color": "#1787d4", "icon": "bus.svg" }, "geometry": { "type": "Point", "coordinates": [ 51.642951, 32.6782034 ] } },
{ "type": "Feature", "properties": { "osm_id": 10573163362, "name": "میدان جمهوری اسلامی", "amenity": null, "shop": null, "tourism": null, "leisure": null, "highway": null, "railway": null, "public_transport": "stop_position", "category": "other", "sub_category": "general", "category_label": "Other", "sub_category_label": "General", "color": "#999", "icon": "marker.svg" }, "geometry": { "type": "Point", "coordinates": [ 51.6497386, 32.6747648 ] } },
{ "type": "Feature", "properties": { "osm_id": 10573163363, "name": "میدان جمهوری اسلامی", "amenity": null, "shop": null, "tourism": null, "leisure": null, "highway": "bus_stop", "railway": null, "public_transport": "platform", "category": "public_transport", "sub_category": "bus_stop", "category_label": "Public Transportation", "sub_category_label": "Bus Stop", "color": "#1787d4", "icon": "bus.svg" }, "geometry": { "type": "Point", "coordinates": [ 51.649678, 32.6747243 ] } },
{ "type": "Feature", "properties": { "osm_id": 10576668494, "name": "لوازم قنادی ابراهیمیان", "amenity": null, "shop": "confectionery", "tourism": null, "leisure": null, "highway": null, "railway": null, "public_transport": null, "category": "food_retail", "sub_category": "confectionery", "category_label": "Grocery & Food Retail", "sub_category_label": "Confectionery", "color": "#b4612f", "icon": "grocery.svg" }, "geometry": { "type": "Point", "coordinates": [ 51.6607321, 32.6639334 ] } },
{ "type": "Feature", "properties": { "osm_id": 10587046076, "name": "گلزار", "amenity": null, "shop": null, "tourism": null, "leisure": null, "highway": null, "railway": null, "public_transport": "stop_position", "category": "other", "sub_category": "general", "category_label": "Other", "sub_category_label": "General", "color": "#999", "icon": "marker.svg" }, "geometry": { "type": "Point", "coordinates": [ 51.6941916, 32.6622781 ] } },
{ "type": "Feature", "properties": { "osm_id": 10587046077, "name": "مهدیه", "amenity": null, "shop": null, "tourism": null, "leisure": null, "highway": null, "railway": null, "public_transport": "stop_position", "category": "other", "sub_category": "general", "category_label": "Other", "sub_category_label": "General", "color": "#999", "icon": "marker.svg" }, "geometry": { "type": "Point", "coordinates": [ 51.6911379, 32.6616839 ] } },
{ "type": "Feature", "properties": { "osm_id": 10587046078, "name": "مهدیه", "amenity": null, "shop": null, "tourism": null, "leisure": null, "highway": "bus_stop", "railway": null, "public_transport": "platform", "category": "public_transport", "sub_category": "bus_stop", "category_label": "Public Transportation", "sub_category_label": "Bus Stop", "color": "#1787d4", "icon": "bus.svg" }, "geometry": { "type": "Point", "coordinates": [ 51.6911216, 32.6617096 ] } },
{ "type": "Feature", "properties": { "osm_id": 10587046079, "name": "چهارراه شکرشکن", "amenity": null, "shop": null, "tourism": null, "leisure": null, "highway": null, "railway": null, "public_transport": "stop_position", "category": "other", "sub_category": "general", "category_label": "Other", "sub_category_label": "General", "color": "#999", "icon": "marker.svg" }, "geometry": { "type": "Point", "coordinates": [ 51.6860019, 32.6606911 ] } },
{ "type": "Feature", "properties": { "osm_id": 10587046080, "name": "چهارراه شکرشکن", "amenity": null, "shop": null, "tourism": null, "leisure": null, "highway": "bus_stop", "railway": null, "public_transport": "platform", "category": "public_transport", "sub_category": "bus_stop", "category_label": "Public Transportation", "sub_category_label": "Bus Stop", "color": "#1787d4", "icon": "bus.svg" }, "geometry": { "type": "Point", "coordinates": [ 51.6859878, 32.6607115 ] } },
{ "type": "Feature", "properties": { "osm_id": 10588916790, "name": "پارتیکان", "amenity": null, "shop": null, "tourism": "hotel", "leisure": null, "highway": null, "railway": null, "public_transport": null, "category": "accommodation", "sub_category": "hotel", "category_label": "Accommodation", "sub_category_label": "Hotel", "color": "#78523e", "icon": "lodging.svg" }, "geometry": { "type": "Point", "coordinates": [ 51.6760343, 32.6559755 ] } },
{ "type": "Feature", "properties": { "osm_id": 10591432398, "name": "مهمانپذیر الماس", "amenity": null, "shop": null, "tourism": "hotel", "leisure": null, "highway": null, "railway": null, "public_transport": null, "category": "accommodation", "sub_category": "hotel", "category_label": "Accommodation", "sub_category_label": "Hotel", "color": "#78523e", "icon": "lodging.svg" }, "geometry": { "type": "Point", "coordinates": [ 51.6684169, 32.6653274 ] } },
{ "type": "Feature", "properties": { "osm_id": 10591443006, "name": "اقامتگاه بوم گردی آریو", "amenity": null, "shop": null, "tourism": "hotel", "leisure": null, "highway": null, "railway": null, "public_transport": null, "category": "accommodation", "sub_category": "hotel", "category_label": "Accommodation", "sub_category_label": "Hotel", "color": "#78523e", "icon": "lodging.svg" }, "geometry": { "type": "Point", "coordinates": [ 51.6486758, 32.6574472 ] } },
{ "type": "Feature", "properties": { "osm_id": 10591456034, "name": "مهمانسرای گلرخ", "amenity": null, "shop": null, "tourism": "hotel", "leisure": null, "highway": null, "railway": null, "public_transport": null, "category": "accommodation", "sub_category": "hotel", "category_label": "Accommodation", "sub_category_label": "Hotel", "color": "#78523e", "icon": "lodging.svg" }, "geometry": { "type": "Point", "coordinates": [ 51.6561022, 32.6657987 ] } },
{ "type": "Feature", "properties": { "osm_id": 10591463671, "name": "مهمانپذیر بید", "amenity": null, "shop": null, "tourism": "hotel", "leisure": null, "highway": null, "railway": null, "public_transport": null, "category": "accommodation", "sub_category": "hotel", "category_label": "Accommodation", "sub_category_label": "Hotel", "color": "#78523e", "icon": "lodging.svg" }, "geometry": { "type": "Point", "coordinates": [ 51.6668766, 32.6685303 ] } },
{ "type": "Feature", "properties": { "osm_id": 10591464652, "name": "هتل اشکانی", "amenity": null, "shop": null, "tourism": "hotel", "leisure": null, "highway": null, "railway": null, "public_transport": null, "category": "accommodation", "sub_category": "hotel", "category_label": "Accommodation", "sub_category_label": "Hotel", "color": "#78523e", "icon": "lodging.svg" }, "geometry": { "type": "Point", "coordinates": [ 51.6801891, 32.6641758 ] } },
{ "type": "Feature", "properties": { "osm_id": 10591480144, "name": "هتل دانشمند", "amenity": null, "shop": null, "tourism": "hotel", "leisure": null, "highway": null, "railway": null, "public_transport": null, "category": "accommodation", "sub_category": "hotel", "category_label": "Accommodation", "sub_category_label": "Hotel", "color": "#78523e", "icon": "lodging.svg" }, "geometry": { "type": "Point", "coordinates": [ 51.6715835, 32.6765401 ] } },
{ "type": "Feature", "properties": { "osm_id": 10591499644, "name": "هتل معتمدی", "amenity": null, "shop": null, "tourism": "hotel", "leisure": null, "highway": null, "railway": null, "public_transport": null, "category": "accommodation", "sub_category": "hotel", "category_label": "Accommodation", "sub_category_label": "Hotel", "color": "#78523e", "icon": "lodging.svg" }, "geometry": { "type": "Point", "coordinates": [ 51.6858512, 32.6535354 ] } },
{ "type": "Feature", "properties": { "osm_id": 10591502820, "name": "اقامتگاه بومگردی علی قلی آقا", "amenity": null, "shop": null, "tourism": "hotel", "leisure": null, "highway": null, "railway": null, "public_transport": null, "category": "accommodation", "sub_category": "hotel", "category_label": "Accommodation", "sub_category_label": "Hotel", "color": "#78523e", "icon": "lodging.svg" }, "geometry": { "type": "Point", "coordinates": [ 51.6682023, 32.6675312 ] } },
{ "type": "Feature", "properties": { "osm_id": 10591502976, "name": "هتل یاس اصفهان", "amenity": null, "shop": null, "tourism": "hotel", "leisure": null, "highway": null, "railway": null, "public_transport": null, "category": "accommodation", "sub_category": "hotel", "category_label": "Accommodation", "sub_category_label": "Hotel", "color": "#78523e", "icon": "lodging.svg" }, "geometry": { "type": "Point", "coordinates": [ 51.6747992, 32.6648623 ] } },
{ "type": "Feature", "properties": { "osm_id": 10591505664, "name": "هزار و یک شب چهار باغ", "amenity": null, "shop": null, "tourism": "hotel", "leisure": null, "highway": null, "railway": null, "public_transport": null, "category": "accommodation", "sub_category": "hotel", "category_label": "Accommodation", "sub_category_label": "Hotel", "color": "#78523e", "icon": "lodging.svg" }, "geometry": { "type": "Point", "coordinates": [ 51.6699055, 32.660467 ] } },
{ "type": "Feature", "properties": { "osm_id": 10591519373, "name": "هتل شهسواران", "amenity": null, "shop": null, "tourism": "hotel", "leisure": null, "highway": null, "railway": null, "public_transport": null, "category": "accommodation", "sub_category": "hotel", "category_label": "Accommodation", "sub_category_label": "Hotel", "color": "#78523e", "icon": "lodging.svg" }, "geometry": { "type": "Point", "coordinates": [ 51.674602, 32.6650666 ] } },
{ "type": "Feature", "properties": { "osm_id": 10591531512, "name": "کاخ سرهنگ", "amenity": null, "shop": null, "tourism": "hotel", "leisure": null, "highway": null, "railway": null, "public_transport": null, "category": "accommodation", "sub_category": "hotel", "category_label": "Accommodation", "sub_category_label": "Hotel", "color": "#78523e", "icon": "lodging.svg" }, "geometry": { "type": "Point", "coordinates": [ 51.6694428, 32.6684513 ] } },
{ "type": "Feature", "properties": { "osm_id": 10591564705, "name": "سرای درب کوشک", "amenity": null, "shop": null, "tourism": "hotel", "leisure": null, "highway": null, "railway": null, "public_transport": null, "category": "accommodation", "sub_category": "hotel", "category_label": "Accommodation", "sub_category_label": "Hotel", "color": "#78523e", "icon": "lodging.svg" }, "geometry": { "type": "Point", "coordinates": [ 51.6678536, 32.6629475 ] } },
{ "type": "Feature", "properties": { "osm_id": 10591565135, "name": "هتل سران", "amenity": null, "shop": null, "tourism": "hotel", "leisure": null, "highway": null, "railway": null, "public_transport": null, "category": "accommodation", "sub_category": "hotel", "category_label": "Accommodation", "sub_category_label": "Hotel", "color": "#78523e", "icon": "lodging.svg" }, "geometry": { "type": "Point", "coordinates": [ 51.6730678, 32.6714621 ] } },
{ "type": "Feature", "properties": { "osm_id": 10591573082, "name": "هتل ربیع", "amenity": null, "shop": null, "tourism": "hotel", "leisure": null, "highway": null, "railway": null, "public_transport": null, "category": "accommodation", "sub_category": "hotel", "category_label": "Accommodation", "sub_category_label": "Hotel", "color": "#78523e", "icon": "lodging.svg" }, "geometry": { "type": "Point", "coordinates": [ 51.6758922, 32.6557575 ] } },
{ "type": "Feature", "properties": { "osm_id": 10591582500, "name": "هتل صوفی", "amenity": null, "shop": null, "tourism": "hotel", "leisure": null, "highway": null, "railway": null, "public_transport": null, "category": "accommodation", "sub_category": "hotel", "category_label": "Accommodation", "sub_category_label": "Hotel", "color": "#78523e", "icon": "lodging.svg" }, "geometry": { "type": "Point", "coordinates": [ 51.6704017, 32.6642481 ] } },
{ "type": "Feature", "properties": { "osm_id": 10617944448, "name": "هزار و یک", "amenity": null, "shop": "photo", "tourism": null, "leisure": null, "highway": null, "railway": null, "public_transport": null, "category": "general_retail", "sub_category": "photo", "category_label": "General Retail", "sub_category_label": "Photo", "color": "#194aa4", "icon": "shop.svg" }, "geometry": { "type": "Point", "coordinates": [ 51.6666527, 32.6537479 ] } },
{ "type": "Feature", "properties": { "osm_id": 10617948778, "name": "ماهان", "amenity": null, "shop": "convenience", "tourism": null, "leisure": null, "highway": null, "railway": null, "public_transport": null, "category": "food_retail", "sub_category": "convenience_store", "category_label": "Grocery & Food Retail", "sub_category_label": "Convenience Store", "color": "#b4612f", "icon": "grocery.svg" }, "geometry": { "type": "Point", "coordinates": [ 51.6550632, 32.6561538 ] } },
{ "type": "Feature", "properties": { "osm_id": 10617952043, "name": "امیر طب", "amenity": null, "shop": "medical_supply", "tourism": null, "leisure": null, "highway": null, "railway": null, "public_transport": null, "category": "general_retail", "sub_category": "medical_supply", "category_label": "General Retail", "sub_category_label": "Medical Supply", "color": "#194aa4", "icon": "shop.svg" }, "geometry": { "type": "Point", "coordinates": [ 51.666414, 32.6559761 ] } },
{ "type": "Feature", "properties": { "osm_id": 10617968914, "name": "رضا", "amenity": "cafe", "shop": null, "tourism": null, "leisure": null, "highway": null, "railway": null, "public_transport": null, "category": "food_service", "sub_category": "cafe", "category_label": "Restaurants & Cafes", "sub_category_label": "Cafe", "color": "#b4612f", "icon": "restaurant.svg" }, "geometry": { "type": "Point", "coordinates": [ 51.6667065, 32.6537413 ] } },
{ "type": "Feature", "properties": { "osm_id": 10617971319, "name": "کلکسیون", "amenity": null, "shop": "craft", "tourism": null, "leisure": null, "highway": null, "railway": null, "public_transport": null, "category": "general_retail", "sub_category": "craft", "category_label": "General Retail", "sub_category_label": "Craft", "color": "#194aa4", "icon": "shop.svg" }, "geometry": { "type": "Point", "coordinates": [ 51.6668582, 32.6537386 ] } },
{ "type": "Feature", "properties": { "osm_id": 10617973160, "name": "سی‌بن", "amenity": "fast_food", "shop": null, "tourism": null, "leisure": null, "highway": null, "railway": null, "public_transport": null, "category": "food_service", "sub_category": "fast_food", "category_label": "Restaurants & Cafes", "sub_category_label": "Fast Food", "color": "#b4612f", "icon": "restaurant.svg" }, "geometry": { "type": "Point", "coordinates": [ 51.6682429, 32.6535786 ] } },
{ "type": "Feature", "properties": { "osm_id": 10617973339, "name": "اردیبهشت", "amenity": null, "shop": "convenience", "tourism": null, "leisure": null, "highway": null, "railway": null, "public_transport": null, "category": "food_retail", "sub_category": "convenience_store", "category_label": "Grocery & Food Retail", "sub_category_label": "Convenience Store", "color": "#b4612f", "icon": "grocery.svg" }, "geometry": { "type": "Point", "coordinates": [ 51.6550619, 32.6560616 ] } },
{ "type": "Feature", "properties": { "osm_id": 10617974614, "name": "حیان", "amenity": "pharmacy", "shop": null, "tourism": null, "leisure": null, "highway": null, "railway": null, "public_transport": null, "category": "pharmacy_optical", "sub_category": "pharmacy", "category_label": "Pharmacy & Optical", "sub_category_label": "Pharmacy", "color": "#d14a4a", "icon": "pharmacy.svg" }, "geometry": { "type": "Point", "coordinates": [ 51.6663032, 32.6551258 ] } },
{ "type": "Feature", "properties": { "osm_id": 10665368869, "name": null, "amenity": null, "shop": null, "tourism": null, "leisure": null, "highway": "traffic_signals", "railway": null, "public_transport": null, "category": "parking_road_facility", "sub_category": "traffic_signals", "category_label": "Parking & Road Facilities", "sub_category_label": "Traffic Signals", "color": "#78523e", "icon": "parking.svg" }, "geometry": { "type": "Point", "coordinates": [ 51.6945667, 32.6663755 ] } },
{ "type": "Feature", "properties": { "osm_id": 10665368870, "name": null, "amenity": null, "shop": null, "tourism": null, "leisure": null, "highway": "traffic_signals", "railway": null, "public_transport": null, "category": "parking_road_facility", "sub_category": "traffic_signals", "category_label": "Parking & Road Facilities", "sub_category_label": "Traffic Signals", "color": "#78523e", "icon": "parking.svg" }, "geometry": { "type": "Point", "coordinates": [ 51.6944568, 32.6661929 ] } },
{ "type": "Feature", "properties": { "osm_id": 10665368871, "name": null, "amenity": null, "shop": null, "tourism": null, "leisure": null, "highway": "traffic_signals", "railway": null, "public_transport": null, "category": "parking_road_facility", "sub_category": "traffic_signals", "category_label": "Parking & Road Facilities", "sub_category_label": "Traffic Signals", "color": "#78523e", "icon": "parking.svg" }, "geometry": { "type": "Point", "coordinates": [ 51.6944402, 32.6665087 ] } },
{ "type": "Feature", "properties": { "osm_id": 10665368872, "name": null, "amenity": null, "shop": null, "tourism": null, "leisure": null, "highway": "traffic_signals", "railway": null, "public_transport": null, "category": "parking_road_facility", "sub_category": "traffic_signals", "category_label": "Parking & Road Facilities", "sub_category_label": "Traffic Signals", "color": "#78523e", "icon": "parking.svg" }, "geometry": { "type": "Point", "coordinates": [ 51.6942809, 32.6663468 ] } },
{ "type": "Feature", "properties": { "osm_id": 10665368873, "name": null, "amenity": null, "shop": null, "tourism": null, "leisure": null, "highway": "traffic_signals", "railway": null, "public_transport": null, "category": "parking_road_facility", "sub_category": "traffic_signals", "category_label": "Parking & Road Facilities", "sub_category_label": "Traffic Signals", "color": "#78523e", "icon": "parking.svg" }, "geometry": { "type": "Point", "coordinates": [ 51.6738654, 32.6657805 ] } },
{ "type": "Feature", "properties": { "osm_id": 10665368874, "name": null, "amenity": null, "shop": null, "tourism": null, "leisure": null, "highway": "traffic_signals", "railway": null, "public_transport": null, "category": "parking_road_facility", "sub_category": "traffic_signals", "category_label": "Parking & Road Facilities", "sub_category_label": "Traffic Signals", "color": "#78523e", "icon": "parking.svg" }, "geometry": { "type": "Point", "coordinates": [ 51.6737834, 32.6657978 ] } },
{ "type": "Feature", "properties": { "osm_id": 10665368875, "name": null, "amenity": null, "shop": null, "tourism": null, "leisure": null, "highway": "traffic_signals", "railway": null, "public_transport": null, "category": "parking_road_facility", "sub_category": "traffic_signals", "category_label": "Parking & Road Facilities", "sub_category_label": "Traffic Signals", "color": "#78523e", "icon": "parking.svg" }, "geometry": { "type": "Point", "coordinates": [ 51.6739239, 32.6658941 ] } },
{ "type": "Feature", "properties": { "osm_id": 10665368876, "name": null, "amenity": null, "shop": null, "tourism": null, "leisure": null, "highway": "traffic_signals", "railway": null, "public_transport": null, "category": "parking_road_facility", "sub_category": "traffic_signals", "category_label": "Parking & Road Facilities", "sub_category_label": "Traffic Signals", "color": "#78523e", "icon": "parking.svg" }, "geometry": { "type": "Point", "coordinates": [ 51.6705526, 32.6654434 ] } },
{ "type": "Feature", "properties": { "osm_id": 10665368877, "name": null, "amenity": null, "shop": null, "tourism": null, "leisure": null, "highway": "traffic_signals", "railway": null, "public_transport": null, "category": "parking_road_facility", "sub_category": "traffic_signals", "category_label": "Parking & Road Facilities", "sub_category_label": "Traffic Signals", "color": "#78523e", "icon": "parking.svg" }, "geometry": { "type": "Point", "coordinates": [ 51.6703891, 32.6652381 ] } },
{ "type": "Feature", "properties": { "osm_id": 10665368878, "name": null, "amenity": null, "shop": null, "tourism": null, "leisure": null, "highway": "traffic_signals", "railway": null, "public_transport": null, "category": "parking_road_facility", "sub_category": "traffic_signals", "category_label": "Parking & Road Facilities", "sub_category_label": "Traffic Signals", "color": "#78523e", "icon": "parking.svg" }, "geometry": { "type": "Point", "coordinates": [ 51.6702329, 32.6655138 ] } },
{ "type": "Feature", "properties": { "osm_id": 10673274303, "name": "مدیریت امور پردیس های دانشگاه فرهنگیان استان اصفهان", "amenity": null, "shop": null, "tourism": null, "leisure": null, "highway": null, "railway": null, "public_transport": null, "category": "other", "sub_category": "general", "category_label": "Other", "sub_category_label": "General", "color": "#999", "icon": "marker.svg" }, "geometry": { "type": "Point", "coordinates": [ 51.6620691, 32.6527164 ] } },
{ "type": "Feature", "properties": { "osm_id": 10678501632, "name": "استریو ولی عصر", "amenity": null, "shop": "car_parts", "tourism": null, "leisure": null, "highway": null, "railway": null, "public_transport": null, "category": "automotive", "sub_category": "car_related_store", "category_label": "Automotive Services", "sub_category_label": "Car Related Store", "color": "#2ecc71", "icon": "car-repair.svg" }, "geometry": { "type": "Point", "coordinates": [ 51.6603825, 32.657863 ] } },
{ "type": "Feature", "properties": { "osm_id": 10686449356, "name": "تضامنی طاوسی و شرکا ( صرافی ایرانیان )", "amenity": "bureau_de_change", "shop": null, "tourism": null, "leisure": null, "highway": null, "railway": null, "public_transport": null, "category": "finance", "sub_category": "exchange", "category_label": "Banking & Finance", "sub_category_label": "Exchange", "color": "#4e497c", "icon": "bank.svg" }, "geometry": { "type": "Point", "coordinates": [ 51.6739129, 32.6602729 ] } },
{ "type": "Feature", "properties": { "osm_id": 10704244113, "name": "میدان قدس", "amenity": null, "shop": null, "tourism": null, "leisure": null, "highway": null, "railway": null, "public_transport": "stop_position", "category": "other", "sub_category": "general", "category_label": "Other", "sub_category_label": "General", "color": "#999", "icon": "marker.svg" }, "geometry": { "type": "Point", "coordinates": [ 51.688607, 32.6799116 ] } },
{ "type": "Feature", "properties": { "osm_id": 10704244114, "name": "مسجد حاج محمد جعفر", "amenity": null, "shop": null, "tourism": null, "leisure": null, "highway": null, "railway": null, "public_transport": "stop_position", "category": "other", "sub_category": "general", "category_label": "Other", "sub_category_label": "General", "color": "#999", "icon": "marker.svg" }, "geometry": { "type": "Point", "coordinates": [ 51.679308, 32.6666097 ] } },
{ "type": "Feature", "properties": { "osm_id": 10704244115, "name": "ابتدای مسجد حکیم", "amenity": null, "shop": null, "tourism": null, "leisure": null, "highway": null, "railway": null, "public_transport": "stop_position", "category": "other", "sub_category": "general", "category_label": "Other", "sub_category_label": "General", "color": "#999", "icon": "marker.svg" }, "geometry": { "type": "Point", "coordinates": [ 51.6738777, 32.6654118 ] } },
{ "type": "Feature", "properties": { "osm_id": 10704244116, "name": "ابتدای مسجد حکیم", "amenity": null, "shop": null, "tourism": null, "leisure": null, "highway": "bus_stop", "railway": null, "public_transport": "platform", "category": "public_transport", "sub_category": "bus_stop", "category_label": "Public Transportation", "sub_category_label": "Bus Stop", "color": "#1787d4", "icon": "bus.svg" }, "geometry": { "type": "Point", "coordinates": [ 51.6738233, 32.6653937 ] } },
{ "type": "Feature", "properties": { "osm_id": 10704244117, "name": "مسجد حکیم", "amenity": null, "shop": null, "tourism": null, "leisure": null, "highway": null, "railway": null, "public_transport": "stop_position", "category": "other", "sub_category": "general", "category_label": "Other", "sub_category_label": "General", "color": "#999", "icon": "marker.svg" }, "geometry": { "type": "Point", "coordinates": [ 51.6737439, 32.6631831 ] } },
{ "type": "Feature", "properties": { "osm_id": 10704244118, "name": "مسجد حکیم", "amenity": null, "shop": null, "tourism": null, "leisure": null, "highway": "bus_stop", "railway": null, "public_transport": "platform", "category": "public_transport", "sub_category": "bus_stop", "category_label": "Public Transportation", "sub_category_label": "Bus Stop", "color": "#1787d4", "icon": "bus.svg" }, "geometry": { "type": "Point", "coordinates": [ 51.673716, 32.6631651 ] } },
{ "type": "Feature", "properties": { "osm_id": 10704244119, "name": "سپه", "amenity": null, "shop": null, "tourism": null, "leisure": null, "highway": null, "railway": null, "public_transport": "stop_position", "category": "other", "sub_category": "general", "category_label": "Other", "sub_category_label": "General", "color": "#999", "icon": "marker.svg" }, "geometry": { "type": "Point", "coordinates": [ 51.6740569, 32.6591988 ] } },
{ "type": "Feature", "properties": { "osm_id": 10704244120, "name": "سپه", "amenity": null, "shop": null, "tourism": null, "leisure": null, "highway": "bus_stop", "railway": null, "public_transport": "platform", "category": "public_transport", "sub_category": "bus_stop", "category_label": "Public Transportation", "sub_category_label": "Bus Stop", "color": "#1787d4", "icon": "bus.svg" }, "geometry": { "type": "Point", "coordinates": [ 51.6740298, 32.6591852 ] } },
{ "type": "Feature", "properties": { "osm_id": 10704244121, "name": "بیمارستان خورشید", "amenity": null, "shop": null, "tourism": null, "leisure": null, "highway": null, "railway": null, "public_transport": "stop_position", "category": "other", "sub_category": "general", "category_label": "Other", "sub_category_label": "General", "color": "#999", "icon": "marker.svg" }, "geometry": { "type": "Point", "coordinates": [ 51.675518, 32.6540156 ] } },
{ "type": "Feature", "properties": { "osm_id": 10704244122, "name": "بیمارستان خورشید", "amenity": null, "shop": null, "tourism": null, "leisure": null, "highway": "bus_stop", "railway": null, "public_transport": "platform", "category": "public_transport", "sub_category": "bus_stop", "category_label": "Public Transportation", "sub_category_label": "Bus Stop", "color": "#1787d4", "icon": "bus.svg" }, "geometry": { "type": "Point", "coordinates": [ 51.6755077, 32.6540111 ] } },
{ "type": "Feature", "properties": { "osm_id": 10716385000, "name": "میدان امام علی", "amenity": null, "shop": null, "tourism": null, "leisure": null, "highway": null, "railway": null, "public_transport": "stop_position", "category": "other", "sub_category": "general", "category_label": "Other", "sub_category_label": "General", "color": "#999", "icon": "marker.svg" }, "geometry": { "type": "Point", "coordinates": [ 51.6858333, 32.6683179 ] } },
{ "type": "Feature", "properties": { "osm_id": 10716385001, "name": "میدان امام علی", "amenity": null, "shop": null, "tourism": null, "leisure": null, "highway": "bus_stop", "railway": null, "public_transport": "platform", "category": "public_transport", "sub_category": "bus_stop", "category_label": "Public Transportation", "sub_category_label": "Bus Stop", "color": "#1787d4", "icon": "bus.svg" }, "geometry": { "type": "Point", "coordinates": [ 51.685799, 32.6683263 ] } },
{ "type": "Feature", "properties": { "osm_id": 10719126801, "name": "میوه فروشی مسجدی", "amenity": null, "shop": "greengrocer", "tourism": null, "leisure": null, "highway": null, "railway": null, "public_transport": null, "category": "food_retail", "sub_category": "greengrocer", "category_label": "Grocery & Food Retail", "sub_category_label": "Greengrocer", "color": "#b4612f", "icon": "grocery.svg" }, "geometry": { "type": "Point", "coordinates": [ 51.6585784, 32.6589836 ] } },
{ "type": "Feature", "properties": { "osm_id": 10720571094, "name": "بیمارستان خورشید", "amenity": null, "shop": null, "tourism": null, "leisure": null, "highway": null, "railway": null, "public_transport": "stop_position", "category": "other", "sub_category": "general", "category_label": "Other", "sub_category_label": "General", "color": "#999", "icon": "marker.svg" }, "geometry": { "type": "Point", "coordinates": [ 51.6754976, 32.6541817 ] } },
{ "type": "Feature", "properties": { "osm_id": 10720571095, "name": "سپه", "amenity": null, "shop": null, "tourism": null, "leisure": null, "highway": null, "railway": null, "public_transport": "stop_position", "category": "other", "sub_category": "general", "category_label": "Other", "sub_category_label": "General", "color": "#999", "icon": "marker.svg" }, "geometry": { "type": "Point", "coordinates": [ 51.6740149, 32.6594371 ] } },
{ "type": "Feature", "properties": { "osm_id": 10720571096, "name": "مسجد حکیم", "amenity": null, "shop": null, "tourism": null, "leisure": null, "highway": null, "railway": null, "public_transport": "stop_position", "category": "other", "sub_category": "general", "category_label": "Other", "sub_category_label": "General", "color": "#999", "icon": "marker.svg" }, "geometry": { "type": "Point", "coordinates": [ 51.6737154, 32.6625898 ] } },
{ "type": "Feature", "properties": { "osm_id": 10720571097, "name": "سنبلستان", "amenity": null, "shop": null, "tourism": null, "leisure": null, "highway": null, "railway": null, "public_transport": "stop_position", "category": "other", "sub_category": "general", "category_label": "Other", "sub_category_label": "General", "color": "#999", "icon": "marker.svg" }, "geometry": { "type": "Point", "coordinates": [ 51.6748981, 32.6659445 ] } },
{ "type": "Feature", "properties": { "osm_id": 10720571098, "name": "سنبلستان", "amenity": null, "shop": null, "tourism": null, "leisure": null, "highway": "bus_stop", "railway": null, "public_transport": "platform", "category": "public_transport", "sub_category": "bus_stop", "category_label": "Public Transportation", "sub_category_label": "Bus Stop", "color": "#1787d4", "icon": "bus.svg" }, "geometry": { "type": "Point", "coordinates": [ 51.6749, 32.6659178 ] } },
{ "type": "Feature", "properties": { "osm_id": 10720571099, "name": "مسجد حاج محمد جعفر", "amenity": null, "shop": null, "tourism": null, "leisure": null, "highway": null, "railway": null, "public_transport": "stop_position", "category": "other", "sub_category": "general", "category_label": "Other", "sub_category_label": "General", "color": "#999", "icon": "marker.svg" }, "geometry": { "type": "Point", "coordinates": [ 51.6786411, 32.6664362 ] } },
{ "type": "Feature", "properties": { "osm_id": 10720571100, "name": "مسجد حاج محمد جعفر", "amenity": "bus_station", "shop": null, "tourism": null, "leisure": null, "highway": "bus_stop", "railway": null, "public_transport": "platform", "category": "public_transport", "sub_category": "bus_station", "category_label": "Public Transportation", "sub_category_label": "Bus Station", "color": "#1787d4", "icon": "bus.svg" }, "geometry": { "type": "Point", "coordinates": [ 51.678647, 32.6664021 ] } },
{ "type": "Feature", "properties": { "osm_id": 10723008710, "name": "هایپر پروتئین امیر", "amenity": null, "shop": "deli", "tourism": null, "leisure": null, "highway": null, "railway": null, "public_transport": null, "category": "general_retail", "sub_category": "deli", "category_label": "General Retail", "sub_category_label": "Deli", "color": "#194aa4", "icon": "shop.svg" }, "geometry": { "type": "Point", "coordinates": [ 51.6881462, 32.6771942 ] } },
{ "type": "Feature", "properties": { "osm_id": 10727498566, "name": "پشت بارو", "amenity": null, "shop": null, "tourism": null, "leisure": null, "highway": "bus_stop", "railway": null, "public_transport": "platform", "category": "public_transport", "sub_category": "bus_stop", "category_label": "Public Transportation", "sub_category_label": "Bus Stop", "color": "#1787d4", "icon": "bus.svg" }, "geometry": { "type": "Point", "coordinates": [ 51.6706864, 32.6668341 ] } },
{ "type": "Feature", "properties": { "osm_id": 10727498567, "name": null, "amenity": null, "shop": null, "tourism": null, "leisure": null, "highway": null, "railway": null, "public_transport": "stop_position", "category": "other", "sub_category": "general", "category_label": "Other", "sub_category_label": "General", "color": "#999", "icon": "marker.svg" }, "geometry": { "type": "Point", "coordinates": [ 51.6706297, 32.6668628 ] } },
{ "type": "Feature", "properties": { "osm_id": 10727505636, "name": "مترو شهدا", "amenity": null, "shop": null, "tourism": null, "leisure": null, "highway": null, "railway": null, "public_transport": "stop_position", "category": "other", "sub_category": "general", "category_label": "Other", "sub_category_label": "General", "color": "#999", "icon": "marker.svg" }, "geometry": { "type": "Point", "coordinates": [ 51.6711391, 32.6707546 ] } },
{ "type": "Feature", "properties": { "osm_id": 10727505637, "name": "میدان شهدا", "amenity": null, "shop": null, "tourism": null, "leisure": null, "highway": null, "railway": null, "public_transport": "stop_position", "category": "other", "sub_category": "general", "category_label": "Other", "sub_category_label": "General", "color": "#999", "icon": "marker.svg" }, "geometry": { "type": "Point", "coordinates": [ 51.6701377, 32.672115 ] } },
{ "type": "Feature", "properties": { "osm_id": 10727505638, "name": "میدان شهدا", "amenity": null, "shop": null, "tourism": null, "leisure": null, "highway": "bus_stop", "railway": null, "public_transport": "platform", "category": "public_transport", "sub_category": "bus_stop", "category_label": "Public Transportation", "sub_category_label": "Bus Stop", "color": "#1787d4", "icon": "bus.svg" }, "geometry": { "type": "Point", "coordinates": [ 51.6701465, 32.6721433 ] } },
{ "type": "Feature", "properties": { "osm_id": 10727505639, "name": "بهارستان", "amenity": null, "shop": null, "tourism": null, "leisure": null, "highway": null, "railway": null, "public_transport": "stop_position", "category": "other", "sub_category": "general", "category_label": "Other", "sub_category_label": "General", "color": "#999", "icon": "marker.svg" }, "geometry": { "type": "Point", "coordinates": [ 51.6673718, 32.6725045 ] } },
{ "type": "Feature", "properties": { "osm_id": 10727505640, "name": "بهارستان", "amenity": null, "shop": null, "tourism": null, "leisure": null, "highway": "bus_stop", "railway": null, "public_transport": "platform", "category": "public_transport", "sub_category": "bus_stop", "category_label": "Public Transportation", "sub_category_label": "Bus Stop", "color": "#1787d4", "icon": "bus.svg" }, "geometry": { "type": "Point", "coordinates": [ 51.6673789, 32.6725312 ] } },
{ "type": "Feature", "properties": { "osm_id": 10727505641, "name": "پناهی", "amenity": null, "shop": null, "tourism": null, "leisure": null, "highway": null, "railway": null, "public_transport": "stop_position", "category": "other", "sub_category": "general", "category_label": "Other", "sub_category_label": "General", "color": "#999", "icon": "marker.svg" }, "geometry": { "type": "Point", "coordinates": [ 51.6651775, 32.6728157 ] } },
{ "type": "Feature", "properties": { "osm_id": 10727505642, "name": "پناهی", "amenity": null, "shop": null, "tourism": null, "leisure": null, "highway": "bus_stop", "railway": null, "public_transport": "platform", "category": "public_transport", "sub_category": "bus_stop", "category_label": "Public Transportation", "sub_category_label": "Bus Stop", "color": "#1787d4", "icon": "bus.svg" }, "geometry": { "type": "Point", "coordinates": [ 51.6651826, 32.6728416 ] } },
{ "type": "Feature", "properties": { "osm_id": 10727505643, "name": "موسوی", "amenity": null, "shop": null, "tourism": null, "leisure": null, "highway": null, "railway": null, "public_transport": "stop_position", "category": "other", "sub_category": "general", "category_label": "Other", "sub_category_label": "General", "color": "#999", "icon": "marker.svg" }, "geometry": { "type": "Point", "coordinates": [ 51.6619747, 32.6732626 ] } },
{ "type": "Feature", "properties": { "osm_id": 10727505644, "name": "موسوی", "amenity": null, "shop": null, "tourism": null, "leisure": null, "highway": "bus_stop", "railway": null, "public_transport": "platform", "category": "public_transport", "sub_category": "bus_stop", "category_label": "Public Transportation", "sub_category_label": "Bus Stop", "color": "#1787d4", "icon": "bus.svg" }, "geometry": { "type": "Point", "coordinates": [ 51.6619778, 32.6732805 ] } },
{ "type": "Feature", "properties": { "osm_id": 10727505645, "name": "هاشمی", "amenity": null, "shop": null, "tourism": null, "leisure": null, "highway": null, "railway": null, "public_transport": "stop_position", "category": "other", "sub_category": "general", "category_label": "Other", "sub_category_label": "General", "color": "#999", "icon": "marker.svg" }, "geometry": { "type": "Point", "coordinates": [ 51.6596717, 32.673583 ] } },
{ "type": "Feature", "properties": { "osm_id": 10727505646, "name": "هاشمی", "amenity": null, "shop": null, "tourism": null, "leisure": null, "highway": "bus_stop", "railway": null, "public_transport": "platform", "category": "public_transport", "sub_category": "bus_stop", "category_label": "Public Transportation", "sub_category_label": "Bus Stop", "color": "#1787d4", "icon": "bus.svg" }, "geometry": { "type": "Point", "coordinates": [ 51.6596789, 32.6735974 ] } },
{ "type": "Feature", "properties": { "osm_id": 10727505647, "name": "آسیاب", "amenity": null, "shop": null, "tourism": null, "leisure": null, "highway": null, "railway": null, "public_transport": "stop_position", "category": "other", "sub_category": "general", "category_label": "Other", "sub_category_label": "General", "color": "#999", "icon": "marker.svg" }, "geometry": { "type": "Point", "coordinates": [ 51.6549466, 32.6742172 ] } },
{ "type": "Feature", "properties": { "osm_id": 10727505648, "name": "آسیاب", "amenity": null, "shop": null, "tourism": null, "leisure": null, "highway": "bus_stop", "railway": null, "public_transport": "platform", "category": "public_transport", "sub_category": "bus_stop", "category_label": "Public Transportation", "sub_category_label": "Bus Stop", "color": "#1787d4", "icon": "bus.svg" }, "geometry": { "type": "Point", "coordinates": [ 51.6549572, 32.6742403 ] } },
{ "type": "Feature", "properties": { "osm_id": 10727505649, "name": "میدان جمهوری اسلامی", "amenity": null, "shop": null, "tourism": null, "leisure": null, "highway": "bus_stop", "railway": null, "public_transport": "platform", "category": "public_transport", "sub_category": "bus_stop", "category_label": "Public Transportation", "sub_category_label": "Bus Stop", "color": "#1787d4", "icon": "bus.svg" }, "geometry": { "type": "Point", "coordinates": [ 51.6512995, 32.6754727 ] } },
{ "type": "Feature", "properties": { "osm_id": 10727530840, "name": "ایستگاه آتش نشانی شماره 17", "amenity": "fire_station", "shop": null, "tourism": null, "leisure": null, "highway": null, "railway": null, "public_transport": null, "category": "government_security", "sub_category": "fire_station", "category_label": "Government & Security", "sub_category_label": "Fire Station", "color": "#506aa0", "icon": "police.svg" }, "geometry": { "type": "Point", "coordinates": [ 51.6786659, 32.6631854 ] } },
{ "type": "Feature", "properties": { "osm_id": 10727530841, "name": "ایستگاه آتش نشانی شماره 9", "amenity": "fire_station", "shop": null, "tourism": null, "leisure": null, "highway": null, "railway": null, "public_transport": null, "category": "government_security", "sub_category": "fire_station", "category_label": "Government & Security", "sub_category_label": "Fire Station", "color": "#506aa0", "icon": "police.svg" }, "geometry": { "type": "Point", "coordinates": [ 51.6854547, 32.6648754 ] } },
{ "type": "Feature", "properties": { "osm_id": 10729678602, "name": "مجموعه غذایی آواز", "amenity": "restaurant", "shop": null, "tourism": null, "leisure": null, "highway": null, "railway": null, "public_transport": null, "category": "food_service", "sub_category": "restaurant", "category_label": "Restaurants & Cafes", "sub_category_label": "Restaurant", "color": "#b4612f", "icon": "restaurant.svg" }, "geometry": { "type": "Point", "coordinates": [ 51.6794961, 32.6784882 ] } },
{ "type": "Feature", "properties": { "osm_id": 10732319123, "name": "گالری حصیر Tavizeee تویزه", "amenity": null, "shop": "yes", "tourism": null, "leisure": null, "highway": null, "railway": null, "public_transport": null, "category": "general_retail", "sub_category": "yes", "category_label": "General Retail", "sub_category_label": "Yes", "color": "#194aa4", "icon": "shop.svg" }, "geometry": { "type": "Point", "coordinates": [ 51.6785841, 32.6583332 ] } },
{ "type": "Feature", "properties": { "osm_id": 10732509064, "name": "میدان جمهوری اسلامی", "amenity": null, "shop": null, "tourism": null, "leisure": null, "highway": "bus_stop", "railway": null, "public_transport": "platform", "category": "public_transport", "sub_category": "bus_stop", "category_label": "Public Transportation", "sub_category_label": "Bus Stop", "color": "#1787d4", "icon": "bus.svg" }, "geometry": { "type": "Point", "coordinates": [ 51.6510013, 32.6744236 ] } },
{ "type": "Feature", "properties": { "osm_id": 10732509065, "name": "آسیاب", "amenity": null, "shop": null, "tourism": null, "leisure": null, "highway": null, "railway": null, "public_transport": "stop_position", "category": "other", "sub_category": "general", "category_label": "Other", "sub_category_label": "General", "color": "#999", "icon": "marker.svg" }, "geometry": { "type": "Point", "coordinates": [ 51.6558031, 32.6740956 ] } },
{ "type": "Feature", "properties": { "osm_id": 10732509066, "name": "آسیاب", "amenity": null, "shop": null, "tourism": null, "leisure": null, "highway": "bus_stop", "railway": null, "public_transport": "platform", "category": "public_transport", "sub_category": "bus_stop", "category_label": "Public Transportation", "sub_category_label": "Bus Stop", "color": "#1787d4", "icon": "bus.svg" }, "geometry": { "type": "Point", "coordinates": [ 51.6557971, 32.6740511 ] } },
{ "type": "Feature", "properties": { "osm_id": 10732509067, "name": "هاشمی", "amenity": null, "shop": null, "tourism": null, "leisure": null, "highway": null, "railway": null, "public_transport": "stop_position", "category": "other", "sub_category": "general", "category_label": "Other", "sub_category_label": "General", "color": "#999", "icon": "marker.svg" }, "geometry": { "type": "Point", "coordinates": [ 51.659183, 32.6736225 ] } },
{ "type": "Feature", "properties": { "osm_id": 10732509068, "name": "هاشمی", "amenity": null, "shop": null, "tourism": null, "leisure": null, "highway": "bus_stop", "railway": null, "public_transport": "platform", "category": "public_transport", "sub_category": "bus_stop", "category_label": "Public Transportation", "sub_category_label": "Bus Stop", "color": "#1787d4", "icon": "bus.svg" }, "geometry": { "type": "Point", "coordinates": [ 51.6591794, 32.6735792 ] } },
{ "type": "Feature", "properties": { "osm_id": 10732509069, "name": "موسوی", "amenity": null, "shop": null, "tourism": null, "leisure": null, "highway": null, "railway": null, "public_transport": "stop_position", "category": "other", "sub_category": "general", "category_label": "Other", "sub_category_label": "General", "color": "#999", "icon": "marker.svg" }, "geometry": { "type": "Point", "coordinates": [ 51.6623672, 32.6731843 ] } },
{ "type": "Feature", "properties": { "osm_id": 10732509070, "name": "موسوی", "amenity": null, "shop": null, "tourism": null, "leisure": null, "highway": "bus_stop", "railway": null, "public_transport": "platform", "category": "public_transport", "sub_category": "bus_stop", "category_label": "Public Transportation", "sub_category_label": "Bus Stop", "color": "#1787d4", "icon": "bus.svg" }, "geometry": { "type": "Point", "coordinates": [ 51.6623659, 32.6731412 ] } },
{ "type": "Feature", "properties": { "osm_id": 10732509071, "name": "پناهی", "amenity": null, "shop": null, "tourism": null, "leisure": null, "highway": null, "railway": null, "public_transport": "stop_position", "category": "other", "sub_category": "general", "category_label": "Other", "sub_category_label": "General", "color": "#999", "icon": "marker.svg" }, "geometry": { "type": "Point", "coordinates": [ 51.6665381, 32.672604 ] } },
{ "type": "Feature", "properties": { "osm_id": 10732509072, "name": "پناهی", "amenity": null, "shop": null, "tourism": null, "leisure": null, "highway": "bus_stop", "railway": null, "public_transport": "platform", "category": "public_transport", "sub_category": "bus_stop", "category_label": "Public Transportation", "sub_category_label": "Bus Stop", "color": "#1787d4", "icon": "bus.svg" }, "geometry": { "type": "Point", "coordinates": [ 51.6641119, 32.6728996 ] } },
{ "type": "Feature", "properties": { "osm_id": 10732509073, "name": "میدان شهدا", "amenity": null, "shop": null, "tourism": null, "leisure": null, "highway": null, "railway": null, "public_transport": "stop_position", "category": "other", "sub_category": "general", "category_label": "Other", "sub_category_label": "General", "color": "#999", "icon": "marker.svg" }, "geometry": { "type": "Point", "coordinates": [ 51.6701349, 32.6720863 ] } },
{ "type": "Feature", "properties": { "osm_id": 10732509074, "name": "میدان شهدا", "amenity": null, "shop": null, "tourism": null, "leisure": null, "highway": "bus_stop", "railway": null, "public_transport": "platform", "category": "public_transport", "sub_category": "bus_stop", "category_label": "Public Transportation", "sub_category_label": "Bus Stop", "color": "#1787d4", "icon": "bus.svg" }, "geometry": { "type": "Point", "coordinates": [ 51.6701201, 32.6720439 ] } },
{ "type": "Feature", "properties": { "osm_id": 10732535194, "name": "مترو شهدا", "amenity": null, "shop": null, "tourism": null, "leisure": null, "highway": null, "railway": null, "public_transport": "stop_position", "category": "other", "sub_category": "general", "category_label": "Other", "sub_category_label": "General", "color": "#999", "icon": "marker.svg" }, "geometry": { "type": "Point", "coordinates": [ 51.6709462, 32.6708608 ] } },
{ "type": "Feature", "properties": { "osm_id": 10732552295, "name": "پشت بارو", "amenity": null, "shop": null, "tourism": null, "leisure": null, "highway": null, "railway": null, "public_transport": "stop_position", "category": "other", "sub_category": "general", "category_label": "Other", "sub_category_label": "General", "color": "#999", "icon": "marker.svg" }, "geometry": { "type": "Point", "coordinates": [ 51.6704803, 32.6675579 ] } },
{ "type": "Feature", "properties": { "osm_id": 10732586896, "name": "پناهی", "amenity": null, "shop": null, "tourism": null, "leisure": null, "highway": null, "railway": null, "public_transport": "stop_position", "category": "other", "sub_category": "general", "category_label": "Other", "sub_category_label": "General", "color": "#999", "icon": "marker.svg" }, "geometry": { "type": "Point", "coordinates": [ 51.6641172, 32.6729434 ] } },
{ "type": "Feature", "properties": { "osm_id": 10732586897, "name": "بهارستان", "amenity": null, "shop": null, "tourism": null, "leisure": null, "highway": "bus_stop", "railway": null, "public_transport": "platform", "category": "public_transport", "sub_category": "bus_stop", "category_label": "Public Transportation", "sub_category_label": "Bus Stop", "color": "#1787d4", "icon": "bus.svg" }, "geometry": { "type": "Point", "coordinates": [ 51.6665298, 32.6725526 ] } },
{ "type": "Feature", "properties": { "osm_id": 10732586899, "name": "ابتدای ابن سینا", "amenity": null, "shop": null, "tourism": null, "leisure": null, "highway": null, "railway": null, "public_transport": "stop_position", "category": "other", "sub_category": "general", "category_label": "Other", "sub_category_label": "General", "color": "#999", "icon": "marker.svg" }, "geometry": { "type": "Point", "coordinates": [ 51.6722906, 32.6718816 ] } },
{ "type": "Feature", "properties": { "osm_id": 10732586900, "name": "ابتدای ابن سینا", "amenity": null, "shop": null, "tourism": null, "leisure": null, "highway": "bus_stop", "railway": null, "public_transport": "platform", "category": "public_transport", "sub_category": "bus_stop", "category_label": "Public Transportation", "sub_category_label": "Bus Stop", "color": "#1787d4", "icon": "bus.svg" }, "geometry": { "type": "Point", "coordinates": [ 51.6722885, 32.6718301 ] } },
{ "type": "Feature", "properties": { "osm_id": 10732586901, "name": "بیمارستان امین", "amenity": null, "shop": null, "tourism": null, "leisure": null, "highway": null, "railway": null, "public_transport": "stop_position", "category": "other", "sub_category": "general", "category_label": "Other", "sub_category_label": "General", "color": "#999", "icon": "marker.svg" }, "geometry": { "type": "Point", "coordinates": [ 51.6763627, 32.6715943 ] } },
{ "type": "Feature", "properties": { "osm_id": 10732586902, "name": "میدان شهدا", "amenity": null, "shop": null, "tourism": null, "leisure": null, "highway": "bus_stop", "railway": null, "public_transport": "platform", "category": "public_transport", "sub_category": "bus_stop", "category_label": "Public Transportation", "sub_category_label": "Bus Stop", "color": "#1787d4", "icon": "bus.svg" }, "geometry": { "type": "Point", "coordinates": [ 51.6763628, 32.6715456 ] } },
{ "type": "Feature", "properties": { "osm_id": 10732586903, "name": "دردشت", "amenity": null, "shop": null, "tourism": null, "leisure": null, "highway": null, "railway": null, "public_transport": "stop_position", "category": "other", "sub_category": "general", "category_label": "Other", "sub_category_label": "General", "color": "#999", "icon": "marker.svg" }, "geometry": { "type": "Point", "coordinates": [ 51.6794897, 32.6726223 ] } },
{ "type": "Feature", "properties": { "osm_id": 10732586904, "name": "دردشت", "amenity": null, "shop": null, "tourism": null, "leisure": null, "highway": "bus_stop", "railway": null, "public_transport": "platform", "category": "public_transport", "sub_category": "bus_stop", "category_label": "Public Transportation", "sub_category_label": "Bus Stop", "color": "#1787d4", "icon": "bus.svg" }, "geometry": { "type": "Point", "coordinates": [ 51.6795037, 32.6725774 ] } },
{ "type": "Feature", "properties": { "osm_id": 10732597305, "name": "شهشهان", "amenity": null, "shop": null, "tourism": null, "leisure": null, "highway": null, "railway": null, "public_transport": "stop_position", "category": "other", "sub_category": "general", "category_label": "Other", "sub_category_label": "General", "color": "#999", "icon": "marker.svg" }, "geometry": { "type": "Point", "coordinates": [ 51.6828329, 32.6741316 ] } },
{ "type": "Feature", "properties": { "osm_id": 10732597306, "name": "شهشهان", "amenity": null, "shop": null, "tourism": null, "leisure": null, "highway": "bus_stop", "railway": null, "public_transport": "platform", "category": "public_transport", "sub_category": "bus_stop", "category_label": "Public Transportation", "sub_category_label": "Bus Stop", "color": "#1787d4", "icon": "bus.svg" }, "geometry": { "type": "Point", "coordinates": [ 51.682843, 32.6740834 ] } },
{ "type": "Feature", "properties": { "osm_id": 10732597307, "name": "چهارراه باباقاسم", "amenity": null, "shop": null, "tourism": null, "leisure": null, "highway": null, "railway": null, "public_transport": "stop_position", "category": "other", "sub_category": "general", "category_label": "Other", "sub_category_label": "General", "color": "#999", "icon": "marker.svg" }, "geometry": { "type": "Point", "coordinates": [ 51.6865339, 32.6738558 ] } },
{ "type": "Feature", "properties": { "osm_id": 10732597308, "name": "چهارراه باباقاسم", "amenity": null, "shop": null, "tourism": null, "leisure": null, "highway": "bus_stop", "railway": null, "public_transport": "platform", "category": "public_transport", "sub_category": "bus_stop", "category_label": "Public Transportation", "sub_category_label": "Bus Stop", "color": "#1787d4", "icon": "bus.svg" }, "geometry": { "type": "Point", "coordinates": [ 51.6865284, 32.6738147 ] } },
{ "type": "Feature", "properties": { "osm_id": 10736825775, "name": "پایانه باغ قوشخانه", "amenity": null, "shop": null, "tourism": null, "leisure": null, "highway": "bus_stop", "railway": null, "public_transport": "platform", "category": "public_transport", "sub_category": "bus_stop", "category_label": "Public Transportation", "sub_category_label": "Bus Stop", "color": "#1787d4", "icon": "bus.svg" }, "geometry": { "type": "Point", "coordinates": [ 51.6909272, 32.6840516 ] } },
{ "type": "Feature", "properties": { "osm_id": 10792397363, "name": null, "amenity": null, "shop": null, "tourism": null, "leisure": null, "highway": "traffic_signals", "railway": null, "public_transport": null, "category": "parking_road_facility", "sub_category": "traffic_signals", "category_label": "Parking & Road Facilities", "sub_category_label": "Traffic Signals", "color": "#78523e", "icon": "parking.svg" }, "geometry": { "type": "Point", "coordinates": [ 51.6432628, 32.663647 ] } },
{ "type": "Feature", "properties": { "osm_id": 10792397364, "name": null, "amenity": null, "shop": null, "tourism": null, "leisure": null, "highway": "traffic_signals", "railway": null, "public_transport": null, "category": "parking_road_facility", "sub_category": "traffic_signals", "category_label": "Parking & Road Facilities", "sub_category_label": "Traffic Signals", "color": "#78523e", "icon": "parking.svg" }, "geometry": { "type": "Point", "coordinates": [ 51.6432656, 32.6560731 ] } },
{ "type": "Feature", "properties": { "osm_id": 10792397365, "name": null, "amenity": null, "shop": null, "tourism": null, "leisure": null, "highway": "traffic_signals", "railway": null, "public_transport": null, "category": "parking_road_facility", "sub_category": "traffic_signals", "category_label": "Parking & Road Facilities", "sub_category_label": "Traffic Signals", "color": "#78523e", "icon": "parking.svg" }, "geometry": { "type": "Point", "coordinates": [ 51.6437415, 32.6557568 ] } },
{ "type": "Feature", "properties": { "osm_id": 10792397366, "name": null, "amenity": null, "shop": null, "tourism": null, "leisure": null, "highway": "traffic_signals", "railway": null, "public_transport": null, "category": "parking_road_facility", "sub_category": "traffic_signals", "category_label": "Parking & Road Facilities", "sub_category_label": "Traffic Signals", "color": "#78523e", "icon": "parking.svg" }, "geometry": { "type": "Point", "coordinates": [ 51.6431902, 32.6558754 ] } },
{ "type": "Feature", "properties": { "osm_id": 10792397367, "name": null, "amenity": null, "shop": null, "tourism": null, "leisure": null, "highway": "traffic_signals", "railway": null, "public_transport": null, "category": "parking_road_facility", "sub_category": "traffic_signals", "category_label": "Parking & Road Facilities", "sub_category_label": "Traffic Signals", "color": "#78523e", "icon": "parking.svg" }, "geometry": { "type": "Point", "coordinates": [ 51.643807, 32.6558873 ] } },
{ "type": "Feature", "properties": { "osm_id": 10795002481, "name": "اقامتگاه بومگردی چیلا", "amenity": null, "shop": null, "tourism": "hostel", "leisure": null, "highway": null, "railway": null, "public_transport": null, "category": "accommodation", "sub_category": "hostel", "category_label": "Accommodation", "sub_category_label": "Hostel", "color": "#78523e", "icon": "lodging.svg" }, "geometry": { "type": "Point", "coordinates": [ 51.6761097, 32.6548132 ] } },
{ "type": "Feature", "properties": { "osm_id": 10824054445, "name": "ماه عسل ایرانیان", "amenity": null, "shop": "travel_agency", "tourism": null, "leisure": null, "highway": null, "railway": null, "public_transport": null, "category": "other", "sub_category": "travel_agency", "category_label": "Other", "sub_category_label": "Travel Agency", "color": "#999", "icon": "marker.svg" }, "geometry": { "type": "Point", "coordinates": [ 51.6628768, 32.6621189 ] } },
{ "type": "Feature", "properties": { "osm_id": 10830394762, "name": "تولیدی پوشاک آرمان", "amenity": null, "shop": "clothes", "tourism": null, "leisure": null, "highway": null, "railway": null, "public_transport": null, "category": "fashion", "sub_category": "clothes", "category_label": "Fashion & Clothing", "sub_category_label": "Clothes", "color": "#194aa4", "icon": "clothing-store.svg" }, "geometry": { "type": "Point", "coordinates": [ 51.6758107, 32.6647061 ] } },
{ "type": "Feature", "properties": { "osm_id": 10882929587, "name": "فروشگاه صنایع دستی آقاجانی", "amenity": null, "shop": "craft", "tourism": null, "leisure": null, "highway": null, "railway": null, "public_transport": null, "category": "general_retail", "sub_category": "craft", "category_label": "General Retail", "sub_category_label": "Craft", "color": "#194aa4", "icon": "shop.svg" }, "geometry": { "type": "Point", "coordinates": [ 51.6752422, 32.6552816 ] } },
{ "type": "Feature", "properties": { "osm_id": 10895622228, "name": "MORSEPHONE", "amenity": null, "shop": "mobile_phone", "tourism": null, "leisure": null, "highway": null, "railway": null, "public_transport": null, "category": "general_retail", "sub_category": "electronics_store", "category_label": "General Retail", "sub_category_label": "Electronics Store", "color": "#194aa4", "icon": "shop.svg" }, "geometry": { "type": "Point", "coordinates": [ 51.6820176, 32.6600407 ] } },
{ "type": "Feature", "properties": { "osm_id": 10899269936, "name": "فروشگاه موتورسیکلت جواد", "amenity": null, "shop": "motorcycle", "tourism": null, "leisure": null, "highway": null, "railway": null, "public_transport": null, "category": "automotive", "sub_category": "car_related_store", "category_label": "Automotive Services", "sub_category_label": "Car Related Store", "color": "#2ecc71", "icon": "car-repair.svg" }, "geometry": { "type": "Point", "coordinates": [ 51.6890587, 32.6808698 ] } },
{ "type": "Feature", "properties": { "osm_id": 10910986044, "name": "فست فود ایستافل", "amenity": "fast_food", "shop": null, "tourism": null, "leisure": null, "highway": null, "railway": null, "public_transport": null, "category": "food_service", "sub_category": "fast_food", "category_label": "Restaurants & Cafes", "sub_category_label": "Fast Food", "color": "#b4612f", "icon": "restaurant.svg" }, "geometry": { "type": "Point", "coordinates": [ 51.6724943, 32.6799851 ] } },
{ "type": "Feature", "properties": { "osm_id": 10928735788, "name": "مهر", "amenity": null, "shop": null, "tourism": null, "leisure": null, "highway": null, "railway": null, "public_transport": "stop_position", "category": "other", "sub_category": "general", "category_label": "Other", "sub_category_label": "General", "color": "#999", "icon": "marker.svg" }, "geometry": { "type": "Point", "coordinates": [ 51.6416539, 32.6694401 ] } },
{ "type": "Feature", "properties": { "osm_id": 10928735789, "name": "مهر", "amenity": null, "shop": null, "tourism": null, "leisure": null, "highway": "bus_stop", "railway": null, "public_transport": "platform", "category": "public_transport", "sub_category": "bus_stop", "category_label": "Public Transportation", "sub_category_label": "Bus Stop", "color": "#1787d4", "icon": "bus.svg" }, "geometry": { "type": "Point", "coordinates": [ 51.6416912, 32.6694532 ] } },
{ "type": "Feature", "properties": { "osm_id": 10943525688, "name": "مهر", "amenity": null, "shop": null, "tourism": null, "leisure": null, "highway": null, "railway": null, "public_transport": "stop_position", "category": "other", "sub_category": "general", "category_label": "Other", "sub_category_label": "General", "color": "#999", "icon": "marker.svg" }, "geometry": { "type": "Point", "coordinates": [ 51.6415771, 32.6693296 ] } },
{ "type": "Feature", "properties": { "osm_id": 10943525689, "name": "مهر", "amenity": null, "shop": null, "tourism": null, "leisure": null, "highway": "bus_stop", "railway": null, "public_transport": "platform", "category": "public_transport", "sub_category": "bus_stop", "category_label": "Public Transportation", "sub_category_label": "Bus Stop", "color": "#1787d4", "icon": "bus.svg" }, "geometry": { "type": "Point", "coordinates": [ 51.6415522, 32.6692812 ] } },
{ "type": "Feature", "properties": { "osm_id": 10943783141, "name": "مرکز خدمات روانشناسی و مشاوره آویسا", "amenity": null, "shop": null, "tourism": null, "leisure": null, "highway": null, "railway": null, "public_transport": null, "category": "other", "sub_category": "general", "category_label": "Other", "sub_category_label": "General", "color": "#999", "icon": "marker.svg" }, "geometry": { "type": "Point", "coordinates": [ 51.6663287, 32.6597847 ] } },
{ "type": "Feature", "properties": { "osm_id": 10961228492, "name": null, "amenity": null, "shop": null, "tourism": null, "leisure": null, "highway": "crossing", "railway": null, "public_transport": null, "category": "parking_road_facility", "sub_category": "crossing", "category_label": "Parking & Road Facilities", "sub_category_label": "Crossing", "color": "#78523e", "icon": "parking.svg" }, "geometry": { "type": "Point", "coordinates": [ 51.6945903, 32.6661143 ] } },
{ "type": "Feature", "properties": { "osm_id": 10961228495, "name": null, "amenity": null, "shop": null, "tourism": null, "leisure": null, "highway": "crossing", "railway": null, "public_transport": null, "category": "parking_road_facility", "sub_category": "crossing", "category_label": "Parking & Road Facilities", "sub_category_label": "Crossing", "color": "#78523e", "icon": "parking.svg" }, "geometry": { "type": "Point", "coordinates": [ 51.6947382, 32.6664917 ] } },
{ "type": "Feature", "properties": { "osm_id": 10961228498, "name": null, "amenity": null, "shop": null, "tourism": null, "leisure": null, "highway": "crossing", "railway": null, "public_transport": null, "category": "parking_road_facility", "sub_category": "crossing", "category_label": "Parking & Road Facilities", "sub_category_label": "Crossing", "color": "#78523e", "icon": "parking.svg" }, "geometry": { "type": "Point", "coordinates": [ 51.6943433, 32.666212 ] } },
{ "type": "Feature", "properties": { "osm_id": 10961228499, "name": null, "amenity": null, "shop": null, "tourism": null, "leisure": null, "highway": "crossing", "railway": null, "public_transport": null, "category": "parking_road_facility", "sub_category": "crossing", "category_label": "Parking & Road Facilities", "sub_category_label": "Crossing", "color": "#78523e", "icon": "parking.svg" }, "geometry": { "type": "Point", "coordinates": [ 51.6942737, 32.6663488 ] } },
{ "type": "Feature", "properties": { "osm_id": 10961228500, "name": null, "amenity": null, "shop": null, "tourism": null, "leisure": null, "highway": "crossing", "railway": null, "public_transport": null, "category": "parking_road_facility", "sub_category": "crossing", "category_label": "Parking & Road Facilities", "sub_category_label": "Crossing", "color": "#78523e", "icon": "parking.svg" }, "geometry": { "type": "Point", "coordinates": [ 51.6943, 32.6664435 ] } },
{ "type": "Feature", "properties": { "osm_id": 10961228501, "name": null, "amenity": null, "shop": null, "tourism": null, "leisure": null, "highway": "crossing", "railway": null, "public_transport": null, "category": "parking_road_facility", "sub_category": "crossing", "category_label": "Parking & Road Facilities", "sub_category_label": "Crossing", "color": "#78523e", "icon": "parking.svg" }, "geometry": { "type": "Point", "coordinates": [ 51.6944436, 32.6665165 ] } },
{ "type": "Feature", "properties": { "osm_id": 10961228502, "name": null, "amenity": null, "shop": null, "tourism": null, "leisure": null, "highway": "crossing", "railway": null, "public_transport": null, "category": "parking_road_facility", "sub_category": "crossing", "category_label": "Parking & Road Facilities", "sub_category_label": "Crossing", "color": "#78523e", "icon": "parking.svg" }, "geometry": { "type": "Point", "coordinates": [ 51.6944558, 32.6661887 ] } },
{ "type": "Feature", "properties": { "osm_id": 10961228503, "name": null, "amenity": null, "shop": null, "tourism": null, "leisure": null, "highway": "crossing", "railway": null, "public_transport": null, "category": "parking_road_facility", "sub_category": "crossing", "category_label": "Parking & Road Facilities", "sub_category_label": "Crossing", "color": "#78523e", "icon": "parking.svg" }, "geometry": { "type": "Point", "coordinates": [ 51.6945775, 32.6662679 ] } },
{ "type": "Feature", "properties": { "osm_id": 10961228504, "name": null, "amenity": null, "shop": null, "tourism": null, "leisure": null, "highway": "crossing", "railway": null, "public_transport": null, "category": "parking_road_facility", "sub_category": "crossing", "category_label": "Parking & Road Facilities", "sub_category_label": "Crossing", "color": "#78523e", "icon": "parking.svg" }, "geometry": { "type": "Point", "coordinates": [ 51.6946175, 32.6663619 ] } },
{ "type": "Feature", "properties": { "osm_id": 10961261405, "name": null, "amenity": null, "shop": null, "tourism": null, "leisure": null, "highway": "crossing", "railway": null, "public_transport": null, "category": "parking_road_facility", "sub_category": "crossing", "category_label": "Parking & Road Facilities", "sub_category_label": "Crossing", "color": "#78523e", "icon": "parking.svg" }, "geometry": { "type": "Point", "coordinates": [ 51.6945508, 32.6664927 ] } },
{ "type": "Feature", "properties": { "osm_id": 10961261407, "name": null, "amenity": null, "shop": null, "tourism": null, "leisure": null, "highway": "crossing", "railway": null, "public_transport": null, "category": "parking_road_facility", "sub_category": "crossing", "category_label": "Parking & Road Facilities", "sub_category_label": "Crossing", "color": "#78523e", "icon": "parking.svg" }, "geometry": { "type": "Point", "coordinates": [ 51.6942117, 32.6662115 ] } },
{ "type": "Feature", "properties": { "osm_id": 10961261409, "name": null, "amenity": null, "shop": null, "tourism": null, "leisure": null, "highway": "crossing", "railway": null, "public_transport": null, "category": "parking_road_facility", "sub_category": "crossing", "category_label": "Parking & Road Facilities", "sub_category_label": "Crossing", "color": "#78523e", "icon": "parking.svg" }, "geometry": { "type": "Point", "coordinates": [ 51.694292, 32.6665947 ] } },
{ "type": "Feature", "properties": { "osm_id": 10961261451, "name": null, "amenity": null, "shop": null, "tourism": null, "leisure": null, "highway": "crossing", "railway": null, "public_transport": null, "category": "parking_road_facility", "sub_category": "crossing", "category_label": "Parking & Road Facilities", "sub_category_label": "Crossing", "color": "#78523e", "icon": "parking.svg" }, "geometry": { "type": "Point", "coordinates": [ 51.6900799, 32.6669369 ] } },
{ "type": "Feature", "properties": { "osm_id": 10969529407, "name": "سالن زیبایی صورتی پلاس", "amenity": null, "shop": "beauty", "tourism": null, "leisure": null, "highway": null, "railway": null, "public_transport": null, "category": "beauty_accessories", "sub_category": "cosmetics_store", "category_label": "Beauty & Accessories", "sub_category_label": "Cosmetics Store", "color": "#194aa4", "icon": "shop.svg" }, "geometry": { "type": "Point", "coordinates": [ 51.6915787, 32.6767757 ] } },
{ "type": "Feature", "properties": { "osm_id": 10973227060, "name": "Mizan Cafe", "amenity": "cafe", "shop": null, "tourism": null, "leisure": null, "highway": null, "railway": null, "public_transport": null, "category": "food_service", "sub_category": "cafe", "category_label": "Restaurants & Cafes", "sub_category_label": "Cafe", "color": "#b4612f", "icon": "restaurant.svg" }, "geometry": { "type": "Point", "coordinates": [ 51.6754055, 32.6547002 ] } },
{ "type": "Feature", "properties": { "osm_id": 10981307253, "name": "چهارراه قصر", "amenity": null, "shop": null, "tourism": null, "leisure": null, "highway": null, "railway": null, "public_transport": "stop_position", "category": "other", "sub_category": "general", "category_label": "Other", "sub_category_label": "General", "color": "#999", "icon": "marker.svg" }, "geometry": { "type": "Point", "coordinates": [ 51.6658934, 32.6530716 ] } },
{ "type": "Feature", "properties": { "osm_id": 10981307254, "name": "چهارراه قصر", "amenity": null, "shop": null, "tourism": null, "leisure": null, "highway": "bus_stop", "railway": null, "public_transport": "platform", "category": "public_transport", "sub_category": "bus_stop", "category_label": "Public Transportation", "sub_category_label": "Bus Stop", "color": "#1787d4", "icon": "bus.svg" }, "geometry": { "type": "Point", "coordinates": [ 51.6658428, 32.6530554 ] } },
{ "type": "Feature", "properties": { "osm_id": 11010122553, "name": "۲۵ آبان", "amenity": null, "shop": null, "tourism": null, "leisure": null, "highway": null, "railway": null, "public_transport": "stop_position", "category": "other", "sub_category": "general", "category_label": "Other", "sub_category_label": "General", "color": "#999", "icon": "marker.svg" }, "geometry": { "type": "Point", "coordinates": [ 51.6722682, 32.6789475 ] } },
{ "type": "Feature", "properties": { "osm_id": 11010122554, "name": "۲۵ آبان", "amenity": null, "shop": null, "tourism": null, "leisure": null, "highway": "bus_stop", "railway": null, "public_transport": "platform", "category": "public_transport", "sub_category": "bus_stop", "category_label": "Public Transportation", "sub_category_label": "Bus Stop", "color": "#1787d4", "icon": "bus.svg" }, "geometry": { "type": "Point", "coordinates": [ 51.6723238, 32.6789292 ] } },
{ "type": "Feature", "properties": { "osm_id": 11012165558, "name": "مترو شهید باهنر", "amenity": null, "shop": null, "tourism": null, "leisure": null, "highway": null, "railway": null, "public_transport": "stop_position", "category": "other", "sub_category": "general", "category_label": "Other", "sub_category_label": "General", "color": "#999", "icon": "marker.svg" }, "geometry": { "type": "Point", "coordinates": [ 51.672082, 32.6793761 ] } },
{ "type": "Feature", "properties": { "osm_id": 11012165559, "name": "مترو شهید باهنر", "amenity": null, "shop": null, "tourism": null, "leisure": null, "highway": "bus_stop", "railway": null, "public_transport": "platform", "category": "public_transport", "sub_category": "bus_stop", "category_label": "Public Transportation", "sub_category_label": "Bus Stop", "color": "#1787d4", "icon": "bus.svg" }, "geometry": { "type": "Point", "coordinates": [ 51.6720474, 32.6793578 ] } },
{ "type": "Feature", "properties": { "osm_id": 11012165560, "name": "پایانه بابلدشت", "amenity": null, "shop": null, "tourism": null, "leisure": null, "highway": null, "railway": null, "public_transport": "stop_position", "category": "other", "sub_category": "general", "category_label": "Other", "sub_category_label": "General", "color": "#999", "icon": "marker.svg" }, "geometry": { "type": "Point", "coordinates": [ 51.6717249, 32.6767325 ] } },
{ "type": "Feature", "properties": { "osm_id": 11012165561, "name": "پایانه بابلدشت", "amenity": null, "shop": null, "tourism": null, "leisure": null, "highway": "bus_stop", "railway": null, "public_transport": "platform", "category": "public_transport", "sub_category": "bus_stop", "category_label": "Public Transportation", "sub_category_label": "Bus Stop", "color": "#1787d4", "icon": "bus.svg" }, "geometry": { "type": "Point", "coordinates": [ 51.6716853, 32.6767209 ] } },
{ "type": "Feature", "properties": { "osm_id": 11012165562, "name": "میدان شهدا", "amenity": null, "shop": null, "tourism": null, "leisure": null, "highway": null, "railway": null, "public_transport": "stop_position", "category": "other", "sub_category": "general", "category_label": "Other", "sub_category_label": "General", "color": "#999", "icon": "marker.svg" }, "geometry": { "type": "Point", "coordinates": [ 51.6712932, 32.6737625 ] } },
{ "type": "Feature", "properties": { "osm_id": 11012165563, "name": "میدان شهدا", "amenity": null, "shop": null, "tourism": null, "leisure": null, "highway": "bus_stop", "railway": null, "public_transport": "platform", "category": "public_transport", "sub_category": "bus_stop", "category_label": "Public Transportation", "sub_category_label": "Bus Stop", "color": "#1787d4", "icon": "bus.svg" }, "geometry": { "type": "Point", "coordinates": [ 51.6712588, 32.6737542 ] } },
{ "type": "Feature", "properties": { "osm_id": 11012278255, "name": "میدان جمهوری اسلامی", "amenity": null, "shop": null, "tourism": null, "leisure": null, "highway": null, "railway": null, "public_transport": "stop_position", "category": "other", "sub_category": "general", "category_label": "Other", "sub_category_label": "General", "color": "#999", "icon": "marker.svg" }, "geometry": { "type": "Point", "coordinates": [ 51.6469057, 32.6775944 ] } },
{ "type": "Feature", "properties": { "osm_id": 11012278256, "name": "میدان جمهوری اسلامی", "amenity": null, "shop": null, "tourism": null, "leisure": null, "highway": "bus_stop", "railway": null, "public_transport": "platform", "category": "public_transport", "sub_category": "bus_stop", "category_label": "Public Transportation", "sub_category_label": "Bus Stop", "color": "#1787d4", "icon": "bus.svg" }, "geometry": { "type": "Point", "coordinates": [ 51.6469633, 32.6776036 ] } },
{ "type": "Feature", "properties": { "osm_id": 11030067355, "name": "هایپر پلاسکو جشنواره", "amenity": null, "shop": "yes", "tourism": null, "leisure": null, "highway": null, "railway": null, "public_transport": null, "category": "general_retail", "sub_category": "yes", "category_label": "General Retail", "sub_category_label": "Yes", "color": "#194aa4", "icon": "shop.svg" }, "geometry": { "type": "Point", "coordinates": [ 51.6886501, 32.6731019 ] } },
{ "type": "Feature", "properties": { "osm_id": 11030467107, "name": "ابزارفروشی پولاد", "amenity": null, "shop": "hardware", "tourism": null, "leisure": null, "highway": null, "railway": null, "public_transport": null, "category": "general_retail", "sub_category": "hardware_store", "category_label": "General Retail", "sub_category_label": "Hardware Store", "color": "#194aa4", "icon": "shop.svg" }, "geometry": { "type": "Point", "coordinates": [ 51.6554859, 32.6835149 ] } },
{ "type": "Feature", "properties": { "osm_id": 11030478605, "name": "ابزارفروشی پولاد", "amenity": null, "shop": "hardware", "tourism": null, "leisure": null, "highway": null, "railway": null, "public_transport": null, "category": "general_retail", "sub_category": "hardware_store", "category_label": "General Retail", "sub_category_label": "Hardware Store", "color": "#194aa4", "icon": "shop.svg" }, "geometry": { "type": "Point", "coordinates": [ 51.6506097, 32.6895297 ] } },
{ "type": "Feature", "properties": { "osm_id": 11051640466, "name": "فروشگاه گل رز", "amenity": null, "shop": "florist", "tourism": null, "leisure": null, "highway": null, "railway": null, "public_transport": null, "category": "general_retail", "sub_category": "florist", "category_label": "General Retail", "sub_category_label": "Florist", "color": "#194aa4", "icon": "shop.svg" }, "geometry": { "type": "Point", "coordinates": [ 51.6785571, 32.6817046 ] } },
{ "type": "Feature", "properties": { "osm_id": 11061497871, "name": "استودیو صدابرداری بانک صدای گویندگان شعبه اصفهان", "amenity": "studio", "shop": null, "tourism": null, "leisure": null, "highway": null, "railway": null, "public_transport": null, "category": "other", "sub_category": "studio", "category_label": "Other", "sub_category_label": "Studio", "color": "#999", "icon": "marker.svg" }, "geometry": { "type": "Point", "coordinates": [ 51.6702467, 32.6722685 ] } },
{ "type": "Feature", "properties": { "osm_id": 11065096989, "name": "پایانه بابلدشت", "amenity": null, "shop": null, "tourism": null, "leisure": null, "highway": null, "railway": null, "public_transport": "stop_position", "category": "other", "sub_category": "general", "category_label": "Other", "sub_category_label": "General", "color": "#999", "icon": "marker.svg" }, "geometry": { "type": "Point", "coordinates": [ 51.6723713, 32.6766161 ] } },
{ "type": "Feature", "properties": { "osm_id": 11104960320, "name": "فروشگاه لباس زیر ارس", "amenity": null, "shop": "clothes", "tourism": null, "leisure": null, "highway": null, "railway": null, "public_transport": null, "category": "fashion", "sub_category": "clothes", "category_label": "Fashion & Clothing", "sub_category_label": "Clothes", "color": "#194aa4", "icon": "clothing-store.svg" }, "geometry": { "type": "Point", "coordinates": [ 51.6659509, 32.6539083 ] } },
{ "type": "Feature", "properties": { "osm_id": 11104960321, "name": null, "amenity": "atm", "shop": null, "tourism": null, "leisure": null, "highway": null, "railway": null, "public_transport": null, "category": "finance", "sub_category": "atm", "category_label": "Banking & Finance", "sub_category_label": "Atm", "color": "#4e497c", "icon": "bank.svg" }, "geometry": { "type": "Point", "coordinates": [ 51.6940197, 32.6527454 ] } },
{ "type": "Feature", "properties": { "osm_id": 11111391334, "name": "دبیرستان شهید اژه ای", "amenity": "school", "shop": null, "tourism": null, "leisure": null, "highway": null, "railway": null, "public_transport": null, "category": "education", "sub_category": "school", "category_label": "Education", "sub_category_label": "School", "color": "#78523e", "icon": "school.svg" }, "geometry": { "type": "Point", "coordinates": [ 51.670745, 32.673099 ] } },
{ "type": "Feature", "properties": { "osm_id": 11113894970, "name": "لوازم کفش سجادی", "amenity": null, "shop": "shoes", "tourism": null, "leisure": null, "highway": null, "railway": null, "public_transport": null, "category": "fashion", "sub_category": "shoe", "category_label": "Fashion & Clothing", "sub_category_label": "Shoe", "color": "#194aa4", "icon": "clothing-store.svg" }, "geometry": { "type": "Point", "coordinates": [ 51.6716241, 32.6590674 ] } },
{ "type": "Feature", "properties": { "osm_id": 11117096208, "name": "بستنی مخصوص ابن سینا", "amenity": "ice_cream", "shop": null, "tourism": null, "leisure": null, "highway": null, "railway": null, "public_transport": null, "category": "food_service", "sub_category": "cafe", "category_label": "Restaurants & Cafes", "sub_category_label": "Cafe", "color": "#b4612f", "icon": "restaurant.svg" }, "geometry": { "type": "Point", "coordinates": [ 51.6799263, 32.6728066 ] } },
{ "type": "Feature", "properties": { "osm_id": 11118975196, "name": "نساجی افراز", "amenity": null, "shop": "fabric", "tourism": null, "leisure": null, "highway": null, "railway": null, "public_transport": null, "category": "general_retail", "sub_category": "fabric", "category_label": "General Retail", "sub_category_label": "Fabric", "color": "#194aa4", "icon": "shop.svg" }, "geometry": { "type": "Point", "coordinates": [ 51.6836404, 32.6741733 ] } },
{ "type": "Feature", "properties": { "osm_id": 11132324448, "name": "لاستیک مهدی بهشتی (نمایندگی کویر تایر نمایندگی بارز هانکوک کومهو نکسن", "amenity": null, "shop": "tyres", "tourism": null, "leisure": null, "highway": null, "railway": null, "public_transport": null, "category": "general_retail", "sub_category": "tyres", "category_label": "General Retail", "sub_category_label": "Tyres", "color": "#194aa4", "icon": "shop.svg" }, "geometry": { "type": "Point", "coordinates": [ 51.6531965, 32.6536076 ] } },
{ "type": "Feature", "properties": { "osm_id": 11152245959, "name": "فروشگاه دکوراسیون داخلی هرمس", "amenity": null, "shop": "interior_decoration", "tourism": null, "leisure": null, "highway": null, "railway": null, "public_transport": null, "category": "general_retail", "sub_category": "interior_decoration", "category_label": "General Retail", "sub_category_label": "Interior Decoration", "color": "#194aa4", "icon": "shop.svg" }, "geometry": { "type": "Point", "coordinates": [ 51.650926, 32.6667202 ] } },
{ "type": "Feature", "properties": { "osm_id": 11207544688, "name": "کلینیک ماساژ حس آرامش", "amenity": null, "shop": "massage", "tourism": null, "leisure": null, "highway": null, "railway": null, "public_transport": null, "category": "general_retail", "sub_category": "massage", "category_label": "General Retail", "sub_category_label": "Massage", "color": "#194aa4", "icon": "shop.svg" }, "geometry": { "type": "Point", "coordinates": [ 51.6874386, 32.6776593 ] } },
{ "type": "Feature", "properties": { "osm_id": 11214441043, "name": "خانه مدرن [] Home Modern", "amenity": null, "shop": "houseware", "tourism": null, "leisure": null, "highway": null, "railway": null, "public_transport": null, "category": "general_retail", "sub_category": "houseware", "category_label": "General Retail", "sub_category_label": "Houseware", "color": "#194aa4", "icon": "shop.svg" }, "geometry": { "type": "Point", "coordinates": [ 51.6842818, 32.6615084 ] } },
{ "type": "Feature", "properties": { "osm_id": 11214442021, "name": "لوازم خانگی مقدس", "amenity": null, "shop": "houseware", "tourism": null, "leisure": null, "highway": null, "railway": null, "public_transport": null, "category": "general_retail", "sub_category": "houseware", "category_label": "General Retail", "sub_category_label": "Houseware", "color": "#194aa4", "icon": "shop.svg" }, "geometry": { "type": "Point", "coordinates": [ 51.6845151, 32.6614587 ] } },
{ "type": "Feature", "properties": { "osm_id": 11222308860, "name": "شرکت ایمن تجهیز گلچین", "amenity": null, "shop": null, "tourism": null, "leisure": null, "highway": null, "railway": null, "public_transport": null, "category": "other", "sub_category": "general", "category_label": "Other", "sub_category_label": "General", "color": "#999", "icon": "marker.svg" }, "geometry": { "type": "Point", "coordinates": [ 51.6471734, 32.6664188 ] } },
{ "type": "Feature", "properties": { "osm_id": 11229940924, "name": "رادین دکور", "amenity": null, "shop": null, "tourism": null, "leisure": null, "highway": null, "railway": null, "public_transport": null, "category": "other", "sub_category": "general", "category_label": "Other", "sub_category_label": "General", "color": "#999", "icon": "marker.svg" }, "geometry": { "type": "Point", "coordinates": [ 51.6676593, 32.6579586 ] } },
{ "type": "Feature", "properties": { "osm_id": 11238215377, "name": "اورژانس کاشانی", "amenity": "clinic", "shop": null, "tourism": null, "leisure": null, "highway": null, "railway": null, "public_transport": null, "category": "medical_care", "sub_category": "clinic", "category_label": "Medical Care", "sub_category_label": "Clinic", "color": "#d14a4a", "icon": "doctor.svg" }, "geometry": { "type": "Point", "coordinates": [ 51.652278, 32.6597398 ] } },
{ "type": "Feature", "properties": { "osm_id": 11245203120, "name": "گوشت برزیلی خانه پروتئین", "amenity": null, "shop": "butcher", "tourism": null, "leisure": null, "highway": null, "railway": null, "public_transport": null, "category": "food_retail", "sub_category": "butcher_shop", "category_label": "Grocery & Food Retail", "sub_category_label": "Butcher Shop", "color": "#b4612f", "icon": "grocery.svg" }, "geometry": { "type": "Point", "coordinates": [ 51.6912502, 32.6670723 ] } },
{ "type": "Feature", "properties": { "osm_id": 11262555038, "name": null, "amenity": null, "shop": null, "tourism": "hotel", "leisure": null, "highway": null, "railway": null, "public_transport": null, "category": "accommodation", "sub_category": "hotel", "category_label": "Accommodation", "sub_category_label": "Hotel", "color": "#78523e", "icon": "lodging.svg" }, "geometry": { "type": "Point", "coordinates": [ 51.6691244, 32.6594117 ] } },
{ "type": "Feature", "properties": { "osm_id": 11264725789, "name": "فروشگاه ماهان ابزار", "amenity": null, "shop": "hardware", "tourism": null, "leisure": null, "highway": null, "railway": null, "public_transport": null, "category": "general_retail", "sub_category": "hardware_store", "category_label": "General Retail", "sub_category_label": "Hardware Store", "color": "#194aa4", "icon": "shop.svg" }, "geometry": { "type": "Point", "coordinates": [ 51.6924639, 32.6879373 ] } },
{ "type": "Feature", "properties": { "osm_id": 11279524537, "name": "خواروبار وخشکبار محمد", "amenity": null, "shop": "convenience", "tourism": null, "leisure": null, "highway": null, "railway": null, "public_transport": null, "category": "food_retail", "sub_category": "convenience_store", "category_label": "Grocery & Food Retail", "sub_category_label": "Convenience Store", "color": "#b4612f", "icon": "grocery.svg" }, "geometry": { "type": "Point", "coordinates": [ 51.6476275, 32.6553743 ] } },
{ "type": "Feature", "properties": { "osm_id": 11280954729, "name": "آبمیوه و بستنی پویا", "amenity": "ice_cream", "shop": null, "tourism": null, "leisure": null, "highway": null, "railway": null, "public_transport": null, "category": "food_service", "sub_category": "cafe", "category_label": "Restaurants & Cafes", "sub_category_label": "Cafe", "color": "#b4612f", "icon": "restaurant.svg" }, "geometry": { "type": "Point", "coordinates": [ 51.643129, 32.6551749 ] } },
{ "type": "Feature", "properties": { "osm_id": 11299478369, "name": "Isfahan", "amenity": null, "shop": null, "tourism": "hotel", "leisure": null, "highway": null, "railway": null, "public_transport": null, "category": "accommodation", "sub_category": "hotel", "category_label": "Accommodation", "sub_category_label": "Hotel", "color": "#78523e", "icon": "lodging.svg" }, "geometry": { "type": "Point", "coordinates": [ 51.6652343, 32.6687574 ] } },
{ "type": "Feature", "properties": { "osm_id": 11299490669, "name": "Isfahan Bazaar Traditional Hotel", "amenity": null, "shop": null, "tourism": "hotel", "leisure": null, "highway": null, "railway": null, "public_transport": null, "category": "accommodation", "sub_category": "hotel", "category_label": "Accommodation", "sub_category_label": "Hotel", "color": "#78523e", "icon": "lodging.svg" }, "geometry": { "type": "Point", "coordinates": [ 51.6783143, 32.6655 ] } },
{ "type": "Feature", "properties": { "osm_id": 11300076329, "name": "فست فود m برگر", "amenity": "fast_food", "shop": null, "tourism": null, "leisure": null, "highway": null, "railway": null, "public_transport": null, "category": "food_service", "sub_category": "fast_food", "category_label": "Restaurants & Cafes", "sub_category_label": "Fast Food", "color": "#b4612f", "icon": "restaurant.svg" }, "geometry": { "type": "Point", "coordinates": [ 51.6731865, 32.6845913 ] } },
{ "type": "Feature", "properties": { "osm_id": 11300776569, "name": null, "amenity": null, "shop": null, "tourism": "hotel", "leisure": null, "highway": null, "railway": null, "public_transport": null, "category": "accommodation", "sub_category": "hotel", "category_label": "Accommodation", "sub_category_label": "Hotel", "color": "#78523e", "icon": "lodging.svg" }, "geometry": { "type": "Point", "coordinates": [ 51.6783222, 32.6655858 ] } },
{ "type": "Feature", "properties": { "osm_id": 11305006570, "name": null, "amenity": null, "shop": "massage", "tourism": null, "leisure": null, "highway": null, "railway": null, "public_transport": null, "category": "general_retail", "sub_category": "massage", "category_label": "General Retail", "sub_category_label": "Massage", "color": "#194aa4", "icon": "shop.svg" }, "geometry": { "type": "Point", "coordinates": [ 51.6620115, 32.6587572 ] } },
{ "type": "Feature", "properties": { "osm_id": 11365863159, "name": "کوچولو", "amenity": null, "shop": "convenience", "tourism": null, "leisure": null, "highway": null, "railway": null, "public_transport": null, "category": "food_retail", "sub_category": "convenience_store", "category_label": "Grocery & Food Retail", "sub_category_label": "Convenience Store", "color": "#b4612f", "icon": "grocery.svg" }, "geometry": { "type": "Point", "coordinates": [ 51.6750511, 32.6550059 ] } },
{ "type": "Feature", "properties": { "osm_id": 11365874746, "name": "مهر", "amenity": null, "shop": null, "tourism": null, "leisure": null, "highway": null, "railway": null, "public_transport": null, "category": "other", "sub_category": "general", "category_label": "Other", "sub_category_label": "General", "color": "#999", "icon": "marker.svg" }, "geometry": { "type": "Point", "coordinates": [ 51.6749614, 32.6549983 ] } },
{ "type": "Feature", "properties": { "osm_id": 11365898399, "name": "دکتر صنیعی", "amenity": "pharmacy", "shop": null, "tourism": null, "leisure": null, "highway": null, "railway": null, "public_transport": null, "category": "pharmacy_optical", "sub_category": "pharmacy", "category_label": "Pharmacy & Optical", "sub_category_label": "Pharmacy", "color": "#d14a4a", "icon": "pharmacy.svg" }, "geometry": { "type": "Point", "coordinates": [ 51.6750043, 32.6550006 ] } },
{ "type": "Feature", "properties": { "osm_id": 11384650685, "name": "نمایندگی پارچه نور", "amenity": null, "shop": "fabric", "tourism": null, "leisure": null, "highway": null, "railway": null, "public_transport": null, "category": "general_retail", "sub_category": "fabric", "category_label": "General Retail", "sub_category_label": "Fabric", "color": "#194aa4", "icon": "shop.svg" }, "geometry": { "type": "Point", "coordinates": [ 51.6770243, 32.6632759 ] } },
{ "type": "Feature", "properties": { "osm_id": 11387746706, "name": "پایانه باغ قوشخانه", "amenity": null, "shop": null, "tourism": null, "leisure": null, "highway": null, "railway": null, "public_transport": "stop_position", "category": "other", "sub_category": "general", "category_label": "Other", "sub_category_label": "General", "color": "#999", "icon": "marker.svg" }, "geometry": { "type": "Point", "coordinates": [ 51.690597, 32.6832183 ] } },
{ "type": "Feature", "properties": { "osm_id": 11389259014, "name": "مترو شهدا", "amenity": null, "shop": null, "tourism": null, "leisure": null, "highway": null, "railway": null, "public_transport": "stop_position", "category": "other", "sub_category": "general", "category_label": "Other", "sub_category_label": "General", "color": "#999", "icon": "marker.svg" }, "geometry": { "type": "Point", "coordinates": [ 51.6714611, 32.6727739 ] } },
{ "type": "Feature", "properties": { "osm_id": 11389259015, "name": "مترو شهدا", "amenity": null, "shop": null, "tourism": null, "leisure": null, "highway": "bus_stop", "railway": null, "public_transport": "platform", "category": "public_transport", "sub_category": "bus_stop", "category_label": "Public Transportation", "sub_category_label": "Bus Stop", "color": "#1787d4", "icon": "bus.svg" }, "geometry": { "type": "Point", "coordinates": [ 51.6714962, 32.6727539 ] } },
{ "type": "Feature", "properties": { "osm_id": 11389259016, "name": "پایانه بابلدشت", "amenity": null, "shop": null, "tourism": null, "leisure": null, "highway": null, "railway": null, "public_transport": "stop_position", "category": "other", "sub_category": "general", "category_label": "Other", "sub_category_label": "General", "color": "#999", "icon": "marker.svg" }, "geometry": { "type": "Point", "coordinates": [ 51.6719886, 32.6768249 ] } },
{ "type": "Feature", "properties": { "osm_id": 11389259017, "name": "پایانه بابلدشت", "amenity": null, "shop": null, "tourism": null, "leisure": null, "highway": "bus_stop", "railway": null, "public_transport": "platform", "category": "public_transport", "sub_category": "bus_stop", "category_label": "Public Transportation", "sub_category_label": "Bus Stop", "color": "#1787d4", "icon": "bus.svg" }, "geometry": { "type": "Point", "coordinates": [ 51.6720353, 32.676802 ] } },
{ "type": "Feature", "properties": { "osm_id": 11394786727, "name": "میدان جمهوری اسلامی", "amenity": null, "shop": null, "tourism": null, "leisure": null, "highway": null, "railway": null, "public_transport": "stop_position", "category": "other", "sub_category": "general", "category_label": "Other", "sub_category_label": "General", "color": "#999", "icon": "marker.svg" }, "geometry": { "type": "Point", "coordinates": [ 51.6512174, 32.6772037 ] } },
{ "type": "Feature", "properties": { "osm_id": 11394786728, "name": "میدان جمهوری اسلامی", "amenity": null, "shop": null, "tourism": null, "leisure": null, "highway": "bus_stop", "railway": null, "public_transport": "platform", "category": "public_transport", "sub_category": "bus_stop", "category_label": "Public Transportation", "sub_category_label": "Bus Stop", "color": "#1787d4", "icon": "bus.svg" }, "geometry": { "type": "Point", "coordinates": [ 51.6512531, 32.6771824 ] } },
{ "type": "Feature", "properties": { "osm_id": 11394786729, "name": "صادقی", "amenity": null, "shop": null, "tourism": null, "leisure": null, "highway": null, "railway": null, "public_transport": "stop_position", "category": "other", "sub_category": "general", "category_label": "Other", "sub_category_label": "General", "color": "#999", "icon": "marker.svg" }, "geometry": { "type": "Point", "coordinates": [ 51.65287, 32.6812582 ] } },
{ "type": "Feature", "properties": { "osm_id": 11394786730, "name": "پارک چشمه کساره", "amenity": null, "shop": null, "tourism": null, "leisure": null, "highway": null, "railway": null, "public_transport": "stop_position", "category": "other", "sub_category": "general", "category_label": "Other", "sub_category_label": "General", "color": "#999", "icon": "marker.svg" }, "geometry": { "type": "Point", "coordinates": [ 51.6530274, 32.6873886 ] } },
{ "type": "Feature", "properties": { "osm_id": 11394786731, "name": "پارک چشمه کساره", "amenity": null, "shop": null, "tourism": null, "leisure": null, "highway": "bus_stop", "railway": null, "public_transport": "platform", "category": "public_transport", "sub_category": "bus_stop", "category_label": "Public Transportation", "sub_category_label": "Bus Stop", "color": "#1787d4", "icon": "bus.svg" }, "geometry": { "type": "Point", "coordinates": [ 51.6530626, 32.6873824 ] } },
{ "type": "Feature", "properties": { "osm_id": 11394786732, "name": "کیوان", "amenity": null, "shop": null, "tourism": null, "leisure": null, "highway": null, "railway": null, "public_transport": "stop_position", "category": "other", "sub_category": "general", "category_label": "Other", "sub_category_label": "General", "color": "#999", "icon": "marker.svg" }, "geometry": { "type": "Point", "coordinates": [ 51.6521216, 32.6889213 ] } },
{ "type": "Feature", "properties": { "osm_id": 11394786733, "name": "کیوان", "amenity": null, "shop": null, "tourism": null, "leisure": null, "highway": "bus_stop", "railway": null, "public_transport": "platform", "category": "public_transport", "sub_category": "bus_stop", "category_label": "Public Transportation", "sub_category_label": "Bus Stop", "color": "#1787d4", "icon": "bus.svg" }, "geometry": { "type": "Point", "coordinates": [ 51.6521641, 32.6889242 ] } },
{ "type": "Feature", "properties": { "osm_id": 11394786734, "name": "مسجدالرضا", "amenity": null, "shop": null, "tourism": null, "leisure": null, "highway": null, "railway": null, "public_transport": "stop_position", "category": "other", "sub_category": "general", "category_label": "Other", "sub_category_label": "General", "color": "#999", "icon": "marker.svg" }, "geometry": { "type": "Point", "coordinates": [ 51.6516736, 32.6905719 ] } },
{ "type": "Feature", "properties": { "osm_id": 11394786735, "name": "مسجدالرضا", "amenity": null, "shop": null, "tourism": null, "leisure": null, "highway": "bus_stop", "railway": null, "public_transport": "platform", "category": "public_transport", "sub_category": "bus_stop", "category_label": "Public Transportation", "sub_category_label": "Bus Stop", "color": "#1787d4", "icon": "bus.svg" }, "geometry": { "type": "Point", "coordinates": [ 51.6517161, 32.6905698 ] } },
{ "type": "Feature", "properties": { "osm_id": 11395937901, "name": "کیوان", "amenity": null, "shop": null, "tourism": null, "leisure": null, "highway": "bus_stop", "railway": null, "public_transport": "platform", "category": "public_transport", "sub_category": "bus_stop", "category_label": "Public Transportation", "sub_category_label": "Bus Stop", "color": "#1787d4", "icon": "bus.svg" }, "geometry": { "type": "Point", "coordinates": [ 51.6523178, 32.6884445 ] } },
{ "type": "Feature", "properties": { "osm_id": 11395937902, "name": "پارک چشمه کساره", "amenity": null, "shop": null, "tourism": null, "leisure": null, "highway": "bus_stop", "railway": null, "public_transport": "platform", "category": "public_transport", "sub_category": "bus_stop", "category_label": "Public Transportation", "sub_category_label": "Bus Stop", "color": "#1787d4", "icon": "bus.svg" }, "geometry": { "type": "Point", "coordinates": [ 51.6529079, 32.6874874 ] } },
{ "type": "Feature", "properties": { "osm_id": 11395937903, "name": "مهدیه", "amenity": null, "shop": null, "tourism": null, "leisure": null, "highway": null, "railway": null, "public_transport": "stop_position", "category": "other", "sub_category": "general", "category_label": "Other", "sub_category_label": "General", "color": "#999", "icon": "marker.svg" }, "geometry": { "type": "Point", "coordinates": [ 51.6555618, 32.6893424 ] } },
{ "type": "Feature", "properties": { "osm_id": 11395937904, "name": "مهدیه", "amenity": null, "shop": null, "tourism": null, "leisure": null, "highway": "bus_stop", "railway": null, "public_transport": "platform", "category": "public_transport", "sub_category": "bus_stop", "category_label": "Public Transportation", "sub_category_label": "Bus Stop", "color": "#1787d4", "icon": "bus.svg" }, "geometry": { "type": "Point", "coordinates": [ 51.6554989, 32.6893159 ] } },
{ "type": "Feature", "properties": { "osm_id": 11408489765, "name": "اصفهان قطعه", "amenity": null, "shop": "hardware", "tourism": null, "leisure": null, "highway": null, "railway": null, "public_transport": null, "category": "general_retail", "sub_category": "hardware_store", "category_label": "General Retail", "sub_category_label": "Hardware Store", "color": "#194aa4", "icon": "shop.svg" }, "geometry": { "type": "Point", "coordinates": [ 51.6470551, 32.6659936 ] } },
{ "type": "Feature", "properties": { "osm_id": 11434619369, "name": "هایپرمارکت ایرانیان", "amenity": null, "shop": "supermarket", "tourism": null, "leisure": null, "highway": null, "railway": null, "public_transport": null, "category": "food_retail", "sub_category": "supermarket", "category_label": "Grocery & Food Retail", "sub_category_label": "Supermarket", "color": "#b4612f", "icon": "grocery.svg" }, "geometry": { "type": "Point", "coordinates": [ 51.6610543, 32.6636767 ] } },
{ "type": "Feature", "properties": { "osm_id": 11434624969, "name": "غنچه گل", "amenity": null, "shop": "florist", "tourism": null, "leisure": null, "highway": null, "railway": null, "public_transport": null, "category": "general_retail", "sub_category": "florist", "category_label": "General Retail", "sub_category_label": "Florist", "color": "#194aa4", "icon": "shop.svg" }, "geometry": { "type": "Point", "coordinates": [ 51.6508148, 32.6705676 ] } },
{ "type": "Feature", "properties": { "osm_id": 11434625069, "name": "سوپرمارکت امین", "amenity": null, "shop": "supermarket", "tourism": null, "leisure": null, "highway": null, "railway": null, "public_transport": null, "category": "food_retail", "sub_category": "supermarket", "category_label": "Grocery & Food Retail", "sub_category_label": "Supermarket", "color": "#b4612f", "icon": "grocery.svg" }, "geometry": { "type": "Point", "coordinates": [ 51.6507406, 32.6702887 ] } },
{ "type": "Feature", "properties": { "osm_id": 11434923241, "name": "هتل رامان", "amenity": null, "shop": null, "tourism": "hotel", "leisure": null, "highway": null, "railway": null, "public_transport": null, "category": "accommodation", "sub_category": "hotel", "category_label": "Accommodation", "sub_category_label": "Hotel", "color": "#78523e", "icon": "lodging.svg" }, "geometry": { "type": "Point", "coordinates": [ 51.6840447, 32.6724996 ] } },
{ "type": "Feature", "properties": { "osm_id": 11446218151, "name": "بریانی حاج عباسعلی", "amenity": "restaurant", "shop": null, "tourism": null, "leisure": null, "highway": null, "railway": null, "public_transport": null, "category": "food_service", "sub_category": "restaurant", "category_label": "Restaurants & Cafes", "sub_category_label": "Restaurant", "color": "#b4612f", "icon": "restaurant.svg" }, "geometry": { "type": "Point", "coordinates": [ 51.6665239, 32.668689 ] } },
{ "type": "Feature", "properties": { "osm_id": 11453782140, "name": "خوابگاه،پانسیون سنایی2", "amenity": null, "shop": null, "tourism": null, "leisure": "resort", "highway": null, "railway": null, "public_transport": null, "category": "other", "sub_category": "general", "category_label": "Other", "sub_category_label": "General", "color": "#999", "icon": "marker.svg" }, "geometry": { "type": "Point", "coordinates": [ 51.6495247, 32.6750343 ] } },
{ "type": "Feature", "properties": { "osm_id": 11454952423, "name": "دکتر منصور ریسمانچیان", "amenity": "doctors", "shop": null, "tourism": null, "leisure": null, "highway": null, "railway": null, "public_transport": null, "category": "medical_care", "sub_category": "doctor", "category_label": "Medical Care", "sub_category_label": "Doctor", "color": "#d14a4a", "icon": "doctor.svg" }, "geometry": { "type": "Point", "coordinates": [ 51.6659366, 32.6524776 ] } },
{ "type": "Feature", "properties": { "osm_id": 11462412872, "name": "دکتر مینا غفاری متخصص کودکان و نوجوانان", "amenity": "doctors", "shop": null, "tourism": null, "leisure": null, "highway": null, "railway": null, "public_transport": null, "category": "medical_care", "sub_category": "doctor", "category_label": "Medical Care", "sub_category_label": "Doctor", "color": "#d14a4a", "icon": "doctor.svg" }, "geometry": { "type": "Point", "coordinates": [ 51.665998, 32.6548547 ] } },
{ "type": "Feature", "properties": { "osm_id": 11474464724, "name": "قطعات لوازم خانگی وتعمیرات افروز یدک", "amenity": null, "shop": "appliance", "tourism": null, "leisure": null, "highway": null, "railway": null, "public_transport": null, "category": "general_retail", "sub_category": "appliance", "category_label": "General Retail", "sub_category_label": "Appliance", "color": "#194aa4", "icon": "shop.svg" }, "geometry": { "type": "Point", "coordinates": [ 51.6508065, 32.6711654 ] } },
{ "type": "Feature", "properties": { "osm_id": 11483582469, "name": null, "amenity": "bureau_de_change", "shop": null, "tourism": null, "leisure": null, "highway": null, "railway": null, "public_transport": null, "category": "finance", "sub_category": "exchange", "category_label": "Banking & Finance", "sub_category_label": "Exchange", "color": "#4e497c", "icon": "bank.svg" }, "geometry": { "type": "Point", "coordinates": [ 51.6741087, 32.6589871 ] } },
{ "type": "Feature", "properties": { "osm_id": 11503139587, "name": "دکتر مینا غفاری متخصص کودکان و نوجوانان", "amenity": "doctors", "shop": null, "tourism": null, "leisure": null, "highway": null, "railway": null, "public_transport": null, "category": "medical_care", "sub_category": "doctor", "category_label": "Medical Care", "sub_category_label": "Doctor", "color": "#d14a4a", "icon": "doctor.svg" }, "geometry": { "type": "Point", "coordinates": [ 51.66604, 32.6556725 ] } },
{ "type": "Feature", "properties": { "osm_id": 11508610057, "name": "آهن اینجا", "amenity": null, "shop": null, "tourism": null, "leisure": null, "highway": null, "railway": null, "public_transport": null, "category": "other", "sub_category": "general", "category_label": "Other", "sub_category_label": "General", "color": "#999", "icon": "marker.svg" }, "geometry": { "type": "Point", "coordinates": [ 51.6629463, 32.6798472 ] } },
{ "type": "Feature", "properties": { "osm_id": 11522891055, "name": "قهوه لایت", "amenity": null, "shop": "coffee", "tourism": null, "leisure": null, "highway": null, "railway": null, "public_transport": null, "category": "general_retail", "sub_category": "coffee", "category_label": "General Retail", "sub_category_label": "Coffee", "color": "#194aa4", "icon": "shop.svg" }, "geometry": { "type": "Point", "coordinates": [ 51.6510398, 32.6681876 ] } },
{ "type": "Feature", "properties": { "osm_id": 11524259484, "name": "& Other Stories", "amenity": null, "shop": null, "tourism": "information", "leisure": null, "highway": null, "railway": null, "public_transport": null, "category": "culture_attraction", "sub_category": "information", "category_label": "Culture & Attractions", "sub_category_label": "Information", "color": "#067c91", "icon": "museum.svg" }, "geometry": { "type": "Point", "coordinates": [ 51.6862345, 32.6526346 ] } },
{ "type": "Feature", "properties": { "osm_id": 11533160066, "name": "سیسمونی نی نی لند", "amenity": null, "shop": "toys", "tourism": null, "leisure": null, "highway": null, "railway": null, "public_transport": null, "category": "general_retail", "sub_category": "store", "category_label": "General Retail", "sub_category_label": "Store", "color": "#194aa4", "icon": "shop.svg" }, "geometry": { "type": "Point", "coordinates": [ 51.6721264, 32.6654708 ] } },
{ "type": "Feature", "properties": { "osm_id": 11551976593, "name": "مرکز مشاوره و درمان تخصصی سوء مصرف مواد فرنام (کلینیک ترک اعتیاد فرنام)", "amenity": "clinic", "shop": null, "tourism": null, "leisure": null, "highway": null, "railway": null, "public_transport": null, "category": "medical_care", "sub_category": "clinic", "category_label": "Medical Care", "sub_category_label": "Clinic", "color": "#d14a4a", "icon": "doctor.svg" }, "geometry": { "type": "Point", "coordinates": [ 51.6747853, 32.6706537 ] } },
{ "type": "Feature", "properties": { "osm_id": 11551976594, "name": "هایپر تحریر", "amenity": null, "shop": "copyshop", "tourism": null, "leisure": null, "highway": null, "railway": null, "public_transport": null, "category": "general_retail", "sub_category": "copyshop", "category_label": "General Retail", "sub_category_label": "Copyshop", "color": "#194aa4", "icon": "shop.svg" }, "geometry": { "type": "Point", "coordinates": [ 51.6729091, 32.6615268 ] } },
{ "type": "Feature", "properties": { "osm_id": 11551976595, "name": "فروشگاه تحریر ملل", "amenity": null, "shop": "copyshop", "tourism": null, "leisure": null, "highway": null, "railway": null, "public_transport": null, "category": "general_retail", "sub_category": "copyshop", "category_label": "General Retail", "sub_category_label": "Copyshop", "color": "#194aa4", "icon": "shop.svg" }, "geometry": { "type": "Point", "coordinates": [ 51.6718504, 32.6615295 ] } },
{ "type": "Feature", "properties": { "osm_id": 11551976596, "name": "کافی نت اوج", "amenity": "internet_cafe", "shop": null, "tourism": null, "leisure": null, "highway": null, "railway": null, "public_transport": null, "category": "other", "sub_category": "internet_cafe", "category_label": "Other", "sub_category_label": "Internet Cafe", "color": "#999", "icon": "marker.svg" }, "geometry": { "type": "Point", "coordinates": [ 51.6747653, 32.6605643 ] } },
{ "type": "Feature", "properties": { "osm_id": 11551976597, "name": "کیمیا ترنج", "amenity": "cafe", "shop": null, "tourism": null, "leisure": null, "highway": null, "railway": null, "public_transport": null, "category": "food_service", "sub_category": "cafe", "category_label": "Restaurants & Cafes", "sub_category_label": "Cafe", "color": "#b4612f", "icon": "restaurant.svg" }, "geometry": { "type": "Point", "coordinates": [ 51.6744522, 32.6605152 ] } },
{ "type": "Feature", "properties": { "osm_id": 11559064330, "name": "قهوه شکلات ROAST", "amenity": null, "shop": "coffee", "tourism": null, "leisure": null, "highway": null, "railway": null, "public_transport": null, "category": "general_retail", "sub_category": "coffee", "category_label": "General Retail", "sub_category_label": "Coffee", "color": "#194aa4", "icon": "shop.svg" }, "geometry": { "type": "Point", "coordinates": [ 51.6939614, 32.6645981 ] } },
{ "type": "Feature", "properties": { "osm_id": 11582820101, "name": "چسب دیندار", "amenity": null, "shop": "hardware", "tourism": null, "leisure": null, "highway": null, "railway": null, "public_transport": null, "category": "general_retail", "sub_category": "hardware_store", "category_label": "General Retail", "sub_category_label": "Hardware Store", "color": "#194aa4", "icon": "shop.svg" }, "geometry": { "type": "Point", "coordinates": [ 51.6430445, 32.6678781 ] } },
{ "type": "Feature", "properties": { "osm_id": 11594052816, "name": "بانک مهر ایران", "amenity": "bank", "shop": null, "tourism": null, "leisure": null, "highway": null, "railway": null, "public_transport": null, "category": "finance", "sub_category": "bank", "category_label": "Banking & Finance", "sub_category_label": "Bank", "color": "#4e497c", "icon": "bank.svg" }, "geometry": { "type": "Point", "coordinates": [ 51.6940413, 32.6527733 ] } },
{ "type": "Feature", "properties": { "osm_id": 11609505501, "name": "نان سرای خواجه", "amenity": null, "shop": "bakery", "tourism": null, "leisure": null, "highway": null, "railway": null, "public_transport": null, "category": "food_retail", "sub_category": "bakery", "category_label": "Grocery & Food Retail", "sub_category_label": "Bakery", "color": "#b4612f", "icon": "grocery.svg" }, "geometry": { "type": "Point", "coordinates": [ 51.6738673, 32.6900911 ] } },
{ "type": "Feature", "properties": { "osm_id": 11612918380, "name": "کافی نت و دفتر فنی پردازشگران اصفهان", "amenity": "internet_cafe", "shop": null, "tourism": null, "leisure": null, "highway": null, "railway": null, "public_transport": null, "category": "other", "sub_category": "internet_cafe", "category_label": "Other", "sub_category_label": "Internet Cafe", "color": "#999", "icon": "marker.svg" }, "geometry": { "type": "Point", "coordinates": [ 51.6424293, 32.673109 ] } },
{ "type": "Feature", "properties": { "osm_id": 11613254581, "name": "موبایل اکسیر شعبه مرکزی", "amenity": null, "shop": "mobile_phone", "tourism": null, "leisure": null, "highway": null, "railway": null, "public_transport": null, "category": "general_retail", "sub_category": "electronics_store", "category_label": "General Retail", "sub_category_label": "Electronics Store", "color": "#194aa4", "icon": "shop.svg" }, "geometry": { "type": "Point", "coordinates": [ 51.6877136, 32.677729 ] } },
{ "type": "Feature", "properties": { "osm_id": 11622967423, "name": null, "amenity": "device_charging_station", "shop": null, "tourism": null, "leisure": null, "highway": null, "railway": null, "public_transport": null, "category": "other", "sub_category": "device_charging_station", "category_label": "Other", "sub_category_label": "Device Charging Station", "color": "#999", "icon": "marker.svg" }, "geometry": { "type": "Point", "coordinates": [ 51.6703871, 32.6531975 ] } },
{ "type": "Feature", "properties": { "osm_id": 11694060052, "name": "سالن زیبایی مهسا شهسواری", "amenity": null, "shop": "beauty", "tourism": null, "leisure": null, "highway": null, "railway": null, "public_transport": null, "category": "beauty_accessories", "sub_category": "cosmetics_store", "category_label": "Beauty & Accessories", "sub_category_label": "Cosmetics Store", "color": "#194aa4", "icon": "shop.svg" }, "geometry": { "type": "Point", "coordinates": [ 51.6674088, 32.6579232 ] } },
{ "type": "Feature", "properties": { "osm_id": 11707962217, "name": "Kassa Charity", "amenity": null, "shop": null, "tourism": null, "leisure": null, "highway": null, "railway": null, "public_transport": null, "category": "other", "sub_category": "general", "category_label": "Other", "sub_category_label": "General", "color": "#999", "icon": "marker.svg" }, "geometry": { "type": "Point", "coordinates": [ 51.6432236, 32.6545011 ] } },
{ "type": "Feature", "properties": { "osm_id": 11710873500, "name": "فروشگاه تلسکوپ ومیکروسکوپ محمد", "amenity": null, "shop": "yes", "tourism": null, "leisure": null, "highway": null, "railway": null, "public_transport": null, "category": "general_retail", "sub_category": "yes", "category_label": "General Retail", "sub_category_label": "Yes", "color": "#194aa4", "icon": "shop.svg" }, "geometry": { "type": "Point", "coordinates": [ 51.6605385, 32.6599172 ] } },
{ "type": "Feature", "properties": { "osm_id": 11711155792, "name": "کبابی و بریانی تاک", "amenity": "restaurant", "shop": null, "tourism": null, "leisure": null, "highway": null, "railway": null, "public_transport": null, "category": "food_service", "sub_category": "restaurant", "category_label": "Restaurants & Cafes", "sub_category_label": "Restaurant", "color": "#b4612f", "icon": "restaurant.svg" }, "geometry": { "type": "Point", "coordinates": [ 51.6676795, 32.6571237 ] } },
{ "type": "Feature", "properties": { "osm_id": 11733940376, "name": "کافه رز", "amenity": "cafe", "shop": null, "tourism": null, "leisure": null, "highway": null, "railway": null, "public_transport": null, "category": "food_service", "sub_category": "cafe", "category_label": "Restaurants & Cafes", "sub_category_label": "Cafe", "color": "#b4612f", "icon": "restaurant.svg" }, "geometry": { "type": "Point", "coordinates": [ 51.6634361, 32.6798155 ] } },
{ "type": "Feature", "properties": { "osm_id": 11758854028, "name": "پرینتر سه بعدی رویال تری دی", "amenity": null, "shop": "supermarket", "tourism": null, "leisure": null, "highway": null, "railway": null, "public_transport": null, "category": "food_retail", "sub_category": "supermarket", "category_label": "Grocery & Food Retail", "sub_category_label": "Supermarket", "color": "#b4612f", "icon": "grocery.svg" }, "geometry": { "type": "Point", "coordinates": [ 51.647096, 32.6649782 ] } },
{ "type": "Feature", "properties": { "osm_id": 11763342066, "name": "خدمات اثاثکشی دلاوران کار حرفه ای مجرب تضمینی", "amenity": null, "shop": null, "tourism": null, "leisure": null, "highway": null, "railway": null, "public_transport": null, "category": "other", "sub_category": "general", "category_label": "Other", "sub_category_label": "General", "color": "#999", "icon": "marker.svg" }, "geometry": { "type": "Point", "coordinates": [ 51.6692572, 32.6803099 ] } },
{ "type": "Feature", "properties": { "osm_id": 11788579640, "name": "گوشفیل عدالت", "amenity": null, "shop": "pastry", "tourism": null, "leisure": null, "highway": null, "railway": null, "public_transport": null, "category": "general_retail", "sub_category": "pastry", "category_label": "General Retail", "sub_category_label": "Pastry", "color": "#194aa4", "icon": "shop.svg" }, "geometry": { "type": "Point", "coordinates": [ 51.6700841, 32.6622408 ] } },
{ "type": "Feature", "properties": { "osm_id": 11793052807, "name": "Chilla Cafe", "amenity": "cafe", "shop": null, "tourism": null, "leisure": null, "highway": null, "railway": null, "public_transport": null, "category": "food_service", "sub_category": "cafe", "category_label": "Restaurants & Cafes", "sub_category_label": "Cafe", "color": "#b4612f", "icon": "restaurant.svg" }, "geometry": { "type": "Point", "coordinates": [ 51.6761064, 32.6547916 ] } },
{ "type": "Feature", "properties": { "osm_id": 11795092455, "name": "گروه نرم افزاری ایران", "amenity": null, "shop": "computer", "tourism": null, "leisure": null, "highway": null, "railway": null, "public_transport": null, "category": "general_retail", "sub_category": "electronics_store", "category_label": "General Retail", "sub_category_label": "Electronics Store", "color": "#194aa4", "icon": "shop.svg" }, "geometry": { "type": "Point", "coordinates": [ 51.6929256, 32.6727196 ] } },
{ "type": "Feature", "properties": { "osm_id": 11801891250, "name": "عروسک فروشی سلطانیان", "amenity": null, "shop": "toys", "tourism": null, "leisure": null, "highway": null, "railway": null, "public_transport": null, "category": "general_retail", "sub_category": "store", "category_label": "General Retail", "sub_category_label": "Store", "color": "#194aa4", "icon": "shop.svg" }, "geometry": { "type": "Point", "coordinates": [ 51.6774026, 32.6665555 ] } },
{ "type": "Feature", "properties": { "osm_id": 11821468780, "name": "تعمیرات موبایل آیتا نمایندگی رسمی ایرانسل", "amenity": null, "shop": "mobile_phone", "tourism": null, "leisure": null, "highway": null, "railway": null, "public_transport": null, "category": "general_retail", "sub_category": "electronics_store", "category_label": "General Retail", "sub_category_label": "Electronics Store", "color": "#194aa4", "icon": "shop.svg" }, "geometry": { "type": "Point", "coordinates": [ 51.6518164, 32.6648028 ] } },
{ "type": "Feature", "properties": { "osm_id": 11832487873, "name": "کلینیک بازتوانی قلب ایران زمین", "amenity": "clinic", "shop": null, "tourism": null, "leisure": null, "highway": null, "railway": null, "public_transport": null, "category": "medical_care", "sub_category": "clinic", "category_label": "Medical Care", "sub_category_label": "Clinic", "color": "#d14a4a", "icon": "doctor.svg" }, "geometry": { "type": "Point", "coordinates": [ 51.6574258, 32.6808217 ] } },
{ "type": "Feature", "properties": { "osm_id": 11843555857, "name": "استریو امیرخان", "amenity": null, "shop": "hifi", "tourism": null, "leisure": null, "highway": null, "railway": null, "public_transport": null, "category": "general_retail", "sub_category": "hifi", "category_label": "General Retail", "sub_category_label": "Hifi", "color": "#194aa4", "icon": "shop.svg" }, "geometry": { "type": "Point", "coordinates": [ 51.6602693, 32.6575344 ] } },
{ "type": "Feature", "properties": { "osm_id": 11854312003, "name": "تیپاکس هفتون (اوحدی) پست سریع", "amenity": "post_office", "shop": null, "tourism": null, "leisure": null, "highway": null, "railway": null, "public_transport": null, "category": "public_service", "sub_category": "post", "category_label": "Public Services", "sub_category_label": "Post", "color": "#506aa0", "icon": "post.svg" }, "geometry": { "type": "Point", "coordinates": [ 51.6938859, 32.6849863 ] } },
{ "type": "Feature", "properties": { "osm_id": 11875121775, "name": "کالای خواب رنگین خواب", "amenity": null, "shop": "bed", "tourism": null, "leisure": null, "highway": null, "railway": null, "public_transport": null, "category": "general_retail", "sub_category": "bed", "category_label": "General Retail", "sub_category_label": "Bed", "color": "#194aa4", "icon": "shop.svg" }, "geometry": { "type": "Point", "coordinates": [ 51.6833866, 32.6743747 ] } },
{ "type": "Feature", "properties": { "osm_id": 11888318742, "name": "دبستان دختران آفتاب", "amenity": "school", "shop": null, "tourism": null, "leisure": null, "highway": null, "railway": null, "public_transport": null, "category": "education", "sub_category": "school", "category_label": "Education", "sub_category_label": "School", "color": "#78523e", "icon": "school.svg" }, "geometry": { "type": "Point", "coordinates": [ 51.6426072, 32.672475 ] } },
{ "type": "Feature", "properties": { "osm_id": 11888604667, "name": "فروشگاه کفش ملی", "amenity": null, "shop": "shoes", "tourism": null, "leisure": null, "highway": null, "railway": null, "public_transport": null, "category": "fashion", "sub_category": "shoe", "category_label": "Fashion & Clothing", "sub_category_label": "Shoe", "color": "#194aa4", "icon": "clothing-store.svg" }, "geometry": { "type": "Point", "coordinates": [ 51.6528869, 32.6562611 ] } },
{ "type": "Feature", "properties": { "osm_id": 11898546821, "name": "فروشگاه پخش عمده پوشاک آریایی", "amenity": null, "shop": "yes", "tourism": null, "leisure": null, "highway": null, "railway": null, "public_transport": null, "category": "general_retail", "sub_category": "yes", "category_label": "General Retail", "sub_category_label": "Yes", "color": "#194aa4", "icon": "shop.svg" }, "geometry": { "type": "Point", "coordinates": [ 51.6767979, 32.6660488 ] } },
{ "type": "Feature", "properties": { "osm_id": 11906511162, "name": "بیمه معلم", "amenity": null, "shop": null, "tourism": null, "leisure": null, "highway": null, "railway": null, "public_transport": null, "category": "other", "sub_category": "general", "category_label": "Other", "sub_category_label": "General", "color": "#999", "icon": "marker.svg" }, "geometry": { "type": "Point", "coordinates": [ 51.6737168, 32.6611088 ] } },
{ "type": "Feature", "properties": { "osm_id": 11912182588, "name": "پارچه مبلی مجلل", "amenity": null, "shop": "fabric", "tourism": null, "leisure": null, "highway": null, "railway": null, "public_transport": null, "category": "general_retail", "sub_category": "fabric", "category_label": "General Retail", "sub_category_label": "Fabric", "color": "#194aa4", "icon": "shop.svg" }, "geometry": { "type": "Point", "coordinates": [ 51.6674926, 32.6653539 ] } },
{ "type": "Feature", "properties": { "osm_id": 11913116815, "name": "فروشگاه باتری ایمان", "amenity": null, "shop": "yes", "tourism": null, "leisure": null, "highway": null, "railway": null, "public_transport": null, "category": "general_retail", "sub_category": "yes", "category_label": "General Retail", "sub_category_label": "Yes", "color": "#194aa4", "icon": "shop.svg" }, "geometry": { "type": "Point", "coordinates": [ 51.6572505, 32.6583024 ] } },
{ "type": "Feature", "properties": { "osm_id": 11921935936, "name": "فروشگاه پاپیروس", "amenity": null, "shop": "stationery", "tourism": null, "leisure": null, "highway": null, "railway": null, "public_transport": null, "category": "general_retail", "sub_category": "stationery", "category_label": "General Retail", "sub_category_label": "Stationery", "color": "#194aa4", "icon": "shop.svg" }, "geometry": { "type": "Point", "coordinates": [ 51.659878, 32.662112 ] } },
{ "type": "Feature", "properties": { "osm_id": 11923021817, "name": "لوازم قنادی تک", "amenity": null, "shop": "yes", "tourism": null, "leisure": null, "highway": null, "railway": null, "public_transport": null, "category": "general_retail", "sub_category": "yes", "category_label": "General Retail", "sub_category_label": "Yes", "color": "#194aa4", "icon": "shop.svg" }, "geometry": { "type": "Point", "coordinates": [ 51.6628183, 32.6655339 ] } },
{ "type": "Feature", "properties": { "osm_id": 11925677268, "name": "پاچینی ذغالی طلایی", "amenity": "restaurant", "shop": null, "tourism": null, "leisure": null, "highway": null, "railway": null, "public_transport": null, "category": "food_service", "sub_category": "restaurant", "category_label": "Restaurants & Cafes", "sub_category_label": "Restaurant", "color": "#b4612f", "icon": "restaurant.svg" }, "geometry": { "type": "Point", "coordinates": [ 51.6840032, 32.6606718 ] } },
{ "type": "Feature", "properties": { "osm_id": 11930074166, "name": "فروشگاه دوربین زوم", "amenity": null, "shop": "general", "tourism": null, "leisure": null, "highway": null, "railway": null, "public_transport": null, "category": "general_retail", "sub_category": "store", "category_label": "General Retail", "sub_category_label": "Store", "color": "#194aa4", "icon": "shop.svg" }, "geometry": { "type": "Point", "coordinates": [ 51.6656551, 32.6538123 ] } },
{ "type": "Feature", "properties": { "osm_id": 11930424816, "name": "صنایع دستی نصیری", "amenity": null, "shop": "craft", "tourism": null, "leisure": null, "highway": null, "railway": null, "public_transport": null, "category": "general_retail", "sub_category": "craft", "category_label": "General Retail", "sub_category_label": "Craft", "color": "#194aa4", "icon": "shop.svg" }, "geometry": { "type": "Point", "coordinates": [ 51.6757185, 32.6560155 ] } },
{ "type": "Feature", "properties": { "osm_id": 11951386954, "name": "بیمه سامان 2635 - صفری", "amenity": null, "shop": null, "tourism": null, "leisure": null, "highway": null, "railway": null, "public_transport": null, "category": "other", "sub_category": "general", "category_label": "Other", "sub_category_label": "General", "color": "#999", "icon": "marker.svg" }, "geometry": { "type": "Point", "coordinates": [ 51.6670657, 32.6581 ] } },
{ "type": "Feature", "properties": { "osm_id": 11951399973, "name": "کارگزاری رسمی سفید دشتی - 54016", "amenity": null, "shop": null, "tourism": null, "leisure": null, "highway": null, "railway": null, "public_transport": null, "category": "other", "sub_category": "general", "category_label": "Other", "sub_category_label": "General", "color": "#999", "icon": "marker.svg" }, "geometry": { "type": "Point", "coordinates": [ 51.6670852, 32.6580944 ] } },
{ "type": "Feature", "properties": { "osm_id": 11956044238, "name": "فروشگاه ابزارآلات طاها", "amenity": null, "shop": "hardware", "tourism": null, "leisure": null, "highway": null, "railway": null, "public_transport": null, "category": "general_retail", "sub_category": "hardware_store", "category_label": "General Retail", "sub_category_label": "Hardware Store", "color": "#194aa4", "icon": "shop.svg" }, "geometry": { "type": "Point", "coordinates": [ 51.647365, 32.6661181 ] } },
{ "type": "Feature", "properties": { "osm_id": 11957829074, "name": "فروشگاه ابزار زندی", "amenity": null, "shop": "hardware", "tourism": null, "leisure": null, "highway": null, "railway": null, "public_transport": null, "category": "general_retail", "sub_category": "hardware_store", "category_label": "General Retail", "sub_category_label": "Hardware Store", "color": "#194aa4", "icon": "shop.svg" }, "geometry": { "type": "Point", "coordinates": [ 51.6473208, 32.6665292 ] } },
{ "type": "Feature", "properties": { "osm_id": 11966169179, "name": "کافه سفر اصفهان", "amenity": "cafe", "shop": null, "tourism": null, "leisure": null, "highway": null, "railway": null, "public_transport": null, "category": "food_service", "sub_category": "cafe", "category_label": "Restaurants & Cafes", "sub_category_label": "Cafe", "color": "#b4612f", "icon": "restaurant.svg" }, "geometry": { "type": "Point", "coordinates": [ 51.6689818, 32.6536349 ] } },
{ "type": "Feature", "properties": { "osm_id": 11985290891, "name": "گروه طلا سازی اسلام دوست", "amenity": null, "shop": "jewelry", "tourism": null, "leisure": null, "highway": null, "railway": null, "public_transport": null, "category": "beauty_accessories", "sub_category": "jewelry", "category_label": "Beauty & Accessories", "sub_category_label": "Jewelry", "color": "#194aa4", "icon": "shop.svg" }, "geometry": { "type": "Point", "coordinates": [ 51.6783215, 32.662195 ] } },
{ "type": "Feature", "properties": { "osm_id": 12020123190, "name": "پیرایش آرمان", "amenity": null, "shop": "hairdresser", "tourism": null, "leisure": null, "highway": null, "railway": null, "public_transport": null, "category": "professional_service", "sub_category": "barber", "category_label": "Professional Services", "sub_category_label": "Barber", "color": "#506aa0", "icon": "building.svg" }, "geometry": { "type": "Point", "coordinates": [ 51.6583683, 32.6545827 ] } },
{ "type": "Feature", "properties": { "osm_id": 12025267143, "name": "استوک 130", "amenity": null, "shop": "computer", "tourism": null, "leisure": null, "highway": null, "railway": null, "public_transport": null, "category": "general_retail", "sub_category": "electronics_store", "category_label": "General Retail", "sub_category_label": "Electronics Store", "color": "#194aa4", "icon": "shop.svg" }, "geometry": { "type": "Point", "coordinates": [ 51.6541536, 32.6580887 ] } },
{ "type": "Feature", "properties": { "osm_id": 12041626714, "name": "چای و قهوه شوشتری", "amenity": null, "shop": "coffee", "tourism": null, "leisure": null, "highway": null, "railway": null, "public_transport": null, "category": "general_retail", "sub_category": "coffee", "category_label": "General Retail", "sub_category_label": "Coffee", "color": "#194aa4", "icon": "shop.svg" }, "geometry": { "type": "Point", "coordinates": [ 51.6760195, 32.6662722 ] } },
{ "type": "Feature", "properties": { "osm_id": 12045079263, "name": "نمایشگاه اتومبیل شهرام", "amenity": null, "shop": "car", "tourism": null, "leisure": null, "highway": null, "railway": null, "public_transport": null, "category": "automotive", "sub_category": "car_related_store", "category_label": "Automotive Services", "sub_category_label": "Car Related Store", "color": "#2ecc71", "icon": "car-repair.svg" }, "geometry": { "type": "Point", "coordinates": [ 51.6633378, 32.6538537 ] } },
{ "type": "Feature", "properties": { "osm_id": 12057066385, "name": "مرکز خدمات روانشناسی و مشاوره نفس دکتر نوروزی", "amenity": "clinic", "shop": null, "tourism": null, "leisure": null, "highway": null, "railway": null, "public_transport": null, "category": "medical_care", "sub_category": "clinic", "category_label": "Medical Care", "sub_category_label": "Clinic", "color": "#d14a4a", "icon": "doctor.svg" }, "geometry": { "type": "Point", "coordinates": [ 51.6415681, 32.6559712 ] } },
{ "type": "Feature", "properties": { "osm_id": 12094825146, "name": "فست فود طهرانی", "amenity": "fast_food", "shop": null, "tourism": null, "leisure": null, "highway": null, "railway": null, "public_transport": null, "category": "food_service", "sub_category": "fast_food", "category_label": "Restaurants & Cafes", "sub_category_label": "Fast Food", "color": "#b4612f", "icon": "restaurant.svg" }, "geometry": { "type": "Point", "coordinates": [ 51.6696991, 32.6593862 ] } },
{ "type": "Feature", "properties": { "osm_id": 12098477882, "name": "نمایندگی اوینکی میردامادی", "amenity": null, "shop": "appliance", "tourism": null, "leisure": null, "highway": null, "railway": null, "public_transport": null, "category": "general_retail", "sub_category": "appliance", "category_label": "General Retail", "sub_category_label": "Appliance", "color": "#194aa4", "icon": "shop.svg" }, "geometry": { "type": "Point", "coordinates": [ 51.6836614, 32.6623997 ] } },
{ "type": "Feature", "properties": { "osm_id": 12103734797, "name": "شرکت تعاونی جرثقیل و امداد خودرو صبا نگین نقش جهان", "amenity": null, "shop": null, "tourism": null, "leisure": null, "highway": null, "railway": null, "public_transport": null, "category": "other", "sub_category": "general", "category_label": "Other", "sub_category_label": "General", "color": "#999", "icon": "marker.svg" }, "geometry": { "type": "Point", "coordinates": [ 51.6550722, 32.6797893 ] } },
{ "type": "Feature", "properties": { "osm_id": 12105579332, "name": "فروشگاه موبایل و لوازم جانبی یک", "amenity": null, "shop": "mobile_phone", "tourism": null, "leisure": null, "highway": null, "railway": null, "public_transport": null, "category": "general_retail", "sub_category": "electronics_store", "category_label": "General Retail", "sub_category_label": "Electronics Store", "color": "#194aa4", "icon": "shop.svg" }, "geometry": { "type": "Point", "coordinates": [ 51.6937693, 32.6621182 ] } },
{ "type": "Feature", "properties": { "osm_id": 12105935739, "name": "قهوه فرقداني", "amenity": null, "shop": "coffee", "tourism": null, "leisure": null, "highway": null, "railway": null, "public_transport": null, "category": "general_retail", "sub_category": "coffee", "category_label": "General Retail", "sub_category_label": "Coffee", "color": "#194aa4", "icon": "shop.svg" }, "geometry": { "type": "Point", "coordinates": [ 51.6647458, 32.6654174 ] } },
{ "type": "Feature", "properties": { "osm_id": 12112957137, "name": "hotel aram", "amenity": null, "shop": null, "tourism": "hotel", "leisure": null, "highway": null, "railway": null, "public_transport": null, "category": "accommodation", "sub_category": "hotel", "category_label": "Accommodation", "sub_category_label": "Hotel", "color": "#78523e", "icon": "lodging.svg" }, "geometry": { "type": "Point", "coordinates": [ 51.6703922, 32.6682939 ] } },
{ "type": "Feature", "properties": { "osm_id": 12144452631, "name": "کارگاه تولیدی پژواک", "amenity": null, "shop": "clothes", "tourism": null, "leisure": null, "highway": null, "railway": null, "public_transport": null, "category": "fashion", "sub_category": "clothes", "category_label": "Fashion & Clothing", "sub_category_label": "Clothes", "color": "#194aa4", "icon": "clothing-store.svg" }, "geometry": { "type": "Point", "coordinates": [ 51.6920969, 32.6799214 ] } },
{ "type": "Feature", "properties": { "osm_id": 12157290323, "name": "چاپ بنر ثامن الحجج", "amenity": null, "shop": "copyshop", "tourism": null, "leisure": null, "highway": null, "railway": null, "public_transport": null, "category": "general_retail", "sub_category": "copyshop", "category_label": "General Retail", "sub_category_label": "Copyshop", "color": "#194aa4", "icon": "shop.svg" }, "geometry": { "type": "Point", "coordinates": [ 51.6890209, 32.6818263 ] } },
{ "type": "Feature", "properties": { "osm_id": 12163242642, "name": "فروشگاه تک رادیال-شکرشاد", "amenity": null, "shop": "car_parts", "tourism": null, "leisure": null, "highway": null, "railway": null, "public_transport": null, "category": "automotive", "sub_category": "car_related_store", "category_label": "Automotive Services", "sub_category_label": "Car Related Store", "color": "#2ecc71", "icon": "car-repair.svg" }, "geometry": { "type": "Point", "coordinates": [ 51.6549869, 32.6799704 ] } },
{ "type": "Feature", "properties": { "osm_id": 12179548477, "name": "خانه مسافر سی سه پل", "amenity": null, "shop": null, "tourism": null, "leisure": "resort", "highway": null, "railway": null, "public_transport": null, "category": "other", "sub_category": "general", "category_label": "Other", "sub_category_label": "General", "color": "#999", "icon": "marker.svg" }, "geometry": { "type": "Point", "coordinates": [ 51.6763598, 32.6787417 ] } },
{ "type": "Feature", "properties": { "osm_id": 12207441759, "name": "صنایع دستی عسگری", "amenity": null, "shop": "craft", "tourism": null, "leisure": null, "highway": null, "railway": null, "public_transport": null, "category": "general_retail", "sub_category": "craft", "category_label": "General Retail", "sub_category_label": "Craft", "color": "#194aa4", "icon": "shop.svg" }, "geometry": { "type": "Point", "coordinates": [ 51.6757816, 32.6587954 ] } },
{ "type": "Feature", "properties": { "osm_id": 12232842989, "name": "Hoosh Afzar Amin Pars", "amenity": null, "shop": "mall", "tourism": null, "leisure": null, "highway": null, "railway": null, "public_transport": null, "category": "general_retail", "sub_category": "shopping_mall", "category_label": "General Retail", "sub_category_label": "Shopping Mall", "color": "#194aa4", "icon": "shop.svg" }, "geometry": { "type": "Point", "coordinates": [ 51.6848033, 32.6644539 ] } },
{ "type": "Feature", "properties": { "osm_id": 12240655856, "name": "فروشگاه موتورسیکلت رستمیان", "amenity": null, "shop": "motorcycle", "tourism": null, "leisure": null, "highway": null, "railway": null, "public_transport": null, "category": "automotive", "sub_category": "car_related_store", "category_label": "Automotive Services", "sub_category_label": "Car Related Store", "color": "#2ecc71", "icon": "car-repair.svg" }, "geometry": { "type": "Point", "coordinates": [ 51.6940858, 32.6756681 ] } },
{ "type": "Feature", "properties": { "osm_id": 12254730654, "name": "زعفران حسیبا", "amenity": null, "shop": "herbalist", "tourism": null, "leisure": null, "highway": null, "railway": null, "public_transport": null, "category": "general_retail", "sub_category": "herbalist", "category_label": "General Retail", "sub_category_label": "Herbalist", "color": "#194aa4", "icon": "shop.svg" }, "geometry": { "type": "Point", "coordinates": [ 51.6756217, 32.6618339 ] } },
{ "type": "Feature", "properties": { "osm_id": 12255458510, "name": "سوپر گوشت مولوی", "amenity": null, "shop": "butcher", "tourism": null, "leisure": null, "highway": null, "railway": null, "public_transport": null, "category": "food_retail", "sub_category": "butcher_shop", "category_label": "Grocery & Food Retail", "sub_category_label": "Butcher Shop", "color": "#b4612f", "icon": "grocery.svg" }, "geometry": { "type": "Point", "coordinates": [ 51.6850137, 32.6869954 ] } },
{ "type": "Feature", "properties": { "osm_id": 12258229267, "name": "شرکت بهین نجم اسپادانا(نجمی پور )", "amenity": null, "shop": null, "tourism": null, "leisure": null, "highway": null, "railway": null, "public_transport": null, "category": "other", "sub_category": "general", "category_label": "Other", "sub_category_label": "General", "color": "#999", "icon": "marker.svg" }, "geometry": { "type": "Point", "coordinates": [ 51.641934, 32.6558142 ] } },
{ "type": "Feature", "properties": { "osm_id": 12270398277, "name": "پخش ادکلن رویان", "amenity": null, "shop": "perfumery", "tourism": null, "leisure": null, "highway": null, "railway": null, "public_transport": null, "category": "beauty_accessories", "sub_category": "perfume_shop", "category_label": "Beauty & Accessories", "sub_category_label": "Perfume Shop", "color": "#194aa4", "icon": "shop.svg" }, "geometry": { "type": "Point", "coordinates": [ 51.6838181, 32.6674229 ] } },
{ "type": "Feature", "properties": { "osm_id": 12272798127, "name": null, "amenity": null, "shop": null, "tourism": null, "leisure": "fitness_centre", "highway": null, "railway": null, "public_transport": null, "category": "sport_recreation", "sub_category": "gym", "category_label": "Sports & Recreation", "sub_category_label": "Gym", "color": "#067c91", "icon": "park.svg" }, "geometry": { "type": "Point", "coordinates": [ 51.6730214, 32.6721132 ] } },
{ "type": "Feature", "properties": { "osm_id": 12272992573, "name": "عیار سنجی آنالیز اصفهان", "amenity": null, "shop": "jewelry", "tourism": null, "leisure": null, "highway": null, "railway": null, "public_transport": null, "category": "beauty_accessories", "sub_category": "jewelry", "category_label": "Beauty & Accessories", "sub_category_label": "Jewelry", "color": "#194aa4", "icon": "shop.svg" }, "geometry": { "type": "Point", "coordinates": [ 51.6768867, 32.6617222 ] } },
{ "type": "Feature", "properties": { "osm_id": 12273389454, "name": "مرکز پزشکی هسته‌ای دی", "amenity": "clinic", "shop": null, "tourism": null, "leisure": null, "highway": null, "railway": null, "public_transport": null, "category": "medical_care", "sub_category": "clinic", "category_label": "Medical Care", "sub_category_label": "Clinic", "color": "#d14a4a", "icon": "doctor.svg" }, "geometry": { "type": "Point", "coordinates": [ 51.6936208, 32.652773 ] } },
{ "type": "Feature", "properties": { "osm_id": 12291411781, "name": "Mellat Bank ATM", "amenity": "bank", "shop": null, "tourism": null, "leisure": null, "highway": null, "railway": null, "public_transport": null, "category": "finance", "sub_category": "bank", "category_label": "Banking & Finance", "sub_category_label": "Bank", "color": "#4e497c", "icon": "bank.svg" }, "geometry": { "type": "Point", "coordinates": [ 51.6748926, 32.6706313 ] } },
{ "type": "Feature", "properties": { "osm_id": 12302169306, "name": null, "amenity": "atm", "shop": null, "tourism": null, "leisure": null, "highway": null, "railway": null, "public_transport": null, "category": "finance", "sub_category": "atm", "category_label": "Banking & Finance", "sub_category_label": "Atm", "color": "#4e497c", "icon": "bank.svg" }, "geometry": { "type": "Point", "coordinates": [ 51.6756532, 32.6714471 ] } },
{ "type": "Feature", "properties": { "osm_id": 12302169307, "name": null, "amenity": "atm", "shop": null, "tourism": null, "leisure": null, "highway": null, "railway": null, "public_transport": null, "category": "finance", "sub_category": "atm", "category_label": "Banking & Finance", "sub_category_label": "Atm", "color": "#4e497c", "icon": "bank.svg" }, "geometry": { "type": "Point", "coordinates": [ 51.6760141, 32.6714812 ] } },
{ "type": "Feature", "properties": { "osm_id": 12302172528, "name": null, "amenity": "money_transfer", "shop": null, "tourism": null, "leisure": null, "highway": null, "railway": null, "public_transport": null, "category": "other", "sub_category": "money_transfer", "category_label": "Other", "sub_category_label": "Money Transfer", "color": "#999", "icon": "marker.svg" }, "geometry": { "type": "Point", "coordinates": [ 51.6718443, 32.6721241 ] } },
{ "type": "Feature", "properties": { "osm_id": 12306591349, "name": "ali", "amenity": "restaurant", "shop": null, "tourism": null, "leisure": null, "highway": null, "railway": null, "public_transport": null, "category": "food_service", "sub_category": "restaurant", "category_label": "Restaurants & Cafes", "sub_category_label": "Restaurant", "color": "#b4612f", "icon": "restaurant.svg" }, "geometry": { "type": "Point", "coordinates": [ 51.651133, 32.6552425 ] } },
{ "type": "Feature", "properties": { "osm_id": 12309336421, "name": "یدک سیکلت معینی", "amenity": null, "shop": "motorcycle", "tourism": null, "leisure": null, "highway": null, "railway": null, "public_transport": null, "category": "automotive", "sub_category": "car_related_store", "category_label": "Automotive Services", "sub_category_label": "Car Related Store", "color": "#2ecc71", "icon": "car-repair.svg" }, "geometry": { "type": "Point", "coordinates": [ 51.6939968, 32.6757018 ] } },
{ "type": "Feature", "properties": { "osm_id": 12338793200, "name": "دفترکارشناسی تغذیه", "amenity": null, "shop": null, "tourism": null, "leisure": null, "highway": null, "railway": null, "public_transport": null, "category": "other", "sub_category": "general", "category_label": "Other", "sub_category_label": "General", "color": "#999", "icon": "marker.svg" }, "geometry": { "type": "Point", "coordinates": [ 51.6727462, 32.6799943 ] } },
{ "type": "Feature", "properties": { "osm_id": 12356096661, "name": "سپهرپلاسکو", "amenity": null, "shop": "kitchen", "tourism": null, "leisure": null, "highway": null, "railway": null, "public_transport": null, "category": "general_retail", "sub_category": "kitchen", "category_label": "General Retail", "sub_category_label": "Kitchen", "color": "#194aa4", "icon": "shop.svg" }, "geometry": { "type": "Point", "coordinates": [ 51.6845793, 32.674252 ] } },
{ "type": "Feature", "properties": { "osm_id": 12358887256, "name": "مطب دکتر راحله حقیقت", "amenity": null, "shop": null, "tourism": null, "leisure": null, "highway": null, "railway": null, "public_transport": null, "category": "other", "sub_category": "general", "category_label": "Other", "sub_category_label": "General", "color": "#999", "icon": "marker.svg" }, "geometry": { "type": "Point", "coordinates": [ 51.6636685, 32.6887429 ] } },
{ "type": "Feature", "properties": { "osm_id": 12369563566, "name": "Yilko Shop", "amenity": null, "shop": "electronic_tools", "tourism": null, "leisure": null, "highway": null, "railway": null, "public_transport": null, "category": "general_retail", "sub_category": "electronic_tools", "category_label": "General Retail", "sub_category_label": "Electronic Tools", "color": "#194aa4", "icon": "shop.svg" }, "geometry": { "type": "Point", "coordinates": [ 51.6600586, 32.6581295 ] } },
{ "type": "Feature", "properties": { "osm_id": 12387599499, "name": "ابزار متین", "amenity": null, "shop": "hardware", "tourism": null, "leisure": null, "highway": null, "railway": null, "public_transport": null, "category": "general_retail", "sub_category": "hardware_store", "category_label": "General Retail", "sub_category_label": "Hardware Store", "color": "#194aa4", "icon": "shop.svg" }, "geometry": { "type": "Point", "coordinates": [ 51.6473466, 32.6663993 ] } },
{ "type": "Feature", "properties": { "osm_id": 12404630442, "name": "امداد خودرو و جرثقیل شبانه روزی مسیح", "amenity": null, "shop": "car_repair", "tourism": null, "leisure": null, "highway": null, "railway": null, "public_transport": null, "category": "automotive", "sub_category": "car_repair", "category_label": "Automotive Services", "sub_category_label": "Car Repair", "color": "#2ecc71", "icon": "car-repair.svg" }, "geometry": { "type": "Point", "coordinates": [ 51.6442009, 32.6650075 ] } },
{ "type": "Feature", "properties": { "osm_id": 12411906653, "name": "هایپرنئون", "amenity": null, "shop": null, "tourism": null, "leisure": null, "highway": null, "railway": null, "public_transport": null, "category": "other", "sub_category": "general", "category_label": "Other", "sub_category_label": "General", "color": "#999", "icon": "marker.svg" }, "geometry": { "type": "Point", "coordinates": [ 51.6576407, 32.6610441 ] } },
{ "type": "Feature", "properties": { "osm_id": 12412163432, "name": "فروشگاه ساعت مرکزی (شعبه اصلی)", "amenity": null, "shop": "watches", "tourism": null, "leisure": null, "highway": null, "railway": null, "public_transport": null, "category": "general_retail", "sub_category": "watches", "category_label": "General Retail", "sub_category_label": "Watches", "color": "#194aa4", "icon": "shop.svg" }, "geometry": { "type": "Point", "coordinates": [ 51.6684041, 32.6550586 ] } },
{ "type": "Feature", "properties": { "osm_id": 12413846455, "name": "لابراتوار دندانسازی چگونیان", "amenity": "dentist", "shop": null, "tourism": null, "leisure": null, "highway": null, "railway": null, "public_transport": null, "category": "medical_care", "sub_category": "dentist", "category_label": "Medical Care", "sub_category_label": "Dentist", "color": "#d14a4a", "icon": "doctor.svg" }, "geometry": { "type": "Point", "coordinates": [ 51.6672319, 32.6606942 ] } },
{ "type": "Feature", "properties": { "osm_id": 12423560583, "name": "دبستان پسرانه میرداماد", "amenity": "school", "shop": null, "tourism": null, "leisure": null, "highway": null, "railway": null, "public_transport": null, "category": "education", "sub_category": "school", "category_label": "Education", "sub_category_label": "School", "color": "#78523e", "icon": "school.svg" }, "geometry": { "type": "Point", "coordinates": [ 51.6551588, 32.6762708 ] } },
{ "type": "Feature", "properties": { "osm_id": 12429990384, "name": "باربری و وانت تلفنی جهان نما اصفهان", "amenity": null, "shop": null, "tourism": null, "leisure": null, "highway": null, "railway": null, "public_transport": null, "category": "other", "sub_category": "general", "category_label": "Other", "sub_category_label": "General", "color": "#999", "icon": "marker.svg" }, "geometry": { "type": "Point", "coordinates": [ 51.6694553, 32.6655764 ] } },
{ "type": "Feature", "properties": { "osm_id": 12438020049, "name": "فروشگاه پوشاک نصر (نصر پوش)", "amenity": null, "shop": "clothes", "tourism": null, "leisure": null, "highway": null, "railway": null, "public_transport": null, "category": "fashion", "sub_category": "clothes", "category_label": "Fashion & Clothing", "sub_category_label": "Clothes", "color": "#194aa4", "icon": "clothing-store.svg" }, "geometry": { "type": "Point", "coordinates": [ 51.6533154, 32.6541107 ] } },
{ "type": "Feature", "properties": { "osm_id": 12438473369, "name": "پلاستیک آوا", "amenity": null, "shop": "yes", "tourism": null, "leisure": null, "highway": null, "railway": null, "public_transport": null, "category": "general_retail", "sub_category": "yes", "category_label": "General Retail", "sub_category_label": "Yes", "color": "#194aa4", "icon": "shop.svg" }, "geometry": { "type": "Point", "coordinates": [ 51.6930845, 32.6664974 ] } },
{ "type": "Feature", "properties": { "osm_id": 12442095995, "name": "لوازم یدکی رنو برادران", "amenity": null, "shop": "car_repair", "tourism": null, "leisure": null, "highway": null, "railway": null, "public_transport": null, "category": "automotive", "sub_category": "car_repair", "category_label": "Automotive Services", "sub_category_label": "Car Repair", "color": "#2ecc71", "icon": "car-repair.svg" }, "geometry": { "type": "Point", "coordinates": [ 51.6531209, 32.6545254 ] } },
{ "type": "Feature", "properties": { "osm_id": 12444359709, "name": "گالری حقیقت", "amenity": null, "shop": "shoes", "tourism": null, "leisure": null, "highway": null, "railway": null, "public_transport": null, "category": "fashion", "sub_category": "shoe", "category_label": "Fashion & Clothing", "sub_category_label": "Shoe", "color": "#194aa4", "icon": "clothing-store.svg" }, "geometry": { "type": "Point", "coordinates": [ 51.672489, 32.6596202 ] } },
{ "type": "Feature", "properties": { "osm_id": 12450527464, "name": "پوشاک بهار", "amenity": null, "shop": "clothes", "tourism": null, "leisure": null, "highway": null, "railway": null, "public_transport": null, "category": "fashion", "sub_category": "clothes", "category_label": "Fashion & Clothing", "sub_category_label": "Clothes", "color": "#194aa4", "icon": "clothing-store.svg" }, "geometry": { "type": "Point", "coordinates": [ 51.678214, 32.6790961 ] } },
{ "type": "Feature", "properties": { "osm_id": 12451178998, "name": "ابزار صنعتی انتخاب", "amenity": null, "shop": "hardware", "tourism": null, "leisure": null, "highway": null, "railway": null, "public_transport": null, "category": "general_retail", "sub_category": "hardware_store", "category_label": "General Retail", "sub_category_label": "Hardware Store", "color": "#194aa4", "icon": "shop.svg" }, "geometry": { "type": "Point", "coordinates": [ 51.6458014, 32.6668992 ] } },
{ "type": "Feature", "properties": { "osm_id": 12457408466, "name": "مطب دکتر مهرانگیز سلیمان پور", "amenity": "doctors", "shop": null, "tourism": null, "leisure": null, "highway": null, "railway": null, "public_transport": null, "category": "medical_care", "sub_category": "doctor", "category_label": "Medical Care", "sub_category_label": "Doctor", "color": "#d14a4a", "icon": "doctor.svg" }, "geometry": { "type": "Point", "coordinates": [ 51.6659546, 32.6527727 ] } },
{ "type": "Feature", "properties": { "osm_id": 12458737023, "name": "کوثر سما شرق", "amenity": null, "shop": "travel_agency", "tourism": null, "leisure": null, "highway": null, "railway": null, "public_transport": null, "category": "other", "sub_category": "travel_agency", "category_label": "Other", "sub_category_label": "Travel Agency", "color": "#999", "icon": "marker.svg" }, "geometry": { "type": "Point", "coordinates": [ 51.6686072, 32.6600318 ] } },
{ "type": "Feature", "properties": { "osm_id": 12480743087, "name": "طلاي سيكاس", "amenity": null, "shop": "jewelry", "tourism": null, "leisure": null, "highway": null, "railway": null, "public_transport": null, "category": "beauty_accessories", "sub_category": "jewelry", "category_label": "Beauty & Accessories", "sub_category_label": "Jewelry", "color": "#194aa4", "icon": "shop.svg" }, "geometry": { "type": "Point", "coordinates": [ 51.6782217, 32.6615158 ] } },
{ "type": "Feature", "properties": { "osm_id": 12484406674, "name": "نقره سوفسطایی", "amenity": null, "shop": "yes", "tourism": null, "leisure": null, "highway": null, "railway": null, "public_transport": null, "category": "general_retail", "sub_category": "yes", "category_label": "General Retail", "sub_category_label": "Yes", "color": "#194aa4", "icon": "shop.svg" }, "geometry": { "type": "Point", "coordinates": [ 51.6765912, 32.6616964 ] } },
{ "type": "Feature", "properties": { "osm_id": 12492282639, "name": "گز و آجیل خسروی", "amenity": null, "shop": "confectionery", "tourism": null, "leisure": null, "highway": null, "railway": null, "public_transport": null, "category": "food_retail", "sub_category": "confectionery", "category_label": "Grocery & Food Retail", "sub_category_label": "Confectionery", "color": "#b4612f", "icon": "grocery.svg" }, "geometry": { "type": "Point", "coordinates": [ 51.670747, 32.6719543 ] } },
{ "type": "Feature", "properties": { "osm_id": 12495561112, "name": "فروشگاه عروسک و اسباب بازی دالتوی", "amenity": null, "shop": "toys", "tourism": null, "leisure": null, "highway": null, "railway": null, "public_transport": null, "category": "general_retail", "sub_category": "store", "category_label": "General Retail", "sub_category_label": "Store", "color": "#194aa4", "icon": "shop.svg" }, "geometry": { "type": "Point", "coordinates": [ 51.6713432, 32.675372 ] } },
{ "type": "Feature", "properties": { "osm_id": 12495673326, "name": "تجهیزات آرایشگاهی الماس", "amenity": null, "shop": "cosmetics", "tourism": null, "leisure": null, "highway": null, "railway": null, "public_transport": null, "category": "beauty_accessories", "sub_category": "cosmetics_store", "category_label": "Beauty & Accessories", "sub_category_label": "Cosmetics Store", "color": "#194aa4", "icon": "shop.svg" }, "geometry": { "type": "Point", "coordinates": [ 51.68986, 32.672391 ] } },
{ "type": "Feature", "properties": { "osm_id": 12495718924, "name": "فلافلی دایی سعید", "amenity": "fast_food", "shop": null, "tourism": null, "leisure": null, "highway": null, "railway": null, "public_transport": null, "category": "food_service", "sub_category": "fast_food", "category_label": "Restaurants & Cafes", "sub_category_label": "Fast Food", "color": "#b4612f", "icon": "restaurant.svg" }, "geometry": { "type": "Point", "coordinates": [ 51.6831027, 32.6600812 ] } },
{ "type": "Feature", "properties": { "osm_id": 12499250749, "name": "دکتر مینا غفاری متخصص کودکان", "amenity": "doctors", "shop": null, "tourism": null, "leisure": null, "highway": null, "railway": null, "public_transport": null, "category": "medical_care", "sub_category": "doctor", "category_label": "Medical Care", "sub_category_label": "Doctor", "color": "#d14a4a", "icon": "doctor.svg" }, "geometry": { "type": "Point", "coordinates": [ 51.6661547, 32.6556286 ] } },
{ "type": "Feature", "properties": { "osm_id": 12513003056, "name": "رگال و مانکن میلاد", "amenity": null, "shop": null, "tourism": null, "leisure": null, "highway": null, "railway": null, "public_transport": null, "category": "other", "sub_category": "general", "category_label": "Other", "sub_category_label": "General", "color": "#999", "icon": "marker.svg" }, "geometry": { "type": "Point", "coordinates": [ 51.6751327, 32.6717245 ] } },
{ "type": "Feature", "properties": { "osm_id": 12514227634, "name": "تنظيم موتور آرارات", "amenity": null, "shop": "car_repair", "tourism": null, "leisure": null, "highway": null, "railway": null, "public_transport": null, "category": "automotive", "sub_category": "car_repair", "category_label": "Automotive Services", "sub_category_label": "Car Repair", "color": "#2ecc71", "icon": "car-repair.svg" }, "geometry": { "type": "Point", "coordinates": [ 51.6474676, 32.6714636 ] } },
{ "type": "Feature", "properties": { "osm_id": 12515206471, "name": "ارزان سرای کشانی", "amenity": null, "shop": "houseware", "tourism": null, "leisure": null, "highway": null, "railway": null, "public_transport": null, "category": "general_retail", "sub_category": "houseware", "category_label": "General Retail", "sub_category_label": "Houseware", "color": "#194aa4", "icon": "shop.svg" }, "geometry": { "type": "Point", "coordinates": [ 51.6913858, 32.6715988 ] } },
{ "type": "Feature", "properties": { "osm_id": 12516652201, "name": "تعمیرگاه موتورسیکلت ایمان", "amenity": null, "shop": "motorcycle_repair", "tourism": null, "leisure": null, "highway": null, "railway": null, "public_transport": null, "category": "general_retail", "sub_category": "motorcycle_repair", "category_label": "General Retail", "sub_category_label": "Motorcycle Repair", "color": "#194aa4", "icon": "shop.svg" }, "geometry": { "type": "Point", "coordinates": [ 51.6769698, 32.6655198 ] } },
{ "type": "Feature", "properties": { "osm_id": 12517820369, "name": "مركز فر موي آقايان آرايشگاه صدري", "amenity": null, "shop": "hairdresser", "tourism": null, "leisure": null, "highway": null, "railway": null, "public_transport": null, "category": "professional_service", "sub_category": "barber", "category_label": "Professional Services", "sub_category_label": "Barber", "color": "#506aa0", "icon": "building.svg" }, "geometry": { "type": "Point", "coordinates": [ 51.6683197, 32.6529646 ] } },
{ "type": "Feature", "properties": { "osm_id": 12535880481, "name": "تعمیرگاه محمد", "amenity": null, "shop": "car_repair", "tourism": null, "leisure": null, "highway": null, "railway": null, "public_transport": null, "category": "automotive", "sub_category": "car_repair", "category_label": "Automotive Services", "sub_category_label": "Car Repair", "color": "#2ecc71", "icon": "car-repair.svg" }, "geometry": { "type": "Point", "coordinates": [ 51.6637782, 32.6641446 ] } },
{ "type": "Feature", "properties": { "osm_id": 12541016653, "name": "فروش ونصب ایزوگام اصفهان", "amenity": null, "shop": "trade", "tourism": null, "leisure": null, "highway": null, "railway": null, "public_transport": null, "category": "general_retail", "sub_category": "trade", "category_label": "General Retail", "sub_category_label": "Trade", "color": "#194aa4", "icon": "shop.svg" }, "geometry": { "type": "Point", "coordinates": [ 51.6642254, 32.6566696 ] } },
{ "type": "Feature", "properties": { "osm_id": 12541614921, "name": "فروشگاه موتور سیکلت حسینی", "amenity": null, "shop": "motorcycle", "tourism": null, "leisure": null, "highway": null, "railway": null, "public_transport": null, "category": "automotive", "sub_category": "car_related_store", "category_label": "Automotive Services", "sub_category_label": "Car Related Store", "color": "#2ecc71", "icon": "car-repair.svg" }, "geometry": { "type": "Point", "coordinates": [ 51.6949577, 32.6874838 ] } },
{ "type": "Feature", "properties": { "osm_id": 12600177754, "name": "آجیل و خشکبار صالحیان", "amenity": null, "shop": "yes", "tourism": null, "leisure": null, "highway": null, "railway": null, "public_transport": null, "category": "general_retail", "sub_category": "yes", "category_label": "General Retail", "sub_category_label": "Yes", "color": "#194aa4", "icon": "shop.svg" }, "geometry": { "type": "Point", "coordinates": [ 51.6457657, 32.6555984 ] } },
{ "type": "Feature", "properties": { "osm_id": 12615202270, "name": "مطب دکتر عنایت اله ایزدی", "amenity": "doctors", "shop": null, "tourism": null, "leisure": null, "highway": null, "railway": null, "public_transport": null, "category": "medical_care", "sub_category": "doctor", "category_label": "Medical Care", "sub_category_label": "Doctor", "color": "#d14a4a", "icon": "doctor.svg" }, "geometry": { "type": "Point", "coordinates": [ 51.6658926, 32.6550666 ] } },
{ "type": "Feature", "properties": { "osm_id": 12630018820, "name": "فروشگاه سالماطور", "amenity": null, "shop": "yes", "tourism": null, "leisure": null, "highway": null, "railway": null, "public_transport": null, "category": "general_retail", "sub_category": "yes", "category_label": "General Retail", "sub_category_label": "Yes", "color": "#194aa4", "icon": "shop.svg" }, "geometry": { "type": "Point", "coordinates": [ 51.6777593, 32.6776833 ] } },
{ "type": "Feature", "properties": { "osm_id": 12633288963, "name": "تجهیزات آشپزخانه آریاراد", "amenity": null, "shop": "appliance", "tourism": null, "leisure": null, "highway": null, "railway": null, "public_transport": null, "category": "general_retail", "sub_category": "appliance", "category_label": "General Retail", "sub_category_label": "Appliance", "color": "#194aa4", "icon": "shop.svg" }, "geometry": { "type": "Point", "coordinates": [ 51.6537663, 32.6838638 ] } },
{ "type": "Feature", "properties": { "osm_id": 12639067670, "name": "باشگاه منتظران قائم", "amenity": null, "shop": null, "tourism": null, "leisure": "fitness_centre", "highway": null, "railway": null, "public_transport": null, "category": "sport_recreation", "sub_category": "gym", "category_label": "Sports & Recreation", "sub_category_label": "Gym", "color": "#067c91", "icon": "park.svg" }, "geometry": { "type": "Point", "coordinates": [ 51.6532245, 32.6842389 ] } },
{ "type": "Feature", "properties": { "osm_id": 12640356598, "name": "لوازم آرایشی ابریشم", "amenity": null, "shop": "chemist", "tourism": null, "leisure": null, "highway": null, "railway": null, "public_transport": null, "category": "general_retail", "sub_category": "chemist", "category_label": "General Retail", "sub_category_label": "Chemist", "color": "#194aa4", "icon": "shop.svg" }, "geometry": { "type": "Point", "coordinates": [ 51.6899091, 32.6613227 ] } },
{ "type": "Feature", "properties": { "osm_id": 12691575795, "name": "گز سنتی کهن", "amenity": null, "shop": "pastry", "tourism": null, "leisure": null, "highway": null, "railway": null, "public_transport": null, "category": "general_retail", "sub_category": "pastry", "category_label": "General Retail", "sub_category_label": "Pastry", "color": "#194aa4", "icon": "shop.svg" }, "geometry": { "type": "Point", "coordinates": [ 51.6699515, 32.661138 ] } },
{ "type": "Feature", "properties": { "osm_id": 12713946076, "name": "عمارت ماهور", "amenity": null, "shop": null, "tourism": "hotel", "leisure": null, "highway": null, "railway": null, "public_transport": null, "category": "accommodation", "sub_category": "hotel", "category_label": "Accommodation", "sub_category_label": "Hotel", "color": "#78523e", "icon": "lodging.svg" }, "geometry": { "type": "Point", "coordinates": [ 51.6803133, 32.6565069 ] } },
{ "type": "Feature", "properties": { "osm_id": 12730437008, "name": "اتو مکانیک غرب", "amenity": null, "shop": "car_repair", "tourism": null, "leisure": null, "highway": null, "railway": null, "public_transport": null, "category": "automotive", "sub_category": "car_repair", "category_label": "Automotive Services", "sub_category_label": "Car Repair", "color": "#2ecc71", "icon": "car-repair.svg" }, "geometry": { "type": "Point", "coordinates": [ 51.6425053, 32.6636445 ] } },
{ "type": "Feature", "properties": { "osm_id": 12749582773, "name": "آپاراتی پنچرگیری و لاستیک فروشی قیاسی", "amenity": null, "shop": "tyres", "tourism": null, "leisure": null, "highway": null, "railway": null, "public_transport": null, "category": "general_retail", "sub_category": "tyres", "category_label": "General Retail", "sub_category_label": "Tyres", "color": "#194aa4", "icon": "shop.svg" }, "geometry": { "type": "Point", "coordinates": [ 51.6721602, 32.6823097 ] } },
{ "type": "Feature", "properties": { "osm_id": 12759114303, "name": "پروتئین باتیس", "amenity": null, "shop": "فروشگاه_مواد_غذایی", "tourism": null, "leisure": null, "highway": null, "railway": null, "public_transport": null, "category": "general_retail", "sub_category": "فروشگاه_مواد_غذایی", "category_label": "General Retail", "sub_category_label": "فروشگاه مواد غذایی", "color": "#194aa4", "icon": "shop.svg" }, "geometry": { "type": "Point", "coordinates": [ 51.6784406, 32.6790892 ] } },
{ "type": "Feature", "properties": { "osm_id": 12759221785, "name": "لوازم یدکی هیدرولیک فرمان کارفیلی", "amenity": null, "shop": "car_parts", "tourism": null, "leisure": null, "highway": null, "railway": null, "public_transport": null, "category": "automotive", "sub_category": "car_related_store", "category_label": "Automotive Services", "sub_category_label": "Car Related Store", "color": "#2ecc71", "icon": "car-repair.svg" }, "geometry": { "type": "Point", "coordinates": [ 51.6464499, 32.6528588 ] } },
{ "type": "Feature", "properties": { "osm_id": 12759249068, "name": "پخش بدلیجات و اکسسوری خطاط شاپ", "amenity": null, "shop": "jewelry", "tourism": null, "leisure": null, "highway": null, "railway": null, "public_transport": null, "category": "beauty_accessories", "sub_category": "jewelry", "category_label": "Beauty & Accessories", "sub_category_label": "Jewelry", "color": "#194aa4", "icon": "shop.svg" }, "geometry": { "type": "Point", "coordinates": [ 51.6825089, 32.666261 ] } },
{ "type": "Feature", "properties": { "osm_id": 12785603549, "name": "قماش121(سجادیه)", "amenity": null, "shop": "fabric", "tourism": null, "leisure": null, "highway": null, "railway": null, "public_transport": null, "category": "general_retail", "sub_category": "fabric", "category_label": "General Retail", "sub_category_label": "Fabric", "color": "#194aa4", "icon": "shop.svg" }, "geometry": { "type": "Point", "coordinates": [ 51.6782458, 32.66216 ] } },
{ "type": "Feature", "properties": { "osm_id": 12798139601, "name": "مطعم حاج ميرزا", "amenity": "restaurant", "shop": null, "tourism": null, "leisure": null, "highway": null, "railway": null, "public_transport": null, "category": "food_service", "sub_category": "restaurant", "category_label": "Restaurants & Cafes", "sub_category_label": "Restaurant", "color": "#b4612f", "icon": "restaurant.svg" }, "geometry": { "type": "Point", "coordinates": [ 51.6785244, 32.6598836 ] } },
{ "type": "Feature", "properties": { "osm_id": 12800279829, "name": "بهینه صنعت یاران تابنده", "amenity": null, "shop": "trade", "tourism": null, "leisure": null, "highway": null, "railway": null, "public_transport": null, "category": "general_retail", "sub_category": "trade", "category_label": "General Retail", "sub_category_label": "Trade", "color": "#194aa4", "icon": "shop.svg" }, "geometry": { "type": "Point", "coordinates": [ 51.6437502, 32.6629794 ] } },
{ "type": "Feature", "properties": { "osm_id": 12809077349, "name": "تولیدی آرمان ( آرامی )", "amenity": null, "shop": "clothes", "tourism": null, "leisure": null, "highway": null, "railway": null, "public_transport": null, "category": "fashion", "sub_category": "clothes", "category_label": "Fashion & Clothing", "sub_category_label": "Clothes", "color": "#194aa4", "icon": "clothing-store.svg" }, "geometry": { "type": "Point", "coordinates": [ 51.6758904, 32.6650924 ] } },
{ "type": "Feature", "properties": { "osm_id": 12817484418, "name": "کالای خواب آذریس", "amenity": null, "shop": "fabric", "tourism": null, "leisure": null, "highway": null, "railway": null, "public_transport": null, "category": "general_retail", "sub_category": "fabric", "category_label": "General Retail", "sub_category_label": "Fabric", "color": "#194aa4", "icon": "shop.svg" }, "geometry": { "type": "Point", "coordinates": [ 51.6802228, 32.6729787 ] } },
{ "type": "Feature", "properties": { "osm_id": 12824378644, "name": "فروشگاه کوهنوردی و طبیعت گردی فرزاد", "amenity": null, "shop": "outdoor", "tourism": null, "leisure": null, "highway": null, "railway": null, "public_transport": null, "category": "general_retail", "sub_category": "outdoor", "category_label": "General Retail", "sub_category_label": "Outdoor", "color": "#194aa4", "icon": "shop.svg" }, "geometry": { "type": "Point", "coordinates": [ 51.6656445, 32.657667 ] } },
{ "type": "Feature", "properties": { "osm_id": 12828028222, "name": "رستوران سيب", "amenity": "restaurant", "shop": null, "tourism": null, "leisure": null, "highway": null, "railway": null, "public_transport": null, "category": "food_service", "sub_category": "restaurant", "category_label": "Restaurants & Cafes", "sub_category_label": "Restaurant", "color": "#b4612f", "icon": "restaurant.svg" }, "geometry": { "type": "Point", "coordinates": [ 51.675453, 32.6662891 ] } },
{ "type": "Feature", "properties": { "osm_id": 12836655345, "name": "هنرگاه ترسیم", "amenity": null, "shop": "trade", "tourism": null, "leisure": null, "highway": null, "railway": null, "public_transport": null, "category": "general_retail", "sub_category": "trade", "category_label": "General Retail", "sub_category_label": "Trade", "color": "#194aa4", "icon": "shop.svg" }, "geometry": { "type": "Point", "coordinates": [ 51.6559367, 32.6740298 ] } },
{ "type": "Feature", "properties": { "osm_id": 12846339131, "name": "ماه پرده", "amenity": null, "shop": "curtain", "tourism": null, "leisure": null, "highway": null, "railway": null, "public_transport": null, "category": "general_retail", "sub_category": "curtain", "category_label": "General Retail", "sub_category_label": "Curtain", "color": "#194aa4", "icon": "shop.svg" }, "geometry": { "type": "Point", "coordinates": [ 51.674987, 32.6717346 ] } },
{ "type": "Feature", "properties": { "osm_id": 12848620028, "name": "فروشگاه خط قرمز", "amenity": null, "shop": "computer", "tourism": null, "leisure": null, "highway": null, "railway": null, "public_transport": null, "category": "general_retail", "sub_category": "electronics_store", "category_label": "General Retail", "sub_category_label": "Electronics Store", "color": "#194aa4", "icon": "shop.svg" }, "geometry": { "type": "Point", "coordinates": [ 51.6542225, 32.6582408 ] } },
{ "type": "Feature", "properties": { "osm_id": 12848946436, "name": "Karino", "amenity": null, "shop": "car_parts", "tourism": null, "leisure": null, "highway": null, "railway": null, "public_transport": null, "category": "automotive", "sub_category": "car_related_store", "category_label": "Automotive Services", "sub_category_label": "Car Related Store", "color": "#2ecc71", "icon": "car-repair.svg" }, "geometry": { "type": "Point", "coordinates": [ 51.6541562, 32.6849916 ] } },
{ "type": "Feature", "properties": { "osm_id": 12855147485, "name": "فروشگاه حمصیان نمایندگی ایکس ویژن و تی سی ال", "amenity": null, "shop": "yes", "tourism": null, "leisure": null, "highway": null, "railway": null, "public_transport": null, "category": "general_retail", "sub_category": "yes", "category_label": "General Retail", "sub_category_label": "Yes", "color": "#194aa4", "icon": "shop.svg" }, "geometry": { "type": "Point", "coordinates": [ 51.6648965, 32.653721 ] } },
{ "type": "Feature", "properties": { "osm_id": 12870732409, "name": "بازرگانی دردانه سبز ظفر", "amenity": null, "shop": "wholesale", "tourism": null, "leisure": null, "highway": null, "railway": null, "public_transport": null, "category": "general_retail", "sub_category": "wholesale", "category_label": "General Retail", "sub_category_label": "Wholesale", "color": "#194aa4", "icon": "shop.svg" }, "geometry": { "type": "Point", "coordinates": [ 51.6415504, 32.6549414 ] } },
{ "type": "Feature", "properties": { "osm_id": 12879302035, "name": "مبلمان مهر", "amenity": null, "shop": "furniture", "tourism": null, "leisure": null, "highway": null, "railway": null, "public_transport": null, "category": "home_goods", "sub_category": "furniture", "category_label": "Home & Furniture", "sub_category_label": "Furniture", "color": "#194aa4", "icon": "furniture.svg" }, "geometry": { "type": "Point", "coordinates": [ 51.6544927, 32.6695687 ] } },
{ "type": "Feature", "properties": { "osm_id": 12880165564, "name": "بازرگانی چینی بلور عباسیان", "amenity": null, "shop": "wholesale", "tourism": null, "leisure": null, "highway": null, "railway": null, "public_transport": null, "category": "general_retail", "sub_category": "wholesale", "category_label": "General Retail", "sub_category_label": "Wholesale", "color": "#194aa4", "icon": "shop.svg" }, "geometry": { "type": "Point", "coordinates": [ 51.6778374, 32.6661769 ] } },
{ "type": "Feature", "properties": { "osm_id": 12889207975, "name": "گز نیکومنش", "amenity": null, "shop": "pastry", "tourism": null, "leisure": null, "highway": null, "railway": null, "public_transport": null, "category": "general_retail", "sub_category": "pastry", "category_label": "General Retail", "sub_category_label": "Pastry", "color": "#194aa4", "icon": "shop.svg" }, "geometry": { "type": "Point", "coordinates": [ 51.6740297, 32.6604182 ] } },
{ "type": "Feature", "properties": { "osm_id": 12909242736, "name": "آکادمی بدنسازی سورن", "amenity": null, "shop": null, "tourism": null, "leisure": "fitness_centre", "highway": null, "railway": null, "public_transport": null, "category": "sport_recreation", "sub_category": "gym", "category_label": "Sports & Recreation", "sub_category_label": "Gym", "color": "#067c91", "icon": "park.svg" }, "geometry": { "type": "Point", "coordinates": [ 51.6712548, 32.6750615 ] } },
{ "type": "Feature", "properties": { "osm_id": 12922372101, "name": "کارواش گردونه(محمدی)", "amenity": "car_wash", "shop": null, "tourism": null, "leisure": null, "highway": null, "railway": null, "public_transport": null, "category": "automotive", "sub_category": "car_wash", "category_label": "Automotive Services", "sub_category_label": "Car Wash", "color": "#2ecc71", "icon": "car-repair.svg" }, "geometry": { "type": "Point", "coordinates": [ 51.683223, 32.6790065 ] } },
{ "type": "Feature", "properties": { "osm_id": 12997421845, "name": "تعمیرات ابزارالات  و فروشگاه نواب", "amenity": null, "shop": "hardware", "tourism": null, "leisure": null, "highway": null, "railway": null, "public_transport": null, "category": "general_retail", "sub_category": "hardware_store", "category_label": "General Retail", "sub_category_label": "Hardware Store", "color": "#194aa4", "icon": "shop.svg" }, "geometry": { "type": "Point", "coordinates": [ 51.6466034, 32.666239 ] } },
{ "type": "Feature", "properties": { "osm_id": 13009074091, "name": "تراز حساب هوشمند", "amenity": null, "shop": null, "tourism": null, "leisure": null, "highway": null, "railway": null, "public_transport": null, "category": "other", "sub_category": "general", "category_label": "Other", "sub_category_label": "General", "color": "#999", "icon": "marker.svg" }, "geometry": { "type": "Point", "coordinates": [ 51.6603696, 32.6801053 ] } },
{ "type": "Feature", "properties": { "osm_id": 13026556124, "name": "اسپرت ورزشی پوریان", "amenity": null, "shop": null, "tourism": null, "leisure": "sports_hall", "highway": null, "railway": null, "public_transport": null, "category": "other", "sub_category": "general", "category_label": "Other", "sub_category_label": "General", "color": "#999", "icon": "marker.svg" }, "geometry": { "type": "Point", "coordinates": [ 51.67095, 32.6652862 ] } },
{ "type": "Feature", "properties": { "osm_id": 13048020481, "name": "هایپر سرچشمه", "amenity": null, "shop": "convenience", "tourism": null, "leisure": null, "highway": null, "railway": null, "public_transport": null, "category": "food_retail", "sub_category": "convenience_store", "category_label": "Grocery & Food Retail", "sub_category_label": "Convenience Store", "color": "#b4612f", "icon": "grocery.svg" }, "geometry": { "type": "Point", "coordinates": [ 51.6761904, 32.6762869 ] } },
{ "type": "Feature", "properties": { "osm_id": 13056154251, "name": "فروشگاه پرده پوشینه اصفهان", "amenity": null, "shop": "curtain", "tourism": null, "leisure": null, "highway": null, "railway": null, "public_transport": null, "category": "general_retail", "sub_category": "curtain", "category_label": "General Retail", "sub_category_label": "Curtain", "color": "#194aa4", "icon": "shop.svg" }, "geometry": { "type": "Point", "coordinates": [ 51.6871204, 32.6605104 ] } },
{ "type": "Feature", "properties": { "osm_id": 13060869334, "name": null, "amenity": "drinking_water", "shop": null, "tourism": null, "leisure": null, "highway": null, "railway": null, "public_transport": null, "category": "public_service", "sub_category": "drinking_water", "category_label": "Public Services", "sub_category_label": "Drinking Water", "color": "#506aa0", "icon": "post.svg" }, "geometry": { "type": "Point", "coordinates": [ 51.6921658, 32.6526958 ] } },
{ "type": "Feature", "properties": { "osm_id": 13077517417, "name": "آژانس مسافرتی فصل سفر", "amenity": null, "shop": "travel_agency", "tourism": null, "leisure": null, "highway": null, "railway": null, "public_transport": null, "category": "other", "sub_category": "travel_agency", "category_label": "Other", "sub_category_label": "Travel Agency", "color": "#999", "icon": "marker.svg" }, "geometry": { "type": "Point", "coordinates": [ 51.6689879, 32.65366 ] } },
{ "type": "Feature", "properties": { "osm_id": 13081374180, "name": "آتش نشان پارسیان", "amenity": "fire_station", "shop": null, "tourism": null, "leisure": null, "highway": null, "railway": null, "public_transport": null, "category": "government_security", "sub_category": "fire_station", "category_label": "Government & Security", "sub_category_label": "Fire Station", "color": "#506aa0", "icon": "police.svg" }, "geometry": { "type": "Point", "coordinates": [ 51.6411524, 32.6827719 ] } },
{ "type": "Feature", "properties": { "osm_id": 13081380677, "name": "کلینیک دندانپزشکی مهدیه", "amenity": "dentist", "shop": null, "tourism": null, "leisure": null, "highway": null, "railway": null, "public_transport": null, "category": "medical_care", "sub_category": "dentist", "category_label": "Medical Care", "sub_category_label": "Dentist", "color": "#d14a4a", "icon": "doctor.svg" }, "geometry": { "type": "Point", "coordinates": [ 51.6560507, 32.6895897 ] } },
{ "type": "Feature", "properties": { "osm_id": 13096191620, "name": "سالن زیبایی سمیرا", "amenity": null, "shop": "beauty", "tourism": null, "leisure": null, "highway": null, "railway": null, "public_transport": null, "category": "beauty_accessories", "sub_category": "cosmetics_store", "category_label": "Beauty & Accessories", "sub_category_label": "Cosmetics Store", "color": "#194aa4", "icon": "shop.svg" }, "geometry": { "type": "Point", "coordinates": [ 51.6619028, 32.673181 ] } },
{ "type": "Feature", "properties": { "osm_id": 13116149958, "name": "کلینیک اسنپ اسمایل و دندانسازی بهشتی", "amenity": "dentist", "shop": null, "tourism": null, "leisure": null, "highway": null, "railway": null, "public_transport": null, "category": "medical_care", "sub_category": "dentist", "category_label": "Medical Care", "sub_category_label": "Dentist", "color": "#d14a4a", "icon": "doctor.svg" }, "geometry": { "type": "Point", "coordinates": [ 51.6743731, 32.6654382 ] } },
{ "type": "Feature", "properties": { "osm_id": 13136503024, "name": "آش سرای عمارت", "amenity": "restaurant", "shop": null, "tourism": null, "leisure": null, "highway": null, "railway": null, "public_transport": null, "category": "food_service", "sub_category": "restaurant", "category_label": "Restaurants & Cafes", "sub_category_label": "Restaurant", "color": "#b4612f", "icon": "restaurant.svg" }, "geometry": { "type": "Point", "coordinates": [ 51.6724266, 32.6833493 ] } },
{ "type": "Feature", "properties": { "osm_id": 13139755315, "name": "دندانپزشکی دکتر پیمان رستمیان", "amenity": "dentist", "shop": null, "tourism": null, "leisure": null, "highway": null, "railway": null, "public_transport": null, "category": "medical_care", "sub_category": "dentist", "category_label": "Medical Care", "sub_category_label": "Dentist", "color": "#d14a4a", "icon": "doctor.svg" }, "geometry": { "type": "Point", "coordinates": [ 51.6857315, 32.6605841 ] } },
{ "type": "Feature", "properties": { "osm_id": 13153033359, "name": "گالری ماه منظر", "amenity": null, "shop": "cosmetics", "tourism": null, "leisure": null, "highway": null, "railway": null, "public_transport": null, "category": "beauty_accessories", "sub_category": "cosmetics_store", "category_label": "Beauty & Accessories", "sub_category_label": "Cosmetics Store", "color": "#194aa4", "icon": "shop.svg" }, "geometry": { "type": "Point", "coordinates": [ 51.6552467, 32.6563143 ] } },
{ "type": "Feature", "properties": { "osm_id": 13165415263, "name": "آرایشی جلالی", "amenity": null, "shop": "beauty", "tourism": null, "leisure": null, "highway": null, "railway": null, "public_transport": null, "category": "beauty_accessories", "sub_category": "cosmetics_store", "category_label": "Beauty & Accessories", "sub_category_label": "Cosmetics Store", "color": "#194aa4", "icon": "shop.svg" }, "geometry": { "type": "Point", "coordinates": [ 51.6879455, 32.6733009 ] } },
{ "type": "Feature", "properties": { "osm_id": 13166897542, "name": "عطاری رستگار", "amenity": null, "shop": "herbalist", "tourism": null, "leisure": null, "highway": null, "railway": null, "public_transport": null, "category": "general_retail", "sub_category": "herbalist", "category_label": "General Retail", "sub_category_label": "Herbalist", "color": "#194aa4", "icon": "shop.svg" }, "geometry": { "type": "Point", "coordinates": [ 51.6843765, 32.6815461 ] } },
{ "type": "Feature", "properties": { "osm_id": 13167483690, "name": "داروخانه دکتر گودرزی", "amenity": "pharmacy", "shop": null, "tourism": null, "leisure": null, "highway": null, "railway": null, "public_transport": null, "category": "pharmacy_optical", "sub_category": "pharmacy", "category_label": "Pharmacy & Optical", "sub_category_label": "Pharmacy", "color": "#d14a4a", "icon": "pharmacy.svg" }, "geometry": { "type": "Point", "coordinates": [ 51.6879121, 32.675902 ] } },
{ "type": "Feature", "properties": { "osm_id": 13185520092, "name": "پارکینگ طبقاتی میدان", "amenity": "parking", "shop": null, "tourism": null, "leisure": null, "highway": null, "railway": null, "public_transport": null, "category": "parking_road_facility", "sub_category": "parking", "category_label": "Parking & Road Facilities", "sub_category_label": "Parking", "color": "#78523e", "icon": "parking.svg" }, "geometry": { "type": "Point", "coordinates": [ 51.6810226, 32.655529 ] } },
{ "type": "Feature", "properties": { "osm_id": 13188958963, "name": null, "amenity": "device_charging_station", "shop": null, "tourism": null, "leisure": null, "highway": null, "railway": null, "public_transport": null, "category": "other", "sub_category": "device_charging_station", "category_label": "Other", "sub_category_label": "Device Charging Station", "color": "#999", "icon": "marker.svg" }, "geometry": { "type": "Point", "coordinates": [ 51.6767836, 32.6597854 ] } },
{ "type": "Feature", "properties": { "osm_id": 13199683124, "name": "لوازم شمع سازی وسنگ مصنوعی و رزین المهدی اصفهان", "amenity": null, "shop": null, "tourism": null, "leisure": null, "highway": null, "railway": null, "public_transport": null, "category": "other", "sub_category": "general", "category_label": "Other", "sub_category_label": "General", "color": "#999", "icon": "marker.svg" }, "geometry": { "type": "Point", "coordinates": [ 51.6795738, 32.6621654 ] } },
{ "type": "Feature", "properties": { "osm_id": 13234074543, "name": "لوازم قنادی پارسیان", "amenity": null, "shop": null, "tourism": null, "leisure": null, "highway": null, "railway": null, "public_transport": null, "category": "other", "sub_category": "general", "category_label": "Other", "sub_category_label": "General", "color": "#999", "icon": "marker.svg" }, "geometry": { "type": "Point", "coordinates": [ 51.6598556, 32.668257 ] } },
{ "type": "Feature", "properties": { "osm_id": 13234324303, "name": "دندان سازی طاها", "amenity": "dentist", "shop": null, "tourism": null, "leisure": null, "highway": null, "railway": null, "public_transport": null, "category": "medical_care", "sub_category": "dentist", "category_label": "Medical Care", "sub_category_label": "Dentist", "color": "#d14a4a", "icon": "doctor.svg" }, "geometry": { "type": "Point", "coordinates": [ 51.647047, 32.6708882 ] } },
{ "type": "Feature", "properties": { "osm_id": 13241353476, "name": "صنایع دستی یزدانی", "amenity": null, "shop": "craft", "tourism": null, "leisure": null, "highway": null, "railway": null, "public_transport": null, "category": "general_retail", "sub_category": "craft", "category_label": "General Retail", "sub_category_label": "Craft", "color": "#194aa4", "icon": "shop.svg" }, "geometry": { "type": "Point", "coordinates": [ 51.6931266, 32.6631436 ] } },
{ "type": "Feature", "properties": { "osm_id": 13243167080, "name": "آسانسور آریا صعود پارتاک", "amenity": null, "shop": null, "tourism": null, "leisure": null, "highway": null, "railway": null, "public_transport": null, "category": "other", "sub_category": "general", "category_label": "Other", "sub_category_label": "General", "color": "#999", "icon": "marker.svg" }, "geometry": { "type": "Point", "coordinates": [ 51.6715653, 32.6788687 ] } },
{ "type": "Feature", "properties": { "osm_id": 13248743932, "name": "توانبخشی اختلالات رشدی هوشی سعادت", "amenity": "doctors", "shop": null, "tourism": null, "leisure": null, "highway": null, "railway": null, "public_transport": null, "category": "medical_care", "sub_category": "doctor", "category_label": "Medical Care", "sub_category_label": "Doctor", "color": "#d14a4a", "icon": "doctor.svg" }, "geometry": { "type": "Point", "coordinates": [ 51.657767, 32.668123 ] } },
{ "type": "Feature", "properties": { "osm_id": 13249647008, "name": "شرکت آتش ستیز اسپادانا", "amenity": null, "shop": null, "tourism": null, "leisure": null, "highway": null, "railway": null, "public_transport": null, "category": "other", "sub_category": "general", "category_label": "Other", "sub_category_label": "General", "color": "#999", "icon": "marker.svg" }, "geometry": { "type": "Point", "coordinates": [ 51.6636186, 32.6618518 ] } },
{ "type": "Feature", "properties": { "osm_id": 13263999800, "name": "پارس فرایند", "amenity": null, "shop": null, "tourism": null, "leisure": null, "highway": null, "railway": null, "public_transport": null, "category": "other", "sub_category": "general", "category_label": "Other", "sub_category_label": "General", "color": "#999", "icon": "marker.svg" }, "geometry": { "type": "Point", "coordinates": [ 51.661053, 32.6659002 ] } },
{ "type": "Feature", "properties": { "osm_id": 13273523080, "name": "نساجی تیک بافت", "amenity": null, "shop": "fabric", "tourism": null, "leisure": null, "highway": null, "railway": null, "public_transport": null, "category": "general_retail", "sub_category": "fabric", "category_label": "General Retail", "sub_category_label": "Fabric", "color": "#194aa4", "icon": "shop.svg" }, "geometry": { "type": "Point", "coordinates": [ 51.6792786, 32.6652633 ] } },
{ "type": "Feature", "properties": { "osm_id": 13275413216, "name": "هایپر موذنی - شعبه ولیعصر", "amenity": null, "shop": "supermarket", "tourism": null, "leisure": null, "highway": null, "railway": null, "public_transport": null, "category": "food_retail", "sub_category": "supermarket", "category_label": "Grocery & Food Retail", "sub_category_label": "Supermarket", "color": "#b4612f", "icon": "grocery.svg" }, "geometry": { "type": "Point", "coordinates": [ 51.6882521, 32.6671157 ] } },
{ "type": "Feature", "properties": { "osm_id": 13279425628, "name": "تابگیری انواع رینگ اسپرت و اسبکی حمزه", "amenity": null, "shop": "tyres", "tourism": null, "leisure": null, "highway": null, "railway": null, "public_transport": null, "category": "general_retail", "sub_category": "tyres", "category_label": "General Retail", "sub_category_label": "Tyres", "color": "#194aa4", "icon": "shop.svg" }, "geometry": { "type": "Point", "coordinates": [ 51.6923498, 32.6769552 ] } },
{ "type": "Feature", "properties": { "osm_id": 13284899154, "name": "شرکت تراز پایدار هوشمند", "amenity": null, "shop": null, "tourism": null, "leisure": null, "highway": null, "railway": null, "public_transport": null, "category": "other", "sub_category": "general", "category_label": "Other", "sub_category_label": "General", "color": "#999", "icon": "marker.svg" }, "geometry": { "type": "Point", "coordinates": [ 51.6489859, 32.6663123 ] } },
{ "type": "Feature", "properties": { "osm_id": 13284903578, "name": "فروشگاه ابزار بهنام ۲", "amenity": null, "shop": null, "tourism": null, "leisure": null, "highway": null, "railway": null, "public_transport": null, "category": "other", "sub_category": "general", "category_label": "Other", "sub_category_label": "General", "color": "#999", "icon": "marker.svg" }, "geometry": { "type": "Point", "coordinates": [ 51.648742, 32.6664486 ] } },
{ "type": "Feature", "properties": { "osm_id": 13301185706, "name": "فروشگاه قفل و لولا و دستگیره یگانه اصفهان", "amenity": null, "shop": "hardware", "tourism": null, "leisure": null, "highway": null, "railway": null, "public_transport": null, "category": "general_retail", "sub_category": "hardware_store", "category_label": "General Retail", "sub_category_label": "Hardware Store", "color": "#194aa4", "icon": "shop.svg" }, "geometry": { "type": "Point", "coordinates": [ 51.6535329, 32.6551271 ] } },
{ "type": "Feature", "properties": { "osm_id": 13329961972, "name": "پارچه عاقبتی نو", "amenity": null, "shop": "fabric", "tourism": null, "leisure": null, "highway": null, "railway": null, "public_transport": null, "category": "general_retail", "sub_category": "fabric", "category_label": "General Retail", "sub_category_label": "Fabric", "color": "#194aa4", "icon": "shop.svg" }, "geometry": { "type": "Point", "coordinates": [ 51.6780442, 32.6718832 ] } },
{ "type": "Feature", "properties": { "osm_id": 13344013077, "name": "فروشگاه کمپ و کوهنوردی آماتیس", "amenity": null, "shop": "outdoor", "tourism": null, "leisure": null, "highway": null, "railway": null, "public_transport": null, "category": "general_retail", "sub_category": "outdoor", "category_label": "General Retail", "sub_category_label": "Outdoor", "color": "#194aa4", "icon": "shop.svg" }, "geometry": { "type": "Point", "coordinates": [ 51.6882424, 32.6612464 ] } },
{ "type": "Feature", "properties": { "osm_id": 13344069125, "name": "تجهیزات پزشکی بهروز طب", "amenity": null, "shop": "medical_supply", "tourism": null, "leisure": null, "highway": null, "railway": null, "public_transport": null, "category": "general_retail", "sub_category": "medical_supply", "category_label": "General Retail", "sub_category_label": "Medical Supply", "color": "#194aa4", "icon": "shop.svg" }, "geometry": { "type": "Point", "coordinates": [ 51.6662769, 32.6591708 ] } },
{ "type": "Feature", "properties": { "osm_id": 13347360274, "name": "پروتیین گوشت مرغ زمانی", "amenity": null, "shop": "convenience", "tourism": null, "leisure": null, "highway": null, "railway": null, "public_transport": null, "category": "food_retail", "sub_category": "convenience_store", "category_label": "Grocery & Food Retail", "sub_category_label": "Convenience Store", "color": "#b4612f", "icon": "grocery.svg" }, "geometry": { "type": "Point", "coordinates": [ 51.6506228, 32.6738216 ] } },
{ "type": "Feature", "properties": { "osm_id": 13347466749, "name": "فروشگاه سرمایشی گرمایشی آب و آتش", "amenity": null, "shop": "yes", "tourism": null, "leisure": null, "highway": null, "railway": null, "public_transport": null, "category": "general_retail", "sub_category": "yes", "category_label": "General Retail", "sub_category_label": "Yes", "color": "#194aa4", "icon": "shop.svg" }, "geometry": { "type": "Point", "coordinates": [ 51.6494487, 32.6737044 ] } },
{ "type": "Feature", "properties": { "osm_id": 13355297564, "name": "تعمیرات مبلمان مهره چی", "amenity": null, "shop": "furniture", "tourism": null, "leisure": null, "highway": null, "railway": null, "public_transport": null, "category": "home_goods", "sub_category": "furniture", "category_label": "Home & Furniture", "sub_category_label": "Furniture", "color": "#194aa4", "icon": "furniture.svg" }, "geometry": { "type": "Point", "coordinates": [ 51.6566677, 32.6691279 ] } },
{ "type": "Feature", "properties": { "osm_id": 13358929516, "name": "تعمیرگاه موتور سیکلت سپاهان", "amenity": null, "shop": "motorcycle_repair", "tourism": null, "leisure": null, "highway": null, "railway": null, "public_transport": null, "category": "general_retail", "sub_category": "motorcycle_repair", "category_label": "General Retail", "sub_category_label": "Motorcycle Repair", "color": "#194aa4", "icon": "shop.svg" }, "geometry": { "type": "Point", "coordinates": [ 51.6725401, 32.6839597 ] } },
{ "type": "Feature", "properties": { "osm_id": 13359646952, "name": "کلینیک ساختمانی شاه سنائی", "amenity": null, "shop": "trade", "tourism": null, "leisure": null, "highway": null, "railway": null, "public_transport": null, "category": "general_retail", "sub_category": "trade", "category_label": "General Retail", "sub_category_label": "Trade", "color": "#194aa4", "icon": "shop.svg" }, "geometry": { "type": "Point", "coordinates": [ 51.6550997, 32.6886088 ] } },
{ "type": "Feature", "properties": { "osm_id": 13361227586, "name": "اقامتگاه  سنتی سلطانی", "amenity": null, "shop": null, "tourism": null, "leisure": null, "highway": null, "railway": null, "public_transport": null, "category": "other", "sub_category": "general", "category_label": "Other", "sub_category_label": "General", "color": "#999", "icon": "marker.svg" }, "geometry": { "type": "Point", "coordinates": [ 51.6844125, 32.6639606 ] } },
{ "type": "Feature", "properties": { "osm_id": 13375861428, "name": "قطعات ،خدمات و فروش کولرگازی اروند تهویه", "amenity": null, "shop": null, "tourism": null, "leisure": null, "highway": null, "railway": null, "public_transport": null, "category": "other", "sub_category": "general", "category_label": "Other", "sub_category_label": "General", "color": "#999", "icon": "marker.svg" }, "geometry": { "type": "Point", "coordinates": [ 51.6583577, 32.6586193 ] } },
{ "type": "Feature", "properties": { "osm_id": 13377656549, "name": "فروشگاه پلاسکو ولوازم آشپزخانه وکادویی باران", "amenity": null, "shop": "houseware", "tourism": null, "leisure": null, "highway": null, "railway": null, "public_transport": null, "category": "general_retail", "sub_category": "houseware", "category_label": "General Retail", "sub_category_label": "Houseware", "color": "#194aa4", "icon": "shop.svg" }, "geometry": { "type": "Point", "coordinates": [ 51.6850545, 32.6845057 ] } },
{ "type": "Feature", "properties": { "osm_id": 13380556539, "name": "جام جم الکترونیک", "amenity": null, "shop": "radiotechnics", "tourism": null, "leisure": null, "highway": null, "railway": null, "public_transport": null, "category": "general_retail", "sub_category": "radiotechnics", "category_label": "General Retail", "sub_category_label": "Radiotechnics", "color": "#194aa4", "icon": "shop.svg" }, "geometry": { "type": "Point", "coordinates": [ 51.6631522, 32.6576678 ] } },
{ "type": "Feature", "properties": { "osm_id": 13386011605, "name": "کتاب ۱۱۵", "amenity": null, "shop": "books", "tourism": null, "leisure": null, "highway": null, "railway": null, "public_transport": null, "category": "general_retail", "sub_category": "book_store", "category_label": "General Retail", "sub_category_label": "Book Store", "color": "#194aa4", "icon": "shop.svg" }, "geometry": { "type": "Point", "coordinates": [ 51.6556246, 32.6661901 ] } },
{ "type": "Feature", "properties": { "osm_id": 13394691919, "name": "سالن ریحان Vip", "amenity": null, "shop": "beauty", "tourism": null, "leisure": null, "highway": null, "railway": null, "public_transport": null, "category": "beauty_accessories", "sub_category": "cosmetics_store", "category_label": "Beauty & Accessories", "sub_category_label": "Cosmetics Store", "color": "#194aa4", "icon": "shop.svg" }, "geometry": { "type": "Point", "coordinates": [ 51.6702017, 32.6719892 ] } },
{ "type": "Feature", "properties": { "osm_id": 13417609519, "name": "تولید و پخش شال و روسری ژیوان", "amenity": null, "shop": "clothes", "tourism": null, "leisure": null, "highway": null, "railway": null, "public_transport": null, "category": "fashion", "sub_category": "clothes", "category_label": "Fashion & Clothing", "sub_category_label": "Clothes", "color": "#194aa4", "icon": "clothing-store.svg" }, "geometry": { "type": "Point", "coordinates": [ 51.6789853, 32.6658602 ] } },
{ "type": "Feature", "properties": { "osm_id": 13437090215, "name": "فروشگاه تفنگ میخ چاشنی ( میکائیل)", "amenity": null, "shop": "hardware", "tourism": null, "leisure": null, "highway": null, "railway": null, "public_transport": null, "category": "general_retail", "sub_category": "hardware_store", "category_label": "General Retail", "sub_category_label": "Hardware Store", "color": "#194aa4", "icon": "shop.svg" }, "geometry": { "type": "Point", "coordinates": [ 51.6440573, 32.6675663 ] } },
{ "type": "Feature", "properties": { "osm_id": 13437773402, "name": "LE-AB Cafe Gellary", "amenity": null, "shop": "boutique", "tourism": null, "leisure": null, "highway": null, "railway": null, "public_transport": null, "category": "general_retail", "sub_category": "boutique", "category_label": "General Retail", "sub_category_label": "Boutique", "color": "#194aa4", "icon": "shop.svg" }, "geometry": { "type": "Point", "coordinates": [ 51.6757147, 32.6531643 ] } },
{ "type": "Feature", "properties": { "osm_id": 13503438023, "name": "پخش و روست قهوه شرکت زردانه برند غمزه", "amenity": null, "shop": null, "tourism": null, "leisure": null, "highway": null, "railway": null, "public_transport": null, "category": "other", "sub_category": "general", "category_label": "Other", "sub_category_label": "General", "color": "#999", "icon": "marker.svg" }, "geometry": { "type": "Point", "coordinates": [ 51.6472316, 32.671252 ] } },
{ "type": "Feature", "properties": { "osm_id": 13575175632, "name": "قطعات الکترو موتور افتخاری", "amenity": null, "shop": "supermarket", "tourism": null, "leisure": null, "highway": null, "railway": null, "public_transport": null, "category": "food_retail", "sub_category": "supermarket", "category_label": "Grocery & Food Retail", "sub_category_label": "Supermarket", "color": "#b4612f", "icon": "grocery.svg" }, "geometry": { "type": "Point", "coordinates": [ 51.6466457, 32.6703342 ] } },
{ "type": "Feature", "properties": { "osm_id": 13597928793, "name": "فروشگاه لاستیک کوثر", "amenity": null, "shop": "tyres", "tourism": null, "leisure": null, "highway": null, "railway": null, "public_transport": null, "category": "general_retail", "sub_category": "tyres", "category_label": "General Retail", "sub_category_label": "Tyres", "color": "#194aa4", "icon": "shop.svg" }, "geometry": { "type": "Point", "coordinates": [ 51.6532314, 32.6527228 ] } },
{ "type": "Feature", "properties": { "osm_id": 13794731336, "name": "مرکز چاپ دیجیتال بارانا", "amenity": null, "shop": "copyshop", "tourism": null, "leisure": null, "highway": null, "railway": null, "public_transport": null, "category": "general_retail", "sub_category": "copyshop", "category_label": "General Retail", "sub_category_label": "Copyshop", "color": "#194aa4", "icon": "shop.svg" }, "geometry": { "type": "Point", "coordinates": [ 51.6487254, 32.6731 ] } },
{ "type": "Feature", "properties": { "osm_id": 13843234369, "name": "میوه صیفی جات سبزیجات پدر سالار", "amenity": null, "shop": "greengrocer", "tourism": null, "leisure": null, "highway": null, "railway": null, "public_transport": null, "category": "food_retail", "sub_category": "greengrocer", "category_label": "Grocery & Food Retail", "sub_category_label": "Greengrocer", "color": "#b4612f", "icon": "grocery.svg" }, "geometry": { "type": "Point", "coordinates": [ 51.6674363, 32.6703847 ] } },
{ "type": "Feature", "properties": { "osm_id": 13844074265, "name": "دکتری مکانیک سیالات خودرو", "amenity": null, "shop": "trade", "tourism": null, "leisure": null, "highway": null, "railway": null, "public_transport": null, "category": "general_retail", "sub_category": "trade", "category_label": "General Retail", "sub_category_label": "Trade", "color": "#194aa4", "icon": "shop.svg" }, "geometry": { "type": "Point", "coordinates": [ 51.663062, 32.6733935 ] } },
{ "type": "Feature", "properties": { "osm_id": 13875639181, "name": "چای و برنج آدیشه", "amenity": null, "shop": "convenience", "tourism": null, "leisure": null, "highway": null, "railway": null, "public_transport": null, "category": "food_retail", "sub_category": "convenience_store", "category_label": "Grocery & Food Retail", "sub_category_label": "Convenience Store", "color": "#b4612f", "icon": "grocery.svg" }, "geometry": { "type": "Point", "coordinates": [ 51.6412461, 32.6559624 ] } },
{ "type": "Feature", "properties": { "osm_id": 13876729007, "name": "امن اندیشان نوژا ( ضد لیبل )", "amenity": null, "shop": null, "tourism": null, "leisure": null, "highway": null, "railway": null, "public_transport": null, "category": "other", "sub_category": "general", "category_label": "Other", "sub_category_label": "General", "color": "#999", "icon": "marker.svg" }, "geometry": { "type": "Point", "coordinates": [ 51.6762199, 32.6532528 ] } },
{ "type": "Feature", "properties": { "osm_id": 13900757344, "name": "فروشگاه قهوه بمباس", "amenity": "cafe", "shop": null, "tourism": null, "leisure": null, "highway": null, "railway": null, "public_transport": null, "category": "food_service", "sub_category": "cafe", "category_label": "Restaurants & Cafes", "sub_category_label": "Cafe", "color": "#b4612f", "icon": "restaurant.svg" }, "geometry": { "type": "Point", "coordinates": [ 51.6483685, 32.6749996 ] } },
{ "type": "Feature", "properties": { "osm_id": 13906346527, "name": "لوازم اشپزخانه و استیل عدالت", "amenity": null, "shop": null, "tourism": null, "leisure": null, "highway": null, "railway": null, "public_transport": null, "category": "other", "sub_category": "general", "category_label": "Other", "sub_category_label": "General", "color": "#999", "icon": "marker.svg" }, "geometry": { "type": "Point", "coordinates": [ 51.6813894, 32.6676771 ] } },
{ "type": "Feature", "properties": { "osm_id": 13914500205, "name": "پویان تصویر", "amenity": null, "shop": null, "tourism": null, "leisure": null, "highway": null, "railway": null, "public_transport": null, "category": "other", "sub_category": "general", "category_label": "Other", "sub_category_label": "General", "color": "#999", "icon": "marker.svg" }, "geometry": { "type": "Point", "coordinates": [ 51.662649, 32.6578457 ] } },
{ "type": "Feature", "properties": { "osm_id": 13920203653, "name": "پخش پارسیان", "amenity": null, "shop": "trade", "tourism": null, "leisure": null, "highway": null, "railway": null, "public_transport": null, "category": "general_retail", "sub_category": "trade", "category_label": "General Retail", "sub_category_label": "Trade", "color": "#194aa4", "icon": "shop.svg" }, "geometry": { "type": "Point", "coordinates": [ 51.6702526, 32.6662446 ] } },
{ "type": "Feature", "properties": { "osm_id": 13937953814, "name": "ساعت آنتیک موزه زمان", "amenity": null, "shop": "watches", "tourism": null, "leisure": null, "highway": null, "railway": null, "public_transport": null, "category": "general_retail", "sub_category": "watches", "category_label": "General Retail", "sub_category_label": "Watches", "color": "#194aa4", "icon": "shop.svg" }, "geometry": { "type": "Point", "coordinates": [ 51.6682226, 32.6555468 ] } },
{ "type": "Feature", "properties": { "osm_id": 13938364001, "name": "دفتر علیرضا شاه جوان مرکز مشاوره بازتاب", "amenity": null, "shop": null, "tourism": null, "leisure": null, "highway": null, "railway": null, "public_transport": null, "category": "other", "sub_category": "general", "category_label": "Other", "sub_category_label": "General", "color": "#999", "icon": "marker.svg" }, "geometry": { "type": "Point", "coordinates": [ 51.6869828, 32.661047 ] } },
{ "type": "Feature", "properties": { "osm_id": 13938368501, "name": "مرکز مشاوره دانشگاه معارف قران و عترت", "amenity": null, "shop": null, "tourism": null, "leisure": null, "highway": null, "railway": null, "public_transport": null, "category": "other", "sub_category": "general", "category_label": "Other", "sub_category_label": "General", "color": "#999", "icon": "marker.svg" }, "geometry": { "type": "Point", "coordinates": [ 51.6411224, 32.6722837 ] } },
{ "type": "Feature", "properties": { "osm_id": 13945004634, "name": "کلینیک دندانپزشکی شبانه روزی ویرا", "amenity": "dentist", "shop": null, "tourism": null, "leisure": null, "highway": null, "railway": null, "public_transport": null, "category": "medical_care", "sub_category": "dentist", "category_label": "Medical Care", "sub_category_label": "Dentist", "color": "#d14a4a", "icon": "doctor.svg" }, "geometry": { "type": "Point", "coordinates": [ 51.6617497, 32.6802619 ] } },
{ "type": "Feature", "properties": { "osm_id": 13945079261, "name": "تک نگین جنوب", "amenity": null, "shop": "appliance", "tourism": null, "leisure": null, "highway": null, "railway": null, "public_transport": null, "category": "general_retail", "sub_category": "appliance", "category_label": "General Retail", "sub_category_label": "Appliance", "color": "#194aa4", "icon": "shop.svg" }, "geometry": { "type": "Point", "coordinates": [ 51.6824178, 32.6624246 ] } },
{ "type": "Feature", "properties": { "osm_id": 13945318751, "name": "آژانس مسافرتی پارسیان نقش جهان", "amenity": null, "shop": "travel_agency", "tourism": null, "leisure": null, "highway": null, "railway": null, "public_transport": null, "category": "other", "sub_category": "travel_agency", "category_label": "Other", "sub_category_label": "Travel Agency", "color": "#999", "icon": "marker.svg" }, "geometry": { "type": "Point", "coordinates": [ 51.6686244, 32.6592236 ] } },
{ "type": "Feature", "properties": { "osm_id": 13947124533, "name": "دندانپزشکی ستوده", "amenity": "dentist", "shop": null, "tourism": null, "leisure": null, "highway": null, "railway": null, "public_transport": null, "category": "medical_care", "sub_category": "dentist", "category_label": "Medical Care", "sub_category_label": "Dentist", "color": "#d14a4a", "icon": "doctor.svg" }, "geometry": { "type": "Point", "coordinates": [ 51.6597404, 32.6529819 ] } },
{ "type": "Feature", "properties": { "osm_id": 13947748513, "name": "فروشگاه ارایشی ارمیتا", "amenity": null, "shop": "supermarket", "tourism": null, "leisure": null, "highway": null, "railway": null, "public_transport": null, "category": "food_retail", "sub_category": "supermarket", "category_label": "Grocery & Food Retail", "sub_category_label": "Supermarket", "color": "#b4612f", "icon": "grocery.svg" }, "geometry": { "type": "Point", "coordinates": [ 51.6834561, 32.666237 ] } },
{ "type": "Feature", "properties": { "osm_id": 13949315276, "name": "پخش نشاط", "amenity": null, "shop": "convenience", "tourism": null, "leisure": null, "highway": null, "railway": null, "public_transport": null, "category": "food_retail", "sub_category": "convenience_store", "category_label": "Grocery & Food Retail", "sub_category_label": "Convenience Store", "color": "#b4612f", "icon": "grocery.svg" }, "geometry": { "type": "Point", "coordinates": [ 51.6837389, 32.6590534 ] } },
{ "type": "Feature", "properties": { "osm_id": 13955179938, "name": "تشک رویا", "amenity": null, "shop": "bed", "tourism": null, "leisure": null, "highway": null, "railway": null, "public_transport": null, "category": "general_retail", "sub_category": "bed", "category_label": "General Retail", "sub_category_label": "Bed", "color": "#194aa4", "icon": "shop.svg" }, "geometry": { "type": "Point", "coordinates": [ 51.6682281, 32.6573727 ] } },
{ "type": "Feature", "properties": { "osm_id": 13955604317, "name": "رگال مانکن پلاس", "amenity": null, "shop": "general", "tourism": null, "leisure": null, "highway": null, "railway": null, "public_transport": null, "category": "general_retail", "sub_category": "store", "category_label": "General Retail", "sub_category_label": "Store", "color": "#194aa4", "icon": "shop.svg" }, "geometry": { "type": "Point", "coordinates": [ 51.6813212, 32.663078 ] } },
{ "type": "Feature", "properties": { "osm_id": 13957052909, "name": "داهوا استور ( داهوا سرویس )", "amenity": null, "shop": "supermarket", "tourism": null, "leisure": null, "highway": null, "railway": null, "public_transport": null, "category": "food_retail", "sub_category": "supermarket", "category_label": "Grocery & Food Retail", "sub_category_label": "Supermarket", "color": "#b4612f", "icon": "grocery.svg" }, "geometry": { "type": "Point", "coordinates": [ 51.6633087, 32.6586453 ] } },
{ "type": "Feature", "properties": { "osm_id": 13972325041, "name": "قماش حمید بهرام", "amenity": null, "shop": "fabric", "tourism": null, "leisure": null, "highway": null, "railway": null, "public_transport": null, "category": "general_retail", "sub_category": "fabric", "category_label": "General Retail", "sub_category_label": "Fabric", "color": "#194aa4", "icon": "shop.svg" }, "geometry": { "type": "Point", "coordinates": [ 51.6787427, 32.6624476 ] } },
{ "type": "Feature", "properties": { "osm_id": 13994550194, "name": "بنکداری طلا رزلند اجری پور", "amenity": null, "shop": "jewelry", "tourism": null, "leisure": null, "highway": null, "railway": null, "public_transport": null, "category": "beauty_accessories", "sub_category": "jewelry", "category_label": "Beauty & Accessories", "sub_category_label": "Jewelry", "color": "#194aa4", "icon": "shop.svg" }, "geometry": { "type": "Point", "coordinates": [ 51.6772977, 32.6618093 ] } },
{ "type": "Feature", "properties": { "osm_id": 13997137412, "name": "روانشناسی و مشاوره ابوالفضل شیرازی", "amenity": "doctors", "shop": null, "tourism": null, "leisure": null, "highway": null, "railway": null, "public_transport": null, "category": "medical_care", "sub_category": "doctor", "category_label": "Medical Care", "sub_category_label": "Doctor", "color": "#d14a4a", "icon": "doctor.svg" }, "geometry": { "type": "Point", "coordinates": [ 51.6656212, 32.6531445 ] } },
{ "type": "Feature", "properties": { "osm_id": 14004386823, "name": "دکتر مهدی شهبازی آزاد | دکتر زخم", "amenity": "doctors", "shop": null, "tourism": null, "leisure": null, "highway": null, "railway": null, "public_transport": null, "category": "medical_care", "sub_category": "doctor", "category_label": "Medical Care", "sub_category_label": "Doctor", "color": "#d14a4a", "icon": "doctor.svg" }, "geometry": { "type": "Point", "coordinates": [ 51.6658707, 32.6534164 ] } },
{ "type": "Feature", "properties": { "osm_id": 14030614840, "name": "اکستنشن مژه پریا خداپرست", "amenity": null, "shop": "beauty", "tourism": null, "leisure": null, "highway": null, "railway": null, "public_transport": null, "category": "beauty_accessories", "sub_category": "cosmetics_store", "category_label": "Beauty & Accessories", "sub_category_label": "Cosmetics Store", "color": "#194aa4", "icon": "shop.svg" }, "geometry": { "type": "Point", "coordinates": [ 51.6663063, 32.6566336 ] } },
{ "type": "Feature", "properties": { "osm_id": 14030791437, "name": "تولیدی نساجی آذریس", "amenity": null, "shop": "fabric", "tourism": null, "leisure": null, "highway": null, "railway": null, "public_transport": null, "category": "general_retail", "sub_category": "fabric", "category_label": "General Retail", "sub_category_label": "Fabric", "color": "#194aa4", "icon": "shop.svg" }, "geometry": { "type": "Point", "coordinates": [ 51.6799623, 32.6730336 ] } },
{ "type": "Feature", "properties": { "osm_id": 14041342586, "name": "قطعات لوازم خانگی اصفهان یدک", "amenity": null, "shop": "appliance", "tourism": null, "leisure": null, "highway": null, "railway": null, "public_transport": null, "category": "general_retail", "sub_category": "appliance", "category_label": "General Retail", "sub_category_label": "Appliance", "color": "#194aa4", "icon": "shop.svg" }, "geometry": { "type": "Point", "coordinates": [ 51.659165, 32.6578766 ] } },
{ "type": "Feature", "properties": { "osm_id": 14053757263, "name": "لپ تاپ و کامپیوتر جِی تِک", "amenity": null, "shop": "computer", "tourism": null, "leisure": null, "highway": null, "railway": null, "public_transport": null, "category": "general_retail", "sub_category": "electronics_store", "category_label": "General Retail", "sub_category_label": "Electronics Store", "color": "#194aa4", "icon": "shop.svg" }, "geometry": { "type": "Point", "coordinates": [ 51.6831011, 32.6543948 ] } },
{ "type": "Feature", "properties": { "osm_id": 14078310801, "name": "شال، روسری و لباس زیر چارقد", "amenity": null, "shop": "clothes", "tourism": null, "leisure": null, "highway": null, "railway": null, "public_transport": null, "category": "fashion", "sub_category": "clothes", "category_label": "Fashion & Clothing", "sub_category_label": "Clothes", "color": "#194aa4", "icon": "clothing-store.svg" }, "geometry": { "type": "Point", "coordinates": [ 51.6897229, 32.6829127 ] } },
{ "type": "Feature", "properties": { "osm_id": 14098489644, "name": "پرنس کافی", "amenity": null, "shop": "coffee", "tourism": null, "leisure": null, "highway": null, "railway": null, "public_transport": null, "category": "general_retail", "sub_category": "coffee", "category_label": "General Retail", "sub_category_label": "Coffee", "color": "#194aa4", "icon": "shop.svg" }, "geometry": { "type": "Point", "coordinates": [ 51.657851, 32.66233 ] } },
{ "type": "Feature", "properties": { "osm_id": 14098513758, "name": "کافه درباری", "amenity": "cafe", "shop": null, "tourism": null, "leisure": null, "highway": null, "railway": null, "public_transport": null, "category": "food_service", "sub_category": "cafe", "category_label": "Restaurants & Cafes", "sub_category_label": "Cafe", "color": "#b4612f", "icon": "restaurant.svg" }, "geometry": { "type": "Point", "coordinates": [ 51.6788776, 32.6608715 ] } },
{ "type": "Feature", "properties": { "osm_id": 14104912472, "name": "املاک میرداماد", "amenity": null, "shop": null, "tourism": null, "leisure": null, "highway": null, "railway": null, "public_transport": null, "category": "other", "sub_category": "general", "category_label": "Other", "sub_category_label": "General", "color": "#999", "icon": "marker.svg" }, "geometry": { "type": "Point", "coordinates": [ 51.6575108, 32.6627044 ] } },
{ "type": "Feature", "properties": { "osm_id": 14105443007, "name": "آموزشگاه طراحی و دوخت نغمه", "amenity": null, "shop": null, "tourism": null, "leisure": null, "highway": null, "railway": null, "public_transport": null, "category": "other", "sub_category": "general", "category_label": "Other", "sub_category_label": "General", "color": "#999", "icon": "marker.svg" }, "geometry": { "type": "Point", "coordinates": [ 51.6879388, 32.6729598 ] } },
{ "type": "Feature", "properties": { "osm_id": 14124850006, "name": "شرقی", "amenity": null, "shop": null, "tourism": null, "leisure": null, "highway": null, "railway": "subway_entrance", "public_transport": null, "category": "public_transport", "sub_category": "subway_station", "category_label": "Public Transportation", "sub_category_label": "Subway Station", "color": "#1787d4", "icon": "bus.svg" }, "geometry": { "type": "Point", "coordinates": [ 51.6736659, 32.6876719 ] } },
{ "type": "Feature", "properties": { "osm_id": 14124850007, "name": "غربی", "amenity": null, "shop": null, "tourism": null, "leisure": null, "highway": null, "railway": "subway_entrance", "public_transport": null, "category": "public_transport", "sub_category": "subway_station", "category_label": "Public Transportation", "sub_category_label": "Subway Station", "color": "#1787d4", "icon": "bus.svg" }, "geometry": { "type": "Point", "coordinates": [ 51.6730437, 32.6876854 ] } }
]
}
