{
"type": "FeatureCollection",
"name": "speed_camera",
"crs": { "type": "name", "properties": { "name": "urn:ogc:def:crs:OGC:1.3:CRS84" } },
"features": [
{ "type": "Feature", "properties": { "element": "node", "id": 26527579, "highway": "speed_camera", "maxspeed": "90", "name": null, "enforcement": null, "direction": null, "description": null, "name:en": null, "surface": null }, "geometry": { "type": "Point", "coordinates": [ 51.3909952, 35.7763941 ] } },
{ "type": "Feature", "properties": { "element": "node", "id": 26724765, "highway": "speed_camera", "maxspeed": "90", "name": "دوربین کنترل سرعت", "enforcement": null, "direction": null, "description": null, "name:en": null, "surface": null }, "geometry": { "type": "Point", "coordinates": [ 51.2053764, 35.7583585 ] } },
{ "type": "Feature", "properties": { "element": "node", "id": 27464574, "highway": "speed_camera", "maxspeed": null, "name": null, "enforcement": null, "direction": null, "description": null, "name:en": null, "surface": null }, "geometry": { "type": "Point", "coordinates": [ 51.3819243, 35.6628892 ] } },
{ "type": "Feature", "properties": { "element": "node", "id": 255367699, "highway": "speed_camera", "maxspeed": "90", "name": null, "enforcement": "maxspeed", "direction": null, "description": null, "name:en": null, "surface": null }, "geometry": { "type": "Point", "coordinates": [ 51.2523153, 35.7141822 ] } },
{ "type": "Feature", "properties": { "element": "node", "id": 257736221, "highway": "speed_camera", "maxspeed": "80", "name": "دوربین کنترل سرعت", "enforcement": null, "direction": "253", "description": null, "name:en": null, "surface": null }, "geometry": { "type": "Point", "coordinates": [ 51.5883828, 35.7223478 ] } },
{ "type": "Feature", "properties": { "element": "node", "id": 310377105, "highway": "speed_camera", "maxspeed": "90", "name": null, "enforcement": null, "direction": null, "description": null, "name:en": null, "surface": null }, "geometry": { "type": "Point", "coordinates": [ 51.4607637, 35.7566141 ] } },
{ "type": "Feature", "properties": { "element": "node", "id": 310377158, "highway": "speed_camera", "maxspeed": "90", "name": null, "enforcement": null, "direction": null, "description": null, "name:en": null, "surface": null }, "geometry": { "type": "Point", "coordinates": [ 51.4649152, 35.7566804 ] } },
{ "type": "Feature", "properties": { "element": "node", "id": 311140087, "highway": "speed_camera", "maxspeed": "90", "name": "دوربین کنترل سرعت", "enforcement": null, "direction": null, "description": null, "name:en": null, "surface": null }, "geometry": { "type": "Point", "coordinates": [ 51.3697363, 35.749232 ] } },
{ "type": "Feature", "properties": { "element": "node", "id": 311255741, "highway": "speed_camera", "maxspeed": "90", "name": null, "enforcement": null, "direction": null, "description": null, "name:en": null, "surface": null }, "geometry": { "type": "Point", "coordinates": [ 51.4376546, 35.7499758 ] } },
{ "type": "Feature", "properties": { "element": "node", "id": 424074765, "highway": "speed_camera", "maxspeed": "80", "name": null, "enforcement": null, "direction": null, "description": null, "name:en": null, "surface": null }, "geometry": { "type": "Point", "coordinates": [ 51.3982552, 35.7340756 ] } },
{ "type": "Feature", "properties": { "element": "node", "id": 430873954, "highway": "speed_camera", "maxspeed": "80", "name": "دوربین کنترل سرعت", "enforcement": null, "direction": null, "description": null, "name:en": null, "surface": null }, "geometry": { "type": "Point", "coordinates": [ 51.2031035, 35.6956479 ] } },
{ "type": "Feature", "properties": { "element": "node", "id": 436130535, "highway": "speed_camera", "maxspeed": "70", "name": null, "enforcement": null, "direction": null, "description": null, "name:en": null, "surface": null }, "geometry": { "type": "Point", "coordinates": [ 51.5042796, 35.7235588 ] } },
{ "type": "Feature", "properties": { "element": "node", "id": 602758893, "highway": "speed_camera", "maxspeed": null, "name": null, "enforcement": null, "direction": null, "description": null, "name:en": null, "surface": null }, "geometry": { "type": "Point", "coordinates": [ 51.4872714, 35.7076817 ] } },
{ "type": "Feature", "properties": { "element": "node", "id": 712633055, "highway": "speed_camera", "maxspeed": null, "name": null, "enforcement": null, "direction": null, "description": null, "name:en": null, "surface": null }, "geometry": { "type": "Point", "coordinates": [ 51.4040331, 35.7493443 ] } },
{ "type": "Feature", "properties": { "element": "node", "id": 1636258508, "highway": "speed_camera", "maxspeed": "50", "name": null, "enforcement": null, "direction": "250", "description": null, "name:en": null, "surface": null }, "geometry": { "type": "Point", "coordinates": [ 51.300732, 35.7756088 ] } },
{ "type": "Feature", "properties": { "element": "node", "id": 1637014620, "highway": "speed_camera", "maxspeed": "80", "name": "دوربین کنترل سرعت", "enforcement": null, "direction": null, "description": null, "name:en": null, "surface": null }, "geometry": { "type": "Point", "coordinates": [ 51.522939, 35.7222988 ] } },
{ "type": "Feature", "properties": { "element": "node", "id": 1637014738, "highway": "speed_camera", "maxspeed": "80", "name": "دوربین کنترل سرعت", "enforcement": null, "direction": "108", "description": null, "name:en": null, "surface": null }, "geometry": { "type": "Point", "coordinates": [ 51.5683716, 35.7228288 ] } },
{ "type": "Feature", "properties": { "element": "node", "id": 1649104166, "highway": "speed_camera", "maxspeed": "60", "name": "دوربین کنترل سرعت", "enforcement": null, "direction": null, "description": null, "name:en": null, "surface": null }, "geometry": { "type": "Point", "coordinates": [ 51.4067629, 35.7439404 ] } },
{ "type": "Feature", "properties": { "element": "node", "id": 1649104173, "highway": "speed_camera", "maxspeed": "60", "name": "دوربین کنترل سرعت", "enforcement": null, "direction": null, "description": null, "name:en": null, "surface": null }, "geometry": { "type": "Point", "coordinates": [ 51.4072042, 35.7440249 ] } },
{ "type": "Feature", "properties": { "element": "node", "id": 1680823098, "highway": "speed_camera", "maxspeed": "90", "name": null, "enforcement": null, "direction": null, "description": null, "name:en": null, "surface": null }, "geometry": { "type": "Point", "coordinates": [ 51.450932, 35.752879 ] } },
{ "type": "Feature", "properties": { "element": "node", "id": 1680823103, "highway": "speed_camera", "maxspeed": "90", "name": null, "enforcement": null, "direction": null, "description": null, "name:en": null, "surface": null }, "geometry": { "type": "Point", "coordinates": [ 51.4514671, 35.7534696 ] } },
{ "type": "Feature", "properties": { "element": "node", "id": 1707115909, "highway": "speed_camera", "maxspeed": "80", "name": null, "enforcement": null, "direction": null, "description": null, "name:en": null, "surface": null }, "geometry": { "type": "Point", "coordinates": [ 51.4697875, 35.7913649 ] } },
{ "type": "Feature", "properties": { "element": "node", "id": 1721763537, "highway": "speed_camera", "maxspeed": "90", "name": null, "enforcement": null, "direction": null, "description": null, "name:en": null, "surface": null }, "geometry": { "type": "Point", "coordinates": [ 51.3631587, 35.7747532 ] } },
{ "type": "Feature", "properties": { "element": "node", "id": 1721765678, "highway": "speed_camera", "maxspeed": "80", "name": null, "enforcement": null, "direction": null, "description": null, "name:en": null, "surface": null }, "geometry": { "type": "Point", "coordinates": [ 51.3607465, 35.7841442 ] } },
{ "type": "Feature", "properties": { "element": "node", "id": 1870157977, "highway": "speed_camera", "maxspeed": "40", "name": null, "enforcement": null, "direction": null, "description": null, "name:en": null, "surface": null }, "geometry": { "type": "Point", "coordinates": [ 51.2607862, 35.7631168 ] } },
{ "type": "Feature", "properties": { "element": "node", "id": 2104693986, "highway": "speed_camera", "maxspeed": null, "name": null, "enforcement": null, "direction": null, "description": null, "name:en": null, "surface": null }, "geometry": { "type": "Point", "coordinates": [ 51.3250724, 35.6749243 ] } },
{ "type": "Feature", "properties": { "element": "node", "id": 2145051304, "highway": "speed_camera", "maxspeed": "80", "name": null, "enforcement": null, "direction": null, "description": null, "name:en": null, "surface": null }, "geometry": { "type": "Point", "coordinates": [ 51.4614389, 35.7426788 ] } },
{ "type": "Feature", "properties": { "element": "node", "id": 2192617104, "highway": "speed_camera", "maxspeed": null, "name": null, "enforcement": null, "direction": null, "description": null, "name:en": null, "surface": null }, "geometry": { "type": "Point", "coordinates": [ 51.2052332, 35.6946465 ] } },
{ "type": "Feature", "properties": { "element": "node", "id": 2192617259, "highway": "speed_camera", "maxspeed": null, "name": null, "enforcement": null, "direction": null, "description": null, "name:en": null, "surface": null }, "geometry": { "type": "Point", "coordinates": [ 51.165414, 35.7079635 ] } },
{ "type": "Feature", "properties": { "element": "node", "id": 2464950336, "highway": "speed_camera", "maxspeed": "90", "name": "دوربین کنترل سرعت", "enforcement": null, "direction": null, "description": null, "name:en": null, "surface": null }, "geometry": { "type": "Point", "coordinates": [ 51.3767664, 35.776829 ] } },
{ "type": "Feature", "properties": { "element": "node", "id": 2634888553, "highway": "speed_camera", "maxspeed": "80", "name": "دوربین کنترل سرعت", "enforcement": null, "direction": "180", "description": null, "name:en": null, "surface": null }, "geometry": { "type": "Point", "coordinates": [ 51.3182547, 35.7696704 ] } },
{ "type": "Feature", "properties": { "element": "node", "id": 2914678319, "highway": "speed_camera", "maxspeed": "80", "name": null, "enforcement": null, "direction": null, "description": "دوربین کنترل سرعت", "name:en": null, "surface": null }, "geometry": { "type": "Point", "coordinates": [ 51.4857583, 35.76695 ] } },
{ "type": "Feature", "properties": { "element": "node", "id": 2914678337, "highway": "speed_camera", "maxspeed": "80", "name": null, "enforcement": null, "direction": null, "description": "دوربین کنترل سرعت", "name:en": null, "surface": null }, "geometry": { "type": "Point", "coordinates": [ 51.4900793, 35.7803277 ] } },
{ "type": "Feature", "properties": { "element": "node", "id": 3834722123, "highway": "speed_camera", "maxspeed": null, "name": null, "enforcement": null, "direction": null, "description": null, "name:en": null, "surface": null }, "geometry": { "type": "Point", "coordinates": [ 51.4060763, 35.7746471 ] } },
{ "type": "Feature", "properties": { "element": "node", "id": 3900296970, "highway": "speed_camera", "maxspeed": "80", "name": "دوربین کنترل سرعت", "enforcement": null, "direction": null, "description": null, "name:en": null, "surface": null }, "geometry": { "type": "Point", "coordinates": [ 51.4208154, 35.7614847 ] } },
{ "type": "Feature", "properties": { "element": "node", "id": 3900296974, "highway": "speed_camera", "maxspeed": "90", "name": "دوربین کنترل سرعت", "enforcement": null, "direction": null, "description": null, "name:en": null, "surface": null }, "geometry": { "type": "Point", "coordinates": [ 51.3965514, 35.7511611 ] } },
{ "type": "Feature", "properties": { "element": "node", "id": 3900296976, "highway": "speed_camera", "maxspeed": "80", "name": "دوربین کنترل سرعت", "enforcement": null, "direction": null, "description": null, "name:en": null, "surface": null }, "geometry": { "type": "Point", "coordinates": [ 51.370259, 35.739222 ] } },
{ "type": "Feature", "properties": { "element": "node", "id": 3901014024, "highway": "speed_camera", "maxspeed": "80", "name": "دوربین کنترل سرعت", "enforcement": null, "direction": null, "description": null, "name:en": null, "surface": null }, "geometry": { "type": "Point", "coordinates": [ 51.4226767, 35.7671948 ] } },
{ "type": "Feature", "properties": { "element": "node", "id": 3901014027, "highway": "speed_camera", "maxspeed": "80", "name": "دوربین کنترل سرعت", "enforcement": null, "direction": null, "description": null, "name:en": null, "surface": null }, "geometry": { "type": "Point", "coordinates": [ 51.346553, 35.7665319 ] } },
{ "type": "Feature", "properties": { "element": "node", "id": 3901014028, "highway": "speed_camera", "maxspeed": "80", "name": "دوربین کنترل سرعت", "enforcement": null, "direction": null, "description": null, "name:en": null, "surface": null }, "geometry": { "type": "Point", "coordinates": [ 51.4201966, 35.7516018 ] } },
{ "type": "Feature", "properties": { "element": "node", "id": 3901014029, "highway": "speed_camera", "maxspeed": "90", "name": "دوربین کنترل سرعت", "enforcement": null, "direction": null, "description": null, "name:en": null, "surface": null }, "geometry": { "type": "Point", "coordinates": [ 51.3607844, 35.7843087 ] } },
{ "type": "Feature", "properties": { "element": "node", "id": 3907780688, "highway": "speed_camera", "maxspeed": "80", "name": "دوربین کنترل سرعت", "enforcement": null, "direction": null, "description": null, "name:en": null, "surface": null }, "geometry": { "type": "Point", "coordinates": [ 51.4248636, 35.7242066 ] } },
{ "type": "Feature", "properties": { "element": "node", "id": 3921607402, "highway": "speed_camera", "maxspeed": "80", "name": "دوربین کنترل سرعت", "enforcement": null, "direction": null, "description": null, "name:en": null, "surface": null }, "geometry": { "type": "Point", "coordinates": [ 51.3800818, 35.6817322 ] } },
{ "type": "Feature", "properties": { "element": "node", "id": 3921613393, "highway": "speed_camera", "maxspeed": "80", "name": "دوربین کنترل سرعت", "enforcement": null, "direction": null, "description": null, "name:en": null, "surface": null }, "geometry": { "type": "Point", "coordinates": [ 51.3709657, 35.7402294 ] } },
{ "type": "Feature", "properties": { "element": "node", "id": 3921613394, "highway": "speed_camera", "maxspeed": "80", "name": "دوربین کنترل سرعت", "enforcement": null, "direction": null, "description": null, "name:en": null, "surface": null }, "geometry": { "type": "Point", "coordinates": [ 51.3710659, 35.7404019 ] } },
{ "type": "Feature", "properties": { "element": "node", "id": 3929889018, "highway": "speed_camera", "maxspeed": "90", "name": "دوربین کنترل سرعت نیایش باکری", "enforcement": null, "direction": "270", "description": null, "name:en": "Niayesh Bakeri Speed Camera", "surface": null }, "geometry": { "type": "Point", "coordinates": [ 51.2962014, 35.7636999 ] } },
{ "type": "Feature", "properties": { "element": "node", "id": 3939935130, "highway": "speed_camera", "maxspeed": "60", "name": "دوربین کنترل سرعت", "enforcement": null, "direction": null, "description": null, "name:en": null, "surface": null }, "geometry": { "type": "Point", "coordinates": [ 51.4011452, 35.7429305 ] } },
{ "type": "Feature", "properties": { "element": "node", "id": 3945614566, "highway": "speed_camera", "maxspeed": "90", "name": "دوربین کنترل سرعت", "enforcement": null, "direction": null, "description": null, "name:en": null, "surface": null }, "geometry": { "type": "Point", "coordinates": [ 51.239981, 35.7592048 ] } },
{ "type": "Feature", "properties": { "element": "node", "id": 4026495291, "highway": "speed_camera", "maxspeed": "90", "name": null, "enforcement": null, "direction": null, "description": null, "name:en": null, "surface": null }, "geometry": { "type": "Point", "coordinates": [ 51.2613283, 35.7630583 ] } },
{ "type": "Feature", "properties": { "element": "node", "id": 4077381891, "highway": "speed_camera", "maxspeed": "60", "name": "دوربین کنترل سرعت", "enforcement": null, "direction": null, "description": null, "name:en": null, "surface": null }, "geometry": { "type": "Point", "coordinates": [ 51.4112933, 35.6922993 ] } },
{ "type": "Feature", "properties": { "element": "node", "id": 4254710504, "highway": "speed_camera", "maxspeed": null, "name": "دوربین کنترل سرعت", "enforcement": null, "direction": null, "description": null, "name:en": null, "surface": null }, "geometry": { "type": "Point", "coordinates": [ 51.4618227, 35.7931146 ] } },
{ "type": "Feature", "properties": { "element": "node", "id": 4289090930, "highway": "speed_camera", "maxspeed": null, "name": "دوربین کنترل سرعت", "enforcement": null, "direction": null, "description": null, "name:en": null, "surface": null }, "geometry": { "type": "Point", "coordinates": [ 51.5138062, 35.7281481 ] } },
{ "type": "Feature", "properties": { "element": "node", "id": 4335197830, "highway": "speed_camera", "maxspeed": "60", "name": "دوربین کنترل سرعت", "enforcement": null, "direction": "146", "description": null, "name:en": null, "surface": null }, "geometry": { "type": "Point", "coordinates": [ 51.4895747, 35.6281166 ] } },
{ "type": "Feature", "properties": { "element": "node", "id": 4375464949, "highway": "speed_camera", "maxspeed": "80", "name": null, "enforcement": null, "direction": "41", "description": "دوربین کنترل سرعت", "name:en": null, "surface": null }, "geometry": { "type": "Point", "coordinates": [ 51.4624082, 35.6630161 ] } },
{ "type": "Feature", "properties": { "element": "node", "id": 4391415568, "highway": "speed_camera", "maxspeed": null, "name": "دوربین کنترل سرعت", "enforcement": null, "direction": null, "description": null, "name:en": null, "surface": null }, "geometry": { "type": "Point", "coordinates": [ 51.2490001, 35.7606953 ] } },
{ "type": "Feature", "properties": { "element": "node", "id": 4391415569, "highway": "speed_camera", "maxspeed": "90", "name": "دوربین کنترل سرعت", "enforcement": null, "direction": null, "description": null, "name:en": null, "surface": null }, "geometry": { "type": "Point", "coordinates": [ 51.2399309, 35.7593784 ] } },
{ "type": "Feature", "properties": { "element": "node", "id": 4391415570, "highway": "speed_camera", "maxspeed": "90", "name": "دوربین کنترل سرعت", "enforcement": null, "direction": null, "description": null, "name:en": null, "surface": null }, "geometry": { "type": "Point", "coordinates": [ 51.1776495, 35.7593327 ] } },
{ "type": "Feature", "properties": { "element": "node", "id": 4391415572, "highway": "speed_camera", "maxspeed": "90", "name": "دوربین کنترل سرعت", "enforcement": null, "direction": null, "description": null, "name:en": null, "surface": null }, "geometry": { "type": "Point", "coordinates": [ 51.1649859, 35.7615669 ] } },
{ "type": "Feature", "properties": { "element": "node", "id": 4396322554, "highway": "speed_camera", "maxspeed": "80", "name": "دوربین کنترل سرعت", "enforcement": null, "direction": null, "description": null, "name:en": null, "surface": null }, "geometry": { "type": "Point", "coordinates": [ 51.2199186, 35.6887454 ] } },
{ "type": "Feature", "properties": { "element": "node", "id": 4396322556, "highway": "speed_camera", "maxspeed": "80", "name": "دوربین کنترل سرعت", "enforcement": null, "direction": null, "description": null, "name:en": null, "surface": null }, "geometry": { "type": "Point", "coordinates": [ 51.2201079, 35.6885289 ] } },
{ "type": "Feature", "properties": { "element": "node", "id": 4397587930, "highway": "speed_camera", "maxspeed": "80", "name": "دوربین کنترل سرعت", "enforcement": null, "direction": null, "description": null, "name:en": null, "surface": null }, "geometry": { "type": "Point", "coordinates": [ 51.2021181, 35.6958972 ] } },
{ "type": "Feature", "properties": { "element": "node", "id": 4397591693, "highway": "speed_camera", "maxspeed": "80", "name": "دوربین کنترل سرعت", "enforcement": null, "direction": null, "description": null, "name:en": null, "surface": null }, "geometry": { "type": "Point", "coordinates": [ 51.5052353, 35.7119137 ] } },
{ "type": "Feature", "properties": { "element": "node", "id": 4397652389, "highway": "speed_camera", "maxspeed": "80", "name": "دوربین کنترل سرعت", "enforcement": null, "direction": null, "description": null, "name:en": null, "surface": null }, "geometry": { "type": "Point", "coordinates": [ 51.5384302, 35.7232145 ] } },
{ "type": "Feature", "properties": { "element": "node", "id": 4429444667, "highway": "speed_camera", "maxspeed": "90", "name": "دوربین کنترل سرعت", "enforcement": null, "direction": null, "description": null, "name:en": null, "surface": null }, "geometry": { "type": "Point", "coordinates": [ 51.3848881, 35.7501313 ] } },
{ "type": "Feature", "properties": { "element": "node", "id": 4445798233, "highway": "speed_camera", "maxspeed": "90", "name": "دوربین کنترل سرعت", "enforcement": null, "direction": null, "description": null, "name:en": null, "surface": null }, "geometry": { "type": "Point", "coordinates": [ 51.2056383, 35.7213222 ] } },
{ "type": "Feature", "properties": { "element": "node", "id": 4450926032, "highway": "speed_camera", "maxspeed": "80", "name": "دوربین کنترل سرعت", "enforcement": null, "direction": "100", "description": null, "name:en": null, "surface": null }, "geometry": { "type": "Point", "coordinates": [ 51.2135551, 35.7151823 ] } },
{ "type": "Feature", "properties": { "element": "node", "id": 4450926034, "highway": "speed_camera", "maxspeed": "80", "name": "دوربین کنترل سرعت", "enforcement": null, "direction": "300", "description": null, "name:en": null, "surface": null }, "geometry": { "type": "Point", "coordinates": [ 51.2135262, 35.7150406 ] } },
{ "type": "Feature", "properties": { "element": "node", "id": 4450935970, "highway": "speed_camera", "maxspeed": null, "name": "دوربین کنترل سرعت", "enforcement": null, "direction": null, "description": null, "name:en": null, "surface": null }, "geometry": { "type": "Point", "coordinates": [ 51.2820651, 35.7023312 ] } },
{ "type": "Feature", "properties": { "element": "node", "id": 4450935972, "highway": "speed_camera", "maxspeed": null, "name": "دوربین کنترل سرعت", "enforcement": null, "direction": null, "description": null, "name:en": null, "surface": null }, "geometry": { "type": "Point", "coordinates": [ 51.2819958, 35.7024629 ] } },
{ "type": "Feature", "properties": { "element": "node", "id": 4450936158, "highway": "speed_camera", "maxspeed": "80", "name": "دوربین کنترل سرعت", "enforcement": null, "direction": "100", "description": null, "name:en": null, "surface": null }, "geometry": { "type": "Point", "coordinates": [ 51.2396648, 35.7103001 ] } },
{ "type": "Feature", "properties": { "element": "node", "id": 4450936160, "highway": "speed_camera", "maxspeed": "80", "name": "دوربین کنترل سرعت", "enforcement": null, "direction": "280", "description": null, "name:en": null, "surface": null }, "geometry": { "type": "Point", "coordinates": [ 51.2396061, 35.7101417 ] } },
{ "type": "Feature", "properties": { "element": "node", "id": 4450939962, "highway": "speed_camera", "maxspeed": null, "name": "دوربین کنترل سرعت", "enforcement": null, "direction": null, "description": null, "name:en": null, "surface": null }, "geometry": { "type": "Point", "coordinates": [ 51.3202808, 35.6993735 ] } },
{ "type": "Feature", "properties": { "element": "node", "id": 4450946791, "highway": "speed_camera", "maxspeed": null, "name": "دوربین کنترل سرعت", "enforcement": null, "direction": null, "description": null, "name:en": null, "surface": null }, "geometry": { "type": "Point", "coordinates": [ 51.3444384, 35.6768963 ] } },
{ "type": "Feature", "properties": { "element": "node", "id": 4450948818, "highway": "speed_camera", "maxspeed": null, "name": "دوربین کنترل سرعت", "enforcement": null, "direction": null, "description": null, "name:en": null, "surface": null }, "geometry": { "type": "Point", "coordinates": [ 51.3408596, 35.6872848 ] } },
{ "type": "Feature", "properties": { "element": "node", "id": 4450951097, "highway": "speed_camera", "maxspeed": null, "name": "دوربین کنترل سرعت", "enforcement": null, "direction": null, "description": null, "name:en": null, "surface": null }, "geometry": { "type": "Point", "coordinates": [ 51.3439289, 35.6778947 ] } },
{ "type": "Feature", "properties": { "element": "node", "id": 4458036828, "highway": "speed_camera", "maxspeed": null, "name": "دوربین کنترل سرعت", "enforcement": null, "direction": null, "description": null, "name:en": null, "surface": null }, "geometry": { "type": "Point", "coordinates": [ 51.3341839, 35.7510658 ] } },
{ "type": "Feature", "properties": { "element": "node", "id": 4458363006, "highway": "speed_camera", "maxspeed": "90", "name": "دوربین کنترل سرعت", "enforcement": null, "direction": null, "description": null, "name:en": null, "surface": null }, "geometry": { "type": "Point", "coordinates": [ 51.3697313, 35.7490618 ] } },
{ "type": "Feature", "properties": { "element": "node", "id": 4458381951, "highway": "speed_camera", "maxspeed": null, "name": "دوربین کنترل سرعت", "enforcement": null, "direction": null, "description": null, "name:en": null, "surface": null }, "geometry": { "type": "Point", "coordinates": [ 51.3028376, 35.753155 ] } },
{ "type": "Feature", "properties": { "element": "node", "id": 4488974393, "highway": "speed_camera", "maxspeed": "80", "name": "دوربین کنترل سرعت", "enforcement": null, "direction": null, "description": null, "name:en": null, "surface": null }, "geometry": { "type": "Point", "coordinates": [ 51.53103, 35.751041 ] } },
{ "type": "Feature", "properties": { "element": "node", "id": 4497814235, "highway": "speed_camera", "maxspeed": "60", "name": "دوربین کنترل سرعت", "enforcement": null, "direction": null, "description": null, "name:en": null, "surface": null }, "geometry": { "type": "Point", "coordinates": [ 51.3943879, 35.6551579 ] } },
{ "type": "Feature", "properties": { "element": "node", "id": 4498639206, "highway": "speed_camera", "maxspeed": "80", "name": "دوربین کنترل سرعت", "enforcement": null, "direction": "0", "description": null, "name:en": null, "surface": null }, "geometry": { "type": "Point", "coordinates": [ 51.3184632, 35.7695973 ] } },
{ "type": "Feature", "properties": { "element": "node", "id": 4498639208, "highway": "speed_camera", "maxspeed": null, "name": "دوربین کنترل سرعت", "enforcement": null, "direction": null, "description": null, "name:en": null, "surface": null }, "geometry": { "type": "Point", "coordinates": [ 51.314437, 35.7467966 ] } },
{ "type": "Feature", "properties": { "element": "node", "id": 4498639209, "highway": "speed_camera", "maxspeed": null, "name": null, "enforcement": null, "direction": null, "description": null, "name:en": null, "surface": null }, "geometry": { "type": "Point", "coordinates": [ 51.3143582, 35.7475715 ] } },
{ "type": "Feature", "properties": { "element": "node", "id": 4498639211, "highway": "speed_camera", "maxspeed": "80", "name": null, "enforcement": null, "direction": null, "description": null, "name:en": null, "surface": null }, "geometry": { "type": "Point", "coordinates": [ 51.3143089, 35.7468699 ] } },
{ "type": "Feature", "properties": { "element": "node", "id": 4498639214, "highway": "speed_camera", "maxspeed": "80", "name": "دوربین کنترل سرعت", "enforcement": null, "direction": null, "description": null, "name:en": null, "surface": null }, "geometry": { "type": "Point", "coordinates": [ 51.3121215, 35.7351342 ] } },
{ "type": "Feature", "properties": { "element": "node", "id": 4498639216, "highway": "speed_camera", "maxspeed": null, "name": "دوربین کنترل سرعت", "enforcement": null, "direction": null, "description": null, "name:en": null, "surface": null }, "geometry": { "type": "Point", "coordinates": [ 51.3099467, 35.7077653 ] } },
{ "type": "Feature", "properties": { "element": "node", "id": 4498639218, "highway": "speed_camera", "maxspeed": null, "name": "دوربین کنترل سرعت", "enforcement": null, "direction": null, "description": null, "name:en": null, "surface": null }, "geometry": { "type": "Point", "coordinates": [ 51.3094131, 35.7251692 ] } },
{ "type": "Feature", "properties": { "element": "node", "id": 4498639220, "highway": "speed_camera", "maxspeed": null, "name": "دوربین کنترل سرعت", "enforcement": null, "direction": null, "description": null, "name:en": null, "surface": null }, "geometry": { "type": "Point", "coordinates": [ 51.3093238, 35.7251869 ] } },
{ "type": "Feature", "properties": { "element": "node", "id": 4498639221, "highway": "speed_camera", "maxspeed": null, "name": null, "enforcement": null, "direction": null, "description": null, "name:en": null, "surface": null }, "geometry": { "type": "Point", "coordinates": [ 51.3093021, 35.7244389 ] } },
{ "type": "Feature", "properties": { "element": "node", "id": 4528528022, "highway": "speed_camera", "maxspeed": "80", "name": "دوربین کنترل سرعت", "enforcement": null, "direction": null, "description": null, "name:en": null, "surface": null }, "geometry": { "type": "Point", "coordinates": [ 51.2557284, 35.6794112 ] } },
{ "type": "Feature", "properties": { "element": "node", "id": 4528528024, "highway": "speed_camera", "maxspeed": "80", "name": "دوربین کنترل سرعت", "enforcement": null, "direction": null, "description": null, "name:en": null, "surface": null }, "geometry": { "type": "Point", "coordinates": [ 51.2562375, 35.6791459 ] } },
{ "type": "Feature", "properties": { "element": "node", "id": 4528528030, "highway": "speed_camera", "maxspeed": "80", "name": null, "enforcement": null, "direction": null, "description": "دوربین کنترل سرعت", "name:en": null, "surface": null }, "geometry": { "type": "Point", "coordinates": [ 51.301457, 35.676032 ] } },
{ "type": "Feature", "properties": { "element": "node", "id": 4528528032, "highway": "speed_camera", "maxspeed": "80", "name": null, "enforcement": null, "direction": null, "description": "دوربین کنترل سرعت", "name:en": null, "surface": null }, "geometry": { "type": "Point", "coordinates": [ 51.3010094, 35.6758845 ] } },
{ "type": "Feature", "properties": { "element": "node", "id": 4558716297, "highway": "speed_camera", "maxspeed": "90", "name": "دوربین کنترل سرعت", "enforcement": null, "direction": "250", "description": null, "name:en": null, "surface": null }, "geometry": { "type": "Point", "coordinates": [ 51.464635, 35.6319626 ] } },
{ "type": "Feature", "properties": { "element": "node", "id": 4608122041, "highway": "speed_camera", "maxspeed": "60", "name": null, "enforcement": null, "direction": null, "description": null, "name:en": null, "surface": null }, "geometry": { "type": "Point", "coordinates": [ 51.3778277, 35.7134026 ] } },
{ "type": "Feature", "properties": { "element": "node", "id": 4608122042, "highway": "speed_camera", "maxspeed": "60", "name": null, "enforcement": null, "direction": null, "description": null, "name:en": null, "surface": null }, "geometry": { "type": "Point", "coordinates": [ 51.377934, 35.7133786 ] } },
{ "type": "Feature", "properties": { "element": "node", "id": 4638235115, "highway": "speed_camera", "maxspeed": "90", "name": "دوربین کنترل سرعت", "enforcement": null, "direction": "250", "description": null, "name:en": null, "surface": null }, "geometry": { "type": "Point", "coordinates": [ 51.3136641, 35.7691509 ] } },
{ "type": "Feature", "properties": { "element": "node", "id": 4640548884, "highway": "speed_camera", "maxspeed": "90", "name": null, "enforcement": null, "direction": null, "description": null, "name:en": null, "surface": null }, "geometry": { "type": "Point", "coordinates": [ 51.3567762, 35.7736539 ] } },
{ "type": "Feature", "properties": { "element": "node", "id": 4668780042, "highway": "speed_camera", "maxspeed": null, "name": "دوربین کنترل سرعت", "enforcement": null, "direction": null, "description": null, "name:en": null, "surface": null }, "geometry": { "type": "Point", "coordinates": [ 51.334162, 35.7509052 ] } },
{ "type": "Feature", "properties": { "element": "node", "id": 4668780044, "highway": "speed_camera", "maxspeed": "90", "name": "دوربین کنترل سرعت", "enforcement": null, "direction": null, "description": null, "name:en": null, "surface": null }, "geometry": { "type": "Point", "coordinates": [ 51.3970213, 35.7510148 ] } },
{ "type": "Feature", "properties": { "element": "node", "id": 4695842490, "highway": "speed_camera", "maxspeed": "90", "name": "دوربین کنترل سرعت", "enforcement": null, "direction": "300", "description": null, "name:en": null, "surface": null }, "geometry": { "type": "Point", "coordinates": [ 51.2858486, 35.6449876 ] } },
{ "type": "Feature", "properties": { "element": "node", "id": 4731346030, "highway": "speed_camera", "maxspeed": null, "name": "دوربین کنترل سرعت", "enforcement": null, "direction": null, "description": null, "name:en": null, "surface": null }, "geometry": { "type": "Point", "coordinates": [ 51.3192631, 35.6547955 ] } },
{ "type": "Feature", "properties": { "element": "node", "id": 4740013871, "highway": "speed_camera", "maxspeed": "50", "name": "دوربین کنترل سرعت", "enforcement": null, "direction": null, "description": null, "name:en": null, "surface": null }, "geometry": { "type": "Point", "coordinates": [ 51.4551231, 35.7918323 ] } },
{ "type": "Feature", "properties": { "element": "node", "id": 4868381552, "highway": "speed_camera", "maxspeed": "60", "name": "دوربین کنترل سرعت", "enforcement": null, "direction": null, "description": null, "name:en": null, "surface": null }, "geometry": { "type": "Point", "coordinates": [ 51.3559825, 35.6915894 ] } },
{ "type": "Feature", "properties": { "element": "node", "id": 4958477665, "highway": "speed_camera", "maxspeed": "90", "name": "دوربین کنترل سرعت", "enforcement": null, "direction": null, "description": null, "name:en": null, "surface": null }, "geometry": { "type": "Point", "coordinates": [ 51.2422619, 35.7158762 ] } },
{ "type": "Feature", "properties": { "element": "node", "id": 4958477666, "highway": "speed_camera", "maxspeed": "90", "name": "دوربین کنترل سرعت", "enforcement": null, "direction": null, "description": null, "name:en": null, "surface": null }, "geometry": { "type": "Point", "coordinates": [ 51.2057161, 35.7214796 ] } },
{ "type": "Feature", "properties": { "element": "node", "id": 4958478450, "highway": "speed_camera", "maxspeed": null, "name": "دوربین کنترل سرعت", "enforcement": null, "direction": null, "description": null, "name:en": null, "surface": null }, "geometry": { "type": "Point", "coordinates": [ 51.1026126, 35.7435138 ] } },
{ "type": "Feature", "properties": { "element": "node", "id": 4958478738, "highway": "speed_camera", "maxspeed": "100", "name": "دوربین کنترل سرعت", "enforcement": null, "direction": null, "description": null, "name:en": null, "surface": null }, "geometry": { "type": "Point", "coordinates": [ 51.172161, 35.7345577 ] } },
{ "type": "Feature", "properties": { "element": "node", "id": 4970240059, "highway": "speed_camera", "maxspeed": "100", "name": "دوربین کنترل سرعت", "enforcement": null, "direction": null, "description": null, "name:en": null, "surface": null }, "geometry": { "type": "Point", "coordinates": [ 51.3071775, 35.7172116 ] } },
{ "type": "Feature", "properties": { "element": "node", "id": 4970240060, "highway": "speed_camera", "maxspeed": "100", "name": "دوربین کنترل سرعت", "enforcement": null, "direction": null, "description": null, "name:en": null, "surface": null }, "geometry": { "type": "Point", "coordinates": [ 51.2870219, 35.716056 ] } },
{ "type": "Feature", "properties": { "element": "node", "id": 4970240061, "highway": "speed_camera", "maxspeed": "100", "name": "دوربین کنترل سرعت", "enforcement": null, "direction": null, "description": null, "name:en": null, "surface": null }, "geometry": { "type": "Point", "coordinates": [ 51.2760259, 35.7155387 ] } },
{ "type": "Feature", "properties": { "element": "node", "id": 5061206379, "highway": "speed_camera", "maxspeed": "80", "name": null, "enforcement": null, "direction": null, "description": null, "name:en": null, "surface": null }, "geometry": { "type": "Point", "coordinates": [ 51.1723705, 35.7501052 ] } },
{ "type": "Feature", "properties": { "element": "node", "id": 5069661499, "highway": "speed_camera", "maxspeed": "80", "name": "دوربین کنترل سرعت", "enforcement": null, "direction": null, "description": null, "name:en": null, "surface": null }, "geometry": { "type": "Point", "coordinates": [ 51.3492784, 35.6503945 ] } },
{ "type": "Feature", "properties": { "element": "node", "id": 5118473898, "highway": "speed_camera", "maxspeed": null, "name": "دوربین کنترل سرعت", "enforcement": null, "direction": null, "description": null, "name:en": null, "surface": null }, "geometry": { "type": "Point", "coordinates": [ 51.3000726, 35.7750416 ] } },
{ "type": "Feature", "properties": { "element": "node", "id": 5314711772, "highway": "speed_camera", "maxspeed": "80", "name": "دوربین کنترل سرعت", "enforcement": null, "direction": null, "description": null, "name:en": null, "surface": null }, "geometry": { "type": "Point", "coordinates": [ 51.294547, 35.7509321 ] } },
{ "type": "Feature", "properties": { "element": "node", "id": 5314711773, "highway": "speed_camera", "maxspeed": "80", "name": "دوربین کنترل سرعت", "enforcement": null, "direction": null, "description": null, "name:en": null, "surface": null }, "geometry": { "type": "Point", "coordinates": [ 51.2965929, 35.7441865 ] } },
{ "type": "Feature", "properties": { "element": "node", "id": 5314711774, "highway": "speed_camera", "maxspeed": "80", "name": "دوربین کنترل سرعت", "enforcement": null, "direction": null, "description": null, "name:en": null, "surface": null }, "geometry": { "type": "Point", "coordinates": [ 51.2967647, 35.7443701 ] } },
{ "type": "Feature", "properties": { "element": "node", "id": 5316640699, "highway": "speed_camera", "maxspeed": "80", "name": "دوربین کنترل سرعت", "enforcement": null, "direction": null, "description": null, "name:en": null, "surface": null }, "geometry": { "type": "Point", "coordinates": [ 51.3469016, 35.7130444 ] } },
{ "type": "Feature", "properties": { "element": "node", "id": 5439069487, "highway": "speed_camera", "maxspeed": "80", "name": null, "enforcement": null, "direction": null, "description": null, "name:en": null, "surface": null }, "geometry": { "type": "Point", "coordinates": [ 51.3751105, 35.6532607 ] } },
{ "type": "Feature", "properties": { "element": "node", "id": 5456453809, "highway": "speed_camera", "maxspeed": "90", "name": "دوربین کنترل سرعت", "enforcement": null, "direction": "120", "description": null, "name:en": null, "surface": null }, "geometry": { "type": "Point", "coordinates": [ 51.2859309, 35.645166 ] } },
{ "type": "Feature", "properties": { "element": "node", "id": 5456453811, "highway": "speed_camera", "maxspeed": "90", "name": "دوربین کنترل سرعت", "enforcement": null, "direction": "300", "description": null, "name:en": null, "surface": null }, "geometry": { "type": "Point", "coordinates": [ 51.3107878, 35.6327047 ] } },
{ "type": "Feature", "properties": { "element": "node", "id": 5456453813, "highway": "speed_camera", "maxspeed": "90", "name": null, "enforcement": null, "direction": "120", "description": null, "name:en": null, "surface": null }, "geometry": { "type": "Point", "coordinates": [ 51.3111251, 35.6327868 ] } },
{ "type": "Feature", "properties": { "element": "node", "id": 5456453817, "highway": "speed_camera", "maxspeed": "90", "name": "دوربین کنترل سرعت", "enforcement": null, "direction": "320", "description": null, "name:en": null, "surface": null }, "geometry": { "type": "Point", "coordinates": [ 51.3248529, 35.6208718 ] } },
{ "type": "Feature", "properties": { "element": "node", "id": 5456453819, "highway": "speed_camera", "maxspeed": "90", "name": null, "enforcement": null, "direction": "140", "description": null, "name:en": null, "surface": null }, "geometry": { "type": "Point", "coordinates": [ 51.3258051, 35.6201089 ] } },
{ "type": "Feature", "properties": { "element": "node", "id": 5456453820, "highway": "speed_camera", "maxspeed": "90", "name": "دوربین کنترل سرعت", "enforcement": null, "direction": "280", "description": null, "name:en": null, "surface": null }, "geometry": { "type": "Point", "coordinates": [ 51.3434126, 35.6081982 ] } },
{ "type": "Feature", "properties": { "element": "node", "id": 5456459622, "highway": "speed_camera", "maxspeed": "90", "name": null, "enforcement": null, "direction": "100", "description": null, "name:en": null, "surface": null }, "geometry": { "type": "Point", "coordinates": [ 51.3437913, 35.6083482 ] } },
{ "type": "Feature", "properties": { "element": "node", "id": 5703016131, "highway": "speed_camera", "maxspeed": "90", "name": null, "enforcement": "maxspeed", "direction": null, "description": null, "name:en": null, "surface": null }, "geometry": { "type": "Point", "coordinates": [ 51.2527138, 35.7134147 ] } },
{ "type": "Feature", "properties": { "element": "node", "id": 5703023190, "highway": "speed_camera", "maxspeed": "100", "name": null, "enforcement": "maxspeed", "direction": null, "description": null, "name:en": null, "surface": null }, "geometry": { "type": "Point", "coordinates": [ 51.2548283, 35.7146691 ] } },
{ "type": "Feature", "properties": { "element": "node", "id": 5769980558, "highway": "speed_camera", "maxspeed": "80", "name": null, "enforcement": null, "direction": null, "description": null, "name:en": null, "surface": null }, "geometry": { "type": "Point", "coordinates": [ 51.5003092, 35.7993076 ] } },
{ "type": "Feature", "properties": { "element": "node", "id": 5785062267, "highway": "speed_camera", "maxspeed": null, "name": null, "enforcement": null, "direction": null, "description": null, "name:en": null, "surface": null }, "geometry": { "type": "Point", "coordinates": [ 51.418572, 35.6001006 ] } },
{ "type": "Feature", "properties": { "element": "node", "id": 5785062268, "highway": "speed_camera", "maxspeed": null, "name": null, "enforcement": null, "direction": null, "description": null, "name:en": null, "surface": null }, "geometry": { "type": "Point", "coordinates": [ 51.4184682, 35.6000739 ] } },
{ "type": "Feature", "properties": { "element": "node", "id": 5840235642, "highway": "speed_camera", "maxspeed": null, "name": null, "enforcement": null, "direction": "-1", "description": null, "name:en": null, "surface": null }, "geometry": { "type": "Point", "coordinates": [ 51.3048684, 35.6353655 ] } },
{ "type": "Feature", "properties": { "element": "node", "id": 5870357085, "highway": "speed_camera", "maxspeed": "80", "name": null, "enforcement": null, "direction": null, "description": "دوربین کنترل سرعت", "name:en": null, "surface": null }, "geometry": { "type": "Point", "coordinates": [ 51.4621095, 35.6498038 ] } },
{ "type": "Feature", "properties": { "element": "node", "id": 5870357086, "highway": "speed_camera", "maxspeed": "80", "name": null, "enforcement": null, "direction": null, "description": "دوربین کنترل سرعت", "name:en": null, "surface": null }, "geometry": { "type": "Point", "coordinates": [ 51.4618073, 35.6499705 ] } },
{ "type": "Feature", "properties": { "element": "node", "id": 5870357088, "highway": "speed_camera", "maxspeed": "80", "name": null, "enforcement": null, "direction": null, "description": "دوربین کنترل سرعت", "name:en": null, "surface": null }, "geometry": { "type": "Point", "coordinates": [ 51.4625153, 35.6627527 ] } },
{ "type": "Feature", "properties": { "element": "node", "id": 5870357089, "highway": "speed_camera", "maxspeed": "80", "name": null, "enforcement": null, "direction": null, "description": "دوربین کنترل سرعت", "name:en": null, "surface": null }, "geometry": { "type": "Point", "coordinates": [ 51.4615102, 35.6734738 ] } },
{ "type": "Feature", "properties": { "element": "node", "id": 5870357090, "highway": "speed_camera", "maxspeed": "80", "name": null, "enforcement": null, "direction": null, "description": "دوربین کنترل سرعت", "name:en": null, "surface": null }, "geometry": { "type": "Point", "coordinates": [ 51.4596925, 35.6802782 ] } },
{ "type": "Feature", "properties": { "element": "node", "id": 5870357091, "highway": "speed_camera", "maxspeed": "80", "name": null, "enforcement": null, "direction": null, "description": "دوربین کنترل سرعت", "name:en": null, "surface": null }, "geometry": { "type": "Point", "coordinates": [ 51.4572894, 35.6882611 ] } },
{ "type": "Feature", "properties": { "element": "node", "id": 5870357092, "highway": "speed_camera", "maxspeed": "80", "name": null, "enforcement": null, "direction": null, "description": "دوربین کنترل سرعت", "name:en": null, "surface": null }, "geometry": { "type": "Point", "coordinates": [ 51.4570348, 35.6927923 ] } },
{ "type": "Feature", "properties": { "element": "node", "id": 5870357093, "highway": "speed_camera", "maxspeed": "80", "name": null, "enforcement": null, "direction": null, "description": "دوربین کنترل سرعت", "name:en": null, "surface": null }, "geometry": { "type": "Point", "coordinates": [ 51.457492, 35.7007696 ] } },
{ "type": "Feature", "properties": { "element": "node", "id": 5870357094, "highway": "speed_camera", "maxspeed": "80", "name": null, "enforcement": null, "direction": null, "description": "دوربین کنترل سرعت", "name:en": null, "surface": null }, "geometry": { "type": "Point", "coordinates": [ 51.4573431, 35.7016557 ] } },
{ "type": "Feature", "properties": { "element": "node", "id": 5870357096, "highway": "speed_camera", "maxspeed": "80", "name": null, "enforcement": null, "direction": null, "description": "دوربین کنترل سرعت", "name:en": null, "surface": null }, "geometry": { "type": "Point", "coordinates": [ 51.4568691, 35.7117284 ] } },
{ "type": "Feature", "properties": { "element": "node", "id": 5870357097, "highway": "speed_camera", "maxspeed": "80", "name": null, "enforcement": null, "direction": null, "description": "دوربین کنترل سرعت", "name:en": null, "surface": null }, "geometry": { "type": "Point", "coordinates": [ 51.4637086, 35.7201539 ] } },
{ "type": "Feature", "properties": { "element": "node", "id": 5870357098, "highway": "speed_camera", "maxspeed": "80", "name": null, "enforcement": null, "direction": null, "description": "دوربین کنترل سرعت", "name:en": null, "surface": null }, "geometry": { "type": "Point", "coordinates": [ 51.4633037, 35.7196801 ] } },
{ "type": "Feature", "properties": { "element": "node", "id": 5870357099, "highway": "speed_camera", "maxspeed": "80", "name": null, "enforcement": null, "direction": null, "description": "دوربین کنترل سرعت", "name:en": null, "surface": null }, "geometry": { "type": "Point", "coordinates": [ 51.4714627, 35.724146 ] } },
{ "type": "Feature", "properties": { "element": "node", "id": 5870357100, "highway": "speed_camera", "maxspeed": "80", "name": null, "enforcement": null, "direction": null, "description": "دوربین کنترل سرعت", "name:en": null, "surface": null }, "geometry": { "type": "Point", "coordinates": [ 51.47183, 35.7246634 ] } },
{ "type": "Feature", "properties": { "element": "node", "id": 5870357101, "highway": "speed_camera", "maxspeed": "80", "name": null, "enforcement": null, "direction": null, "description": "دوربین کنترل سرعت", "name:en": null, "surface": null }, "geometry": { "type": "Point", "coordinates": [ 51.4835875, 35.742717 ] } },
{ "type": "Feature", "properties": { "element": "node", "id": 5870357102, "highway": "speed_camera", "maxspeed": "80", "name": null, "enforcement": null, "direction": null, "description": "دوربین کنترل سرعت", "name:en": null, "surface": null }, "geometry": { "type": "Point", "coordinates": [ 51.4839349, 35.7430626 ] } },
{ "type": "Feature", "properties": { "element": "node", "id": 5870357103, "highway": "speed_camera", "maxspeed": "80", "name": null, "enforcement": null, "direction": null, "description": "دوربین کنترل سرعت", "name:en": null, "surface": null }, "geometry": { "type": "Point", "coordinates": [ 51.4849287, 35.7575404 ] } },
{ "type": "Feature", "properties": { "element": "node", "id": 5870357106, "highway": "speed_camera", "maxspeed": "80", "name": null, "enforcement": null, "direction": null, "description": "دوربین کنترل سرعت", "name:en": null, "surface": null }, "geometry": { "type": "Point", "coordinates": [ 51.4913689, 35.788007 ] } },
{ "type": "Feature", "properties": { "element": "node", "id": 5870381003, "highway": "speed_camera", "maxspeed": "80", "name": null, "enforcement": null, "direction": null, "description": "دوربین کنترل سرعت", "name:en": null, "surface": null }, "geometry": { "type": "Point", "coordinates": [ 51.4660124, 35.6419495 ] } },
{ "type": "Feature", "properties": { "element": "node", "id": 5870381004, "highway": "speed_camera", "maxspeed": "80", "name": null, "enforcement": null, "direction": null, "description": "دوربین کنترل سرعت", "name:en": null, "surface": null }, "geometry": { "type": "Point", "coordinates": [ 51.4658953, 35.6417827 ] } },
{ "type": "Feature", "properties": { "element": "node", "id": 5870381005, "highway": "speed_camera", "maxspeed": "80", "name": null, "enforcement": null, "direction": null, "description": "دوربین کنترل سرعت", "name:en": null, "surface": null }, "geometry": { "type": "Point", "coordinates": [ 51.4565089, 35.6450148 ] } },
{ "type": "Feature", "properties": { "element": "node", "id": 5870381010, "highway": "speed_camera", "maxspeed": "80", "name": null, "enforcement": null, "direction": null, "description": "دوربین کنترل سرعت", "name:en": null, "surface": null }, "geometry": { "type": "Point", "coordinates": [ 51.4570385, 35.6450782 ] } },
{ "type": "Feature", "properties": { "element": "node", "id": 5870381013, "highway": "speed_camera", "maxspeed": "80", "name": null, "enforcement": null, "direction": null, "description": "دوربین کنترل سرعت", "name:en": null, "surface": null }, "geometry": { "type": "Point", "coordinates": [ 51.444706, 35.6451026 ] } },
{ "type": "Feature", "properties": { "element": "node", "id": 5870381014, "highway": "speed_camera", "maxspeed": "80", "name": null, "enforcement": null, "direction": null, "description": "دوربین کنترل سرعت", "name:en": null, "surface": null }, "geometry": { "type": "Point", "coordinates": [ 51.444567, 35.6449328 ] } },
{ "type": "Feature", "properties": { "element": "node", "id": 5870392638, "highway": "speed_camera", "maxspeed": "80", "name": "دوربین کنترل سرعت", "enforcement": null, "direction": null, "description": null, "name:en": null, "surface": null }, "geometry": { "type": "Point", "coordinates": [ 51.4902559, 35.662021 ] } },
{ "type": "Feature", "properties": { "element": "node", "id": 5870392639, "highway": "speed_camera", "maxspeed": "80", "name": "دوربین کنترل سرعت", "enforcement": null, "direction": null, "description": null, "name:en": null, "surface": null }, "geometry": { "type": "Point", "coordinates": [ 51.4965145, 35.6958468 ] } },
{ "type": "Feature", "properties": { "element": "node", "id": 5870392640, "highway": "speed_camera", "maxspeed": "80", "name": "دوربین کنترل سرعت", "enforcement": null, "direction": null, "description": null, "name:en": null, "surface": null }, "geometry": { "type": "Point", "coordinates": [ 51.5050274, 35.7112329 ] } },
{ "type": "Feature", "properties": { "element": "node", "id": 5872929034, "highway": "speed_camera", "maxspeed": "80", "name": "دوربین کنترل سرعت", "enforcement": null, "direction": null, "description": null, "name:en": null, "surface": null }, "geometry": { "type": "Point", "coordinates": [ 51.4924121, 35.6792512 ] } },
{ "type": "Feature", "properties": { "element": "node", "id": 5872929035, "highway": "speed_camera", "maxspeed": "80", "name": "دوربین کنترل سرعت", "enforcement": null, "direction": null, "description": null, "name:en": null, "surface": null }, "geometry": { "type": "Point", "coordinates": [ 51.5114172, 35.7187679 ] } },
{ "type": "Feature", "properties": { "element": "node", "id": 5872929036, "highway": "speed_camera", "maxspeed": "80", "name": "دوربین کنترل سرعت", "enforcement": null, "direction": null, "description": null, "name:en": null, "surface": null }, "geometry": { "type": "Point", "coordinates": [ 51.5117227, 35.7187833 ] } },
{ "type": "Feature", "properties": { "element": "node", "id": 5872929038, "highway": "speed_camera", "maxspeed": "80", "name": "دوربین کنترل سرعت", "enforcement": null, "direction": null, "description": null, "name:en": null, "surface": null }, "geometry": { "type": "Point", "coordinates": [ 51.5223904, 35.7221468 ] } },
{ "type": "Feature", "properties": { "element": "node", "id": 5872929039, "highway": "speed_camera", "maxspeed": "80", "name": "دوربین کنترل سرعت", "enforcement": null, "direction": null, "description": null, "name:en": null, "surface": null }, "geometry": { "type": "Point", "coordinates": [ 51.5388775, 35.7233409 ] } },
{ "type": "Feature", "properties": { "element": "node", "id": 5872929040, "highway": "speed_camera", "maxspeed": "80", "name": "دوربین کنترل سرعت", "enforcement": null, "direction": "50", "description": null, "name:en": null, "surface": null }, "geometry": { "type": "Point", "coordinates": [ 51.5515669, 35.7236164 ] } },
{ "type": "Feature", "properties": { "element": "node", "id": 5872929041, "highway": "speed_camera", "maxspeed": "80", "name": "دوربین کنترل سرعت", "enforcement": null, "direction": "235", "description": null, "name:en": null, "surface": null }, "geometry": { "type": "Point", "coordinates": [ 51.5516424, 35.7234897 ] } },
{ "type": "Feature", "properties": { "element": "node", "id": 5872929043, "highway": "speed_camera", "maxspeed": "80", "name": "دوربین کنترل سرعت", "enforcement": null, "direction": "291", "description": null, "name:en": null, "surface": null }, "geometry": { "type": "Point", "coordinates": [ 51.5681154, 35.722684 ] } },
{ "type": "Feature", "properties": { "element": "node", "id": 5872929044, "highway": "speed_camera", "maxspeed": "80", "name": "دوربین کنترل سرعت", "enforcement": null, "direction": "71", "description": null, "name:en": null, "surface": null }, "geometry": { "type": "Point", "coordinates": [ 51.5889796, 35.7227035 ] } },
{ "type": "Feature", "properties": { "element": "node", "id": 5872929047, "highway": "speed_camera", "maxspeed": "80", "name": "دوربین کنترل سرعت", "enforcement": null, "direction": "247", "description": null, "name:en": null, "surface": null }, "geometry": { "type": "Point", "coordinates": [ 51.5890979, 35.7223993 ] } },
{ "type": "Feature", "properties": { "element": "node", "id": 5872929049, "highway": "speed_camera", "maxspeed": "80", "name": "دوربین کنترل سرعت", "enforcement": null, "direction": "270", "description": null, "name:en": null, "surface": null }, "geometry": { "type": "Point", "coordinates": [ 51.5985325, 35.7238192 ] } },
{ "type": "Feature", "properties": { "element": "node", "id": 5874690626, "highway": "speed_camera", "maxspeed": "90", "name": "دوربین کنترل سرعت", "enforcement": null, "direction": null, "description": null, "name:en": null, "surface": null }, "geometry": { "type": "Point", "coordinates": [ 51.4702852, 35.6350705 ] } },
{ "type": "Feature", "properties": { "element": "node", "id": 5874690629, "highway": "speed_camera", "maxspeed": "90", "name": "دوربین کنترل سرعت", "enforcement": null, "direction": null, "description": null, "name:en": null, "surface": null }, "geometry": { "type": "Point", "coordinates": [ 51.4364991, 35.6276015 ] } },
{ "type": "Feature", "properties": { "element": "node", "id": 5874690630, "highway": "speed_camera", "maxspeed": "90", "name": "دوربین کنترل سرعت", "enforcement": null, "direction": null, "description": null, "name:en": null, "surface": null }, "geometry": { "type": "Point", "coordinates": [ 51.4361925, 35.6273127 ] } },
{ "type": "Feature", "properties": { "element": "node", "id": 5874690631, "highway": "speed_camera", "maxspeed": "60", "name": "دوربین کنترل سرعت", "enforcement": null, "direction": null, "description": null, "name:en": null, "surface": null }, "geometry": { "type": "Point", "coordinates": [ 51.4359725, 35.6270565 ] } },
{ "type": "Feature", "properties": { "element": "node", "id": 5874690632, "highway": "speed_camera", "maxspeed": "90", "name": "دوربین کنترل سرعت", "enforcement": null, "direction": "80", "description": null, "name:en": null, "surface": null }, "geometry": { "type": "Point", "coordinates": [ 51.4150317, 35.6154984 ] } },
{ "type": "Feature", "properties": { "element": "node", "id": 5874690633, "highway": "speed_camera", "maxspeed": "90", "name": "دوربین کنترل سرعت", "enforcement": null, "direction": null, "description": null, "name:en": null, "surface": null }, "geometry": { "type": "Point", "coordinates": [ 51.4145107, 35.615157 ] } },
{ "type": "Feature", "properties": { "element": "node", "id": 5874690634, "highway": "speed_camera", "maxspeed": "90", "name": null, "enforcement": null, "direction": "80", "description": null, "name:en": null, "surface": null }, "geometry": { "type": "Point", "coordinates": [ 51.3905316, 35.614472 ] } },
{ "type": "Feature", "properties": { "element": "node", "id": 5874690635, "highway": "speed_camera", "maxspeed": "90", "name": "دوربین کنترل سرعت", "enforcement": null, "direction": "280", "description": null, "name:en": null, "surface": null }, "geometry": { "type": "Point", "coordinates": [ 51.3900045, 35.6142885 ] } },
{ "type": "Feature", "properties": { "element": "node", "id": 5874690638, "highway": "speed_camera", "maxspeed": "90", "name": "دوربین کنترل سرعت", "enforcement": null, "direction": "250", "description": null, "name:en": null, "surface": null }, "geometry": { "type": "Point", "coordinates": [ 51.365913, 35.612024 ] } },
{ "type": "Feature", "properties": { "element": "node", "id": 5874690639, "highway": "speed_camera", "maxspeed": "90", "name": null, "enforcement": null, "direction": "80", "description": null, "name:en": null, "surface": null }, "geometry": { "type": "Point", "coordinates": [ 51.3662239, 35.612264 ] } },
{ "type": "Feature", "properties": { "element": "node", "id": 5874690641, "highway": "speed_camera", "maxspeed": "70", "name": "دوربین کنترل سرعت", "enforcement": null, "direction": null, "description": null, "name:en": null, "surface": null }, "geometry": { "type": "Point", "coordinates": [ 51.3533895, 35.6090492 ] } },
{ "type": "Feature", "properties": { "element": "node", "id": 5874690643, "highway": "speed_camera", "maxspeed": "70", "name": "دوربین کنترل سرعت", "enforcement": null, "direction": null, "description": null, "name:en": null, "surface": null }, "geometry": { "type": "Point", "coordinates": [ 51.3497894, 35.6076644 ] } },
{ "type": "Feature", "properties": { "element": "node", "id": 5874690644, "highway": "speed_camera", "maxspeed": "70", "name": "دوربین کنترل سرعت", "enforcement": null, "direction": null, "description": null, "name:en": null, "surface": null }, "geometry": { "type": "Point", "coordinates": [ 51.3351525, 35.6115632 ] } },
{ "type": "Feature", "properties": { "element": "node", "id": 5874690645, "highway": "speed_camera", "maxspeed": "70", "name": "دوربین کنترل سرعت", "enforcement": null, "direction": "150", "description": null, "name:en": null, "surface": null }, "geometry": { "type": "Point", "coordinates": [ 51.3201012, 35.627235 ] } },
{ "type": "Feature", "properties": { "element": "node", "id": 5874690647, "highway": "speed_camera", "maxspeed": "70", "name": "دوربین کنترل سرعت", "enforcement": null, "direction": "130", "description": null, "name:en": null, "surface": null }, "geometry": { "type": "Point", "coordinates": [ 51.302364, 35.6375872 ] } },
{ "type": "Feature", "properties": { "element": "node", "id": 5874690648, "highway": "speed_camera", "maxspeed": "70", "name": "دوربین کنترل سرعت", "enforcement": null, "direction": null, "description": null, "name:en": null, "surface": null }, "geometry": { "type": "Point", "coordinates": [ 51.2987097, 35.6384558 ] } },
{ "type": "Feature", "properties": { "element": "node", "id": 5874690649, "highway": "speed_camera", "maxspeed": "70", "name": "دوربین کنترل سرعت", "enforcement": null, "direction": "130", "description": null, "name:en": null, "surface": null }, "geometry": { "type": "Point", "coordinates": [ 51.2925091, 35.6424506 ] } },
{ "type": "Feature", "properties": { "element": "node", "id": 5874690650, "highway": "speed_camera", "maxspeed": "90", "name": "دوربین کنترل سرعت", "enforcement": null, "direction": "120", "description": null, "name:en": null, "surface": null }, "geometry": { "type": "Point", "coordinates": [ 51.2742037, 35.6501805 ] } },
{ "type": "Feature", "properties": { "element": "node", "id": 5874690651, "highway": "speed_camera", "maxspeed": "90", "name": "دوربین کنترل سرعت", "enforcement": null, "direction": "300", "description": null, "name:en": null, "surface": null }, "geometry": { "type": "Point", "coordinates": [ 51.2733508, 35.6503112 ] } },
{ "type": "Feature", "properties": { "element": "node", "id": 5874690652, "highway": "speed_camera", "maxspeed": "70", "name": "دوربین کنترل سرعت", "enforcement": null, "direction": null, "description": null, "name:en": null, "surface": null }, "geometry": { "type": "Point", "coordinates": [ 51.2671693, 35.6531863 ] } },
{ "type": "Feature", "properties": { "element": "node", "id": 5874690653, "highway": "speed_camera", "maxspeed": "90", "name": "دوربین کنترل سرعت", "enforcement": null, "direction": "300", "description": null, "name:en": null, "surface": null }, "geometry": { "type": "Point", "coordinates": [ 51.2654677, 35.6529466 ] } },
{ "type": "Feature", "properties": { "element": "node", "id": 5874690654, "highway": "speed_camera", "maxspeed": "90", "name": "دوربین کنترل سرعت", "enforcement": null, "direction": "120", "description": null, "name:en": null, "surface": null }, "geometry": { "type": "Point", "coordinates": [ 51.2614793, 35.6549956 ] } },
{ "type": "Feature", "properties": { "element": "node", "id": 5874690655, "highway": "speed_camera", "maxspeed": "90", "name": "دوربین کنترل سرعت", "enforcement": null, "direction": "300", "description": null, "name:en": null, "surface": null }, "geometry": { "type": "Point", "coordinates": [ 51.2613093, 35.6548444 ] } },
{ "type": "Feature", "properties": { "element": "node", "id": 5874690656, "highway": "speed_camera", "maxspeed": "90", "name": null, "enforcement": null, "direction": "300", "description": null, "name:en": null, "surface": null }, "geometry": { "type": "Point", "coordinates": [ 51.2432427, 35.6613939 ] } },
{ "type": "Feature", "properties": { "element": "node", "id": 5874690657, "highway": "speed_camera", "maxspeed": "90", "name": null, "enforcement": null, "direction": "120", "description": null, "name:en": null, "surface": null }, "geometry": { "type": "Point", "coordinates": [ 51.2434134, 35.6615549 ] } },
{ "type": "Feature", "properties": { "element": "node", "id": 5874690658, "highway": "speed_camera", "maxspeed": "80", "name": null, "enforcement": null, "direction": null, "description": null, "name:en": null, "surface": null }, "geometry": { "type": "Point", "coordinates": [ 51.2416922, 35.6616816 ] } },
{ "type": "Feature", "properties": { "element": "node", "id": 5874690659, "highway": "speed_camera", "maxspeed": "80", "name": "دوربین کنترل سرعت", "enforcement": null, "direction": "170", "description": null, "name:en": null, "surface": null }, "geometry": { "type": "Point", "coordinates": [ 51.2330305, 35.6703702 ] } },
{ "type": "Feature", "properties": { "element": "node", "id": 5874690660, "highway": "speed_camera", "maxspeed": "80", "name": "دوربین کنترل سرعت", "enforcement": null, "direction": null, "description": null, "name:en": null, "surface": null }, "geometry": { "type": "Point", "coordinates": [ 51.2311692, 35.6723841 ] } },
{ "type": "Feature", "properties": { "element": "node", "id": 5874690662, "highway": "speed_camera", "maxspeed": "90", "name": "دوربین کنترل سرعت", "enforcement": null, "direction": "180", "description": null, "name:en": null, "surface": null }, "geometry": { "type": "Point", "coordinates": [ 51.2314069, 35.6740857 ] } },
{ "type": "Feature", "properties": { "element": "node", "id": 5874690663, "highway": "speed_camera", "maxspeed": "90", "name": "دوربین کنترل سرعت", "enforcement": null, "direction": "350", "description": null, "name:en": null, "surface": null }, "geometry": { "type": "Point", "coordinates": [ 51.2311265, 35.674316 ] } },
{ "type": "Feature", "properties": { "element": "node", "id": 5874690664, "highway": "speed_camera", "maxspeed": "90", "name": "دوربین کنترل سرعت", "enforcement": null, "direction": "210", "description": null, "name:en": null, "surface": null }, "geometry": { "type": "Point", "coordinates": [ 51.2422611, 35.6922389 ] } },
{ "type": "Feature", "properties": { "element": "node", "id": 5874690665, "highway": "speed_camera", "maxspeed": "90", "name": "دوربین کنترل سرعت", "enforcement": null, "direction": "30", "description": null, "name:en": null, "surface": null }, "geometry": { "type": "Point", "coordinates": [ 51.2420647, 35.6923809 ] } },
{ "type": "Feature", "properties": { "element": "node", "id": 5874690666, "highway": "speed_camera", "maxspeed": "70", "name": "دوربین کنترل سرعت", "enforcement": null, "direction": null, "description": null, "name:en": null, "surface": null }, "geometry": { "type": "Point", "coordinates": [ 51.2454295, 35.6959377 ] } },
{ "type": "Feature", "properties": { "element": "node", "id": 5874690667, "highway": "speed_camera", "maxspeed": "70", "name": "دوربین کنترل سرعت", "enforcement": null, "direction": null, "description": null, "name:en": null, "surface": null }, "geometry": { "type": "Point", "coordinates": [ 51.250485, 35.7026628 ] } },
{ "type": "Feature", "properties": { "element": "node", "id": 5874690668, "highway": "speed_camera", "maxspeed": "90", "name": "دوربین کنترل سرعت", "enforcement": null, "direction": null, "description": null, "name:en": null, "surface": null }, "geometry": { "type": "Point", "coordinates": [ 51.2524317, 35.7067005 ] } },
{ "type": "Feature", "properties": { "element": "node", "id": 5874690669, "highway": "speed_camera", "maxspeed": "90", "name": "دوربین کنترل سرعت", "enforcement": null, "direction": "0", "description": null, "name:en": null, "surface": null }, "geometry": { "type": "Point", "coordinates": [ 51.2524575, 35.7077168 ] } },
{ "type": "Feature", "properties": { "element": "node", "id": 5874690670, "highway": "speed_camera", "maxspeed": "90", "name": "دوربین کنترل سرعت", "enforcement": null, "direction": null, "description": null, "name:en": null, "surface": null }, "geometry": { "type": "Point", "coordinates": [ 51.2525929, 35.7237909 ] } },
{ "type": "Feature", "properties": { "element": "node", "id": 5874690671, "highway": "speed_camera", "maxspeed": "90", "name": "دوربین کنترل سرعت", "enforcement": null, "direction": null, "description": null, "name:en": null, "surface": null }, "geometry": { "type": "Point", "coordinates": [ 51.2532885, 35.7314808 ] } },
{ "type": "Feature", "properties": { "element": "node", "id": 5874690672, "highway": "speed_camera", "maxspeed": "90", "name": "دوربین کنترل سرعت", "enforcement": null, "direction": null, "description": null, "name:en": null, "surface": null }, "geometry": { "type": "Point", "coordinates": [ 51.2525491, 35.7312714 ] } },
{ "type": "Feature", "properties": { "element": "node", "id": 5874690674, "highway": "speed_camera", "maxspeed": "90", "name": "دوربین کنترل سرعت", "enforcement": null, "direction": null, "description": null, "name:en": null, "surface": null }, "geometry": { "type": "Point", "coordinates": [ 51.254169, 35.7397882 ] } },
{ "type": "Feature", "properties": { "element": "node", "id": 5874690675, "highway": "speed_camera", "maxspeed": "90", "name": "دوربین کنترل سرعت", "enforcement": null, "direction": null, "description": null, "name:en": null, "surface": null }, "geometry": { "type": "Point", "coordinates": [ 51.2541853, 35.7408957 ] } },
{ "type": "Feature", "properties": { "element": "node", "id": 5874690676, "highway": "speed_camera", "maxspeed": "70", "name": "دوربین کنترل سرعت", "enforcement": null, "direction": null, "description": null, "name:en": null, "surface": null }, "geometry": { "type": "Point", "coordinates": [ 51.253612, 35.7529144 ] } },
{ "type": "Feature", "properties": { "element": "node", "id": 6236441525, "highway": "speed_camera", "maxspeed": null, "name": null, "enforcement": null, "direction": "120", "description": null, "name:en": null, "surface": null }, "geometry": { "type": "Point", "coordinates": [ 51.4388765, 35.6072028 ] } },
{ "type": "Feature", "properties": { "element": "node", "id": 6361133513, "highway": "speed_camera", "maxspeed": null, "name": null, "enforcement": null, "direction": null, "description": null, "name:en": null, "surface": null }, "geometry": { "type": "Point", "coordinates": [ 51.293068, 35.7695177 ] } },
{ "type": "Feature", "properties": { "element": "node", "id": 6361143209, "highway": "speed_camera", "maxspeed": null, "name": null, "enforcement": null, "direction": "270", "description": null, "name:en": null, "surface": null }, "geometry": { "type": "Point", "coordinates": [ 51.2910486, 35.7629578 ] } },
{ "type": "Feature", "properties": { "element": "node", "id": 6404701319, "highway": "speed_camera", "maxspeed": null, "name": "دوربین کنترل سرعت", "enforcement": null, "direction": null, "description": null, "name:en": null, "surface": null }, "geometry": { "type": "Point", "coordinates": [ 51.3142456, 35.7471369 ] } },
{ "type": "Feature", "properties": { "element": "node", "id": 6405505658, "highway": "speed_camera", "maxspeed": "100", "name": "دوربین کنترل سرعت", "enforcement": null, "direction": null, "description": null, "name:en": null, "surface": null }, "geometry": { "type": "Point", "coordinates": [ 51.3075959, 35.7170323 ] } },
{ "type": "Feature", "properties": { "element": "node", "id": 6412104314, "highway": "speed_camera", "maxspeed": "80", "name": null, "enforcement": null, "direction": null, "description": null, "name:en": null, "surface": null }, "geometry": { "type": "Point", "coordinates": [ 51.3482327, 35.750665 ] } },
{ "type": "Feature", "properties": { "element": "node", "id": 6412861573, "highway": "speed_camera", "maxspeed": "90", "name": null, "enforcement": null, "direction": null, "description": null, "name:en": null, "surface": null }, "geometry": { "type": "Point", "coordinates": [ 51.3526646, 35.7507971 ] } },
{ "type": "Feature", "properties": { "element": "node", "id": 6415314079, "highway": "speed_camera", "maxspeed": "80", "name": null, "enforcement": null, "direction": null, "description": null, "name:en": null, "surface": null }, "geometry": { "type": "Point", "coordinates": [ 51.3443596, 35.7756134 ] } },
{ "type": "Feature", "properties": { "element": "node", "id": 6417885581, "highway": "speed_camera", "maxspeed": "90", "name": null, "enforcement": null, "direction": null, "description": null, "name:en": null, "surface": null }, "geometry": { "type": "Point", "coordinates": [ 51.4373951, 35.7497468 ] } },
{ "type": "Feature", "properties": { "element": "node", "id": 6421680059, "highway": "speed_camera", "maxspeed": "80", "name": "دوربین کنترل سرعت", "enforcement": null, "direction": "67", "description": null, "name:en": null, "surface": null }, "geometry": { "type": "Point", "coordinates": [ 51.588592, 35.7227724 ] } },
{ "type": "Feature", "properties": { "element": "node", "id": 6421781448, "highway": "speed_camera", "maxspeed": "80", "name": null, "enforcement": null, "direction": "140", "description": null, "name:en": null, "surface": null }, "geometry": { "type": "Point", "coordinates": [ 51.5859317, 35.7246225 ] } },
{ "type": "Feature", "properties": { "element": "node", "id": 6434874826, "highway": "speed_camera", "maxspeed": "80", "name": null, "enforcement": null, "direction": null, "description": null, "name:en": null, "surface": null }, "geometry": { "type": "Point", "coordinates": [ 51.4618142, 35.7428986 ] } },
{ "type": "Feature", "properties": { "element": "node", "id": 6436259055, "highway": "speed_camera", "maxspeed": "80", "name": null, "enforcement": null, "direction": null, "description": null, "name:en": null, "surface": null }, "geometry": { "type": "Point", "coordinates": [ 51.4648913, 35.7497371 ] } },
{ "type": "Feature", "properties": { "element": "node", "id": 6471377939, "highway": "speed_camera", "maxspeed": "90", "name": "دوربین کنترل سرعت", "enforcement": null, "direction": null, "description": null, "name:en": null, "surface": null }, "geometry": { "type": "Point", "coordinates": [ 51.3636399, 35.7746973 ] } },
{ "type": "Feature", "properties": { "element": "node", "id": 6471378020, "highway": "speed_camera", "maxspeed": "90", "name": "دوربین کنترل سرعت", "enforcement": null, "direction": null, "description": null, "name:en": null, "surface": null }, "geometry": { "type": "Point", "coordinates": [ 51.3568592, 35.7735234 ] } },
{ "type": "Feature", "properties": { "element": "node", "id": 6474022088, "highway": "speed_camera", "maxspeed": "90", "name": "دوربین کنترل سرعت", "enforcement": null, "direction": null, "description": null, "name:en": null, "surface": null }, "geometry": { "type": "Point", "coordinates": [ 51.3764604, 35.776921 ] } },
{ "type": "Feature", "properties": { "element": "node", "id": 6482656432, "highway": "speed_camera", "maxspeed": "80", "name": null, "enforcement": null, "direction": null, "description": "دوربین کنترل سرعت", "name:en": null, "surface": null }, "geometry": { "type": "Point", "coordinates": [ 51.456637, 35.7116241 ] } },
{ "type": "Feature", "properties": { "element": "node", "id": 6578659326, "highway": "speed_camera", "maxspeed": "80", "name": null, "enforcement": null, "direction": null, "description": null, "name:en": null, "surface": null }, "geometry": { "type": "Point", "coordinates": [ 51.3762424, 35.6535964 ] } },
{ "type": "Feature", "properties": { "element": "node", "id": 6641581315, "highway": "speed_camera", "maxspeed": null, "name": null, "enforcement": null, "direction": null, "description": null, "name:en": null, "surface": null }, "geometry": { "type": "Point", "coordinates": [ 51.1470807, 35.7141082 ] } },
{ "type": "Feature", "properties": { "element": "node", "id": 6654962889, "highway": "speed_camera", "maxspeed": "80", "name": null, "enforcement": null, "direction": null, "description": null, "name:en": null, "surface": null }, "geometry": { "type": "Point", "coordinates": [ 51.344135, 35.7757205 ] } },
{ "type": "Feature", "properties": { "element": "node", "id": 6698408143, "highway": "speed_camera", "maxspeed": "90", "name": "دوربین کنترل سرعت", "enforcement": null, "direction": null, "description": null, "name:en": null, "surface": null }, "geometry": { "type": "Point", "coordinates": [ 51.1341399, 35.7545901 ] } },
{ "type": "Feature", "properties": { "element": "node", "id": 6698442559, "highway": "speed_camera", "maxspeed": "90", "name": "دوربین کنترل سرعت", "enforcement": null, "direction": null, "description": null, "name:en": null, "surface": null }, "geometry": { "type": "Point", "coordinates": [ 51.266063, 35.7572552 ] } },
{ "type": "Feature", "properties": { "element": "node", "id": 6698456244, "highway": "speed_camera", "maxspeed": "90", "name": "دوربین کنترل سرعت", "enforcement": null, "direction": null, "description": null, "name:en": null, "surface": null }, "geometry": { "type": "Point", "coordinates": [ 51.1640072, 35.7610826 ] } },
{ "type": "Feature", "properties": { "element": "node", "id": 6698456246, "highway": "speed_camera", "maxspeed": "90", "name": "دوربین کنترل سرعت", "enforcement": null, "direction": null, "description": null, "name:en": null, "surface": null }, "geometry": { "type": "Point", "coordinates": [ 51.2056399, 35.7581712 ] } },
{ "type": "Feature", "properties": { "element": "node", "id": 6698487819, "highway": "speed_camera", "maxspeed": "100", "name": "دوربین کنترل سرعت", "enforcement": null, "direction": null, "description": null, "name:en": null, "surface": null }, "geometry": { "type": "Point", "coordinates": [ 51.1033325, 35.7431938 ] } },
{ "type": "Feature", "properties": { "element": "node", "id": 6698494485, "highway": "speed_camera", "maxspeed": "90", "name": "دوربین کنترل سرعت", "enforcement": null, "direction": null, "description": null, "name:en": null, "surface": null }, "geometry": { "type": "Point", "coordinates": [ 51.2416365, 35.715822 ] } },
{ "type": "Feature", "properties": { "element": "node", "id": 6698998895, "highway": "speed_camera", "maxspeed": "50", "name": "دوربین کنترل سرعت", "enforcement": null, "direction": null, "description": null, "name:en": null, "surface": null }, "geometry": { "type": "Point", "coordinates": [ 51.1166164, 35.7365156 ] } },
{ "type": "Feature", "properties": { "element": "node", "id": 6700595143, "highway": "speed_camera", "maxspeed": "90", "name": "دوربین کنترل سرعت", "enforcement": null, "direction": "80", "description": null, "name:en": null, "surface": null }, "geometry": { "type": "Point", "coordinates": [ 51.3132744, 35.7687994 ] } },
{ "type": "Feature", "properties": { "element": "node", "id": 6700608440, "highway": "speed_camera", "maxspeed": "90", "name": "دوربین کنترل سرعت", "enforcement": null, "direction": null, "description": null, "name:en": null, "surface": null }, "geometry": { "type": "Point", "coordinates": [ 51.3451052, 35.7713994 ] } },
{ "type": "Feature", "properties": { "element": "node", "id": 6736269705, "highway": "speed_camera", "maxspeed": "60", "name": "دوربین کنترل سرعت", "enforcement": null, "direction": null, "description": null, "name:en": null, "surface": null }, "geometry": { "type": "Point", "coordinates": [ 51.3551508, 35.6882181 ] } },
{ "type": "Feature", "properties": { "element": "node", "id": 6764582432, "highway": "speed_camera", "maxspeed": "80", "name": "دوربین کنترل سرعت", "enforcement": null, "direction": null, "description": null, "name:en": null, "surface": null }, "geometry": { "type": "Point", "coordinates": [ 51.3649628, 35.725394 ] } },
{ "type": "Feature", "properties": { "element": "node", "id": 6765256389, "highway": "speed_camera", "maxspeed": "80", "name": "دوربین کنترل سرعت", "enforcement": null, "direction": null, "description": null, "name:en": null, "surface": null }, "geometry": { "type": "Point", "coordinates": [ 51.3469678, 35.7128999 ] } },
{ "type": "Feature", "properties": { "element": "node", "id": 6783070404, "highway": "speed_camera", "maxspeed": "70", "name": "دوربین کنترل سرعت", "enforcement": null, "direction": null, "description": null, "name:en": null, "surface": null }, "geometry": { "type": "Point", "coordinates": [ 51.4461185, 35.7153535 ] } },
{ "type": "Feature", "properties": { "element": "node", "id": 6783070405, "highway": "speed_camera", "maxspeed": "80", "name": "دوربین کنترل سرعت", "enforcement": null, "direction": null, "description": null, "name:en": null, "surface": null }, "geometry": { "type": "Point", "coordinates": [ 51.4463157, 35.7153264 ] } },
{ "type": "Feature", "properties": { "element": "node", "id": 6785617398, "highway": "speed_camera", "maxspeed": "90", "name": "دوربین کنترل سرعت", "enforcement": null, "direction": null, "description": null, "name:en": null, "surface": null }, "geometry": { "type": "Point", "coordinates": [ 51.3162955, 35.7531596 ] } },
{ "type": "Feature", "properties": { "element": "node", "id": 6785701992, "highway": "speed_camera", "maxspeed": "90", "name": "دوربین کنترل سرعت", "enforcement": null, "direction": null, "description": null, "name:en": null, "surface": null }, "geometry": { "type": "Point", "coordinates": [ 51.3025084, 35.7533221 ] } },
{ "type": "Feature", "properties": { "element": "node", "id": 6797651009, "highway": "speed_camera", "maxspeed": "80", "name": null, "enforcement": null, "direction": "90", "description": null, "name:en": null, "surface": null }, "geometry": { "type": "Point", "coordinates": [ 51.4411543, 35.742732 ] } },
{ "type": "Feature", "properties": { "element": "node", "id": 6797652495, "highway": "speed_camera", "maxspeed": "80", "name": null, "enforcement": null, "direction": "90", "description": null, "name:en": null, "surface": null }, "geometry": { "type": "Point", "coordinates": [ 51.4539209, 35.7415378 ] } },
{ "type": "Feature", "properties": { "element": "node", "id": 6799633729, "highway": "speed_camera", "maxspeed": "80", "name": null, "enforcement": null, "direction": null, "description": null, "name:en": null, "surface": null }, "geometry": { "type": "Point", "coordinates": [ 51.5256916, 35.7442512 ] } },
{ "type": "Feature", "properties": { "element": "node", "id": 6799633730, "highway": "speed_camera", "maxspeed": "80", "name": null, "enforcement": null, "direction": null, "description": null, "name:en": null, "surface": null }, "geometry": { "type": "Point", "coordinates": [ 51.525428, 35.7442291 ] } },
{ "type": "Feature", "properties": { "element": "node", "id": 6799752455, "highway": "speed_camera", "maxspeed": "80", "name": null, "enforcement": null, "direction": null, "description": null, "name:en": null, "surface": null }, "geometry": { "type": "Point", "coordinates": [ 51.467325, 35.7654438 ] } },
{ "type": "Feature", "properties": { "element": "node", "id": 6799752456, "highway": "speed_camera", "maxspeed": "80", "name": null, "enforcement": null, "direction": null, "description": null, "name:en": null, "surface": null }, "geometry": { "type": "Point", "coordinates": [ 51.467398, 35.7651885 ] } },
{ "type": "Feature", "properties": { "element": "node", "id": 6799755199, "highway": "speed_camera", "maxspeed": "80", "name": null, "enforcement": null, "direction": null, "description": null, "name:en": null, "surface": null }, "geometry": { "type": "Point", "coordinates": [ 51.5173275, 35.7955989 ] } },
{ "type": "Feature", "properties": { "element": "node", "id": 6799755229, "highway": "speed_camera", "maxspeed": "50", "name": null, "enforcement": null, "direction": null, "description": null, "name:en": null, "surface": null }, "geometry": { "type": "Point", "coordinates": [ 51.4914456, 35.7981345 ] } },
{ "type": "Feature", "properties": { "element": "node", "id": 6799755230, "highway": "speed_camera", "maxspeed": "50", "name": null, "enforcement": null, "direction": null, "description": null, "name:en": null, "surface": null }, "geometry": { "type": "Point", "coordinates": [ 51.491495, 35.7980704 ] } },
{ "type": "Feature", "properties": { "element": "node", "id": 6799755258, "highway": "speed_camera", "maxspeed": "50", "name": null, "enforcement": null, "direction": null, "description": null, "name:en": null, "surface": null }, "geometry": { "type": "Point", "coordinates": [ 51.4871424, 35.7914283 ] } },
{ "type": "Feature", "properties": { "element": "node", "id": 6799755259, "highway": "speed_camera", "maxspeed": "50", "name": null, "enforcement": null, "direction": null, "description": null, "name:en": null, "surface": null }, "geometry": { "type": "Point", "coordinates": [ 51.4872591, 35.791412 ] } },
{ "type": "Feature", "properties": { "element": "node", "id": 6799755266, "highway": "speed_camera", "maxspeed": "80", "name": null, "enforcement": null, "direction": null, "description": null, "name:en": null, "surface": null }, "geometry": { "type": "Point", "coordinates": [ 51.4813855, 35.7828309 ] } },
{ "type": "Feature", "properties": { "element": "node", "id": 6799805691, "highway": "speed_camera", "maxspeed": "80", "name": null, "enforcement": null, "direction": null, "description": null, "name:en": null, "surface": null }, "geometry": { "type": "Point", "coordinates": [ 51.4653016, 35.7563492 ] } },
{ "type": "Feature", "properties": { "element": "node", "id": 6799805694, "highway": "speed_camera", "maxspeed": "80", "name": null, "enforcement": null, "direction": null, "description": null, "name:en": null, "surface": null }, "geometry": { "type": "Point", "coordinates": [ 51.4583511, 35.7335931 ] } },
{ "type": "Feature", "properties": { "element": "node", "id": 6802532525, "highway": "speed_camera", "maxspeed": "80", "name": null, "enforcement": null, "direction": null, "description": null, "name:en": null, "surface": null }, "geometry": { "type": "Point", "coordinates": [ 51.4246294, 35.7249494 ] } },
{ "type": "Feature", "properties": { "element": "node", "id": 6802532526, "highway": "speed_camera", "maxspeed": "80", "name": null, "enforcement": null, "direction": null, "description": null, "name:en": null, "surface": null }, "geometry": { "type": "Point", "coordinates": [ 51.4205547, 35.733216 ] } },
{ "type": "Feature", "properties": { "element": "node", "id": 6802532527, "highway": "speed_camera", "maxspeed": "80", "name": null, "enforcement": null, "direction": null, "description": null, "name:en": null, "surface": null }, "geometry": { "type": "Point", "coordinates": [ 51.4203696, 35.7308724 ] } },
{ "type": "Feature", "properties": { "element": "node", "id": 6810614023, "highway": "speed_camera", "maxspeed": "80", "name": null, "enforcement": null, "direction": null, "description": null, "name:en": null, "surface": null }, "geometry": { "type": "Point", "coordinates": [ 51.3919815, 35.7865629 ] } },
{ "type": "Feature", "properties": { "element": "node", "id": 6810645315, "highway": "speed_camera", "maxspeed": "90", "name": null, "enforcement": null, "direction": null, "description": null, "name:en": null, "surface": null }, "geometry": { "type": "Point", "coordinates": [ 51.3527058, 35.7505942 ] } },
{ "type": "Feature", "properties": { "element": "node", "id": 6810645317, "highway": "speed_camera", "maxspeed": "90", "name": null, "enforcement": null, "direction": null, "description": null, "name:en": null, "surface": null }, "geometry": { "type": "Point", "coordinates": [ 51.3644757, 35.7492131 ] } },
{ "type": "Feature", "properties": { "element": "node", "id": 6810645320, "highway": "speed_camera", "maxspeed": "90", "name": null, "enforcement": null, "direction": null, "description": null, "name:en": null, "surface": null }, "geometry": { "type": "Point", "coordinates": [ 51.4195214, 35.750691 ] } },
{ "type": "Feature", "properties": { "element": "node", "id": 6810645321, "highway": "speed_camera", "maxspeed": "90", "name": null, "enforcement": null, "direction": null, "description": null, "name:en": null, "surface": null }, "geometry": { "type": "Point", "coordinates": [ 51.4290584, 35.7491341 ] } },
{ "type": "Feature", "properties": { "element": "node", "id": 6837904408, "highway": "speed_camera", "maxspeed": "70", "name": "دوربین کنترل سرعت", "enforcement": null, "direction": null, "description": null, "name:en": null, "surface": null }, "geometry": { "type": "Point", "coordinates": [ 51.2461416, 35.6953496 ] } },
{ "type": "Feature", "properties": { "element": "node", "id": 6838039075, "highway": "speed_camera", "maxspeed": "100", "name": null, "enforcement": null, "direction": null, "description": null, "name:en": null, "surface": null }, "geometry": { "type": "Point", "coordinates": [ 51.266006, 35.7152211 ] } },
{ "type": "Feature", "properties": { "element": "node", "id": 6838039076, "highway": "speed_camera", "maxspeed": "100", "name": null, "enforcement": null, "direction": null, "description": null, "name:en": null, "surface": null }, "geometry": { "type": "Point", "coordinates": [ 51.2666152, 35.7150707 ] } },
{ "type": "Feature", "properties": { "element": "node", "id": 6851550261, "highway": "speed_camera", "maxspeed": "80", "name": null, "enforcement": null, "direction": null, "description": null, "name:en": null, "surface": null }, "geometry": { "type": "Point", "coordinates": [ 51.5762731, 35.7350321 ] } },
{ "type": "Feature", "properties": { "element": "node", "id": 6851550262, "highway": "speed_camera", "maxspeed": "80", "name": null, "enforcement": null, "direction": null, "description": null, "name:en": null, "surface": null }, "geometry": { "type": "Point", "coordinates": [ 51.5764821, 35.7351708 ] } },
{ "type": "Feature", "properties": { "element": "node", "id": 7413600110, "highway": "speed_camera", "maxspeed": "90", "name": null, "enforcement": null, "direction": null, "description": null, "name:en": null, "surface": null }, "geometry": { "type": "Point", "coordinates": [ 51.532365, 35.7770584 ] } },
{ "type": "Feature", "properties": { "element": "node", "id": 7413600111, "highway": "speed_camera", "maxspeed": "90", "name": null, "enforcement": null, "direction": null, "description": null, "name:en": null, "surface": null }, "geometry": { "type": "Point", "coordinates": [ 51.5319855, 35.7769146 ] } },
{ "type": "Feature", "properties": { "element": "node", "id": 7781410288, "highway": "speed_camera", "maxspeed": "60", "name": null, "enforcement": null, "direction": "157", "description": null, "name:en": null, "surface": null }, "geometry": { "type": "Point", "coordinates": [ 51.4650851, 35.5720456 ] } },
{ "type": "Feature", "properties": { "element": "node", "id": 7781410289, "highway": "speed_camera", "maxspeed": "60", "name": null, "enforcement": null, "direction": "157", "description": null, "name:en": null, "surface": null }, "geometry": { "type": "Point", "coordinates": [ 51.4616305, 35.5789083 ] } },
{ "type": "Feature", "properties": { "element": "node", "id": 7781428753, "highway": "speed_camera", "maxspeed": "60", "name": "دوربین کنترل سرعت", "enforcement": null, "direction": "323", "description": null, "name:en": null, "surface": null }, "geometry": { "type": "Point", "coordinates": [ 51.4893529, 35.6280972 ] } },
{ "type": "Feature", "properties": { "element": "node", "id": 7997223350, "highway": "speed_camera", "maxspeed": "70", "name": "دوربین کنترل سرعت", "enforcement": null, "direction": "75", "description": null, "name:en": null, "surface": null }, "geometry": { "type": "Point", "coordinates": [ 51.439181, 35.6285418 ] } },
{ "type": "Feature", "properties": { "element": "node", "id": 8006799211, "highway": "speed_camera", "maxspeed": "90", "name": "دوربین کنترل سرعت", "enforcement": null, "direction": "69", "description": null, "name:en": null, "surface": null }, "geometry": { "type": "Point", "coordinates": [ 51.4648777, 35.6322237 ] } },
{ "type": "Feature", "properties": { "element": "node", "id": 8674528420, "highway": "speed_camera", "maxspeed": "70", "name": null, "enforcement": null, "direction": null, "description": null, "name:en": null, "surface": null }, "geometry": { "type": "Point", "coordinates": [ 51.2539395, 35.7568038 ] } },
{ "type": "Feature", "properties": { "element": "node", "id": 8674528421, "highway": "speed_camera", "maxspeed": "90", "name": null, "enforcement": null, "direction": null, "description": null, "name:en": null, "surface": null }, "geometry": { "type": "Point", "coordinates": [ 51.2544328, 35.7591142 ] } },
{ "type": "Feature", "properties": { "element": "node", "id": 8674528422, "highway": "speed_camera", "maxspeed": "40", "name": null, "enforcement": null, "direction": null, "description": null, "name:en": null, "surface": null }, "geometry": { "type": "Point", "coordinates": [ 51.2614416, 35.7629537 ] } },
{ "type": "Feature", "properties": { "element": "node", "id": 8901244770, "highway": "speed_camera", "maxspeed": "80", "name": "دوربین کنترل سرعت", "enforcement": null, "direction": null, "description": null, "name:en": null, "surface": null }, "geometry": { "type": "Point", "coordinates": [ 51.2947359, 35.7312198 ] } },
{ "type": "Feature", "properties": { "element": "node", "id": 8997078640, "highway": "speed_camera", "maxspeed": "60", "name": null, "enforcement": null, "direction": "0", "description": null, "name:en": null, "surface": null }, "geometry": { "type": "Point", "coordinates": [ 51.4448049, 35.7899546 ] } },
{ "type": "Feature", "properties": { "element": "node", "id": 9264766595, "highway": "speed_camera", "maxspeed": null, "name": null, "enforcement": null, "direction": "30", "description": null, "name:en": null, "surface": null }, "geometry": { "type": "Point", "coordinates": [ 51.2758985, 35.6516944 ] } },
{ "type": "Feature", "properties": { "element": "node", "id": 9468978340, "highway": "speed_camera", "maxspeed": "70", "name": "دوربین کنترل سرعت", "enforcement": null, "direction": null, "description": null, "name:en": null, "surface": null }, "geometry": { "type": "Point", "coordinates": [ 51.5044713, 35.7234473 ] } },
{ "type": "Feature", "properties": { "element": "node", "id": 9500529765, "highway": "speed_camera", "maxspeed": null, "name": null, "enforcement": null, "direction": null, "description": null, "name:en": null, "surface": "asphalt" }, "geometry": { "type": "Point", "coordinates": [ 51.1669959, 35.7077641 ] } },
{ "type": "Feature", "properties": { "element": "node", "id": 9591534145, "highway": "speed_camera", "maxspeed": "90", "name": null, "enforcement": null, "direction": null, "description": null, "name:en": null, "surface": null }, "geometry": { "type": "Point", "coordinates": [ 51.4854586, 35.7588029 ] } },
{ "type": "Feature", "properties": { "element": "node", "id": 9591534146, "highway": "speed_camera", "maxspeed": "90", "name": null, "enforcement": null, "direction": null, "description": null, "name:en": null, "surface": null }, "geometry": { "type": "Point", "coordinates": [ 51.4854227, 35.7586002 ] } },
{ "type": "Feature", "properties": { "element": "node", "id": 9787870101, "highway": "speed_camera", "maxspeed": "90", "name": null, "enforcement": null, "direction": null, "description": null, "name:en": null, "surface": null }, "geometry": { "type": "Point", "coordinates": [ 51.5703972, 35.7615618 ] } },
{ "type": "Feature", "properties": { "element": "node", "id": 9787870102, "highway": "speed_camera", "maxspeed": "90", "name": null, "enforcement": null, "direction": null, "description": null, "name:en": null, "surface": null }, "geometry": { "type": "Point", "coordinates": [ 51.508952, 35.7839312 ] } },
{ "type": "Feature", "properties": { "element": "node", "id": 9790516620, "highway": "speed_camera", "maxspeed": "90", "name": null, "enforcement": null, "direction": null, "description": null, "name:en": null, "surface": null }, "geometry": { "type": "Point", "coordinates": [ 51.5390095, 35.7511223 ] } },
{ "type": "Feature", "properties": { "element": "node", "id": 9790526743, "highway": "speed_camera", "maxspeed": "90", "name": null, "enforcement": null, "direction": null, "description": null, "name:en": null, "surface": null }, "geometry": { "type": "Point", "coordinates": [ 51.5388445, 35.7509444 ] } },
{ "type": "Feature", "properties": { "element": "node", "id": 9856721627, "highway": "speed_camera", "maxspeed": "80", "name": null, "enforcement": null, "direction": null, "description": null, "name:en": null, "surface": null }, "geometry": { "type": "Point", "coordinates": [ 51.5360698, 35.7672141 ] } },
{ "type": "Feature", "properties": { "element": "node", "id": 9889607897, "highway": "speed_camera", "maxspeed": "70", "name": null, "enforcement": null, "direction": null, "description": null, "name:en": null, "surface": null }, "geometry": { "type": "Point", "coordinates": [ 51.398778, 35.7766145 ] } },
{ "type": "Feature", "properties": { "element": "node", "id": 9889607898, "highway": "speed_camera", "maxspeed": "70", "name": null, "enforcement": null, "direction": null, "description": null, "name:en": null, "surface": null }, "geometry": { "type": "Point", "coordinates": [ 51.442811, 35.7853861 ] } },
{ "type": "Feature", "properties": { "element": "node", "id": 9889607899, "highway": "speed_camera", "maxspeed": "70", "name": null, "enforcement": null, "direction": null, "description": null, "name:en": null, "surface": null }, "geometry": { "type": "Point", "coordinates": [ 51.4515678, 35.7885507 ] } },
{ "type": "Feature", "properties": { "element": "node", "id": 9889607900, "highway": "speed_camera", "maxspeed": "50", "name": null, "enforcement": null, "direction": null, "description": null, "name:en": null, "surface": null }, "geometry": { "type": "Point", "coordinates": [ 51.4577693, 35.7920705 ] } },
{ "type": "Feature", "properties": { "element": "node", "id": 9889641366, "highway": "speed_camera", "maxspeed": "90", "name": null, "enforcement": null, "direction": null, "description": null, "name:en": null, "surface": null }, "geometry": { "type": "Point", "coordinates": [ 51.5916032, 35.7481588 ] } },
{ "type": "Feature", "properties": { "element": "node", "id": 9889641367, "highway": "speed_camera", "maxspeed": "90", "name": null, "enforcement": null, "direction": null, "description": null, "name:en": null, "surface": null }, "geometry": { "type": "Point", "coordinates": [ 51.5700036, 35.7616159 ] } },
{ "type": "Feature", "properties": { "element": "node", "id": 10012759744, "highway": "speed_camera", "maxspeed": "80", "name": null, "enforcement": null, "direction": null, "description": null, "name:en": null, "surface": null }, "geometry": { "type": "Point", "coordinates": [ 51.5316637, 35.7515706 ] } },
{ "type": "Feature", "properties": { "element": "node", "id": 10029981708, "highway": "speed_camera", "maxspeed": "80", "name": null, "enforcement": null, "direction": null, "description": null, "name:en": null, "surface": null }, "geometry": { "type": "Point", "coordinates": [ 51.4328903, 35.7807045 ] } },
{ "type": "Feature", "properties": { "element": "node", "id": 10029981709, "highway": "speed_camera", "maxspeed": "80", "name": null, "enforcement": null, "direction": null, "description": null, "name:en": null, "surface": null }, "geometry": { "type": "Point", "coordinates": [ 51.4505377, 35.7880182 ] } },
{ "type": "Feature", "properties": { "element": "node", "id": 10030012849, "highway": "speed_camera", "maxspeed": "80", "name": null, "enforcement": null, "direction": null, "description": null, "name:en": null, "surface": null }, "geometry": { "type": "Point", "coordinates": [ 51.4023434, 35.7667703 ] } },
{ "type": "Feature", "properties": { "element": "node", "id": 10030012850, "highway": "speed_camera", "maxspeed": null, "name": null, "enforcement": null, "direction": null, "description": null, "name:en": null, "surface": null }, "geometry": { "type": "Point", "coordinates": [ 51.3942939, 35.7273339 ] } },
{ "type": "Feature", "properties": { "element": "node", "id": 10117463554, "highway": "speed_camera", "maxspeed": "60", "name": null, "enforcement": null, "direction": null, "description": null, "name:en": null, "surface": null }, "geometry": { "type": "Point", "coordinates": [ 51.3823392, 35.7245082 ] } },
{ "type": "Feature", "properties": { "element": "node", "id": 10300583423, "highway": "speed_camera", "maxspeed": "90", "name": null, "enforcement": null, "direction": null, "description": null, "name:en": null, "surface": null }, "geometry": { "type": "Point", "coordinates": [ 51.5702441, 35.7456717 ] } },
{ "type": "Feature", "properties": { "element": "node", "id": 10300583424, "highway": "speed_camera", "maxspeed": "90", "name": null, "enforcement": null, "direction": null, "description": null, "name:en": null, "surface": null }, "geometry": { "type": "Point", "coordinates": [ 51.5701839, 35.7455195 ] } },
{ "type": "Feature", "properties": { "element": "node", "id": 10654363157, "highway": "speed_camera", "maxspeed": "80", "name": null, "enforcement": null, "direction": null, "description": null, "name:en": null, "surface": null }, "geometry": { "type": "Point", "coordinates": [ 51.1763874, 35.7220539 ] } },
{ "type": "Feature", "properties": { "element": "node", "id": 10751907428, "highway": "speed_camera", "maxspeed": "70", "name": null, "enforcement": null, "direction": null, "description": null, "name:en": null, "surface": null }, "geometry": { "type": "Point", "coordinates": [ 51.4516176, 35.7225234 ] } },
{ "type": "Feature", "properties": { "element": "node", "id": 10775611266, "highway": "speed_camera", "maxspeed": "70", "name": null, "enforcement": null, "direction": null, "description": null, "name:en": null, "surface": null }, "geometry": { "type": "Point", "coordinates": [ 51.4409253, 35.7851336 ] } },
{ "type": "Feature", "properties": { "element": "node", "id": 10775611267, "highway": "speed_camera", "maxspeed": "70", "name": null, "enforcement": null, "direction": null, "description": null, "name:en": null, "surface": null }, "geometry": { "type": "Point", "coordinates": [ 51.4342444, 35.7824043 ] } },
{ "type": "Feature", "properties": { "element": "node", "id": 10775611268, "highway": "speed_camera", "maxspeed": "80", "name": null, "enforcement": null, "direction": null, "description": null, "name:en": null, "surface": null }, "geometry": { "type": "Point", "coordinates": [ 51.3700716, 35.7393421 ] } },
{ "type": "Feature", "properties": { "element": "node", "id": 10799731308, "highway": "speed_camera", "maxspeed": null, "name": null, "enforcement": null, "direction": null, "description": null, "name:en": null, "surface": null }, "geometry": { "type": "Point", "coordinates": [ 51.2243969, 35.68715 ] } },
{ "type": "Feature", "properties": { "element": "node", "id": 10799731309, "highway": "speed_camera", "maxspeed": null, "name": null, "enforcement": null, "direction": null, "description": null, "name:en": null, "surface": null }, "geometry": { "type": "Point", "coordinates": [ 51.2100404, 35.6929584 ] } },
{ "type": "Feature", "properties": { "element": "node", "id": 10799786701, "highway": "speed_camera", "maxspeed": null, "name": null, "enforcement": null, "direction": null, "description": null, "name:en": null, "surface": null }, "geometry": { "type": "Point", "coordinates": [ 51.1470099, 35.7139929 ] } },
{ "type": "Feature", "properties": { "element": "node", "id": 10799827010, "highway": "speed_camera", "maxspeed": null, "name": null, "enforcement": null, "direction": null, "description": null, "name:en": null, "surface": null }, "geometry": { "type": "Point", "coordinates": [ 51.2859083, 35.676519 ] } },
{ "type": "Feature", "properties": { "element": "node", "id": 10799827011, "highway": "speed_camera", "maxspeed": null, "name": null, "enforcement": null, "direction": null, "description": null, "name:en": null, "surface": null }, "geometry": { "type": "Point", "coordinates": [ 51.2862486, 35.6763548 ] } },
{ "type": "Feature", "properties": { "element": "node", "id": 10820047799, "highway": "speed_camera", "maxspeed": "80", "name": null, "enforcement": null, "direction": null, "description": null, "name:en": null, "surface": null }, "geometry": { "type": "Point", "coordinates": [ 51.1732801, 35.7499307 ] } },
{ "type": "Feature", "properties": { "element": "node", "id": 10824239566, "highway": "speed_camera", "maxspeed": "70", "name": null, "enforcement": null, "direction": null, "description": null, "name:en": null, "surface": null }, "geometry": { "type": "Point", "coordinates": [ 51.4342916, 35.7823215 ] } },
{ "type": "Feature", "properties": { "element": "node", "id": 10900099757, "highway": "speed_camera", "maxspeed": null, "name": null, "enforcement": null, "direction": "90", "description": null, "name:en": null, "surface": null }, "geometry": { "type": "Point", "coordinates": [ 51.3374557, 35.7705405 ] } },
{ "type": "Feature", "properties": { "element": "node", "id": 11335356815, "highway": "speed_camera", "maxspeed": null, "name": null, "enforcement": null, "direction": null, "description": "دوربین نظارتی", "name:en": null, "surface": null }, "geometry": { "type": "Point", "coordinates": [ 51.3815732, 35.6711092 ] } },
{ "type": "Feature", "properties": { "element": "node", "id": 13572858584, "highway": "speed_camera", "maxspeed": null, "name": null, "enforcement": null, "direction": null, "description": null, "name:en": null, "surface": null }, "geometry": { "type": "Point", "coordinates": [ 51.4041727, 35.7644518 ] } },
{ "type": "Feature", "properties": { "element": "node", "id": 13572858585, "highway": "speed_camera", "maxspeed": "90", "name": null, "enforcement": null, "direction": null, "description": null, "name:en": null, "surface": null }, "geometry": { "type": "Point", "coordinates": [ 51.4038441, 35.7513901 ] } },
{ "type": "Feature", "properties": { "element": "node", "id": 13572858586, "highway": "speed_camera", "maxspeed": "90", "name": null, "enforcement": null, "direction": null, "description": null, "name:en": null, "surface": null }, "geometry": { "type": "Point", "coordinates": [ 51.4082325, 35.7512823 ] } },
{ "type": "Feature", "properties": { "element": "node", "id": 13572858587, "highway": "speed_camera", "maxspeed": "90", "name": null, "enforcement": null, "direction": null, "description": null, "name:en": null, "surface": null }, "geometry": { "type": "Point", "coordinates": [ 51.4091698, 35.7514657 ] } },
{ "type": "Feature", "properties": { "element": "node", "id": 13572858590, "highway": "speed_camera", "maxspeed": null, "name": null, "enforcement": null, "direction": null, "description": null, "name:en": null, "surface": null }, "geometry": { "type": "Point", "coordinates": [ 51.4033982, 35.7488556 ] } },
{ "type": "Feature", "properties": { "element": "node", "id": 13572858594, "highway": "speed_camera", "maxspeed": null, "name": null, "enforcement": null, "direction": null, "description": null, "name:en": null, "surface": null }, "geometry": { "type": "Point", "coordinates": [ 51.4013953, 35.7444565 ] } },
{ "type": "Feature", "properties": { "element": "node", "id": 13572858595, "highway": "speed_camera", "maxspeed": null, "name": null, "enforcement": null, "direction": null, "description": null, "name:en": null, "surface": null }, "geometry": { "type": "Point", "coordinates": [ 51.4044055, 35.7441186 ] } },
{ "type": "Feature", "properties": { "element": "node", "id": 13572858596, "highway": "speed_camera", "maxspeed": null, "name": null, "enforcement": null, "direction": null, "description": null, "name:en": null, "surface": null }, "geometry": { "type": "Point", "coordinates": [ 51.404412, 35.7439951 ] } },
{ "type": "Feature", "properties": { "element": "node", "id": 13572858598, "highway": "speed_camera", "maxspeed": null, "name": null, "enforcement": null, "direction": null, "description": null, "name:en": null, "surface": null }, "geometry": { "type": "Point", "coordinates": [ 51.3944324, 35.7275257 ] } },
{ "type": "Feature", "properties": { "element": "node", "id": 13572858599, "highway": "speed_camera", "maxspeed": null, "name": null, "enforcement": null, "direction": null, "description": null, "name:en": null, "surface": null }, "geometry": { "type": "Point", "coordinates": [ 51.4030358, 35.7691841 ] } },
{ "type": "Feature", "properties": { "element": "node", "id": 13834080977, "highway": "speed_camera", "maxspeed": null, "name": null, "enforcement": "maxspeed", "direction": null, "description": null, "name:en": null, "surface": null }, "geometry": { "type": "Point", "coordinates": [ 51.277384, 35.740216 ] } },
{ "type": "Feature", "properties": { "element": "node", "id": 13834080978, "highway": "speed_camera", "maxspeed": null, "name": null, "enforcement": "maxspeed", "direction": null, "description": null, "name:en": null, "surface": null }, "geometry": { "type": "Point", "coordinates": [ 51.3250653, 35.6750165 ] } },
{ "type": "Feature", "properties": { "element": "node", "id": 13834080979, "highway": "speed_camera", "maxspeed": null, "name": null, "enforcement": "maxspeed", "direction": null, "description": null, "name:en": null, "surface": null }, "geometry": { "type": "Point", "coordinates": [ 51.309287, 35.725266 ] } },
{ "type": "Feature", "properties": { "element": "node", "id": 13834080980, "highway": "speed_camera", "maxspeed": null, "name": null, "enforcement": "maxspeed", "direction": null, "description": null, "name:en": null, "surface": null }, "geometry": { "type": "Point", "coordinates": [ 51.38493, 35.750335 ] } },
{ "type": "Feature", "properties": { "element": "node", "id": 13834080981, "highway": "speed_camera", "maxspeed": null, "name": null, "enforcement": "maxspeed", "direction": null, "description": null, "name:en": null, "surface": null }, "geometry": { "type": "Point", "coordinates": [ 51.539098, 35.751139 ] } },
{ "type": "Feature", "properties": { "element": "node", "id": 13834080982, "highway": "speed_camera", "maxspeed": null, "name": null, "enforcement": "maxspeed", "direction": null, "description": null, "name:en": null, "surface": null }, "geometry": { "type": "Point", "coordinates": [ 51.448857, 35.58388 ] } },
{ "type": "Feature", "properties": { "element": "node", "id": 13834080983, "highway": "speed_camera", "maxspeed": null, "name": null, "enforcement": "maxspeed", "direction": null, "description": null, "name:en": null, "surface": null }, "geometry": { "type": "Point", "coordinates": [ 51.364773, 35.725009 ] } },
{ "type": "Feature", "properties": { "element": "node", "id": 13834080984, "highway": "speed_camera", "maxspeed": null, "name": null, "enforcement": "maxspeed", "direction": null, "description": null, "name:en": null, "surface": null }, "geometry": { "type": "Point", "coordinates": [ 51.323937, 35.69947 ] } },
{ "type": "Feature", "properties": { "element": "node", "id": 13834080985, "highway": "speed_camera", "maxspeed": null, "name": null, "enforcement": "maxspeed", "direction": null, "description": null, "name:en": null, "surface": null }, "geometry": { "type": "Point", "coordinates": [ 51.257112, 35.707236 ] } },
{ "type": "Feature", "properties": { "element": "node", "id": 13834080986, "highway": "speed_camera", "maxspeed": null, "name": null, "enforcement": "maxspeed", "direction": null, "description": null, "name:en": null, "surface": null }, "geometry": { "type": "Point", "coordinates": [ 51.319886, 35.699247 ] } },
{ "type": "Feature", "properties": { "element": "node", "id": 13834080987, "highway": "speed_camera", "maxspeed": null, "name": null, "enforcement": "maxspeed", "direction": null, "description": null, "name:en": null, "surface": null }, "geometry": { "type": "Point", "coordinates": [ 51.267745, 35.705102 ] } },
{ "type": "Feature", "properties": { "element": "node", "id": 13834080988, "highway": "speed_camera", "maxspeed": null, "name": null, "enforcement": "maxspeed", "direction": null, "description": null, "name:en": null, "surface": null }, "geometry": { "type": "Point", "coordinates": [ 51.457771, 35.626505 ] } },
{ "type": "Feature", "properties": { "element": "node", "id": 13834080989, "highway": "speed_camera", "maxspeed": null, "name": null, "enforcement": "maxspeed", "direction": null, "description": null, "name:en": null, "surface": null }, "geometry": { "type": "Point", "coordinates": [ 51.386446, 35.735202 ] } },
{ "type": "Feature", "properties": { "element": "node", "id": 13834080990, "highway": "speed_camera", "maxspeed": null, "name": null, "enforcement": "maxspeed", "direction": null, "description": null, "name:en": null, "surface": null }, "geometry": { "type": "Point", "coordinates": [ 51.385858, 35.740837 ] } },
{ "type": "Feature", "properties": { "element": "node", "id": 13834080991, "highway": "speed_camera", "maxspeed": null, "name": null, "enforcement": "maxspeed", "direction": null, "description": null, "name:en": null, "surface": null }, "geometry": { "type": "Point", "coordinates": [ 51.287228, 35.716245 ] } },
{ "type": "Feature", "properties": { "element": "node", "id": 13834080992, "highway": "speed_camera", "maxspeed": null, "name": null, "enforcement": "maxspeed", "direction": null, "description": null, "name:en": null, "surface": null }, "geometry": { "type": "Point", "coordinates": [ 51.4504, 35.585841 ] } },
{ "type": "Feature", "properties": { "element": "node", "id": 13834080993, "highway": "speed_camera", "maxspeed": null, "name": null, "enforcement": "maxspeed", "direction": null, "description": null, "name:en": null, "surface": null }, "geometry": { "type": "Point", "coordinates": [ 51.433948, 35.782176 ] } },
{ "type": "Feature", "properties": { "element": "node", "id": 13834080994, "highway": "speed_camera", "maxspeed": null, "name": null, "enforcement": "maxspeed", "direction": null, "description": null, "name:en": null, "surface": null }, "geometry": { "type": "Point", "coordinates": [ 51.43579, 35.783602 ] } },
{ "type": "Feature", "properties": { "element": "node", "id": 13834080995, "highway": "speed_camera", "maxspeed": null, "name": null, "enforcement": "maxspeed", "direction": null, "description": null, "name:en": null, "surface": null }, "geometry": { "type": "Point", "coordinates": [ 51.479505, 35.738272 ] } },
{ "type": "Feature", "properties": { "element": "node", "id": 13834080997, "highway": "speed_camera", "maxspeed": null, "name": null, "enforcement": "maxspeed", "direction": null, "description": null, "name:en": null, "surface": null }, "geometry": { "type": "Point", "coordinates": [ 51.436572, 35.627647 ] } },
{ "type": "Feature", "properties": { "element": "node", "id": 13834080998, "highway": "speed_camera", "maxspeed": null, "name": null, "enforcement": "maxspeed", "direction": null, "description": null, "name:en": null, "surface": null }, "geometry": { "type": "Point", "coordinates": [ 51.444096, 35.646788 ] } },
{ "type": "Feature", "properties": { "element": "node", "id": 13834080999, "highway": "speed_camera", "maxspeed": null, "name": null, "enforcement": "maxspeed", "direction": null, "description": null, "name:en": null, "surface": null }, "geometry": { "type": "Point", "coordinates": [ 51.438289, 35.724359 ] } },
{ "type": "Feature", "properties": { "element": "node", "id": 13834081000, "highway": "speed_camera", "maxspeed": null, "name": null, "enforcement": "maxspeed", "direction": null, "description": null, "name:en": null, "surface": null }, "geometry": { "type": "Point", "coordinates": [ 51.336381, 35.628129 ] } },
{ "type": "Feature", "properties": { "element": "node", "id": 13834109302, "highway": "speed_camera", "maxspeed": null, "name": null, "enforcement": "maxspeed", "direction": null, "description": null, "name:en": null, "surface": null }, "geometry": { "type": "Point", "coordinates": [ 51.34733, 35.673054 ] } },
{ "type": "Feature", "properties": { "element": "node", "id": 13834109303, "highway": "speed_camera", "maxspeed": null, "name": null, "enforcement": "maxspeed", "direction": null, "description": null, "name:en": null, "surface": null }, "geometry": { "type": "Point", "coordinates": [ 51.349821, 35.64965 ] } },
{ "type": "Feature", "properties": { "element": "node", "id": 13834109304, "highway": "speed_camera", "maxspeed": null, "name": null, "enforcement": "maxspeed", "direction": null, "description": null, "name:en": null, "surface": null }, "geometry": { "type": "Point", "coordinates": [ 51.387736, 35.765478 ] } },
{ "type": "Feature", "properties": { "element": "node", "id": 13834109305, "highway": "speed_camera", "maxspeed": null, "name": null, "enforcement": "maxspeed", "direction": null, "description": null, "name:en": null, "surface": null }, "geometry": { "type": "Point", "coordinates": [ 51.390107, 35.775775 ] } },
{ "type": "Feature", "properties": { "element": "node", "id": 13834109306, "highway": "speed_camera", "maxspeed": null, "name": null, "enforcement": "maxspeed", "direction": null, "description": null, "name:en": null, "surface": null }, "geometry": { "type": "Point", "coordinates": [ 51.345654, 35.784125 ] } },
{ "type": "Feature", "properties": { "element": "node", "id": 13834109307, "highway": "speed_camera", "maxspeed": null, "name": null, "enforcement": "maxspeed", "direction": null, "description": null, "name:en": null, "surface": null }, "geometry": { "type": "Point", "coordinates": [ 51.296212, 35.763552 ] } },
{ "type": "Feature", "properties": { "element": "node", "id": 13834109308, "highway": "speed_camera", "maxspeed": null, "name": null, "enforcement": "maxspeed", "direction": null, "description": null, "name:en": null, "surface": null }, "geometry": { "type": "Point", "coordinates": [ 51.415612, 35.741071 ] } },
{ "type": "Feature", "properties": { "element": "node", "id": 13834109309, "highway": "speed_camera", "maxspeed": null, "name": null, "enforcement": "maxspeed", "direction": null, "description": null, "name:en": null, "surface": null }, "geometry": { "type": "Point", "coordinates": [ 51.357966, 35.700368 ] } },
{ "type": "Feature", "properties": { "element": "node", "id": 13834109310, "highway": "speed_camera", "maxspeed": null, "name": null, "enforcement": "maxspeed", "direction": null, "description": null, "name:en": null, "surface": null }, "geometry": { "type": "Point", "coordinates": [ 51.386446, 35.737407 ] } },
{ "type": "Feature", "properties": { "element": "node", "id": 13834109311, "highway": "speed_camera", "maxspeed": null, "name": null, "enforcement": "maxspeed", "direction": null, "description": null, "name:en": null, "surface": null }, "geometry": { "type": "Point", "coordinates": [ 51.449817, 35.629277 ] } },
{ "type": "Feature", "properties": { "element": "node", "id": 13834109312, "highway": "speed_camera", "maxspeed": null, "name": null, "enforcement": "maxspeed", "direction": null, "description": null, "name:en": null, "surface": null }, "geometry": { "type": "Point", "coordinates": [ 51.429158, 35.749332 ] } },
{ "type": "Feature", "properties": { "element": "node", "id": 13834109314, "highway": "speed_camera", "maxspeed": null, "name": null, "enforcement": "maxspeed", "direction": null, "description": null, "name:en": null, "surface": null }, "geometry": { "type": "Point", "coordinates": [ 51.451506, 35.788642 ] } },
{ "type": "Feature", "properties": { "element": "node", "id": 13834109315, "highway": "speed_camera", "maxspeed": null, "name": null, "enforcement": "maxspeed", "direction": null, "description": null, "name:en": null, "surface": null }, "geometry": { "type": "Point", "coordinates": [ 51.484407, 35.61244 ] } },
{ "type": "Feature", "properties": { "element": "node", "id": 13834109316, "highway": "speed_camera", "maxspeed": null, "name": null, "enforcement": "maxspeed", "direction": null, "description": null, "name:en": null, "surface": null }, "geometry": { "type": "Point", "coordinates": [ 51.4763491, 35.6161416 ] } },
{ "type": "Feature", "properties": { "element": "node", "id": 13834109317, "highway": "speed_camera", "maxspeed": null, "name": null, "enforcement": "maxspeed", "direction": null, "description": null, "name:en": null, "surface": null }, "geometry": { "type": "Point", "coordinates": [ 51.47875, 35.790534 ] } },
{ "type": "Feature", "properties": { "element": "node", "id": 13834109318, "highway": "speed_camera", "maxspeed": null, "name": null, "enforcement": "maxspeed", "direction": null, "description": null, "name:en": null, "surface": null }, "geometry": { "type": "Point", "coordinates": [ 51.436677, 35.784234 ] } },
{ "type": "Feature", "properties": { "element": "node", "id": 13834109319, "highway": "speed_camera", "maxspeed": null, "name": null, "enforcement": "maxspeed", "direction": null, "description": null, "name:en": null, "surface": null }, "geometry": { "type": "Point", "coordinates": [ 51.435705, 35.744481 ] } },
{ "type": "Feature", "properties": { "element": "node", "id": 13834109320, "highway": "speed_camera", "maxspeed": null, "name": null, "enforcement": "maxspeed", "direction": null, "description": null, "name:en": null, "surface": null }, "geometry": { "type": "Point", "coordinates": [ 51.254788, 35.760066 ] } },
{ "type": "Feature", "properties": { "element": "node", "id": 13834109321, "highway": "speed_camera", "maxspeed": "60", "name": null, "enforcement": "maxspeed", "direction": null, "description": null, "name:en": null, "surface": null }, "geometry": { "type": "Point", "coordinates": [ 51.379956, 35.725513 ] } },
{ "type": "Feature", "properties": { "element": "node", "id": 13834109322, "highway": "speed_camera", "maxspeed": null, "name": null, "enforcement": "maxspeed", "direction": null, "description": null, "name:en": null, "surface": null }, "geometry": { "type": "Point", "coordinates": [ 51.282594, 35.733951 ] } },
{ "type": "Feature", "properties": { "element": "node", "id": 13834109323, "highway": "speed_camera", "maxspeed": "60", "name": null, "enforcement": "maxspeed", "direction": null, "description": null, "name:en": null, "surface": null }, "geometry": { "type": "Point", "coordinates": [ 51.382282, 35.724663 ] } },
{ "type": "Feature", "properties": { "element": "node", "id": 13834109324, "highway": "speed_camera", "maxspeed": null, "name": null, "enforcement": "maxspeed", "direction": null, "description": null, "name:en": null, "surface": null }, "geometry": { "type": "Point", "coordinates": [ 51.468806, 35.669814 ] } },
{ "type": "Feature", "properties": { "element": "node", "id": 13834109325, "highway": "speed_camera", "maxspeed": null, "name": null, "enforcement": "maxspeed", "direction": null, "description": null, "name:en": null, "surface": null }, "geometry": { "type": "Point", "coordinates": [ 51.36264, 35.619725 ] } },
{ "type": "Feature", "properties": { "element": "node", "id": 13834109326, "highway": "speed_camera", "maxspeed": null, "name": null, "enforcement": "maxspeed", "direction": null, "description": null, "name:en": null, "surface": null }, "geometry": { "type": "Point", "coordinates": [ 51.362295, 35.620644 ] } },
{ "type": "Feature", "properties": { "element": "node", "id": 13834109329, "highway": "speed_camera", "maxspeed": null, "name": null, "enforcement": "maxspeed", "direction": null, "description": null, "name:en": null, "surface": null }, "geometry": { "type": "Point", "coordinates": [ 51.514209, 35.728619 ] } },
{ "type": "Feature", "properties": { "element": "node", "id": 13834109330, "highway": "speed_camera", "maxspeed": null, "name": null, "enforcement": "maxspeed", "direction": null, "description": null, "name:en": null, "surface": null }, "geometry": { "type": "Point", "coordinates": [ 51.336517, 35.628417 ] } },
{ "type": "Feature", "properties": { "element": "node", "id": 13834109331, "highway": "speed_camera", "maxspeed": null, "name": null, "enforcement": "maxspeed", "direction": null, "description": null, "name:en": null, "surface": null }, "geometry": { "type": "Point", "coordinates": [ 51.344858, 35.676627 ] } },
{ "type": "Feature", "properties": { "element": "node", "id": 13834109332, "highway": "speed_camera", "maxspeed": null, "name": null, "enforcement": "maxspeed", "direction": null, "description": null, "name:en": null, "surface": null }, "geometry": { "type": "Point", "coordinates": [ 51.315177, 35.75305 ] } },
{ "type": "Feature", "properties": { "element": "node", "id": 13834109333, "highway": "speed_camera", "maxspeed": null, "name": null, "enforcement": "maxspeed", "direction": null, "description": null, "name:en": null, "surface": null }, "geometry": { "type": "Point", "coordinates": [ 51.311321, 35.753111 ] } },
{ "type": "Feature", "properties": { "element": "node", "id": 13834109334, "highway": "speed_camera", "maxspeed": null, "name": null, "enforcement": "maxspeed", "direction": null, "description": null, "name:en": null, "surface": null }, "geometry": { "type": "Point", "coordinates": [ 51.374605, 35.652799 ] } },
{ "type": "Feature", "properties": { "element": "node", "id": 13834109335, "highway": "speed_camera", "maxspeed": null, "name": null, "enforcement": "maxspeed", "direction": null, "description": null, "name:en": null, "surface": null }, "geometry": { "type": "Point", "coordinates": [ 51.371151, 35.648333 ] } },
{ "type": "Feature", "properties": { "element": "node", "id": 13834109337, "highway": "speed_camera", "maxspeed": null, "name": null, "enforcement": "maxspeed", "direction": null, "description": null, "name:en": null, "surface": null }, "geometry": { "type": "Point", "coordinates": [ 51.386121, 35.749854 ] } },
{ "type": "Feature", "properties": { "element": "node", "id": 13834109338, "highway": "speed_camera", "maxspeed": null, "name": null, "enforcement": "maxspeed", "direction": null, "description": null, "name:en": null, "surface": null }, "geometry": { "type": "Point", "coordinates": [ 51.383427, 35.731739 ] } },
{ "type": "Feature", "properties": { "element": "node", "id": 13834109339, "highway": "speed_camera", "maxspeed": null, "name": null, "enforcement": "maxspeed", "direction": null, "description": null, "name:en": null, "surface": null }, "geometry": { "type": "Point", "coordinates": [ 51.383085, 35.728786 ] } },
{ "type": "Feature", "properties": { "element": "node", "id": 13834109340, "highway": "speed_camera", "maxspeed": null, "name": null, "enforcement": "maxspeed", "direction": null, "description": null, "name:en": null, "surface": null }, "geometry": { "type": "Point", "coordinates": [ 51.383321, 35.73735 ] } },
{ "type": "Feature", "properties": { "element": "node", "id": 13834109341, "highway": "speed_camera", "maxspeed": null, "name": null, "enforcement": "maxspeed", "direction": null, "description": null, "name:en": null, "surface": null }, "geometry": { "type": "Point", "coordinates": [ 51.384381, 35.744244 ] } },
{ "type": "Feature", "properties": { "element": "node", "id": 13834109342, "highway": "speed_camera", "maxspeed": null, "name": null, "enforcement": "maxspeed", "direction": null, "description": null, "name:en": null, "surface": null }, "geometry": { "type": "Point", "coordinates": [ 51.38594, 35.750083 ] } },
{ "type": "Feature", "properties": { "element": "node", "id": 13834109343, "highway": "speed_camera", "maxspeed": null, "name": null, "enforcement": "maxspeed", "direction": null, "description": null, "name:en": null, "surface": null }, "geometry": { "type": "Point", "coordinates": [ 51.209669, 35.69283 ] } },
{ "type": "Feature", "properties": { "element": "node", "id": 13834109344, "highway": "speed_camera", "maxspeed": null, "name": null, "enforcement": "maxspeed", "direction": null, "description": null, "name:en": null, "surface": null }, "geometry": { "type": "Point", "coordinates": [ 51.267607, 35.704968 ] } },
{ "type": "Feature", "properties": { "element": "node", "id": 13834109345, "highway": "speed_camera", "maxspeed": null, "name": null, "enforcement": "maxspeed", "direction": null, "description": null, "name:en": null, "surface": null }, "geometry": { "type": "Point", "coordinates": [ 51.267754, 35.737013 ] } },
{ "type": "Feature", "properties": { "element": "node", "id": 13834109346, "highway": "speed_camera", "maxspeed": null, "name": null, "enforcement": "maxspeed", "direction": null, "description": null, "name:en": null, "surface": null }, "geometry": { "type": "Point", "coordinates": [ 51.264607, 35.741498 ] } },
{ "type": "Feature", "properties": { "element": "node", "id": 13834109347, "highway": "speed_camera", "maxspeed": null, "name": null, "enforcement": "maxspeed", "direction": null, "description": null, "name:en": null, "surface": null }, "geometry": { "type": "Point", "coordinates": [ 51.195707, 35.744534 ] } },
{ "type": "Feature", "properties": { "element": "node", "id": 13834109348, "highway": "speed_camera", "maxspeed": null, "name": null, "enforcement": "maxspeed", "direction": null, "description": null, "name:en": null, "surface": null }, "geometry": { "type": "Point", "coordinates": [ 51.448129, 35.787145 ] } },
{ "type": "Feature", "properties": { "element": "node", "id": 13834109349, "highway": "speed_camera", "maxspeed": null, "name": null, "enforcement": "maxspeed", "direction": null, "description": null, "name:en": null, "surface": null }, "geometry": { "type": "Point", "coordinates": [ 51.45873, 35.792775 ] } },
{ "type": "Feature", "properties": { "element": "node", "id": 13834109350, "highway": "speed_camera", "maxspeed": null, "name": null, "enforcement": "maxspeed", "direction": null, "description": null, "name:en": null, "surface": null }, "geometry": { "type": "Point", "coordinates": [ 51.469964, 35.791439 ] } },
{ "type": "Feature", "properties": { "element": "node", "id": 13834109351, "highway": "speed_camera", "maxspeed": null, "name": null, "enforcement": "maxspeed", "direction": null, "description": null, "name:en": null, "surface": null }, "geometry": { "type": "Point", "coordinates": [ 51.391587, 35.776333 ] } },
{ "type": "Feature", "properties": { "element": "node", "id": 13834109352, "highway": "speed_camera", "maxspeed": null, "name": null, "enforcement": "maxspeed", "direction": null, "description": null, "name:en": null, "surface": null }, "geometry": { "type": "Point", "coordinates": [ 51.392031, 35.789545 ] } },
{ "type": "Feature", "properties": { "element": "node", "id": 13834109353, "highway": "speed_camera", "maxspeed": null, "name": null, "enforcement": "maxspeed", "direction": null, "description": null, "name:en": null, "surface": null }, "geometry": { "type": "Point", "coordinates": [ 51.369747, 35.787912 ] } },
{ "type": "Feature", "properties": { "element": "node", "id": 13834109354, "highway": "speed_camera", "maxspeed": null, "name": null, "enforcement": "maxspeed", "direction": null, "description": null, "name:en": null, "surface": null }, "geometry": { "type": "Point", "coordinates": [ 51.379716, 35.684297 ] } },
{ "type": "Feature", "properties": { "element": "node", "id": 13834109355, "highway": "speed_camera", "maxspeed": null, "name": null, "enforcement": "maxspeed", "direction": null, "description": null, "name:en": null, "surface": null }, "geometry": { "type": "Point", "coordinates": [ 51.416936, 35.75179 ] } },
{ "type": "Feature", "properties": { "element": "node", "id": 13834109359, "highway": "speed_camera", "maxspeed": null, "name": null, "enforcement": "maxspeed", "direction": null, "description": null, "name:en": null, "surface": null }, "geometry": { "type": "Point", "coordinates": [ 51.451509, 35.598932 ] } },
{ "type": "Feature", "properties": { "element": "node", "id": 13834109360, "highway": "speed_camera", "maxspeed": null, "name": null, "enforcement": "maxspeed", "direction": null, "description": null, "name:en": null, "surface": null }, "geometry": { "type": "Point", "coordinates": [ 51.451876, 35.598861 ] } },
{ "type": "Feature", "properties": { "element": "node", "id": 13834109361, "highway": "speed_camera", "maxspeed": null, "name": null, "enforcement": "maxspeed", "direction": null, "description": null, "name:en": null, "surface": null }, "geometry": { "type": "Point", "coordinates": [ 51.263901, 35.757355 ] } },
{ "type": "Feature", "properties": { "element": "node", "id": 13834109366, "highway": "speed_camera", "maxspeed": null, "name": null, "enforcement": "maxspeed", "direction": null, "description": null, "name:en": null, "surface": null }, "geometry": { "type": "Point", "coordinates": [ 51.461421, 35.751287 ] } },
{ "type": "Feature", "properties": { "element": "node", "id": 13834109367, "highway": "speed_camera", "maxspeed": null, "name": null, "enforcement": "maxspeed", "direction": null, "description": null, "name:en": null, "surface": null }, "geometry": { "type": "Point", "coordinates": [ 51.585956, 35.724703 ] } },
{ "type": "Feature", "properties": { "element": "node", "id": 13834109371, "highway": "speed_camera", "maxspeed": null, "name": null, "enforcement": "maxspeed", "direction": null, "description": null, "name:en": null, "surface": null }, "geometry": { "type": "Point", "coordinates": [ 51.466544, 35.621301 ] } },
{ "type": "Feature", "properties": { "element": "node", "id": 13834109372, "highway": "speed_camera", "maxspeed": null, "name": null, "enforcement": "maxspeed", "direction": null, "description": null, "name:en": null, "surface": null }, "geometry": { "type": "Point", "coordinates": [ 51.5346682, 35.7245311 ] } },
{ "type": "Feature", "properties": { "element": "node", "id": 13834109373, "highway": "speed_camera", "maxspeed": null, "name": null, "enforcement": "maxspeed", "direction": null, "description": null, "name:en": null, "surface": null }, "geometry": { "type": "Point", "coordinates": [ 51.442228, 35.785411 ] } },
{ "type": "Feature", "properties": { "element": "node", "id": 13834109374, "highway": "speed_camera", "maxspeed": null, "name": null, "enforcement": "maxspeed", "direction": null, "description": null, "name:en": null, "surface": null }, "geometry": { "type": "Point", "coordinates": [ 51.4145185, 35.7066979 ] } },
{ "type": "Feature", "properties": { "element": "node", "id": 13834109375, "highway": "speed_camera", "maxspeed": null, "name": null, "enforcement": "maxspeed", "direction": null, "description": null, "name:en": null, "surface": null }, "geometry": { "type": "Point", "coordinates": [ 51.2636989, 35.6895677 ] } },
{ "type": "Feature", "properties": { "element": "node", "id": 13834109376, "highway": "speed_camera", "maxspeed": null, "name": null, "enforcement": "maxspeed", "direction": null, "description": null, "name:en": null, "surface": null }, "geometry": { "type": "Point", "coordinates": [ 51.285838, 35.676655 ] } },
{ "type": "Feature", "properties": { "element": "node", "id": 13834109377, "highway": "speed_camera", "maxspeed": null, "name": null, "enforcement": "maxspeed", "direction": null, "description": null, "name:en": null, "surface": null }, "geometry": { "type": "Point", "coordinates": [ 51.45749, 35.644987 ] } },
{ "type": "Feature", "properties": { "element": "node", "id": 13834109378, "highway": "speed_camera", "maxspeed": null, "name": null, "enforcement": "maxspeed", "direction": null, "description": null, "name:en": null, "surface": null }, "geometry": { "type": "Point", "coordinates": [ 51.354922, 35.68767 ] } },
{ "type": "Feature", "properties": { "element": "node", "id": 13834109379, "highway": "speed_camera", "maxspeed": null, "name": null, "enforcement": "maxspeed", "direction": null, "description": null, "name:en": null, "surface": null }, "geometry": { "type": "Point", "coordinates": [ 51.385384, 35.687958 ] } },
{ "type": "Feature", "properties": { "element": "node", "id": 13834109382, "highway": "speed_camera", "maxspeed": null, "name": null, "enforcement": "maxspeed", "direction": null, "description": null, "name:en": null, "surface": null }, "geometry": { "type": "Point", "coordinates": [ 51.465923, 35.621246 ] } },
{ "type": "Feature", "properties": { "element": "node", "id": 13834109383, "highway": "speed_camera", "maxspeed": null, "name": null, "enforcement": "maxspeed", "direction": null, "description": null, "name:en": null, "surface": null }, "geometry": { "type": "Point", "coordinates": [ 51.380131, 35.681349 ] } },
{ "type": "Feature", "properties": { "element": "node", "id": 13834109384, "highway": "speed_camera", "maxspeed": null, "name": null, "enforcement": "maxspeed", "direction": null, "description": null, "name:en": null, "surface": null }, "geometry": { "type": "Point", "coordinates": [ 51.250931, 35.73777 ] } },
{ "type": "Feature", "properties": { "element": "node", "id": 13834109385, "highway": "speed_camera", "maxspeed": null, "name": null, "enforcement": "maxspeed", "direction": null, "description": null, "name:en": null, "surface": null }, "geometry": { "type": "Point", "coordinates": [ 51.251039, 35.737754 ] } },
{ "type": "Feature", "properties": { "element": "node", "id": 13834109386, "highway": "speed_camera", "maxspeed": null, "name": null, "enforcement": "maxspeed", "direction": null, "description": null, "name:en": null, "surface": null }, "geometry": { "type": "Point", "coordinates": [ 51.32648, 35.73897 ] } },
{ "type": "Feature", "properties": { "element": "node", "id": 13834109387, "highway": "speed_camera", "maxspeed": null, "name": null, "enforcement": "maxspeed", "direction": null, "description": null, "name:en": null, "surface": null }, "geometry": { "type": "Point", "coordinates": [ 51.286284, 35.719642 ] } },
{ "type": "Feature", "properties": { "element": "node", "id": 13834109388, "highway": "speed_camera", "maxspeed": null, "name": null, "enforcement": "maxspeed", "direction": null, "description": null, "name:en": null, "surface": null }, "geometry": { "type": "Point", "coordinates": [ 51.275956, 35.731444 ] } },
{ "type": "Feature", "properties": { "element": "node", "id": 13834109389, "highway": "speed_camera", "maxspeed": null, "name": null, "enforcement": "maxspeed", "direction": null, "description": null, "name:en": null, "surface": null }, "geometry": { "type": "Point", "coordinates": [ 51.260761, 35.729024 ] } },
{ "type": "Feature", "properties": { "element": "node", "id": 13834109391, "highway": "speed_camera", "maxspeed": null, "name": null, "enforcement": "maxspeed", "direction": null, "description": null, "name:en": null, "surface": null }, "geometry": { "type": "Point", "coordinates": [ 51.403116, 35.751202 ] } },
{ "type": "Feature", "properties": { "element": "node", "id": 13834109392, "highway": "speed_camera", "maxspeed": null, "name": null, "enforcement": "maxspeed", "direction": null, "description": null, "name:en": null, "surface": null }, "geometry": { "type": "Point", "coordinates": [ 51.389489, 35.750524 ] } },
{ "type": "Feature", "properties": { "element": "node", "id": 13834109393, "highway": "speed_camera", "maxspeed": null, "name": null, "enforcement": "maxspeed", "direction": null, "description": null, "name:en": null, "surface": null }, "geometry": { "type": "Point", "coordinates": [ 51.348416, 35.732412 ] } },
{ "type": "Feature", "properties": { "element": "node", "id": 13834109399, "highway": "speed_camera", "maxspeed": null, "name": null, "enforcement": "maxspeed", "direction": null, "description": null, "name:en": null, "surface": null }, "geometry": { "type": "Point", "coordinates": [ 51.282578, 35.734299 ] } },
{ "type": "Feature", "properties": { "element": "node", "id": 13834109400, "highway": "speed_camera", "maxspeed": null, "name": null, "enforcement": "maxspeed", "direction": null, "description": null, "name:en": null, "surface": null }, "geometry": { "type": "Point", "coordinates": [ 51.373361, 35.624866 ] } },
{ "type": "Feature", "properties": { "element": "node", "id": 13834109404, "highway": "speed_camera", "maxspeed": null, "name": null, "enforcement": "maxspeed", "direction": null, "description": null, "name:en": null, "surface": null }, "geometry": { "type": "Point", "coordinates": [ 51.210424, 35.740357 ] } },
{ "type": "Feature", "properties": { "element": "node", "id": 13834109405, "highway": "speed_camera", "maxspeed": null, "name": null, "enforcement": "maxspeed", "direction": null, "description": null, "name:en": null, "surface": null }, "geometry": { "type": "Point", "coordinates": [ 51.227104, 35.739595 ] } },
{ "type": "Feature", "properties": { "element": "node", "id": 13834109406, "highway": "speed_camera", "maxspeed": null, "name": null, "enforcement": "maxspeed", "direction": null, "description": null, "name:en": null, "surface": null }, "geometry": { "type": "Point", "coordinates": [ 51.266401, 35.705017 ] } },
{ "type": "Feature", "properties": { "element": "node", "id": 13834109407, "highway": "speed_camera", "maxspeed": null, "name": null, "enforcement": "maxspeed", "direction": null, "description": null, "name:en": null, "surface": null }, "geometry": { "type": "Point", "coordinates": [ 51.45938, 35.659525 ] } },
{ "type": "Feature", "properties": { "element": "node", "id": 13834109408, "highway": "speed_camera", "maxspeed": null, "name": null, "enforcement": "maxspeed", "direction": null, "description": null, "name:en": null, "surface": null }, "geometry": { "type": "Point", "coordinates": [ 51.448454, 35.645303 ] } },
{ "type": "Feature", "properties": { "element": "node", "id": 13834109409, "highway": "speed_camera", "maxspeed": null, "name": null, "enforcement": "maxspeed", "direction": null, "description": null, "name:en": null, "surface": null }, "geometry": { "type": "Point", "coordinates": [ 51.430254, 35.647743 ] } },
{ "type": "Feature", "properties": { "element": "node", "id": 13834109410, "highway": "speed_camera", "maxspeed": null, "name": null, "enforcement": "maxspeed", "direction": null, "description": null, "name:en": null, "surface": null }, "geometry": { "type": "Point", "coordinates": [ 51.384679, 35.663325 ] } },
{ "type": "Feature", "properties": { "element": "node", "id": 13834109411, "highway": "speed_camera", "maxspeed": null, "name": null, "enforcement": "maxspeed", "direction": null, "description": null, "name:en": null, "surface": null }, "geometry": { "type": "Point", "coordinates": [ 51.460172, 35.742863 ] } },
{ "type": "Feature", "properties": { "element": "node", "id": 13834109413, "highway": "speed_camera", "maxspeed": null, "name": null, "enforcement": "maxspeed", "direction": null, "description": null, "name:en": null, "surface": null }, "geometry": { "type": "Point", "coordinates": [ 51.203693, 35.742019 ] } },
{ "type": "Feature", "properties": { "element": "node", "id": 13834109414, "highway": "speed_camera", "maxspeed": null, "name": null, "enforcement": "maxspeed", "direction": null, "description": null, "name:en": null, "surface": null }, "geometry": { "type": "Point", "coordinates": [ 51.203612, 35.742329 ] } },
{ "type": "Feature", "properties": { "element": "node", "id": 13834109416, "highway": "speed_camera", "maxspeed": null, "name": null, "enforcement": "maxspeed", "direction": null, "description": null, "name:en": null, "surface": null }, "geometry": { "type": "Point", "coordinates": [ 51.188494, 35.719687 ] } },
{ "type": "Feature", "properties": { "element": "node", "id": 13834109417, "highway": "speed_camera", "maxspeed": null, "name": null, "enforcement": "maxspeed", "direction": null, "description": null, "name:en": null, "surface": null }, "geometry": { "type": "Point", "coordinates": [ 51.487959, 35.787012 ] } },
{ "type": "Feature", "properties": { "element": "node", "id": 13834109418, "highway": "speed_camera", "maxspeed": null, "name": null, "enforcement": "maxspeed", "direction": null, "description": null, "name:en": null, "surface": null }, "geometry": { "type": "Point", "coordinates": [ 51.267892, 35.737117 ] } },
{ "type": "Feature", "properties": { "element": "node", "id": 13834109419, "highway": "speed_camera", "maxspeed": null, "name": null, "enforcement": "maxspeed", "direction": null, "description": null, "name:en": null, "surface": null }, "geometry": { "type": "Point", "coordinates": [ 51.322821, 35.69718 ] } },
{ "type": "Feature", "properties": { "element": "node", "id": 13834109420, "highway": "speed_camera", "maxspeed": null, "name": null, "enforcement": "maxspeed", "direction": null, "description": null, "name:en": null, "surface": null }, "geometry": { "type": "Point", "coordinates": [ 51.322902, 35.697272 ] } },
{ "type": "Feature", "properties": { "element": "node", "id": 13834109421, "highway": "speed_camera", "maxspeed": null, "name": null, "enforcement": "maxspeed", "direction": null, "description": null, "name:en": null, "surface": null }, "geometry": { "type": "Point", "coordinates": [ 51.229147, 35.712112 ] } },
{ "type": "Feature", "properties": { "element": "node", "id": 13834109423, "highway": "speed_camera", "maxspeed": null, "name": null, "enforcement": "maxspeed", "direction": null, "description": null, "name:en": null, "surface": null }, "geometry": { "type": "Point", "coordinates": [ 51.37901, 35.692387 ] } },
{ "type": "Feature", "properties": { "element": "node", "id": 13834109424, "highway": "speed_camera", "maxspeed": null, "name": null, "enforcement": "maxspeed", "direction": null, "description": null, "name:en": null, "surface": null }, "geometry": { "type": "Point", "coordinates": [ 51.385426, 35.688071 ] } },
{ "type": "Feature", "properties": { "element": "node", "id": 13834109425, "highway": "speed_camera", "maxspeed": null, "name": null, "enforcement": "maxspeed", "direction": null, "description": null, "name:en": null, "surface": null }, "geometry": { "type": "Point", "coordinates": [ 51.465423, 35.614177 ] } },
{ "type": "Feature", "properties": { "element": "node", "id": 13834109426, "highway": "speed_camera", "maxspeed": null, "name": null, "enforcement": "maxspeed", "direction": null, "description": null, "name:en": null, "surface": null }, "geometry": { "type": "Point", "coordinates": [ 51.505491, 35.758339 ] } },
{ "type": "Feature", "properties": { "element": "node", "id": 13834109427, "highway": "speed_camera", "maxspeed": null, "name": null, "enforcement": "maxspeed", "direction": null, "description": null, "name:en": null, "surface": null }, "geometry": { "type": "Point", "coordinates": [ 51.391106, 35.637986 ] } },
{ "type": "Feature", "properties": { "element": "node", "id": 13834109428, "highway": "speed_camera", "maxspeed": null, "name": null, "enforcement": "maxspeed", "direction": null, "description": null, "name:en": null, "surface": null }, "geometry": { "type": "Point", "coordinates": [ 51.371404, 35.624786 ] } },
{ "type": "Feature", "properties": { "element": "node", "id": 13834109429, "highway": "speed_camera", "maxspeed": null, "name": null, "enforcement": "maxspeed", "direction": null, "description": null, "name:en": null, "surface": null }, "geometry": { "type": "Point", "coordinates": [ 51.394646, 35.778449 ] } },
{ "type": "Feature", "properties": { "element": "node", "id": 13834109430, "highway": "speed_camera", "maxspeed": null, "name": null, "enforcement": "maxspeed", "direction": null, "description": null, "name:en": null, "surface": null }, "geometry": { "type": "Point", "coordinates": [ 51.462096, 35.672828 ] } },
{ "type": "Feature", "properties": { "element": "node", "id": 13834109431, "highway": "speed_camera", "maxspeed": null, "name": null, "enforcement": "maxspeed", "direction": null, "description": null, "name:en": null, "surface": null }, "geometry": { "type": "Point", "coordinates": [ 51.464011, 35.636511 ] } },
{ "type": "Feature", "properties": { "element": "node", "id": 13834109432, "highway": "speed_camera", "maxspeed": null, "name": null, "enforcement": "maxspeed", "direction": null, "description": null, "name:en": null, "surface": null }, "geometry": { "type": "Point", "coordinates": [ 51.454877, 35.60407 ] } },
{ "type": "Feature", "properties": { "element": "node", "id": 13834109435, "highway": "speed_camera", "maxspeed": null, "name": null, "enforcement": "maxspeed", "direction": null, "description": null, "name:en": null, "surface": null }, "geometry": { "type": "Point", "coordinates": [ 51.356433, 35.694349 ] } },
{ "type": "Feature", "properties": { "element": "node", "id": 13834109436, "highway": "speed_camera", "maxspeed": null, "name": null, "enforcement": "maxspeed", "direction": null, "description": null, "name:en": null, "surface": null }, "geometry": { "type": "Point", "coordinates": [ 51.350552, 35.726474 ] } },
{ "type": "Feature", "properties": { "element": "node", "id": 13834109437, "highway": "speed_camera", "maxspeed": null, "name": null, "enforcement": "maxspeed", "direction": null, "description": null, "name:en": null, "surface": null }, "geometry": { "type": "Point", "coordinates": [ 51.438964, 35.683557 ] } },
{ "type": "Feature", "properties": { "element": "node", "id": 13834109438, "highway": "speed_camera", "maxspeed": null, "name": null, "enforcement": "maxspeed", "direction": null, "description": null, "name:en": null, "surface": null }, "geometry": { "type": "Point", "coordinates": [ 51.343465, 35.778221 ] } },
{ "type": "Feature", "properties": { "element": "node", "id": 13834109439, "highway": "speed_camera", "maxspeed": null, "name": null, "enforcement": "maxspeed", "direction": null, "description": null, "name:en": null, "surface": null }, "geometry": { "type": "Point", "coordinates": [ 51.458222, 35.792682 ] } },
{ "type": "Feature", "properties": { "element": "node", "id": 13834109440, "highway": "speed_camera", "maxspeed": null, "name": null, "enforcement": "maxspeed", "direction": null, "description": null, "name:en": null, "surface": null }, "geometry": { "type": "Point", "coordinates": [ 51.432582, 35.780517 ] } },
{ "type": "Feature", "properties": { "element": "node", "id": 13834109441, "highway": "speed_camera", "maxspeed": null, "name": null, "enforcement": "maxspeed", "direction": null, "description": null, "name:en": null, "surface": null }, "geometry": { "type": "Point", "coordinates": [ 51.493704, 35.786053 ] } },
{ "type": "Feature", "properties": { "element": "node", "id": 13834109442, "highway": "speed_camera", "maxspeed": null, "name": null, "enforcement": "maxspeed", "direction": null, "description": null, "name:en": null, "surface": null }, "geometry": { "type": "Point", "coordinates": [ 51.453915, 35.79007 ] } },
{ "type": "Feature", "properties": { "element": "node", "id": 13834109443, "highway": "speed_camera", "maxspeed": null, "name": null, "enforcement": "maxspeed", "direction": null, "description": null, "name:en": null, "surface": null }, "geometry": { "type": "Point", "coordinates": [ 51.480939, 35.790078 ] } },
{ "type": "Feature", "properties": { "element": "node", "id": 13834109444, "highway": "speed_camera", "maxspeed": null, "name": null, "enforcement": "maxspeed", "direction": null, "description": null, "name:en": null, "surface": null }, "geometry": { "type": "Point", "coordinates": [ 51.464311, 35.79254 ] } },
{ "type": "Feature", "properties": { "element": "node", "id": 13834109446, "highway": "speed_camera", "maxspeed": null, "name": null, "enforcement": "maxspeed", "direction": null, "description": null, "name:en": null, "surface": null }, "geometry": { "type": "Point", "coordinates": [ 51.279072, 35.739602 ] } },
{ "type": "Feature", "properties": { "element": "node", "id": 13834109447, "highway": "speed_camera", "maxspeed": null, "name": null, "enforcement": "maxspeed", "direction": null, "description": null, "name:en": null, "surface": null }, "geometry": { "type": "Point", "coordinates": [ 51.408549, 35.678424 ] } },
{ "type": "Feature", "properties": { "element": "node", "id": 13834109448, "highway": "speed_camera", "maxspeed": null, "name": null, "enforcement": "maxspeed", "direction": null, "description": null, "name:en": null, "surface": null }, "geometry": { "type": "Point", "coordinates": [ 51.425435, 35.668887 ] } },
{ "type": "Feature", "properties": { "element": "node", "id": 13834109449, "highway": "speed_camera", "maxspeed": null, "name": null, "enforcement": "maxspeed", "direction": null, "description": null, "name:en": null, "surface": null }, "geometry": { "type": "Point", "coordinates": [ 51.43982, 35.674213 ] } },
{ "type": "Feature", "properties": { "element": "node", "id": 13834109450, "highway": "speed_camera", "maxspeed": null, "name": null, "enforcement": "maxspeed", "direction": null, "description": null, "name:en": null, "surface": null }, "geometry": { "type": "Point", "coordinates": [ 51.12689, 35.753405 ] } },
{ "type": "Feature", "properties": { "element": "node", "id": 13834109451, "highway": "speed_camera", "maxspeed": null, "name": null, "enforcement": "maxspeed", "direction": null, "description": null, "name:en": null, "surface": null }, "geometry": { "type": "Point", "coordinates": [ 51.321101, 35.715236 ] } },
{ "type": "Feature", "properties": { "element": "node", "id": 13834109452, "highway": "speed_camera", "maxspeed": null, "name": null, "enforcement": "maxspeed", "direction": null, "description": null, "name:en": null, "surface": null }, "geometry": { "type": "Point", "coordinates": [ 51.261563, 35.655275 ] } },
{ "type": "Feature", "properties": { "element": "node", "id": 13834109453, "highway": "speed_camera", "maxspeed": null, "name": null, "enforcement": "maxspeed", "direction": null, "description": null, "name:en": null, "surface": null }, "geometry": { "type": "Point", "coordinates": [ 51.235771, 35.758436 ] } },
{ "type": "Feature", "properties": { "element": "node", "id": 13834109454, "highway": "speed_camera", "maxspeed": null, "name": null, "enforcement": "maxspeed", "direction": null, "description": null, "name:en": null, "surface": null }, "geometry": { "type": "Point", "coordinates": [ 51.2310607, 35.7576526 ] } },
{ "type": "Feature", "properties": { "element": "node", "id": 13834109455, "highway": "speed_camera", "maxspeed": null, "name": null, "enforcement": "maxspeed", "direction": null, "description": null, "name:en": null, "surface": null }, "geometry": { "type": "Point", "coordinates": [ 51.37809, 35.711986 ] } },
{ "type": "Feature", "properties": { "element": "node", "id": 13834109456, "highway": "speed_camera", "maxspeed": null, "name": null, "enforcement": "maxspeed", "direction": null, "description": null, "name:en": null, "surface": null }, "geometry": { "type": "Point", "coordinates": [ 51.377755, 35.741715 ] } },
{ "type": "Feature", "properties": { "element": "node", "id": 13834109458, "highway": "speed_camera", "maxspeed": null, "name": null, "enforcement": "maxspeed", "direction": null, "description": null, "name:en": null, "surface": null }, "geometry": { "type": "Point", "coordinates": [ 51.416594, 35.652574 ] } },
{ "type": "Feature", "properties": { "element": "node", "id": 13834109461, "highway": "speed_camera", "maxspeed": null, "name": null, "enforcement": "maxspeed", "direction": null, "description": null, "name:en": null, "surface": null }, "geometry": { "type": "Point", "coordinates": [ 51.205011, 35.694577 ] } },
{ "type": "Feature", "properties": { "element": "node", "id": 13834109463, "highway": "speed_camera", "maxspeed": null, "name": null, "enforcement": "maxspeed", "direction": null, "description": null, "name:en": null, "surface": null }, "geometry": { "type": "Point", "coordinates": [ 51.405449, 35.777341 ] } },
{ "type": "Feature", "properties": { "element": "node", "id": 13834109464, "highway": "speed_camera", "maxspeed": null, "name": null, "enforcement": "maxspeed", "direction": null, "description": null, "name:en": null, "surface": null }, "geometry": { "type": "Point", "coordinates": [ 51.398718, 35.776677 ] } },
{ "type": "Feature", "properties": { "element": "node", "id": 13834109465, "highway": "speed_camera", "maxspeed": null, "name": null, "enforcement": "maxspeed", "direction": null, "description": null, "name:en": null, "surface": null }, "geometry": { "type": "Point", "coordinates": [ 51.409527, 35.779687 ] } },
{ "type": "Feature", "properties": { "element": "node", "id": 13834109470, "highway": "speed_camera", "maxspeed": null, "name": null, "enforcement": "maxspeed", "direction": null, "description": null, "name:en": null, "surface": null }, "geometry": { "type": "Point", "coordinates": [ 51.468852, 35.791711 ] } },
{ "type": "Feature", "properties": { "element": "node", "id": 13834109471, "highway": "speed_camera", "maxspeed": null, "name": null, "enforcement": "maxspeed", "direction": null, "description": null, "name:en": null, "surface": null }, "geometry": { "type": "Point", "coordinates": [ 51.369415, 35.787618 ] } },
{ "type": "Feature", "properties": { "element": "node", "id": 13834109472, "highway": "speed_camera", "maxspeed": null, "name": null, "enforcement": "maxspeed", "direction": null, "description": null, "name:en": null, "surface": null }, "geometry": { "type": "Point", "coordinates": [ 51.243954, 35.760006 ] } },
{ "type": "Feature", "properties": { "element": "node", "id": 13834109473, "highway": "speed_camera", "maxspeed": null, "name": null, "enforcement": "maxspeed", "direction": null, "description": null, "name:en": null, "surface": null }, "geometry": { "type": "Point", "coordinates": [ 51.254746, 35.759919 ] } },
{ "type": "Feature", "properties": { "element": "node", "id": 13834109474, "highway": "speed_camera", "maxspeed": null, "name": null, "enforcement": "maxspeed", "direction": null, "description": null, "name:en": null, "surface": null }, "geometry": { "type": "Point", "coordinates": [ 51.456355, 35.741289 ] } },
{ "type": "Feature", "properties": { "element": "node", "id": 13834109477, "highway": "speed_camera", "maxspeed": null, "name": null, "enforcement": "maxspeed", "direction": null, "description": null, "name:en": null, "surface": null }, "geometry": { "type": "Point", "coordinates": [ 51.397507, 35.659945 ] } },
{ "type": "Feature", "properties": { "element": "node", "id": 13834109478, "highway": "speed_camera", "maxspeed": null, "name": null, "enforcement": "maxspeed", "direction": null, "description": null, "name:en": null, "surface": null }, "geometry": { "type": "Point", "coordinates": [ 51.393732, 35.655923 ] } },
{ "type": "Feature", "properties": { "element": "node", "id": 13834109480, "highway": "speed_camera", "maxspeed": null, "name": null, "enforcement": "maxspeed", "direction": null, "description": null, "name:en": null, "surface": null }, "geometry": { "type": "Point", "coordinates": [ 51.39091, 35.638068 ] } },
{ "type": "Feature", "properties": { "element": "node", "id": 13834109481, "highway": "speed_camera", "maxspeed": null, "name": null, "enforcement": "maxspeed", "direction": null, "description": null, "name:en": null, "surface": null }, "geometry": { "type": "Point", "coordinates": [ 51.384577, 35.663247 ] } },
{ "type": "Feature", "properties": { "element": "node", "id": 13834109482, "highway": "speed_camera", "maxspeed": null, "name": null, "enforcement": "maxspeed", "direction": null, "description": null, "name:en": null, "surface": null }, "geometry": { "type": "Point", "coordinates": [ 51.276005, 35.731592 ] } },
{ "type": "Feature", "properties": { "element": "node", "id": 13834109483, "highway": "speed_camera", "maxspeed": null, "name": null, "enforcement": "maxspeed", "direction": null, "description": null, "name:en": null, "surface": null }, "geometry": { "type": "Point", "coordinates": [ 51.286524, 35.719368 ] } },
{ "type": "Feature", "properties": { "element": "node", "id": 13834109484, "highway": "speed_camera", "maxspeed": null, "name": null, "enforcement": "maxspeed", "direction": null, "description": null, "name:en": null, "surface": null }, "geometry": { "type": "Point", "coordinates": [ 51.263614, 35.757584 ] } },
{ "type": "Feature", "properties": { "element": "node", "id": 13834109486, "highway": "speed_camera", "maxspeed": null, "name": null, "enforcement": "maxspeed", "direction": null, "description": null, "name:en": null, "surface": null }, "geometry": { "type": "Point", "coordinates": [ 51.414932, 35.615268 ] } },
{ "type": "Feature", "properties": { "element": "node", "id": 13834109487, "highway": "speed_camera", "maxspeed": null, "name": null, "enforcement": "maxspeed", "direction": null, "description": null, "name:en": null, "surface": null }, "geometry": { "type": "Point", "coordinates": [ 51.382139, 35.791647 ] } },
{ "type": "Feature", "properties": { "element": "node", "id": 13834109488, "highway": "speed_camera", "maxspeed": null, "name": null, "enforcement": "maxspeed", "direction": null, "description": null, "name:en": null, "surface": null }, "geometry": { "type": "Point", "coordinates": [ 51.224301, 35.713154 ] } },
{ "type": "Feature", "properties": { "element": "node", "id": 13834109489, "highway": "speed_camera", "maxspeed": null, "name": null, "enforcement": "maxspeed", "direction": null, "description": null, "name:en": null, "surface": null }, "geometry": { "type": "Point", "coordinates": [ 51.279116, 35.753965 ] } },
{ "type": "Feature", "properties": { "element": "node", "id": 13834109490, "highway": "speed_camera", "maxspeed": null, "name": null, "enforcement": "maxspeed", "direction": null, "description": null, "name:en": null, "surface": null }, "geometry": { "type": "Point", "coordinates": [ 51.282489, 35.753859 ] } },
{ "type": "Feature", "properties": { "element": "node", "id": 13834109491, "highway": "speed_camera", "maxspeed": null, "name": null, "enforcement": "maxspeed", "direction": null, "description": null, "name:en": null, "surface": null }, "geometry": { "type": "Point", "coordinates": [ 51.288773, 35.753605 ] } },
{ "type": "Feature", "properties": { "element": "node", "id": 13834109492, "highway": "speed_camera", "maxspeed": null, "name": null, "enforcement": "maxspeed", "direction": null, "description": null, "name:en": null, "surface": null }, "geometry": { "type": "Point", "coordinates": [ 51.40325, 35.777437 ] } },
{ "type": "Feature", "properties": { "element": "node", "id": 13834109493, "highway": "speed_camera", "maxspeed": null, "name": null, "enforcement": "maxspeed", "direction": null, "description": null, "name:en": null, "surface": null }, "geometry": { "type": "Point", "coordinates": [ 51.455978, 35.67175 ] } },
{ "type": "Feature", "properties": { "element": "node", "id": 13834109494, "highway": "speed_camera", "maxspeed": null, "name": null, "enforcement": "maxspeed", "direction": null, "description": null, "name:en": null, "surface": null }, "geometry": { "type": "Point", "coordinates": [ 51.592166, 35.7483 ] } },
{ "type": "Feature", "properties": { "element": "node", "id": 13834109495, "highway": "speed_camera", "maxspeed": null, "name": null, "enforcement": "maxspeed", "direction": null, "description": null, "name:en": null, "surface": null }, "geometry": { "type": "Point", "coordinates": [ 51.425205, 35.573931 ] } },
{ "type": "Feature", "properties": { "element": "node", "id": 13834109496, "highway": "speed_camera", "maxspeed": null, "name": null, "enforcement": "maxspeed", "direction": null, "description": null, "name:en": null, "surface": null }, "geometry": { "type": "Point", "coordinates": [ 51.41662, 35.701545 ] } },
{ "type": "Feature", "properties": { "element": "node", "id": 13834109497, "highway": "speed_camera", "maxspeed": null, "name": null, "enforcement": "maxspeed", "direction": null, "description": null, "name:en": null, "surface": null }, "geometry": { "type": "Point", "coordinates": [ 51.5372236, 35.724888 ] } },
{ "type": "Feature", "properties": { "element": "node", "id": 13834109501, "highway": "speed_camera", "maxspeed": null, "name": null, "enforcement": "maxspeed", "direction": null, "description": null, "name:en": null, "surface": null }, "geometry": { "type": "Point", "coordinates": [ 51.260702, 35.729419 ] } },
{ "type": "Feature", "properties": { "element": "node", "id": 13834109502, "highway": "speed_camera", "maxspeed": null, "name": null, "enforcement": "maxspeed", "direction": null, "description": null, "name:en": null, "surface": null }, "geometry": { "type": "Point", "coordinates": [ 51.425216, 35.740207 ] } },
{ "type": "Feature", "properties": { "element": "node", "id": 13834109503, "highway": "speed_camera", "maxspeed": null, "name": null, "enforcement": "maxspeed", "direction": null, "description": null, "name:en": null, "surface": null }, "geometry": { "type": "Point", "coordinates": [ 51.454904, 35.755112 ] } },
{ "type": "Feature", "properties": { "element": "node", "id": 13834109505, "highway": "speed_camera", "maxspeed": null, "name": null, "enforcement": "maxspeed", "direction": null, "description": null, "name:en": null, "surface": null }, "geometry": { "type": "Point", "coordinates": [ 51.435827, 35.744203 ] } },
{ "type": "Feature", "properties": { "element": "node", "id": 13834109506, "highway": "speed_camera", "maxspeed": null, "name": null, "enforcement": "maxspeed", "direction": null, "description": null, "name:en": null, "surface": null }, "geometry": { "type": "Point", "coordinates": [ 51.311319, 35.75326 ] } },
{ "type": "Feature", "properties": { "element": "node", "id": 13834109507, "highway": "speed_camera", "maxspeed": null, "name": null, "enforcement": "maxspeed", "direction": null, "description": null, "name:en": null, "surface": null }, "geometry": { "type": "Point", "coordinates": [ 51.307006, 35.732634 ] } },
{ "type": "Feature", "properties": { "element": "node", "id": 13834109508, "highway": "speed_camera", "maxspeed": null, "name": null, "enforcement": "maxspeed", "direction": null, "description": null, "name:en": null, "surface": null }, "geometry": { "type": "Point", "coordinates": [ 51.383153, 35.737295 ] } },
{ "type": "Feature", "properties": { "element": "node", "id": 13834109510, "highway": "speed_camera", "maxspeed": null, "name": null, "enforcement": "maxspeed", "direction": null, "description": null, "name:en": null, "surface": null }, "geometry": { "type": "Point", "coordinates": [ 51.378126, 35.741559 ] } },
{ "type": "Feature", "properties": { "element": "node", "id": 13834109511, "highway": "speed_camera", "maxspeed": null, "name": null, "enforcement": "maxspeed", "direction": null, "description": null, "name:en": null, "surface": null }, "geometry": { "type": "Point", "coordinates": [ 51.445446, 35.645188 ] } },
{ "type": "Feature", "properties": { "element": "node", "id": 13834109514, "highway": "speed_camera", "maxspeed": null, "name": null, "enforcement": "maxspeed", "direction": null, "description": null, "name:en": null, "surface": null }, "geometry": { "type": "Point", "coordinates": [ 51.351557, 35.740188 ] } },
{ "type": "Feature", "properties": { "element": "node", "id": 13834109515, "highway": "speed_camera", "maxspeed": null, "name": null, "enforcement": "maxspeed", "direction": null, "description": null, "name:en": null, "surface": null }, "geometry": { "type": "Point", "coordinates": [ 51.346611, 35.767178 ] } },
{ "type": "Feature", "properties": { "element": "node", "id": 13834109516, "highway": "speed_camera", "maxspeed": null, "name": null, "enforcement": "maxspeed", "direction": null, "description": null, "name:en": null, "surface": null }, "geometry": { "type": "Point", "coordinates": [ 51.391153, 35.7765 ] } },
{ "type": "Feature", "properties": { "element": "node", "id": 13834109517, "highway": "speed_camera", "maxspeed": null, "name": null, "enforcement": "maxspeed", "direction": null, "description": null, "name:en": null, "surface": null }, "geometry": { "type": "Point", "coordinates": [ 51.317455, 35.736765 ] } },
{ "type": "Feature", "properties": { "element": "node", "id": 13834109518, "highway": "speed_camera", "maxspeed": null, "name": null, "enforcement": "maxspeed", "direction": null, "description": null, "name:en": null, "surface": null }, "geometry": { "type": "Point", "coordinates": [ 51.296665, 35.753228 ] } },
{ "type": "Feature", "properties": { "element": "node", "id": 13834109519, "highway": "speed_camera", "maxspeed": null, "name": null, "enforcement": "maxspeed", "direction": null, "description": null, "name:en": null, "surface": null }, "geometry": { "type": "Point", "coordinates": [ 51.458094, 35.792319 ] } }
]
}
