{
"type": "FeatureCollection",
"name": "Tehran_traffic_signals_osm",
"crs": { "type": "name", "properties": { "name": "urn:ogc:def:crs:OGC:1.3:CRS84" } },
"features": [
{ "type": "Feature", "properties": { "element": "node", "id": 25920727, "highway": "traffic_signals", "traffic_signals": "signal", "junction": null, "name": null, "name:en": null, "button_operated": null, "crossing": null, "traffic_signals:sound": null, "traffic_signals:vibration": null, "traffic_signals:direction": null, "traffic_signals:countdown": null, "operator": null }, "geometry": { "type": "Point", "coordinates": [ 51.3942487, 35.7159416 ] } },
{ "type": "Feature", "properties": { "element": "node", "id": 25925814, "highway": "traffic_signals", "traffic_signals": "signal", "junction": null, "name": null, "name:en": null, "button_operated": null, "crossing": null, "traffic_signals:sound": null, "traffic_signals:vibration": null, "traffic_signals:direction": null, "traffic_signals:countdown": null, "operator": null }, "geometry": { "type": "Point", "coordinates": [ 51.4103039, 35.723747 ] } },
{ "type": "Feature", "properties": { "element": "node", "id": 25940774, "highway": "traffic_signals", "traffic_signals": null, "junction": null, "name": null, "name:en": null, "button_operated": null, "crossing": null, "traffic_signals:sound": null, "traffic_signals:vibration": null, "traffic_signals:direction": null, "traffic_signals:countdown": null, "operator": null }, "geometry": { "type": "Point", "coordinates": [ 51.4101718, 35.7631832 ] } },
{ "type": "Feature", "properties": { "element": "node", "id": 25940814, "highway": "traffic_signals", "traffic_signals": "signal", "junction": null, "name": null, "name:en": null, "button_operated": null, "crossing": null, "traffic_signals:sound": null, "traffic_signals:vibration": null, "traffic_signals:direction": null, "traffic_signals:countdown": null, "operator": null }, "geometry": { "type": "Point", "coordinates": [ 51.4061371, 35.706515 ] } },
{ "type": "Feature", "properties": { "element": "node", "id": 25940815, "highway": "traffic_signals", "traffic_signals": "signal", "junction": null, "name": null, "name:en": null, "button_operated": null, "crossing": null, "traffic_signals:sound": null, "traffic_signals:vibration": null, "traffic_signals:direction": null, "traffic_signals:countdown": null, "operator": null }, "geometry": { "type": "Point", "coordinates": [ 51.4052195, 35.7013176 ] } },
{ "type": "Feature", "properties": { "element": "node", "id": 25941299, "highway": "traffic_signals", "traffic_signals": "signal", "junction": null, "name": null, "name:en": null, "button_operated": null, "crossing": null, "traffic_signals:sound": null, "traffic_signals:vibration": null, "traffic_signals:direction": null, "traffic_signals:countdown": null, "operator": null }, "geometry": { "type": "Point", "coordinates": [ 51.4271184, 35.7302067 ] } },
{ "type": "Feature", "properties": { "element": "node", "id": 25941304, "highway": "traffic_signals", "traffic_signals": "signal", "junction": null, "name": null, "name:en": null, "button_operated": null, "crossing": null, "traffic_signals:sound": null, "traffic_signals:vibration": null, "traffic_signals:direction": null, "traffic_signals:countdown": null, "operator": null }, "geometry": { "type": "Point", "coordinates": [ 51.443515, 35.7234326 ] } },
{ "type": "Feature", "properties": { "element": "node", "id": 25941558, "highway": "traffic_signals", "traffic_signals": "signal", "junction": null, "name": null, "name:en": null, "button_operated": null, "crossing": null, "traffic_signals:sound": null, "traffic_signals:vibration": null, "traffic_signals:direction": null, "traffic_signals:countdown": null, "operator": null }, "geometry": { "type": "Point", "coordinates": [ 51.3750373, 35.7006634 ] } },
{ "type": "Feature", "properties": { "element": "node", "id": 25955607, "highway": "traffic_signals", "traffic_signals": "signal", "junction": null, "name": null, "name:en": null, "button_operated": null, "crossing": null, "traffic_signals:sound": null, "traffic_signals:vibration": null, "traffic_signals:direction": null, "traffic_signals:countdown": null, "operator": null }, "geometry": { "type": "Point", "coordinates": [ 51.4197419, 35.7678792 ] } },
{ "type": "Feature", "properties": { "element": "node", "id": 25971740, "highway": "traffic_signals", "traffic_signals": null, "junction": "yes", "name": "چهارراه استانبول", "name:en": "Istanbul Crossroad", "button_operated": null, "crossing": null, "traffic_signals:sound": null, "traffic_signals:vibration": null, "traffic_signals:direction": null, "traffic_signals:countdown": null, "operator": null }, "geometry": { "type": "Point", "coordinates": [ 51.4198328, 35.6947465 ] } },
{ "type": "Feature", "properties": { "element": "node", "id": 25972153, "highway": "traffic_signals", "traffic_signals": null, "junction": null, "name": null, "name:en": null, "button_operated": "no", "crossing": "traffic_signals", "traffic_signals:sound": "no", "traffic_signals:vibration": "no", "traffic_signals:direction": null, "traffic_signals:countdown": null, "operator": null }, "geometry": { "type": "Point", "coordinates": [ 51.4120093, 35.7715605 ] } },
{ "type": "Feature", "properties": { "element": "node", "id": 26031756, "highway": "traffic_signals", "traffic_signals": "signal", "junction": null, "name": null, "name:en": null, "button_operated": null, "crossing": null, "traffic_signals:sound": null, "traffic_signals:vibration": null, "traffic_signals:direction": null, "traffic_signals:countdown": null, "operator": null }, "geometry": { "type": "Point", "coordinates": [ 51.3163702, 35.7235755 ] } },
{ "type": "Feature", "properties": { "element": "node", "id": 26031759, "highway": "traffic_signals", "traffic_signals": "signal", "junction": null, "name": null, "name:en": null, "button_operated": null, "crossing": null, "traffic_signals:sound": null, "traffic_signals:vibration": null, "traffic_signals:direction": null, "traffic_signals:countdown": null, "operator": null }, "geometry": { "type": "Point", "coordinates": [ 51.32426, 35.7228344 ] } },
{ "type": "Feature", "properties": { "element": "node", "id": 26052455, "highway": "traffic_signals", "traffic_signals": "signal", "junction": null, "name": null, "name:en": null, "button_operated": null, "crossing": null, "traffic_signals:sound": null, "traffic_signals:vibration": null, "traffic_signals:direction": null, "traffic_signals:countdown": null, "operator": null }, "geometry": { "type": "Point", "coordinates": [ 51.4036303, 35.7561371 ] } },
{ "type": "Feature", "properties": { "element": "node", "id": 26152748, "highway": "traffic_signals", "traffic_signals": "signal", "junction": null, "name": null, "name:en": null, "button_operated": null, "crossing": null, "traffic_signals:sound": null, "traffic_signals:vibration": null, "traffic_signals:direction": "forward", "traffic_signals:countdown": null, "operator": null }, "geometry": { "type": "Point", "coordinates": [ 51.3639273, 35.7665804 ] } },
{ "type": "Feature", "properties": { "element": "node", "id": 26208015, "highway": "traffic_signals", "traffic_signals": "signal", "junction": null, "name": null, "name:en": null, "button_operated": null, "crossing": null, "traffic_signals:sound": null, "traffic_signals:vibration": null, "traffic_signals:direction": null, "traffic_signals:countdown": null, "operator": null }, "geometry": { "type": "Point", "coordinates": [ 51.3936302, 35.6823911 ] } },
{ "type": "Feature", "properties": { "element": "node", "id": 26208025, "highway": "traffic_signals", "traffic_signals": "signal", "junction": null, "name": null, "name:en": null, "button_operated": null, "crossing": null, "traffic_signals:sound": null, "traffic_signals:vibration": null, "traffic_signals:direction": null, "traffic_signals:countdown": null, "operator": null }, "geometry": { "type": "Point", "coordinates": [ 51.402736, 35.6870262 ] } },
{ "type": "Feature", "properties": { "element": "node", "id": 26208029, "highway": "traffic_signals", "traffic_signals": "signal", "junction": null, "name": null, "name:en": null, "button_operated": null, "crossing": null, "traffic_signals:sound": null, "traffic_signals:vibration": null, "traffic_signals:direction": null, "traffic_signals:countdown": null, "operator": null }, "geometry": { "type": "Point", "coordinates": [ 51.3986807, 35.6628221 ] } },
{ "type": "Feature", "properties": { "element": "node", "id": 26366829, "highway": "traffic_signals", "traffic_signals": null, "junction": null, "name": null, "name:en": null, "button_operated": null, "crossing": null, "traffic_signals:sound": null, "traffic_signals:vibration": null, "traffic_signals:direction": null, "traffic_signals:countdown": null, "operator": null }, "geometry": { "type": "Point", "coordinates": [ 51.332624, 35.7433027 ] } },
{ "type": "Feature", "properties": { "element": "node", "id": 26458933, "highway": "traffic_signals", "traffic_signals": "signal", "junction": null, "name": null, "name:en": null, "button_operated": null, "crossing": null, "traffic_signals:sound": null, "traffic_signals:vibration": null, "traffic_signals:direction": null, "traffic_signals:countdown": null, "operator": null }, "geometry": { "type": "Point", "coordinates": [ 51.391858, 35.6961418 ] } },
{ "type": "Feature", "properties": { "element": "node", "id": 26459841, "highway": "traffic_signals", "traffic_signals": null, "junction": null, "name": null, "name:en": null, "button_operated": null, "crossing": null, "traffic_signals:sound": null, "traffic_signals:vibration": null, "traffic_signals:direction": null, "traffic_signals:countdown": null, "operator": null }, "geometry": { "type": "Point", "coordinates": [ 51.4618685, 35.7058236 ] } },
{ "type": "Feature", "properties": { "element": "node", "id": 26527619, "highway": "traffic_signals", "traffic_signals": null, "junction": null, "name": null, "name:en": null, "button_operated": null, "crossing": null, "traffic_signals:sound": null, "traffic_signals:vibration": null, "traffic_signals:direction": null, "traffic_signals:countdown": null, "operator": null }, "geometry": { "type": "Point", "coordinates": [ 51.3625388, 35.7785315 ] } },
{ "type": "Feature", "properties": { "element": "node", "id": 26528014, "highway": "traffic_signals", "traffic_signals": "signal", "junction": null, "name": null, "name:en": null, "button_operated": null, "crossing": null, "traffic_signals:sound": null, "traffic_signals:vibration": null, "traffic_signals:direction": null, "traffic_signals:countdown": null, "operator": null }, "geometry": { "type": "Point", "coordinates": [ 51.335189, 35.7239356 ] } },
{ "type": "Feature", "properties": { "element": "node", "id": 26528015, "highway": "traffic_signals", "traffic_signals": "signal", "junction": null, "name": null, "name:en": null, "button_operated": null, "crossing": null, "traffic_signals:sound": null, "traffic_signals:vibration": null, "traffic_signals:direction": null, "traffic_signals:countdown": null, "operator": null }, "geometry": { "type": "Point", "coordinates": [ 51.3349919, 35.7239077 ] } },
{ "type": "Feature", "properties": { "element": "node", "id": 26528080, "highway": "traffic_signals", "traffic_signals": "signal", "junction": null, "name": null, "name:en": null, "button_operated": null, "crossing": null, "traffic_signals:sound": null, "traffic_signals:vibration": null, "traffic_signals:direction": null, "traffic_signals:countdown": null, "operator": null }, "geometry": { "type": "Point", "coordinates": [ 51.4184252, 35.7284597 ] } },
{ "type": "Feature", "properties": { "element": "node", "id": 26626860, "highway": "traffic_signals", "traffic_signals": "blink_mode", "junction": null, "name": null, "name:en": null, "button_operated": null, "crossing": null, "traffic_signals:sound": null, "traffic_signals:vibration": null, "traffic_signals:direction": null, "traffic_signals:countdown": null, "operator": null }, "geometry": { "type": "Point", "coordinates": [ 51.4301117, 35.7334457 ] } },
{ "type": "Feature", "properties": { "element": "node", "id": 26626863, "highway": "traffic_signals", "traffic_signals": "signal", "junction": null, "name": null, "name:en": null, "button_operated": null, "crossing": null, "traffic_signals:sound": null, "traffic_signals:vibration": null, "traffic_signals:direction": null, "traffic_signals:countdown": null, "operator": null }, "geometry": { "type": "Point", "coordinates": [ 51.4300048, 35.7334417 ] } },
{ "type": "Feature", "properties": { "element": "node", "id": 26626878, "highway": "traffic_signals", "traffic_signals": "signal", "junction": null, "name": null, "name:en": null, "button_operated": null, "crossing": null, "traffic_signals:sound": null, "traffic_signals:vibration": null, "traffic_signals:direction": null, "traffic_signals:countdown": null, "operator": null }, "geometry": { "type": "Point", "coordinates": [ 51.4358953, 35.7311093 ] } },
{ "type": "Feature", "properties": { "element": "node", "id": 26839989, "highway": "traffic_signals", "traffic_signals": "signal", "junction": null, "name": null, "name:en": null, "button_operated": null, "crossing": null, "traffic_signals:sound": null, "traffic_signals:vibration": null, "traffic_signals:direction": null, "traffic_signals:countdown": null, "operator": null }, "geometry": { "type": "Point", "coordinates": [ 51.4051994, 35.7011656 ] } },
{ "type": "Feature", "properties": { "element": "node", "id": 28479985, "highway": "traffic_signals", "traffic_signals": "signal", "junction": null, "name": null, "name:en": null, "button_operated": null, "crossing": null, "traffic_signals:sound": null, "traffic_signals:vibration": null, "traffic_signals:direction": null, "traffic_signals:countdown": null, "operator": null }, "geometry": { "type": "Point", "coordinates": [ 51.4198649, 35.767861 ] } },
{ "type": "Feature", "properties": { "element": "node", "id": 28782364, "highway": "traffic_signals", "traffic_signals": "signal", "junction": null, "name": null, "name:en": null, "button_operated": null, "crossing": null, "traffic_signals:sound": null, "traffic_signals:vibration": null, "traffic_signals:direction": null, "traffic_signals:countdown": null, "operator": null }, "geometry": { "type": "Point", "coordinates": [ 51.3836858, 35.6881594 ] } },
{ "type": "Feature", "properties": { "element": "node", "id": 29031146, "highway": "traffic_signals", "traffic_signals": "signal", "junction": null, "name": null, "name:en": null, "button_operated": null, "crossing": null, "traffic_signals:sound": null, "traffic_signals:vibration": null, "traffic_signals:direction": null, "traffic_signals:countdown": null, "operator": null }, "geometry": { "type": "Point", "coordinates": [ 51.39415, 35.715906 ] } },
{ "type": "Feature", "properties": { "element": "node", "id": 29063941, "highway": "traffic_signals", "traffic_signals": "signal", "junction": null, "name": null, "name:en": null, "button_operated": null, "crossing": null, "traffic_signals:sound": null, "traffic_signals:vibration": null, "traffic_signals:direction": null, "traffic_signals:countdown": null, "operator": null }, "geometry": { "type": "Point", "coordinates": [ 51.4324079, 35.7355759 ] } },
{ "type": "Feature", "properties": { "element": "node", "id": 29364330, "highway": "traffic_signals", "traffic_signals": "signal", "junction": null, "name": null, "name:en": null, "button_operated": null, "crossing": null, "traffic_signals:sound": null, "traffic_signals:vibration": null, "traffic_signals:direction": null, "traffic_signals:countdown": null, "operator": null }, "geometry": { "type": "Point", "coordinates": [ 51.3922443, 35.6933221 ] } },
{ "type": "Feature", "properties": { "element": "node", "id": 30936568, "highway": "traffic_signals", "traffic_signals": "blinker", "junction": null, "name": null, "name:en": null, "button_operated": null, "crossing": null, "traffic_signals:sound": null, "traffic_signals:vibration": null, "traffic_signals:direction": null, "traffic_signals:countdown": null, "operator": null }, "geometry": { "type": "Point", "coordinates": [ 51.4473703, 35.7940215 ] } },
{ "type": "Feature", "properties": { "element": "node", "id": 33238927, "highway": "traffic_signals", "traffic_signals": "signal", "junction": null, "name": null, "name:en": null, "button_operated": null, "crossing": null, "traffic_signals:sound": null, "traffic_signals:vibration": null, "traffic_signals:direction": null, "traffic_signals:countdown": null, "operator": null }, "geometry": { "type": "Point", "coordinates": [ 51.4580436, 35.7627087 ] } },
{ "type": "Feature", "properties": { "element": "node", "id": 33810492, "highway": "traffic_signals", "traffic_signals": "signal", "junction": null, "name": null, "name:en": null, "button_operated": null, "crossing": null, "traffic_signals:sound": null, "traffic_signals:vibration": null, "traffic_signals:direction": null, "traffic_signals:countdown": null, "operator": null }, "geometry": { "type": "Point", "coordinates": [ 51.3833169, 35.7025203 ] } },
{ "type": "Feature", "properties": { "element": "node", "id": 275564533, "highway": "traffic_signals", "traffic_signals": "signal", "junction": null, "name": null, "name:en": null, "button_operated": null, "crossing": null, "traffic_signals:sound": null, "traffic_signals:vibration": null, "traffic_signals:direction": null, "traffic_signals:countdown": null, "operator": null }, "geometry": { "type": "Point", "coordinates": [ 51.4278901, 35.7242093 ] } },
{ "type": "Feature", "properties": { "element": "node", "id": 310228219, "highway": "traffic_signals", "traffic_signals": null, "junction": null, "name": null, "name:en": null, "button_operated": null, "crossing": null, "traffic_signals:sound": null, "traffic_signals:vibration": null, "traffic_signals:direction": null, "traffic_signals:countdown": null, "operator": null }, "geometry": { "type": "Point", "coordinates": [ 51.4721548, 35.7412382 ] } },
{ "type": "Feature", "properties": { "element": "node", "id": 339425511, "highway": "traffic_signals", "traffic_signals": "signal", "junction": null, "name": null, "name:en": null, "button_operated": null, "crossing": null, "traffic_signals:sound": null, "traffic_signals:vibration": null, "traffic_signals:direction": null, "traffic_signals:countdown": null, "operator": null }, "geometry": { "type": "Point", "coordinates": [ 51.3807483, 35.698882 ] } },
{ "type": "Feature", "properties": { "element": "node", "id": 339427365, "highway": "traffic_signals", "traffic_signals": "signal", "junction": null, "name": null, "name:en": null, "button_operated": null, "crossing": null, "traffic_signals:sound": null, "traffic_signals:vibration": null, "traffic_signals:direction": null, "traffic_signals:countdown": null, "operator": null }, "geometry": { "type": "Point", "coordinates": [ 51.3898334, 35.6962519 ] } },
{ "type": "Feature", "properties": { "element": "node", "id": 339428195, "highway": "traffic_signals", "traffic_signals": "signal", "junction": null, "name": null, "name:en": null, "button_operated": null, "crossing": null, "traffic_signals:sound": null, "traffic_signals:vibration": null, "traffic_signals:direction": null, "traffic_signals:countdown": null, "operator": null }, "geometry": { "type": "Point", "coordinates": [ 51.4371049, 35.7284428 ] } },
{ "type": "Feature", "properties": { "element": "node", "id": 339428453, "highway": "traffic_signals", "traffic_signals": "blink_mode", "junction": null, "name": null, "name:en": null, "button_operated": null, "crossing": null, "traffic_signals:sound": null, "traffic_signals:vibration": null, "traffic_signals:direction": null, "traffic_signals:countdown": null, "operator": null }, "geometry": { "type": "Point", "coordinates": [ 51.4361122, 35.7284109 ] } },
{ "type": "Feature", "properties": { "element": "node", "id": 339428705, "highway": "traffic_signals", "traffic_signals": "blink_mode", "junction": null, "name": null, "name:en": null, "button_operated": null, "crossing": null, "traffic_signals:sound": null, "traffic_signals:vibration": null, "traffic_signals:direction": null, "traffic_signals:countdown": null, "operator": null }, "geometry": { "type": "Point", "coordinates": [ 51.4338426, 35.7283375 ] } },
{ "type": "Feature", "properties": { "element": "node", "id": 339429453, "highway": "traffic_signals", "traffic_signals": "signal", "junction": null, "name": null, "name:en": null, "button_operated": null, "crossing": null, "traffic_signals:sound": null, "traffic_signals:vibration": null, "traffic_signals:direction": null, "traffic_signals:countdown": null, "operator": null }, "geometry": { "type": "Point", "coordinates": [ 51.4316079, 35.730912 ] } },
{ "type": "Feature", "properties": { "element": "node", "id": 358458968, "highway": "traffic_signals", "traffic_signals": "signal", "junction": null, "name": null, "name:en": null, "button_operated": null, "crossing": null, "traffic_signals:sound": null, "traffic_signals:vibration": null, "traffic_signals:direction": null, "traffic_signals:countdown": null, "operator": null }, "geometry": { "type": "Point", "coordinates": [ 51.2903189, 35.7626591 ] } },
{ "type": "Feature", "properties": { "element": "node", "id": 358463315, "highway": "traffic_signals", "traffic_signals": "signal", "junction": null, "name": null, "name:en": null, "button_operated": null, "crossing": null, "traffic_signals:sound": null, "traffic_signals:vibration": null, "traffic_signals:direction": null, "traffic_signals:countdown": null, "operator": null }, "geometry": { "type": "Point", "coordinates": [ 51.4325054, 35.7335361 ] } },
{ "type": "Feature", "properties": { "element": "node", "id": 358463347, "highway": "traffic_signals", "traffic_signals": "signal", "junction": null, "name": null, "name:en": null, "button_operated": null, "crossing": null, "traffic_signals:sound": null, "traffic_signals:vibration": null, "traffic_signals:direction": null, "traffic_signals:countdown": null, "operator": null }, "geometry": { "type": "Point", "coordinates": [ 51.4326165, 35.7335403 ] } },
{ "type": "Feature", "properties": { "element": "node", "id": 371232602, "highway": "traffic_signals", "traffic_signals": "signal", "junction": null, "name": null, "name:en": null, "button_operated": null, "crossing": null, "traffic_signals:sound": null, "traffic_signals:vibration": null, "traffic_signals:direction": null, "traffic_signals:countdown": null, "operator": null }, "geometry": { "type": "Point", "coordinates": [ 51.4426188, 35.7206375 ] } },
{ "type": "Feature", "properties": { "element": "node", "id": 411824397, "highway": "traffic_signals", "traffic_signals": "signal", "junction": null, "name": null, "name:en": null, "button_operated": null, "crossing": null, "traffic_signals:sound": null, "traffic_signals:vibration": null, "traffic_signals:direction": null, "traffic_signals:countdown": null, "operator": null }, "geometry": { "type": "Point", "coordinates": [ 51.4007253, 35.722347 ] } },
{ "type": "Feature", "properties": { "element": "node", "id": 423733345, "highway": "traffic_signals", "traffic_signals": null, "junction": null, "name": "چهارراه امیراکرم", "name:en": null, "button_operated": null, "crossing": null, "traffic_signals:sound": null, "traffic_signals:vibration": null, "traffic_signals:direction": null, "traffic_signals:countdown": null, "operator": null }, "geometry": { "type": "Point", "coordinates": [ 51.4044252, 35.6969402 ] } },
{ "type": "Feature", "properties": { "element": "node", "id": 423733663, "highway": "traffic_signals", "traffic_signals": "signal", "junction": null, "name": null, "name:en": null, "button_operated": null, "crossing": null, "traffic_signals:sound": null, "traffic_signals:vibration": null, "traffic_signals:direction": null, "traffic_signals:countdown": null, "operator": null }, "geometry": { "type": "Point", "coordinates": [ 51.4171251, 35.7316941 ] } },
{ "type": "Feature", "properties": { "element": "node", "id": 423737294, "highway": "traffic_signals", "traffic_signals": "signal", "junction": null, "name": null, "name:en": null, "button_operated": null, "crossing": null, "traffic_signals:sound": null, "traffic_signals:vibration": null, "traffic_signals:direction": null, "traffic_signals:countdown": null, "operator": null }, "geometry": { "type": "Point", "coordinates": [ 51.3476273, 35.6726823 ] } },
{ "type": "Feature", "properties": { "element": "node", "id": 423793623, "highway": "traffic_signals", "traffic_signals": null, "junction": null, "name": null, "name:en": null, "button_operated": null, "crossing": null, "traffic_signals:sound": null, "traffic_signals:vibration": null, "traffic_signals:direction": null, "traffic_signals:countdown": null, "operator": null }, "geometry": { "type": "Point", "coordinates": [ 51.4600654, 35.7801988 ] } },
{ "type": "Feature", "properties": { "element": "node", "id": 424080185, "highway": "traffic_signals", "traffic_signals": "signal", "junction": null, "name": null, "name:en": null, "button_operated": null, "crossing": null, "traffic_signals:sound": null, "traffic_signals:vibration": null, "traffic_signals:direction": null, "traffic_signals:countdown": null, "operator": null }, "geometry": { "type": "Point", "coordinates": [ 51.4427963, 35.731352 ] } },
{ "type": "Feature", "properties": { "element": "node", "id": 424093658, "highway": "traffic_signals", "traffic_signals": "blinker", "junction": null, "name": null, "name:en": null, "button_operated": null, "crossing": null, "traffic_signals:sound": null, "traffic_signals:vibration": null, "traffic_signals:direction": null, "traffic_signals:countdown": null, "operator": null }, "geometry": { "type": "Point", "coordinates": [ 51.4327795, 35.7792499 ] } },
{ "type": "Feature", "properties": { "element": "node", "id": 426004776, "highway": "traffic_signals", "traffic_signals": null, "junction": null, "name": null, "name:en": null, "button_operated": null, "crossing": null, "traffic_signals:sound": null, "traffic_signals:vibration": null, "traffic_signals:direction": null, "traffic_signals:countdown": null, "operator": null }, "geometry": { "type": "Point", "coordinates": [ 51.4113992, 35.6262775 ] } },
{ "type": "Feature", "properties": { "element": "node", "id": 426965563, "highway": "traffic_signals", "traffic_signals": "signal", "junction": null, "name": null, "name:en": null, "button_operated": null, "crossing": null, "traffic_signals:sound": null, "traffic_signals:vibration": null, "traffic_signals:direction": null, "traffic_signals:countdown": null, "operator": null }, "geometry": { "type": "Point", "coordinates": [ 51.4037789, 35.6932154 ] } },
{ "type": "Feature", "properties": { "element": "node", "id": 428970659, "highway": "traffic_signals", "traffic_signals": "blinker", "junction": null, "name": null, "name:en": null, "button_operated": null, "crossing": null, "traffic_signals:sound": null, "traffic_signals:vibration": null, "traffic_signals:direction": null, "traffic_signals:countdown": null, "operator": null }, "geometry": { "type": "Point", "coordinates": [ 51.3028028, 35.7357801 ] } },
{ "type": "Feature", "properties": { "element": "node", "id": 428970662, "highway": "traffic_signals", "traffic_signals": "blinker", "junction": null, "name": null, "name:en": null, "button_operated": null, "crossing": null, "traffic_signals:sound": null, "traffic_signals:vibration": null, "traffic_signals:direction": null, "traffic_signals:countdown": null, "operator": null }, "geometry": { "type": "Point", "coordinates": [ 51.3025437, 35.7360641 ] } },
{ "type": "Feature", "properties": { "element": "node", "id": 428970663, "highway": "traffic_signals", "traffic_signals": "blinker", "junction": null, "name": null, "name:en": null, "button_operated": null, "crossing": null, "traffic_signals:sound": null, "traffic_signals:vibration": null, "traffic_signals:direction": null, "traffic_signals:countdown": null, "operator": null }, "geometry": { "type": "Point", "coordinates": [ 51.3031131, 35.7359784 ] } },
{ "type": "Feature", "properties": { "element": "node", "id": 437879457, "highway": "traffic_signals", "traffic_signals": null, "junction": null, "name": "چهارراه قصر", "name:en": null, "button_operated": null, "crossing": null, "traffic_signals:sound": null, "traffic_signals:vibration": null, "traffic_signals:direction": null, "traffic_signals:countdown": null, "operator": null }, "geometry": { "type": "Point", "coordinates": [ 51.4451986, 35.7313867 ] } },
{ "type": "Feature", "properties": { "element": "node", "id": 447880591, "highway": "traffic_signals", "traffic_signals": null, "junction": null, "name": null, "name:en": null, "button_operated": null, "crossing": null, "traffic_signals:sound": null, "traffic_signals:vibration": null, "traffic_signals:direction": null, "traffic_signals:countdown": null, "operator": null }, "geometry": { "type": "Point", "coordinates": [ 51.4459809, 35.7073196 ] } },
{ "type": "Feature", "properties": { "element": "node", "id": 465138922, "highway": "traffic_signals", "traffic_signals": null, "junction": null, "name": null, "name:en": null, "button_operated": null, "crossing": null, "traffic_signals:sound": null, "traffic_signals:vibration": null, "traffic_signals:direction": null, "traffic_signals:countdown": null, "operator": null }, "geometry": { "type": "Point", "coordinates": [ 51.5139854, 35.7584746 ] } },
{ "type": "Feature", "properties": { "element": "node", "id": 602758896, "highway": "traffic_signals", "traffic_signals": null, "junction": null, "name": null, "name:en": null, "button_operated": null, "crossing": null, "traffic_signals:sound": null, "traffic_signals:vibration": null, "traffic_signals:direction": null, "traffic_signals:countdown": null, "operator": null }, "geometry": { "type": "Point", "coordinates": [ 51.4869859, 35.7075449 ] } },
{ "type": "Feature", "properties": { "element": "node", "id": 703694622, "highway": "traffic_signals", "traffic_signals": null, "junction": null, "name": null, "name:en": null, "button_operated": null, "crossing": null, "traffic_signals:sound": null, "traffic_signals:vibration": null, "traffic_signals:direction": null, "traffic_signals:countdown": null, "operator": null }, "geometry": { "type": "Point", "coordinates": [ 51.3556242, 35.7343069 ] } },
{ "type": "Feature", "properties": { "element": "node", "id": 703694625, "highway": "traffic_signals", "traffic_signals": null, "junction": null, "name": null, "name:en": null, "button_operated": null, "crossing": null, "traffic_signals:sound": null, "traffic_signals:vibration": null, "traffic_signals:direction": null, "traffic_signals:countdown": null, "operator": null }, "geometry": { "type": "Point", "coordinates": [ 51.355923, 35.7342221 ] } },
{ "type": "Feature", "properties": { "element": "node", "id": 703694626, "highway": "traffic_signals", "traffic_signals": null, "junction": null, "name": null, "name:en": null, "button_operated": null, "crossing": null, "traffic_signals:sound": null, "traffic_signals:vibration": null, "traffic_signals:direction": null, "traffic_signals:countdown": null, "operator": null }, "geometry": { "type": "Point", "coordinates": [ 51.3561206, 35.7344451 ] } },
{ "type": "Feature", "properties": { "element": "node", "id": 717069383, "highway": "traffic_signals", "traffic_signals": "signal", "junction": null, "name": null, "name:en": null, "button_operated": null, "crossing": null, "traffic_signals:sound": null, "traffic_signals:vibration": null, "traffic_signals:direction": null, "traffic_signals:countdown": null, "operator": null }, "geometry": { "type": "Point", "coordinates": [ 51.4172096, 35.7317172 ] } },
{ "type": "Feature", "properties": { "element": "node", "id": 717069596, "highway": "traffic_signals", "traffic_signals": "signal", "junction": null, "name": null, "name:en": null, "button_operated": null, "crossing": null, "traffic_signals:sound": null, "traffic_signals:vibration": null, "traffic_signals:direction": null, "traffic_signals:countdown": null, "operator": null }, "geometry": { "type": "Point", "coordinates": [ 51.4185304, 35.7284873 ] } },
{ "type": "Feature", "properties": { "element": "node", "id": 763288854, "highway": "traffic_signals", "traffic_signals": "signal", "junction": null, "name": null, "name:en": null, "button_operated": null, "crossing": null, "traffic_signals:sound": null, "traffic_signals:vibration": null, "traffic_signals:direction": null, "traffic_signals:countdown": null, "operator": null }, "geometry": { "type": "Point", "coordinates": [ 51.4861133, 35.6232922 ] } },
{ "type": "Feature", "properties": { "element": "node", "id": 763288858, "highway": "traffic_signals", "traffic_signals": "signal", "junction": null, "name": null, "name:en": null, "button_operated": null, "crossing": null, "traffic_signals:sound": null, "traffic_signals:vibration": null, "traffic_signals:direction": null, "traffic_signals:countdown": null, "operator": null }, "geometry": { "type": "Point", "coordinates": [ 51.4860121, 35.6232308 ] } },
{ "type": "Feature", "properties": { "element": "node", "id": 763288886, "highway": "traffic_signals", "traffic_signals": "signal", "junction": null, "name": null, "name:en": null, "button_operated": null, "crossing": null, "traffic_signals:sound": null, "traffic_signals:vibration": null, "traffic_signals:direction": null, "traffic_signals:countdown": null, "operator": null }, "geometry": { "type": "Point", "coordinates": [ 51.4860808, 35.6231561 ] } },
{ "type": "Feature", "properties": { "element": "node", "id": 769364650, "highway": "traffic_signals", "traffic_signals": "signal", "junction": null, "name": null, "name:en": null, "button_operated": null, "crossing": null, "traffic_signals:sound": null, "traffic_signals:vibration": null, "traffic_signals:direction": null, "traffic_signals:countdown": null, "operator": null }, "geometry": { "type": "Point", "coordinates": [ 51.4804045, 35.6196995 ] } },
{ "type": "Feature", "properties": { "element": "node", "id": 769364652, "highway": "traffic_signals", "traffic_signals": "signal", "junction": null, "name": null, "name:en": null, "button_operated": null, "crossing": null, "traffic_signals:sound": null, "traffic_signals:vibration": null, "traffic_signals:direction": null, "traffic_signals:countdown": null, "operator": null }, "geometry": { "type": "Point", "coordinates": [ 51.4803384, 35.6197719 ] } },
{ "type": "Feature", "properties": { "element": "node", "id": 769364660, "highway": "traffic_signals", "traffic_signals": "signal", "junction": null, "name": null, "name:en": null, "button_operated": null, "crossing": null, "traffic_signals:sound": null, "traffic_signals:vibration": null, "traffic_signals:direction": null, "traffic_signals:countdown": null, "operator": null }, "geometry": { "type": "Point", "coordinates": [ 51.4802254, 35.6197028 ] } },
{ "type": "Feature", "properties": { "element": "node", "id": 769364661, "highway": "traffic_signals", "traffic_signals": "signal", "junction": null, "name": null, "name:en": null, "button_operated": null, "crossing": null, "traffic_signals:sound": null, "traffic_signals:vibration": null, "traffic_signals:direction": null, "traffic_signals:countdown": null, "operator": null }, "geometry": { "type": "Point", "coordinates": [ 51.4802913, 35.6196305 ] } },
{ "type": "Feature", "properties": { "element": "node", "id": 769364789, "highway": "traffic_signals", "traffic_signals": "signal", "junction": null, "name": null, "name:en": null, "button_operated": null, "crossing": null, "traffic_signals:sound": null, "traffic_signals:vibration": null, "traffic_signals:direction": null, "traffic_signals:countdown": null, "operator": null }, "geometry": { "type": "Point", "coordinates": [ 51.4774479, 35.6180095 ] } },
{ "type": "Feature", "properties": { "element": "node", "id": 769364836, "highway": "traffic_signals", "traffic_signals": "signal", "junction": null, "name": null, "name:en": null, "button_operated": null, "crossing": null, "traffic_signals:sound": null, "traffic_signals:vibration": null, "traffic_signals:direction": null, "traffic_signals:countdown": null, "operator": null }, "geometry": { "type": "Point", "coordinates": [ 51.4775299, 35.617919 ] } },
{ "type": "Feature", "properties": { "element": "node", "id": 806589263, "highway": "traffic_signals", "traffic_signals": "signal", "junction": null, "name": null, "name:en": null, "button_operated": null, "crossing": null, "traffic_signals:sound": null, "traffic_signals:vibration": null, "traffic_signals:direction": null, "traffic_signals:countdown": null, "operator": null }, "geometry": { "type": "Point", "coordinates": [ 51.2930457, 35.7696843 ] } },
{ "type": "Feature", "properties": { "element": "node", "id": 806590008, "highway": "traffic_signals", "traffic_signals": null, "junction": null, "name": null, "name:en": null, "button_operated": null, "crossing": null, "traffic_signals:sound": null, "traffic_signals:vibration": null, "traffic_signals:direction": null, "traffic_signals:countdown": null, "operator": null }, "geometry": { "type": "Point", "coordinates": [ 51.3364952, 35.7358745 ] } },
{ "type": "Feature", "properties": { "element": "node", "id": 819644562, "highway": "traffic_signals", "traffic_signals": "signal", "junction": null, "name": null, "name:en": null, "button_operated": null, "crossing": null, "traffic_signals:sound": null, "traffic_signals:vibration": null, "traffic_signals:direction": null, "traffic_signals:countdown": null, "operator": null }, "geometry": { "type": "Point", "coordinates": [ 51.2900797, 35.7286413 ] } },
{ "type": "Feature", "properties": { "element": "node", "id": 856478940, "highway": "traffic_signals", "traffic_signals": "signal", "junction": null, "name": null, "name:en": null, "button_operated": null, "crossing": null, "traffic_signals:sound": null, "traffic_signals:vibration": null, "traffic_signals:direction": "forward", "traffic_signals:countdown": null, "operator": null }, "geometry": { "type": "Point", "coordinates": [ 51.3751816, 35.7898236 ] } },
{ "type": "Feature", "properties": { "element": "node", "id": 944165492, "highway": "traffic_signals", "traffic_signals": "signal", "junction": null, "name": null, "name:en": null, "button_operated": null, "crossing": null, "traffic_signals:sound": null, "traffic_signals:vibration": null, "traffic_signals:direction": null, "traffic_signals:countdown": null, "operator": null }, "geometry": { "type": "Point", "coordinates": [ 51.2404245, 35.7546581 ] } },
{ "type": "Feature", "properties": { "element": "node", "id": 1000706336, "highway": "traffic_signals", "traffic_signals": "signal", "junction": null, "name": null, "name:en": null, "button_operated": null, "crossing": null, "traffic_signals:sound": null, "traffic_signals:vibration": null, "traffic_signals:direction": null, "traffic_signals:countdown": null, "operator": null }, "geometry": { "type": "Point", "coordinates": [ 51.2901564, 35.7285334 ] } },
{ "type": "Feature", "properties": { "element": "node", "id": 1154857958, "highway": "traffic_signals", "traffic_signals": "signal", "junction": null, "name": null, "name:en": null, "button_operated": null, "crossing": null, "traffic_signals:sound": null, "traffic_signals:vibration": null, "traffic_signals:direction": null, "traffic_signals:countdown": null, "operator": null }, "geometry": { "type": "Point", "coordinates": [ 51.2402259, 35.7546385 ] } },
{ "type": "Feature", "properties": { "element": "node", "id": 1158011210, "highway": "traffic_signals", "traffic_signals": "signal", "junction": null, "name": null, "name:en": null, "button_operated": null, "crossing": null, "traffic_signals:sound": null, "traffic_signals:vibration": null, "traffic_signals:direction": null, "traffic_signals:countdown": null, "operator": null }, "geometry": { "type": "Point", "coordinates": [ 51.3242158, 35.7227445 ] } },
{ "type": "Feature", "properties": { "element": "node", "id": 1158011556, "highway": "traffic_signals", "traffic_signals": "signal", "junction": null, "name": null, "name:en": null, "button_operated": null, "crossing": null, "traffic_signals:sound": null, "traffic_signals:vibration": null, "traffic_signals:direction": null, "traffic_signals:countdown": null, "operator": null }, "geometry": { "type": "Point", "coordinates": [ 51.3163342, 35.7234943 ] } },
{ "type": "Feature", "properties": { "element": "node", "id": 1169476995, "highway": "traffic_signals", "traffic_signals": "signal", "junction": null, "name": null, "name:en": null, "button_operated": null, "crossing": null, "traffic_signals:sound": null, "traffic_signals:vibration": null, "traffic_signals:direction": null, "traffic_signals:countdown": null, "operator": null }, "geometry": { "type": "Point", "coordinates": [ 51.4317489, 35.7678977 ] } },
{ "type": "Feature", "properties": { "element": "node", "id": 1293999109, "highway": "traffic_signals", "traffic_signals": null, "junction": null, "name": null, "name:en": null, "button_operated": null, "crossing": null, "traffic_signals:sound": null, "traffic_signals:vibration": null, "traffic_signals:direction": null, "traffic_signals:countdown": null, "operator": null }, "geometry": { "type": "Point", "coordinates": [ 51.4206481, 35.5916855 ] } },
{ "type": "Feature", "properties": { "element": "node", "id": 1636389523, "highway": "traffic_signals", "traffic_signals": "blinker", "junction": null, "name": null, "name:en": null, "button_operated": null, "crossing": null, "traffic_signals:sound": null, "traffic_signals:vibration": null, "traffic_signals:direction": null, "traffic_signals:countdown": null, "operator": null }, "geometry": { "type": "Point", "coordinates": [ 51.3028922, 35.7362435 ] } },
{ "type": "Feature", "properties": { "element": "node", "id": 1643115581, "highway": "traffic_signals", "traffic_signals": null, "junction": null, "name": null, "name:en": null, "button_operated": null, "crossing": null, "traffic_signals:sound": null, "traffic_signals:vibration": null, "traffic_signals:direction": null, "traffic_signals:countdown": null, "operator": null }, "geometry": { "type": "Point", "coordinates": [ 51.4207843, 35.5917055 ] } },
{ "type": "Feature", "properties": { "element": "node", "id": 1643116661, "highway": "traffic_signals", "traffic_signals": null, "junction": null, "name": null, "name:en": null, "button_operated": null, "crossing": null, "traffic_signals:sound": null, "traffic_signals:vibration": null, "traffic_signals:direction": null, "traffic_signals:countdown": null, "operator": null }, "geometry": { "type": "Point", "coordinates": [ 51.41152, 35.6262981 ] } },
{ "type": "Feature", "properties": { "element": "node", "id": 1649207804, "highway": "traffic_signals", "traffic_signals": "signal", "junction": null, "name": null, "name:en": null, "button_operated": null, "crossing": null, "traffic_signals:sound": null, "traffic_signals:vibration": null, "traffic_signals:direction": null, "traffic_signals:countdown": null, "operator": null }, "geometry": { "type": "Point", "coordinates": [ 51.4006413, 35.7220599 ] } },
{ "type": "Feature", "properties": { "element": "node", "id": 1650453518, "highway": "traffic_signals", "traffic_signals": null, "junction": null, "name": null, "name:en": null, "button_operated": null, "crossing": null, "traffic_signals:sound": null, "traffic_signals:vibration": null, "traffic_signals:direction": null, "traffic_signals:countdown": null, "operator": null }, "geometry": { "type": "Point", "coordinates": [ 51.3968545, 35.770774 ] } },
{ "type": "Feature", "properties": { "element": "node", "id": 1651589087, "highway": "traffic_signals", "traffic_signals": null, "junction": null, "name": null, "name:en": null, "button_operated": null, "crossing": null, "traffic_signals:sound": null, "traffic_signals:vibration": null, "traffic_signals:direction": null, "traffic_signals:countdown": null, "operator": null }, "geometry": { "type": "Point", "coordinates": [ 51.3239149, 35.7564661 ] } },
{ "type": "Feature", "properties": { "element": "node", "id": 1651589089, "highway": "traffic_signals", "traffic_signals": null, "junction": null, "name": null, "name:en": null, "button_operated": null, "crossing": null, "traffic_signals:sound": null, "traffic_signals:vibration": null, "traffic_signals:direction": null, "traffic_signals:countdown": null, "operator": null }, "geometry": { "type": "Point", "coordinates": [ 51.3237701, 35.7565026 ] } },
{ "type": "Feature", "properties": { "element": "node", "id": 1651589091, "highway": "traffic_signals", "traffic_signals": null, "junction": null, "name": null, "name:en": null, "button_operated": null, "crossing": null, "traffic_signals:sound": null, "traffic_signals:vibration": null, "traffic_signals:direction": null, "traffic_signals:countdown": null, "operator": null }, "geometry": { "type": "Point", "coordinates": [ 51.3239505, 35.7565769 ] } },
{ "type": "Feature", "properties": { "element": "node", "id": 1651589098, "highway": "traffic_signals", "traffic_signals": null, "junction": null, "name": null, "name:en": null, "button_operated": null, "crossing": null, "traffic_signals:sound": null, "traffic_signals:vibration": null, "traffic_signals:direction": null, "traffic_signals:countdown": null, "operator": null }, "geometry": { "type": "Point", "coordinates": [ 51.323805, 35.7566123 ] } },
{ "type": "Feature", "properties": { "element": "node", "id": 1651589402, "highway": "traffic_signals", "traffic_signals": null, "junction": null, "name": null, "name:en": null, "button_operated": null, "crossing": null, "traffic_signals:sound": null, "traffic_signals:vibration": null, "traffic_signals:direction": null, "traffic_signals:countdown": null, "operator": null }, "geometry": { "type": "Point", "coordinates": [ 51.3256625, 35.7621807 ] } },
{ "type": "Feature", "properties": { "element": "node", "id": 1651589404, "highway": "traffic_signals", "traffic_signals": null, "junction": null, "name": null, "name:en": null, "button_operated": null, "crossing": null, "traffic_signals:sound": null, "traffic_signals:vibration": null, "traffic_signals:direction": null, "traffic_signals:countdown": null, "operator": null }, "geometry": { "type": "Point", "coordinates": [ 51.3254993, 35.7622587 ] } },
{ "type": "Feature", "properties": { "element": "node", "id": 1651589406, "highway": "traffic_signals", "traffic_signals": null, "junction": null, "name": null, "name:en": null, "button_operated": null, "crossing": null, "traffic_signals:sound": null, "traffic_signals:vibration": null, "traffic_signals:direction": null, "traffic_signals:countdown": null, "operator": null }, "geometry": { "type": "Point", "coordinates": [ 51.3256964, 35.7622947 ] } },
{ "type": "Feature", "properties": { "element": "node", "id": 1651589408, "highway": "traffic_signals", "traffic_signals": null, "junction": null, "name": null, "name:en": null, "button_operated": null, "crossing": null, "traffic_signals:sound": null, "traffic_signals:vibration": null, "traffic_signals:direction": null, "traffic_signals:countdown": null, "operator": null }, "geometry": { "type": "Point", "coordinates": [ 51.3255328, 35.7623715 ] } },
{ "type": "Feature", "properties": { "element": "node", "id": 1652910580, "highway": "traffic_signals", "traffic_signals": "signal", "junction": null, "name": null, "name:en": null, "button_operated": null, "crossing": null, "traffic_signals:sound": null, "traffic_signals:vibration": null, "traffic_signals:direction": null, "traffic_signals:countdown": null, "operator": null }, "geometry": { "type": "Point", "coordinates": [ 51.3352593, 35.7598061 ] } },
{ "type": "Feature", "properties": { "element": "node", "id": 1653425178, "highway": "traffic_signals", "traffic_signals": "signal", "junction": null, "name": null, "name:en": null, "button_operated": null, "crossing": null, "traffic_signals:sound": null, "traffic_signals:vibration": null, "traffic_signals:direction": null, "traffic_signals:countdown": null, "operator": null }, "geometry": { "type": "Point", "coordinates": [ 51.3757703, 35.761758 ] } },
{ "type": "Feature", "properties": { "element": "node", "id": 1653425189, "highway": "traffic_signals", "traffic_signals": "signal", "junction": null, "name": null, "name:en": null, "button_operated": null, "crossing": null, "traffic_signals:sound": null, "traffic_signals:vibration": null, "traffic_signals:direction": null, "traffic_signals:countdown": null, "operator": null }, "geometry": { "type": "Point", "coordinates": [ 51.3756365, 35.7618123 ] } },
{ "type": "Feature", "properties": { "element": "node", "id": 1653426408, "highway": "traffic_signals", "traffic_signals": "signal", "junction": null, "name": null, "name:en": null, "button_operated": null, "crossing": null, "traffic_signals:sound": null, "traffic_signals:vibration": null, "traffic_signals:direction": null, "traffic_signals:countdown": null, "operator": null }, "geometry": { "type": "Point", "coordinates": [ 51.3565267, 35.7693983 ] } },
{ "type": "Feature", "properties": { "element": "node", "id": 1653483525, "highway": "traffic_signals", "traffic_signals": null, "junction": null, "name": null, "name:en": null, "button_operated": null, "crossing": "traffic_signals", "traffic_signals:sound": null, "traffic_signals:vibration": null, "traffic_signals:direction": "forward", "traffic_signals:countdown": "yes", "operator": null }, "geometry": { "type": "Point", "coordinates": [ 51.3616743, 35.7556535 ] } },
{ "type": "Feature", "properties": { "element": "node", "id": 1653483557, "highway": "traffic_signals", "traffic_signals": "signal", "junction": null, "name": null, "name:en": null, "button_operated": null, "crossing": null, "traffic_signals:sound": null, "traffic_signals:vibration": null, "traffic_signals:direction": "both", "traffic_signals:countdown": null, "operator": null }, "geometry": { "type": "Point", "coordinates": [ 51.3639545, 35.7664053 ] } },
{ "type": "Feature", "properties": { "element": "node", "id": 1654343104, "highway": "traffic_signals", "traffic_signals": "signal", "junction": null, "name": null, "name:en": null, "button_operated": null, "crossing": null, "traffic_signals:sound": null, "traffic_signals:vibration": null, "traffic_signals:direction": null, "traffic_signals:countdown": null, "operator": null }, "geometry": { "type": "Point", "coordinates": [ 51.3088718, 35.7467919 ] } },
{ "type": "Feature", "properties": { "element": "node", "id": 1655846034, "highway": "traffic_signals", "traffic_signals": null, "junction": null, "name": null, "name:en": null, "button_operated": null, "crossing": null, "traffic_signals:sound": null, "traffic_signals:vibration": null, "traffic_signals:direction": null, "traffic_signals:countdown": null, "operator": null }, "geometry": { "type": "Point", "coordinates": [ 51.3366131, 35.736139 ] } },
{ "type": "Feature", "properties": { "element": "node", "id": 1655884658, "highway": "traffic_signals", "traffic_signals": "signal", "junction": null, "name": null, "name:en": null, "button_operated": null, "crossing": null, "traffic_signals:sound": null, "traffic_signals:vibration": null, "traffic_signals:direction": null, "traffic_signals:countdown": null, "operator": null }, "geometry": { "type": "Point", "coordinates": [ 51.335404, 35.7218478 ] } },
{ "type": "Feature", "properties": { "element": "node", "id": 1659643591, "highway": "traffic_signals", "traffic_signals": null, "junction": null, "name": null, "name:en": null, "button_operated": null, "crossing": null, "traffic_signals:sound": null, "traffic_signals:vibration": null, "traffic_signals:direction": null, "traffic_signals:countdown": null, "operator": null }, "geometry": { "type": "Point", "coordinates": [ 51.4162211, 35.7907006 ] } },
{ "type": "Feature", "properties": { "element": "node", "id": 1659643599, "highway": "traffic_signals", "traffic_signals": null, "junction": null, "name": null, "name:en": null, "button_operated": null, "crossing": null, "traffic_signals:sound": null, "traffic_signals:vibration": null, "traffic_signals:direction": null, "traffic_signals:countdown": null, "operator": null }, "geometry": { "type": "Point", "coordinates": [ 51.4158879, 35.7907837 ] } },
{ "type": "Feature", "properties": { "element": "node", "id": 1659643628, "highway": "traffic_signals", "traffic_signals": null, "junction": null, "name": null, "name:en": null, "button_operated": null, "crossing": null, "traffic_signals:sound": null, "traffic_signals:vibration": null, "traffic_signals:direction": null, "traffic_signals:countdown": null, "operator": null }, "geometry": { "type": "Point", "coordinates": [ 51.4163066, 35.7910736 ] } },
{ "type": "Feature", "properties": { "element": "node", "id": 1680727835, "highway": "traffic_signals", "traffic_signals": null, "junction": null, "name": null, "name:en": null, "button_operated": null, "crossing": null, "traffic_signals:sound": null, "traffic_signals:vibration": null, "traffic_signals:direction": null, "traffic_signals:countdown": null, "operator": null }, "geometry": { "type": "Point", "coordinates": [ 51.513688, 35.7585898 ] } },
{ "type": "Feature", "properties": { "element": "node", "id": 1704056567, "highway": "traffic_signals", "traffic_signals": "signal", "junction": null, "name": null, "name:en": null, "button_operated": null, "crossing": null, "traffic_signals:sound": null, "traffic_signals:vibration": null, "traffic_signals:direction": null, "traffic_signals:countdown": null, "operator": null }, "geometry": { "type": "Point", "coordinates": [ 51.4157202, 35.7277064 ] } },
{ "type": "Feature", "properties": { "element": "node", "id": 1704056568, "highway": "traffic_signals", "traffic_signals": "signal", "junction": null, "name": null, "name:en": null, "button_operated": null, "crossing": null, "traffic_signals:sound": null, "traffic_signals:vibration": null, "traffic_signals:direction": null, "traffic_signals:countdown": null, "operator": null }, "geometry": { "type": "Point", "coordinates": [ 51.4163118, 35.723844 ] } },
{ "type": "Feature", "properties": { "element": "node", "id": 1705590126, "highway": "traffic_signals", "traffic_signals": "signal", "junction": null, "name": null, "name:en": null, "button_operated": null, "crossing": null, "traffic_signals:sound": null, "traffic_signals:vibration": null, "traffic_signals:direction": null, "traffic_signals:countdown": null, "operator": null }, "geometry": { "type": "Point", "coordinates": [ 51.2835014, 35.7644591 ] } },
{ "type": "Feature", "properties": { "element": "node", "id": 1705590127, "highway": "traffic_signals", "traffic_signals": "signal", "junction": null, "name": null, "name:en": null, "button_operated": null, "crossing": null, "traffic_signals:sound": null, "traffic_signals:vibration": null, "traffic_signals:direction": null, "traffic_signals:countdown": null, "operator": null }, "geometry": { "type": "Point", "coordinates": [ 51.2836202, 35.7644867 ] } },
{ "type": "Feature", "properties": { "element": "node", "id": 1725215788, "highway": "traffic_signals", "traffic_signals": "signal", "junction": null, "name": null, "name:en": null, "button_operated": null, "crossing": null, "traffic_signals:sound": null, "traffic_signals:vibration": null, "traffic_signals:direction": "forward", "traffic_signals:countdown": null, "operator": null }, "geometry": { "type": "Point", "coordinates": [ 51.4497669, 35.7797758 ] } },
{ "type": "Feature", "properties": { "element": "node", "id": 1730748373, "highway": "traffic_signals", "traffic_signals": "signal", "junction": null, "name": null, "name:en": null, "button_operated": null, "crossing": null, "traffic_signals:sound": null, "traffic_signals:vibration": null, "traffic_signals:direction": null, "traffic_signals:countdown": null, "operator": null }, "geometry": { "type": "Point", "coordinates": [ 51.4121727, 35.706595 ] } },
{ "type": "Feature", "properties": { "element": "node", "id": 1730749034, "highway": "traffic_signals", "traffic_signals": null, "junction": null, "name": null, "name:en": null, "button_operated": null, "crossing": null, "traffic_signals:sound": null, "traffic_signals:vibration": null, "traffic_signals:direction": null, "traffic_signals:countdown": null, "operator": null }, "geometry": { "type": "Point", "coordinates": [ 51.4114343, 35.7136612 ] } },
{ "type": "Feature", "properties": { "element": "node", "id": 1730749046, "highway": "traffic_signals", "traffic_signals": null, "junction": null, "name": null, "name:en": null, "button_operated": null, "crossing": null, "traffic_signals:sound": null, "traffic_signals:vibration": null, "traffic_signals:direction": null, "traffic_signals:countdown": null, "operator": null }, "geometry": { "type": "Point", "coordinates": [ 51.4113933, 35.7138639 ] } },
{ "type": "Feature", "properties": { "element": "node", "id": 1730749224, "highway": "traffic_signals", "traffic_signals": "signal", "junction": null, "name": null, "name:en": null, "button_operated": null, "crossing": null, "traffic_signals:sound": null, "traffic_signals:vibration": null, "traffic_signals:direction": null, "traffic_signals:countdown": null, "operator": null }, "geometry": { "type": "Point", "coordinates": [ 51.4176878, 35.7151865 ] } },
{ "type": "Feature", "properties": { "element": "node", "id": 1730750651, "highway": "traffic_signals", "traffic_signals": "signal", "junction": null, "name": null, "name:en": null, "button_operated": null, "crossing": null, "traffic_signals:sound": null, "traffic_signals:vibration": null, "traffic_signals:direction": null, "traffic_signals:countdown": null, "operator": null }, "geometry": { "type": "Point", "coordinates": [ 51.4164454, 35.723848 ] } },
{ "type": "Feature", "properties": { "element": "node", "id": 1730750652, "highway": "traffic_signals", "traffic_signals": "signal", "junction": null, "name": null, "name:en": null, "button_operated": null, "crossing": null, "traffic_signals:sound": null, "traffic_signals:vibration": null, "traffic_signals:direction": null, "traffic_signals:countdown": null, "operator": null }, "geometry": { "type": "Point", "coordinates": [ 51.419396, 35.7239349 ] } },
{ "type": "Feature", "properties": { "element": "node", "id": 1730750654, "highway": "traffic_signals", "traffic_signals": "signal", "junction": null, "name": null, "name:en": null, "button_operated": null, "crossing": null, "traffic_signals:sound": null, "traffic_signals:vibration": null, "traffic_signals:direction": null, "traffic_signals:countdown": null, "operator": null }, "geometry": { "type": "Point", "coordinates": [ 51.4195107, 35.7239394 ] } },
{ "type": "Feature", "properties": { "element": "node", "id": 1762129112, "highway": "traffic_signals", "traffic_signals": "blink_mode", "junction": null, "name": null, "name:en": null, "button_operated": null, "crossing": null, "traffic_signals:sound": null, "traffic_signals:vibration": null, "traffic_signals:direction": null, "traffic_signals:countdown": null, "operator": null }, "geometry": { "type": "Point", "coordinates": [ 51.4321586, 35.7178763 ] } },
{ "type": "Feature", "properties": { "element": "node", "id": 1762129139, "highway": "traffic_signals", "traffic_signals": "blink_mode", "junction": null, "name": null, "name:en": null, "button_operated": null, "crossing": null, "traffic_signals:sound": null, "traffic_signals:vibration": null, "traffic_signals:direction": null, "traffic_signals:countdown": null, "operator": null }, "geometry": { "type": "Point", "coordinates": [ 51.4338337, 35.7199364 ] } },
{ "type": "Feature", "properties": { "element": "node", "id": 1762129141, "highway": "traffic_signals", "traffic_signals": "blink_mode", "junction": null, "name": null, "name:en": null, "button_operated": null, "crossing": null, "traffic_signals:sound": null, "traffic_signals:vibration": null, "traffic_signals:direction": null, "traffic_signals:countdown": null, "operator": null }, "geometry": { "type": "Point", "coordinates": [ 51.4339375, 35.7199382 ] } },
{ "type": "Feature", "properties": { "element": "node", "id": 1762129176, "highway": "traffic_signals", "traffic_signals": "blink_mode", "junction": null, "name": null, "name:en": null, "button_operated": null, "crossing": null, "traffic_signals:sound": null, "traffic_signals:vibration": null, "traffic_signals:direction": null, "traffic_signals:countdown": null, "operator": null }, "geometry": { "type": "Point", "coordinates": [ 51.4314229, 35.7222187 ] } },
{ "type": "Feature", "properties": { "element": "node", "id": 1762129216, "highway": "traffic_signals", "traffic_signals": "signal", "junction": null, "name": null, "name:en": null, "button_operated": null, "crossing": null, "traffic_signals:sound": null, "traffic_signals:vibration": null, "traffic_signals:direction": null, "traffic_signals:countdown": null, "operator": null }, "geometry": { "type": "Point", "coordinates": [ 51.4369804, 35.7284391 ] } },
{ "type": "Feature", "properties": { "element": "node", "id": 1762129229, "highway": "traffic_signals", "traffic_signals": "signal", "junction": null, "name": null, "name:en": null, "button_operated": null, "crossing": null, "traffic_signals:sound": null, "traffic_signals:vibration": null, "traffic_signals:direction": null, "traffic_signals:countdown": null, "operator": null }, "geometry": { "type": "Point", "coordinates": [ 51.4386308, 35.7312356 ] } },
{ "type": "Feature", "properties": { "element": "node", "id": 1762129230, "highway": "traffic_signals", "traffic_signals": "signal", "junction": null, "name": null, "name:en": null, "button_operated": null, "crossing": null, "traffic_signals:sound": null, "traffic_signals:vibration": null, "traffic_signals:direction": null, "traffic_signals:countdown": null, "operator": null }, "geometry": { "type": "Point", "coordinates": [ 51.4387445, 35.7312413 ] } },
{ "type": "Feature", "properties": { "element": "node", "id": 1762129280, "highway": "traffic_signals", "traffic_signals": "signal", "junction": null, "name": null, "name:en": null, "button_operated": null, "crossing": null, "traffic_signals:sound": null, "traffic_signals:vibration": null, "traffic_signals:direction": null, "traffic_signals:countdown": null, "operator": null }, "geometry": { "type": "Point", "coordinates": [ 51.4418111, 35.7358782 ] } },
{ "type": "Feature", "properties": { "element": "node", "id": 1862672533, "highway": "traffic_signals", "traffic_signals": null, "junction": null, "name": null, "name:en": null, "button_operated": null, "crossing": null, "traffic_signals:sound": null, "traffic_signals:vibration": null, "traffic_signals:direction": null, "traffic_signals:countdown": null, "operator": null }, "geometry": { "type": "Point", "coordinates": [ 51.4432567, 35.704638 ] } },
{ "type": "Feature", "properties": { "element": "node", "id": 1863681862, "highway": "traffic_signals", "traffic_signals": "signal", "junction": null, "name": null, "name:en": null, "button_operated": null, "crossing": null, "traffic_signals:sound": null, "traffic_signals:vibration": null, "traffic_signals:direction": null, "traffic_signals:countdown": null, "operator": null }, "geometry": { "type": "Point", "coordinates": [ 51.4408865, 35.7993469 ] } },
{ "type": "Feature", "properties": { "element": "node", "id": 1863729434, "highway": "traffic_signals", "traffic_signals": "signal", "junction": null, "name": null, "name:en": null, "button_operated": null, "crossing": null, "traffic_signals:sound": null, "traffic_signals:vibration": null, "traffic_signals:direction": null, "traffic_signals:countdown": null, "operator": null }, "geometry": { "type": "Point", "coordinates": [ 51.4635363, 35.8117395 ] } },
{ "type": "Feature", "properties": { "element": "node", "id": 1880157018, "highway": "traffic_signals", "traffic_signals": "signal", "junction": null, "name": null, "name:en": null, "button_operated": null, "crossing": null, "traffic_signals:sound": null, "traffic_signals:vibration": null, "traffic_signals:direction": null, "traffic_signals:countdown": null, "operator": null }, "geometry": { "type": "Point", "coordinates": [ 51.3642849, 35.6850857 ] } },
{ "type": "Feature", "properties": { "element": "node", "id": 1880157020, "highway": "traffic_signals", "traffic_signals": "signal", "junction": null, "name": null, "name:en": null, "button_operated": null, "crossing": null, "traffic_signals:sound": null, "traffic_signals:vibration": null, "traffic_signals:direction": null, "traffic_signals:countdown": null, "operator": null }, "geometry": { "type": "Point", "coordinates": [ 51.3750552, 35.7005162 ] } },
{ "type": "Feature", "properties": { "element": "node", "id": 1921563278, "highway": "traffic_signals", "traffic_signals": "signal", "junction": null, "name": null, "name:en": null, "button_operated": null, "crossing": null, "traffic_signals:sound": null, "traffic_signals:vibration": null, "traffic_signals:direction": null, "traffic_signals:countdown": null, "operator": null }, "geometry": { "type": "Point", "coordinates": [ 51.3750262, 35.7007563 ] } },
{ "type": "Feature", "properties": { "element": "node", "id": 1921677313, "highway": "traffic_signals", "traffic_signals": "signal", "junction": null, "name": null, "name:en": null, "button_operated": null, "crossing": null, "traffic_signals:sound": null, "traffic_signals:vibration": null, "traffic_signals:direction": null, "traffic_signals:countdown": null, "operator": "test" }, "geometry": { "type": "Point", "coordinates": [ 51.3654377, 35.7002754 ] } },
{ "type": "Feature", "properties": { "element": "node", "id": 1921677373, "highway": "traffic_signals", "traffic_signals": "signal", "junction": null, "name": null, "name:en": null, "button_operated": null, "crossing": null, "traffic_signals:sound": null, "traffic_signals:vibration": null, "traffic_signals:direction": null, "traffic_signals:countdown": null, "operator": null }, "geometry": { "type": "Point", "coordinates": [ 51.3779724, 35.7057313 ] } },
{ "type": "Feature", "properties": { "element": "node", "id": 1922773704, "highway": "traffic_signals", "traffic_signals": "signal", "junction": null, "name": null, "name:en": null, "button_operated": null, "crossing": null, "traffic_signals:sound": null, "traffic_signals:vibration": null, "traffic_signals:direction": null, "traffic_signals:countdown": null, "operator": null }, "geometry": { "type": "Point", "coordinates": [ 51.4158286, 35.7277365 ] } },
{ "type": "Feature", "properties": { "element": "node", "id": 1923326730, "highway": "traffic_signals", "traffic_signals": "signal", "junction": null, "name": null, "name:en": null, "button_operated": null, "crossing": null, "traffic_signals:sound": null, "traffic_signals:vibration": null, "traffic_signals:direction": null, "traffic_signals:countdown": null, "operator": null }, "geometry": { "type": "Point", "coordinates": [ 51.4042713, 35.7110033 ] } },
{ "type": "Feature", "properties": { "element": "node", "id": 1923581145, "highway": "traffic_signals", "traffic_signals": "signal", "junction": null, "name": null, "name:en": null, "button_operated": null, "crossing": null, "traffic_signals:sound": null, "traffic_signals:vibration": null, "traffic_signals:direction": null, "traffic_signals:countdown": null, "operator": null }, "geometry": { "type": "Point", "coordinates": [ 51.3461195, 35.6937036 ] } },
{ "type": "Feature", "properties": { "element": "node", "id": 1924287493, "highway": "traffic_signals", "traffic_signals": "signal", "junction": null, "name": null, "name:en": null, "button_operated": null, "crossing": null, "traffic_signals:sound": null, "traffic_signals:vibration": null, "traffic_signals:direction": null, "traffic_signals:countdown": null, "operator": null }, "geometry": { "type": "Point", "coordinates": [ 51.3921216, 35.6933075 ] } },
{ "type": "Feature", "properties": { "element": "node", "id": 1946581857, "highway": "traffic_signals", "traffic_signals": "signal", "junction": null, "name": null, "name:en": null, "button_operated": null, "crossing": null, "traffic_signals:sound": null, "traffic_signals:vibration": null, "traffic_signals:direction": null, "traffic_signals:countdown": null, "operator": null }, "geometry": { "type": "Point", "coordinates": [ 51.3670587, 35.6870602 ] } },
{ "type": "Feature", "properties": { "element": "node", "id": 2021393789, "highway": "traffic_signals", "traffic_signals": "signal", "junction": null, "name": null, "name:en": null, "button_operated": null, "crossing": null, "traffic_signals:sound": null, "traffic_signals:vibration": null, "traffic_signals:direction": null, "traffic_signals:countdown": null, "operator": null }, "geometry": { "type": "Point", "coordinates": [ 51.4378287, 35.7392258 ] } },
{ "type": "Feature", "properties": { "element": "node", "id": 2082829547, "highway": "traffic_signals", "traffic_signals": null, "junction": null, "name": null, "name:en": null, "button_operated": null, "crossing": null, "traffic_signals:sound": null, "traffic_signals:vibration": null, "traffic_signals:direction": null, "traffic_signals:countdown": null, "operator": null }, "geometry": { "type": "Point", "coordinates": [ 51.4399551, 35.7065658 ] } },
{ "type": "Feature", "properties": { "element": "node", "id": 2082829578, "highway": "traffic_signals", "traffic_signals": null, "junction": null, "name": null, "name:en": null, "button_operated": null, "crossing": null, "traffic_signals:sound": null, "traffic_signals:vibration": null, "traffic_signals:direction": null, "traffic_signals:countdown": null, "operator": null }, "geometry": { "type": "Point", "coordinates": [ 51.44056, 35.7071121 ] } },
{ "type": "Feature", "properties": { "element": "node", "id": 2082999919, "highway": "traffic_signals", "traffic_signals": null, "junction": null, "name": null, "name:en": null, "button_operated": null, "crossing": null, "traffic_signals:sound": null, "traffic_signals:vibration": null, "traffic_signals:direction": null, "traffic_signals:countdown": null, "operator": null }, "geometry": { "type": "Point", "coordinates": [ 51.4170523, 35.6782226 ] } },
{ "type": "Feature", "properties": { "element": "node", "id": 2088873921, "highway": "traffic_signals", "traffic_signals": "signal", "junction": null, "name": null, "name:en": null, "button_operated": null, "crossing": null, "traffic_signals:sound": null, "traffic_signals:vibration": null, "traffic_signals:direction": null, "traffic_signals:countdown": null, "operator": null }, "geometry": { "type": "Point", "coordinates": [ 51.3546547, 35.6785514 ] } },
{ "type": "Feature", "properties": { "element": "node", "id": 2145070749, "highway": "traffic_signals", "traffic_signals": null, "junction": null, "name": null, "name:en": null, "button_operated": null, "crossing": null, "traffic_signals:sound": null, "traffic_signals:vibration": null, "traffic_signals:direction": null, "traffic_signals:countdown": null, "operator": null }, "geometry": { "type": "Point", "coordinates": [ 51.4083975, 35.7208399 ] } },
{ "type": "Feature", "properties": { "element": "node", "id": 2170213315, "highway": "traffic_signals", "traffic_signals": "signal", "junction": null, "name": null, "name:en": null, "button_operated": null, "crossing": null, "traffic_signals:sound": null, "traffic_signals:vibration": null, "traffic_signals:direction": "forward", "traffic_signals:countdown": null, "operator": null }, "geometry": { "type": "Point", "coordinates": [ 51.4339515, 35.8047992 ] } },
{ "type": "Feature", "properties": { "element": "node", "id": 2170213377, "highway": "traffic_signals", "traffic_signals": "signal", "junction": null, "name": null, "name:en": null, "button_operated": null, "crossing": null, "traffic_signals:sound": null, "traffic_signals:vibration": null, "traffic_signals:direction": "forward", "traffic_signals:countdown": null, "operator": null }, "geometry": { "type": "Point", "coordinates": [ 51.4343002, 35.8048863 ] } },
{ "type": "Feature", "properties": { "element": "node", "id": 2188688342, "highway": "traffic_signals", "traffic_signals": null, "junction": null, "name": null, "name:en": null, "button_operated": null, "crossing": null, "traffic_signals:sound": null, "traffic_signals:vibration": null, "traffic_signals:direction": null, "traffic_signals:countdown": null, "operator": null }, "geometry": { "type": "Point", "coordinates": [ 51.5849296, 35.7423903 ] } },
{ "type": "Feature", "properties": { "element": "node", "id": 2188688343, "highway": "traffic_signals", "traffic_signals": null, "junction": null, "name": null, "name:en": null, "button_operated": null, "crossing": null, "traffic_signals:sound": null, "traffic_signals:vibration": null, "traffic_signals:direction": null, "traffic_signals:countdown": null, "operator": null }, "geometry": { "type": "Point", "coordinates": [ 51.5853084, 35.7424098 ] } },
{ "type": "Feature", "properties": { "element": "node", "id": 2190917774, "highway": "traffic_signals", "traffic_signals": null, "junction": null, "name": null, "name:en": null, "button_operated": null, "crossing": null, "traffic_signals:sound": null, "traffic_signals:vibration": null, "traffic_signals:direction": null, "traffic_signals:countdown": null, "operator": null }, "geometry": { "type": "Point", "coordinates": [ 51.5136393, 35.7581424 ] } },
{ "type": "Feature", "properties": { "element": "node", "id": 2203911279, "highway": "traffic_signals", "traffic_signals": "signal", "junction": null, "name": null, "name:en": null, "button_operated": null, "crossing": null, "traffic_signals:sound": null, "traffic_signals:vibration": null, "traffic_signals:direction": null, "traffic_signals:countdown": null, "operator": null }, "geometry": { "type": "Point", "coordinates": [ 51.345943, 35.6936808 ] } },
{ "type": "Feature", "properties": { "element": "node", "id": 2203911797, "highway": "traffic_signals", "traffic_signals": "signal", "junction": null, "name": null, "name:en": null, "button_operated": null, "crossing": null, "traffic_signals:sound": null, "traffic_signals:vibration": null, "traffic_signals:direction": null, "traffic_signals:countdown": null, "operator": null }, "geometry": { "type": "Point", "coordinates": [ 51.3157022, 35.7065017 ] } },
{ "type": "Feature", "properties": { "element": "node", "id": 2203911803, "highway": "traffic_signals", "traffic_signals": "signal", "junction": null, "name": null, "name:en": null, "button_operated": null, "crossing": null, "traffic_signals:sound": null, "traffic_signals:vibration": null, "traffic_signals:direction": null, "traffic_signals:countdown": null, "operator": null }, "geometry": { "type": "Point", "coordinates": [ 51.3157872, 35.7065068 ] } },
{ "type": "Feature", "properties": { "element": "node", "id": 2299606477, "highway": "traffic_signals", "traffic_signals": "signal", "junction": null, "name": null, "name:en": null, "button_operated": null, "crossing": null, "traffic_signals:sound": null, "traffic_signals:vibration": null, "traffic_signals:direction": null, "traffic_signals:countdown": null, "operator": null }, "geometry": { "type": "Point", "coordinates": [ 51.4844106, 35.7338172 ] } },
{ "type": "Feature", "properties": { "element": "node", "id": 2580062933, "highway": "traffic_signals", "traffic_signals": null, "junction": null, "name": null, "name:en": null, "button_operated": null, "crossing": null, "traffic_signals:sound": null, "traffic_signals:vibration": null, "traffic_signals:direction": null, "traffic_signals:countdown": null, "operator": null }, "geometry": { "type": "Point", "coordinates": [ 51.3208807, 35.7573444 ] } },
{ "type": "Feature", "properties": { "element": "node", "id": 2976438158, "highway": "traffic_signals", "traffic_signals": "signal", "junction": null, "name": null, "name:en": null, "button_operated": null, "crossing": null, "traffic_signals:sound": null, "traffic_signals:vibration": null, "traffic_signals:direction": null, "traffic_signals:countdown": null, "operator": null }, "geometry": { "type": "Point", "coordinates": [ 51.2340274, 35.754742 ] } },
{ "type": "Feature", "properties": { "element": "node", "id": 2976438161, "highway": "traffic_signals", "traffic_signals": "signal", "junction": null, "name": null, "name:en": null, "button_operated": null, "crossing": null, "traffic_signals:sound": null, "traffic_signals:vibration": null, "traffic_signals:direction": null, "traffic_signals:countdown": null, "operator": null }, "geometry": { "type": "Point", "coordinates": [ 51.2341514, 35.7547531 ] } },
{ "type": "Feature", "properties": { "element": "node", "id": 3034873741, "highway": "traffic_signals", "traffic_signals": "signal", "junction": null, "name": null, "name:en": null, "button_operated": null, "crossing": null, "traffic_signals:sound": null, "traffic_signals:vibration": null, "traffic_signals:direction": null, "traffic_signals:countdown": null, "operator": null }, "geometry": { "type": "Point", "coordinates": [ 51.3461881, 35.6887567 ] } },
{ "type": "Feature", "properties": { "element": "node", "id": 3034873742, "highway": "traffic_signals", "traffic_signals": "signal", "junction": null, "name": null, "name:en": null, "button_operated": null, "crossing": null, "traffic_signals:sound": null, "traffic_signals:vibration": null, "traffic_signals:direction": null, "traffic_signals:countdown": null, "operator": null }, "geometry": { "type": "Point", "coordinates": [ 51.346291, 35.6887615 ] } },
{ "type": "Feature", "properties": { "element": "node", "id": 3043281123, "highway": "traffic_signals", "traffic_signals": "signal", "junction": null, "name": null, "name:en": null, "button_operated": null, "crossing": null, "traffic_signals:sound": null, "traffic_signals:vibration": null, "traffic_signals:direction": null, "traffic_signals:countdown": null, "operator": null }, "geometry": { "type": "Point", "coordinates": [ 51.3564594, 35.7696444 ] } },
{ "type": "Feature", "properties": { "element": "node", "id": 3149560869, "highway": "traffic_signals", "traffic_signals": "signal", "junction": null, "name": null, "name:en": null, "button_operated": null, "crossing": null, "traffic_signals:sound": null, "traffic_signals:vibration": null, "traffic_signals:direction": null, "traffic_signals:countdown": null, "operator": null }, "geometry": { "type": "Point", "coordinates": [ 51.3836291, 35.6880444 ] } },
{ "type": "Feature", "properties": { "element": "node", "id": 3188251930, "highway": "traffic_signals", "traffic_signals": "blinker", "junction": null, "name": null, "name:en": null, "button_operated": null, "crossing": null, "traffic_signals:sound": null, "traffic_signals:vibration": null, "traffic_signals:direction": null, "traffic_signals:countdown": null, "operator": null }, "geometry": { "type": "Point", "coordinates": [ 51.3254411, 35.7253723 ] } },
{ "type": "Feature", "properties": { "element": "node", "id": 3202142407, "highway": "traffic_signals", "traffic_signals": "signal", "junction": null, "name": null, "name:en": null, "button_operated": null, "crossing": null, "traffic_signals:sound": null, "traffic_signals:vibration": null, "traffic_signals:direction": null, "traffic_signals:countdown": null, "operator": null }, "geometry": { "type": "Point", "coordinates": [ 51.2931278, 35.7696206 ] } },
{ "type": "Feature", "properties": { "element": "node", "id": 3202142439, "highway": "traffic_signals", "traffic_signals": "signal", "junction": null, "name": null, "name:en": null, "button_operated": null, "crossing": null, "traffic_signals:sound": null, "traffic_signals:vibration": null, "traffic_signals:direction": null, "traffic_signals:countdown": null, "operator": null }, "geometry": { "type": "Point", "coordinates": [ 51.2932084, 35.7697097 ] } },
{ "type": "Feature", "properties": { "element": "node", "id": 3202142440, "highway": "traffic_signals", "traffic_signals": "signal", "junction": null, "name": null, "name:en": null, "button_operated": null, "crossing": null, "traffic_signals:sound": null, "traffic_signals:vibration": null, "traffic_signals:direction": null, "traffic_signals:countdown": null, "operator": null }, "geometry": { "type": "Point", "coordinates": [ 51.293125, 35.7697971 ] } },
{ "type": "Feature", "properties": { "element": "node", "id": 3206317851, "highway": "traffic_signals", "traffic_signals": "signal", "junction": null, "name": null, "name:en": null, "button_operated": null, "crossing": null, "traffic_signals:sound": null, "traffic_signals:vibration": null, "traffic_signals:direction": null, "traffic_signals:countdown": null, "operator": null }, "geometry": { "type": "Point", "coordinates": [ 51.3750639, 35.7004442 ] } },
{ "type": "Feature", "properties": { "element": "node", "id": 3206317852, "highway": "traffic_signals", "traffic_signals": "signal", "junction": null, "name": null, "name:en": null, "button_operated": null, "crossing": null, "traffic_signals:sound": null, "traffic_signals:vibration": null, "traffic_signals:direction": null, "traffic_signals:countdown": null, "operator": null }, "geometry": { "type": "Point", "coordinates": [ 51.3655016, 35.7004612 ] } },
{ "type": "Feature", "properties": { "element": "node", "id": 3312080736, "highway": "traffic_signals", "traffic_signals": "signal", "junction": null, "name": null, "name:en": null, "button_operated": null, "crossing": null, "traffic_signals:sound": null, "traffic_signals:vibration": null, "traffic_signals:direction": null, "traffic_signals:countdown": null, "operator": null }, "geometry": { "type": "Point", "coordinates": [ 51.4635158, 35.8118546 ] } },
{ "type": "Feature", "properties": { "element": "node", "id": 3374819765, "highway": "traffic_signals", "traffic_signals": null, "junction": null, "name": null, "name:en": null, "button_operated": null, "crossing": null, "traffic_signals:sound": null, "traffic_signals:vibration": null, "traffic_signals:direction": null, "traffic_signals:countdown": null, "operator": null }, "geometry": { "type": "Point", "coordinates": [ 51.4275585, 35.718892 ] } },
{ "type": "Feature", "properties": { "element": "node", "id": 3376783387, "highway": "traffic_signals", "traffic_signals": "signal", "junction": null, "name": null, "name:en": null, "button_operated": null, "crossing": null, "traffic_signals:sound": null, "traffic_signals:vibration": null, "traffic_signals:direction": null, "traffic_signals:countdown": null, "operator": null }, "geometry": { "type": "Point", "coordinates": [ 51.415383, 35.7204864 ] } },
{ "type": "Feature", "properties": { "element": "node", "id": 3382305700, "highway": "traffic_signals", "traffic_signals": "signal", "junction": null, "name": null, "name:en": null, "button_operated": null, "crossing": null, "traffic_signals:sound": null, "traffic_signals:vibration": null, "traffic_signals:direction": null, "traffic_signals:countdown": null, "operator": null }, "geometry": { "type": "Point", "coordinates": [ 51.3350664, 35.75999 ] } },
{ "type": "Feature", "properties": { "element": "node", "id": 3423592767, "highway": "traffic_signals", "traffic_signals": null, "junction": null, "name": null, "name:en": null, "button_operated": null, "crossing": null, "traffic_signals:sound": null, "traffic_signals:vibration": null, "traffic_signals:direction": null, "traffic_signals:countdown": null, "operator": null }, "geometry": { "type": "Point", "coordinates": [ 51.4291152, 35.6695744 ] } },
{ "type": "Feature", "properties": { "element": "node", "id": 3423592770, "highway": "traffic_signals", "traffic_signals": null, "junction": null, "name": null, "name:en": null, "button_operated": null, "crossing": null, "traffic_signals:sound": null, "traffic_signals:vibration": null, "traffic_signals:direction": null, "traffic_signals:countdown": null, "operator": null }, "geometry": { "type": "Point", "coordinates": [ 51.4294557, 35.6693544 ] } },
{ "type": "Feature", "properties": { "element": "node", "id": 3423592772, "highway": "traffic_signals", "traffic_signals": null, "junction": null, "name": null, "name:en": null, "button_operated": null, "crossing": null, "traffic_signals:sound": null, "traffic_signals:vibration": null, "traffic_signals:direction": null, "traffic_signals:countdown": null, "operator": null }, "geometry": { "type": "Point", "coordinates": [ 51.4287864, 35.6692215 ] } },
{ "type": "Feature", "properties": { "element": "node", "id": 3428280516, "highway": "traffic_signals", "traffic_signals": null, "junction": null, "name": null, "name:en": null, "button_operated": null, "crossing": null, "traffic_signals:sound": null, "traffic_signals:vibration": null, "traffic_signals:direction": null, "traffic_signals:countdown": null, "operator": null }, "geometry": { "type": "Point", "coordinates": [ 51.4172858, 35.6779954 ] } },
{ "type": "Feature", "properties": { "element": "node", "id": 3444530382, "highway": "traffic_signals", "traffic_signals": "signal", "junction": null, "name": null, "name:en": null, "button_operated": null, "crossing": null, "traffic_signals:sound": null, "traffic_signals:vibration": null, "traffic_signals:direction": null, "traffic_signals:countdown": null, "operator": null }, "geometry": { "type": "Point", "coordinates": [ 51.3085344, 35.7466422 ] } },
{ "type": "Feature", "properties": { "element": "node", "id": 3463117186, "highway": "traffic_signals", "traffic_signals": "signal", "junction": null, "name": null, "name:en": null, "button_operated": null, "crossing": null, "traffic_signals:sound": null, "traffic_signals:vibration": null, "traffic_signals:direction": null, "traffic_signals:countdown": null, "operator": null }, "geometry": { "type": "Point", "coordinates": [ 51.3156944, 35.7065994 ] } },
{ "type": "Feature", "properties": { "element": "node", "id": 3482726540, "highway": "traffic_signals", "traffic_signals": "signal", "junction": null, "name": null, "name:en": null, "button_operated": null, "crossing": null, "traffic_signals:sound": null, "traffic_signals:vibration": null, "traffic_signals:direction": null, "traffic_signals:countdown": null, "operator": null }, "geometry": { "type": "Point", "coordinates": [ 51.3917204, 35.6962242 ] } },
{ "type": "Feature", "properties": { "element": "node", "id": 3482726542, "highway": "traffic_signals", "traffic_signals": "signal", "junction": null, "name": null, "name:en": null, "button_operated": null, "crossing": null, "traffic_signals:sound": null, "traffic_signals:vibration": null, "traffic_signals:direction": null, "traffic_signals:countdown": null, "operator": null }, "geometry": { "type": "Point", "coordinates": [ 51.3898067, 35.6963366 ] } },
{ "type": "Feature", "properties": { "element": "node", "id": 3505080813, "highway": "traffic_signals", "traffic_signals": "signal", "junction": null, "name": null, "name:en": null, "button_operated": null, "crossing": null, "traffic_signals:sound": null, "traffic_signals:vibration": null, "traffic_signals:direction": null, "traffic_signals:countdown": null, "operator": null }, "geometry": { "type": "Point", "coordinates": [ 51.3086587, 35.7467778 ] } },
{ "type": "Feature", "properties": { "element": "node", "id": 3505080814, "highway": "traffic_signals", "traffic_signals": "signal", "junction": null, "name": null, "name:en": null, "button_operated": null, "crossing": null, "traffic_signals:sound": null, "traffic_signals:vibration": null, "traffic_signals:direction": null, "traffic_signals:countdown": null, "operator": null }, "geometry": { "type": "Point", "coordinates": [ 51.3087281, 35.7466555 ] } },
{ "type": "Feature", "properties": { "element": "node", "id": 3597254989, "highway": "traffic_signals", "traffic_signals": "signal", "junction": null, "name": null, "name:en": null, "button_operated": null, "crossing": null, "traffic_signals:sound": null, "traffic_signals:vibration": null, "traffic_signals:direction": null, "traffic_signals:countdown": null, "operator": null }, "geometry": { "type": "Point", "coordinates": [ 51.3937168, 35.6823825 ] } },
{ "type": "Feature", "properties": { "element": "node", "id": 3765720035, "highway": "traffic_signals", "traffic_signals": "signal", "junction": null, "name": null, "name:en": null, "button_operated": null, "crossing": null, "traffic_signals:sound": null, "traffic_signals:vibration": null, "traffic_signals:direction": null, "traffic_signals:countdown": null, "operator": null }, "geometry": { "type": "Point", "coordinates": [ 51.420496, 35.7706252 ] } },
{ "type": "Feature", "properties": { "element": "node", "id": 3784440438, "highway": "traffic_signals", "traffic_signals": "signal", "junction": null, "name": null, "name:en": null, "button_operated": null, "crossing": null, "traffic_signals:sound": null, "traffic_signals:vibration": null, "traffic_signals:direction": null, "traffic_signals:countdown": null, "operator": null }, "geometry": { "type": "Point", "coordinates": [ 51.4298094, 35.7353753 ] } },
{ "type": "Feature", "properties": { "element": "node", "id": 3784838457, "highway": "traffic_signals", "traffic_signals": "signal", "junction": null, "name": null, "name:en": null, "button_operated": null, "crossing": null, "traffic_signals:sound": null, "traffic_signals:vibration": null, "traffic_signals:direction": null, "traffic_signals:countdown": null, "operator": null }, "geometry": { "type": "Point", "coordinates": [ 51.404229, 35.7106948 ] } },
{ "type": "Feature", "properties": { "element": "node", "id": 3793325289, "highway": "traffic_signals", "traffic_signals": "signal", "junction": null, "name": null, "name:en": null, "button_operated": null, "crossing": null, "traffic_signals:sound": null, "traffic_signals:vibration": null, "traffic_signals:direction": null, "traffic_signals:countdown": null, "operator": null }, "geometry": { "type": "Point", "coordinates": [ 51.4446338, 35.7860485 ] } },
{ "type": "Feature", "properties": { "element": "node", "id": 3808053782, "highway": "traffic_signals", "traffic_signals": null, "junction": null, "name": null, "name:en": null, "button_operated": null, "crossing": null, "traffic_signals:sound": null, "traffic_signals:vibration": null, "traffic_signals:direction": null, "traffic_signals:countdown": null, "operator": null }, "geometry": { "type": "Point", "coordinates": [ 51.3549301, 35.7264774 ] } },
{ "type": "Feature", "properties": { "element": "node", "id": 3808053786, "highway": "traffic_signals", "traffic_signals": null, "junction": null, "name": null, "name:en": null, "button_operated": null, "crossing": null, "traffic_signals:sound": null, "traffic_signals:vibration": null, "traffic_signals:direction": null, "traffic_signals:countdown": null, "operator": null }, "geometry": { "type": "Point", "coordinates": [ 51.3560284, 35.730025 ] } },
{ "type": "Feature", "properties": { "element": "node", "id": 3808053792, "highway": "traffic_signals", "traffic_signals": null, "junction": null, "name": null, "name:en": null, "button_operated": null, "crossing": null, "traffic_signals:sound": null, "traffic_signals:vibration": null, "traffic_signals:direction": null, "traffic_signals:countdown": null, "operator": null }, "geometry": { "type": "Point", "coordinates": [ 51.3549933, 35.7265855 ] } },
{ "type": "Feature", "properties": { "element": "node", "id": 3808053794, "highway": "traffic_signals", "traffic_signals": null, "junction": null, "name": null, "name:en": null, "button_operated": null, "crossing": null, "traffic_signals:sound": null, "traffic_signals:vibration": null, "traffic_signals:direction": null, "traffic_signals:countdown": null, "operator": null }, "geometry": { "type": "Point", "coordinates": [ 51.3557801, 35.7300213 ] } },
{ "type": "Feature", "properties": { "element": "node", "id": 3808053798, "highway": "traffic_signals", "traffic_signals": null, "junction": null, "name": null, "name:en": null, "button_operated": null, "crossing": null, "traffic_signals:sound": null, "traffic_signals:vibration": null, "traffic_signals:direction": null, "traffic_signals:countdown": null, "operator": null }, "geometry": { "type": "Point", "coordinates": [ 51.3559207, 35.7298651 ] } },
{ "type": "Feature", "properties": { "element": "node", "id": 3808053802, "highway": "traffic_signals", "traffic_signals": null, "junction": null, "name": null, "name:en": null, "button_operated": null, "crossing": null, "traffic_signals:sound": null, "traffic_signals:vibration": null, "traffic_signals:direction": null, "traffic_signals:countdown": null, "operator": null }, "geometry": { "type": "Point", "coordinates": [ 51.3551687, 35.7265569 ] } },
{ "type": "Feature", "properties": { "element": "node", "id": 3838428699, "highway": "traffic_signals", "traffic_signals": null, "junction": null, "name": null, "name:en": null, "button_operated": null, "crossing": null, "traffic_signals:sound": null, "traffic_signals:vibration": null, "traffic_signals:direction": null, "traffic_signals:countdown": null, "operator": null }, "geometry": { "type": "Point", "coordinates": [ 51.4573634, 35.7800407 ] } },
{ "type": "Feature", "properties": { "element": "node", "id": 3853324392, "highway": "traffic_signals", "traffic_signals": "signal", "junction": null, "name": null, "name:en": null, "button_operated": null, "crossing": null, "traffic_signals:sound": null, "traffic_signals:vibration": null, "traffic_signals:direction": null, "traffic_signals:countdown": null, "operator": null }, "geometry": { "type": "Point", "coordinates": [ 51.3942158, 35.7160222 ] } },
{ "type": "Feature", "properties": { "element": "node", "id": 3883009979, "highway": "traffic_signals", "traffic_signals": "signal", "junction": null, "name": null, "name:en": null, "button_operated": null, "crossing": null, "traffic_signals:sound": null, "traffic_signals:vibration": null, "traffic_signals:direction": null, "traffic_signals:countdown": null, "operator": null }, "geometry": { "type": "Point", "coordinates": [ 51.4100666, 35.7632021 ] } },
{ "type": "Feature", "properties": { "element": "node", "id": 3883009996, "highway": "traffic_signals", "traffic_signals": "signal", "junction": null, "name": null, "name:en": null, "button_operated": null, "crossing": null, "traffic_signals:sound": null, "traffic_signals:vibration": null, "traffic_signals:direction": null, "traffic_signals:countdown": null, "operator": null }, "geometry": { "type": "Point", "coordinates": [ 51.4085737, 35.7209769 ] } },
{ "type": "Feature", "properties": { "element": "node", "id": 3883010010, "highway": "traffic_signals", "traffic_signals": "signal", "junction": null, "name": null, "name:en": null, "button_operated": null, "crossing": null, "traffic_signals:sound": null, "traffic_signals:vibration": null, "traffic_signals:direction": null, "traffic_signals:countdown": null, "operator": null }, "geometry": { "type": "Point", "coordinates": [ 51.4060298, 35.7065681 ] } },
{ "type": "Feature", "properties": { "element": "node", "id": 3883010012, "highway": "traffic_signals", "traffic_signals": "signal", "junction": null, "name": null, "name:en": null, "button_operated": null, "crossing": null, "traffic_signals:sound": null, "traffic_signals:vibration": null, "traffic_signals:direction": null, "traffic_signals:countdown": null, "operator": null }, "geometry": { "type": "Point", "coordinates": [ 51.4051417, 35.7013147 ] } },
{ "type": "Feature", "properties": { "element": "node", "id": 3883010013, "highway": "traffic_signals", "traffic_signals": "signal", "junction": null, "name": null, "name:en": null, "button_operated": null, "crossing": null, "traffic_signals:sound": null, "traffic_signals:vibration": null, "traffic_signals:direction": null, "traffic_signals:countdown": null, "operator": null }, "geometry": { "type": "Point", "coordinates": [ 51.4050839, 35.7011631 ] } },
{ "type": "Feature", "properties": { "element": "node", "id": 3883010019, "highway": "traffic_signals", "traffic_signals": "signal", "junction": null, "name": null, "name:en": null, "button_operated": null, "crossing": null, "traffic_signals:sound": null, "traffic_signals:vibration": null, "traffic_signals:direction": null, "traffic_signals:countdown": null, "operator": null }, "geometry": { "type": "Point", "coordinates": [ 51.4043506, 35.6969492 ] } },
{ "type": "Feature", "properties": { "element": "node", "id": 3883010033, "highway": "traffic_signals", "traffic_signals": "signal", "junction": null, "name": null, "name:en": null, "button_operated": null, "crossing": null, "traffic_signals:sound": null, "traffic_signals:vibration": null, "traffic_signals:direction": null, "traffic_signals:countdown": null, "operator": null }, "geometry": { "type": "Point", "coordinates": [ 51.4026269, 35.6870391 ] } },
{ "type": "Feature", "properties": { "element": "node", "id": 3883010055, "highway": "traffic_signals", "traffic_signals": "signal", "junction": null, "name": null, "name:en": null, "button_operated": null, "crossing": null, "traffic_signals:sound": null, "traffic_signals:vibration": null, "traffic_signals:direction": null, "traffic_signals:countdown": null, "operator": null }, "geometry": { "type": "Point", "coordinates": [ 51.4001317, 35.6722202 ] } },
{ "type": "Feature", "properties": { "element": "node", "id": 3883011773, "highway": "traffic_signals", "traffic_signals": "signal", "junction": null, "name": null, "name:en": null, "button_operated": null, "crossing": null, "traffic_signals:sound": null, "traffic_signals:vibration": null, "traffic_signals:direction": null, "traffic_signals:countdown": null, "operator": null }, "geometry": { "type": "Point", "coordinates": [ 51.3986167, 35.6628277 ] } },
{ "type": "Feature", "properties": { "element": "node", "id": 3906463713, "highway": "traffic_signals", "traffic_signals": "signal", "junction": null, "name": null, "name:en": null, "button_operated": null, "crossing": null, "traffic_signals:sound": null, "traffic_signals:vibration": null, "traffic_signals:direction": null, "traffic_signals:countdown": null, "operator": null }, "geometry": { "type": "Point", "coordinates": [ 51.4052116, 35.7012629 ] } },
{ "type": "Feature", "properties": { "element": "node", "id": 3906463716, "highway": "traffic_signals", "traffic_signals": "signal", "junction": null, "name": null, "name:en": null, "button_operated": null, "crossing": null, "traffic_signals:sound": null, "traffic_signals:vibration": null, "traffic_signals:direction": null, "traffic_signals:countdown": null, "operator": null }, "geometry": { "type": "Point", "coordinates": [ 51.4050923, 35.7012092 ] } },
{ "type": "Feature", "properties": { "element": "node", "id": 4010112269, "highway": "traffic_signals", "traffic_signals": null, "junction": null, "name": null, "name:en": null, "button_operated": null, "crossing": null, "traffic_signals:sound": null, "traffic_signals:vibration": null, "traffic_signals:direction": null, "traffic_signals:countdown": null, "operator": null }, "geometry": { "type": "Point", "coordinates": [ 51.4562288, 35.7116648 ] } },
{ "type": "Feature", "properties": { "element": "node", "id": 4204274689, "highway": "traffic_signals", "traffic_signals": "signal", "junction": null, "name": null, "name:en": null, "button_operated": null, "crossing": null, "traffic_signals:sound": null, "traffic_signals:vibration": null, "traffic_signals:direction": null, "traffic_signals:countdown": null, "operator": null }, "geometry": { "type": "Point", "coordinates": [ 51.3654609, 35.700343 ] } },
{ "type": "Feature", "properties": { "element": "node", "id": 4204274690, "highway": "traffic_signals", "traffic_signals": "signal", "junction": null, "name": null, "name:en": null, "button_operated": null, "crossing": null, "traffic_signals:sound": null, "traffic_signals:vibration": null, "traffic_signals:direction": null, "traffic_signals:countdown": null, "operator": null }, "geometry": { "type": "Point", "coordinates": [ 51.3654761, 35.700387 ] } },
{ "type": "Feature", "properties": { "element": "node", "id": 4359741526, "highway": "traffic_signals", "traffic_signals": null, "junction": null, "name": null, "name:en": null, "button_operated": null, "crossing": null, "traffic_signals:sound": null, "traffic_signals:vibration": null, "traffic_signals:direction": null, "traffic_signals:countdown": null, "operator": null }, "geometry": { "type": "Point", "coordinates": [ 51.4560253, 35.7114143 ] } },
{ "type": "Feature", "properties": { "element": "node", "id": 4376772098, "highway": "traffic_signals", "traffic_signals": "signal", "junction": null, "name": "چراغ قرمز پل رومی", "name:en": "romi bridge traffic signal", "button_operated": null, "crossing": null, "traffic_signals:sound": null, "traffic_signals:vibration": null, "traffic_signals:direction": null, "traffic_signals:countdown": null, "operator": null }, "geometry": { "type": "Point", "coordinates": [ 51.4347677, 35.7930477 ] } },
{ "type": "Feature", "properties": { "element": "node", "id": 4386384452, "highway": "traffic_signals", "traffic_signals": "signal", "junction": null, "name": null, "name:en": null, "button_operated": null, "crossing": null, "traffic_signals:sound": null, "traffic_signals:vibration": null, "traffic_signals:direction": null, "traffic_signals:countdown": null, "operator": null }, "geometry": { "type": "Point", "coordinates": [ 51.3670526, 35.6871594 ] } },
{ "type": "Feature", "properties": { "element": "node", "id": 4396674610, "highway": "traffic_signals", "traffic_signals": "signal", "junction": null, "name": null, "name:en": null, "button_operated": null, "crossing": null, "traffic_signals:sound": null, "traffic_signals:vibration": null, "traffic_signals:direction": null, "traffic_signals:countdown": null, "operator": null }, "geometry": { "type": "Point", "coordinates": [ 51.3378756, 35.7018842 ] } },
{ "type": "Feature", "properties": { "element": "node", "id": 4398383816, "highway": "traffic_signals", "traffic_signals": "signal", "junction": null, "name": null, "name:en": null, "button_operated": null, "crossing": null, "traffic_signals:sound": null, "traffic_signals:vibration": null, "traffic_signals:direction": null, "traffic_signals:countdown": null, "operator": null }, "geometry": { "type": "Point", "coordinates": [ 51.3353425, 35.7601716 ] } },
{ "type": "Feature", "properties": { "element": "node", "id": 4420564199, "highway": "traffic_signals", "traffic_signals": "signal", "junction": null, "name": null, "name:en": null, "button_operated": null, "crossing": null, "traffic_signals:sound": null, "traffic_signals:vibration": null, "traffic_signals:direction": null, "traffic_signals:countdown": null, "operator": null }, "geometry": { "type": "Point", "coordinates": [ 51.3478749, 35.6725849 ] } },
{ "type": "Feature", "properties": { "element": "node", "id": 4420594737, "highway": "traffic_signals", "traffic_signals": "signal", "junction": null, "name": null, "name:en": null, "button_operated": null, "crossing": null, "traffic_signals:sound": null, "traffic_signals:vibration": null, "traffic_signals:direction": null, "traffic_signals:countdown": null, "operator": null }, "geometry": { "type": "Point", "coordinates": [ 51.3546454, 35.6786454 ] } },
{ "type": "Feature", "properties": { "element": "node", "id": 4421221785, "highway": "traffic_signals", "traffic_signals": "signal", "junction": null, "name": null, "name:en": null, "button_operated": null, "crossing": null, "traffic_signals:sound": null, "traffic_signals:vibration": null, "traffic_signals:direction": null, "traffic_signals:countdown": null, "operator": null }, "geometry": { "type": "Point", "coordinates": [ 51.3641739, 35.6868948 ] } },
{ "type": "Feature", "properties": { "element": "node", "id": 4427605115, "highway": "traffic_signals", "traffic_signals": "signal", "junction": null, "name": null, "name:en": null, "button_operated": null, "crossing": null, "traffic_signals:sound": null, "traffic_signals:vibration": null, "traffic_signals:direction": null, "traffic_signals:countdown": null, "operator": null }, "geometry": { "type": "Point", "coordinates": [ 51.335618, 35.7217043 ] } },
{ "type": "Feature", "properties": { "element": "node", "id": 4427605121, "highway": "traffic_signals", "traffic_signals": "signal", "junction": null, "name": null, "name:en": null, "button_operated": null, "crossing": null, "traffic_signals:sound": null, "traffic_signals:vibration": null, "traffic_signals:direction": null, "traffic_signals:countdown": null, "operator": null }, "geometry": { "type": "Point", "coordinates": [ 51.3346482, 35.7219271 ] } },
{ "type": "Feature", "properties": { "element": "node", "id": 4432922276, "highway": "traffic_signals", "traffic_signals": null, "junction": null, "name": null, "name:en": null, "button_operated": null, "crossing": null, "traffic_signals:sound": null, "traffic_signals:vibration": null, "traffic_signals:direction": null, "traffic_signals:countdown": null, "operator": null }, "geometry": { "type": "Point", "coordinates": [ 51.3443067, 35.6667883 ] } },
{ "type": "Feature", "properties": { "element": "node", "id": 4432922277, "highway": "traffic_signals", "traffic_signals": null, "junction": null, "name": null, "name:en": null, "button_operated": null, "crossing": null, "traffic_signals:sound": null, "traffic_signals:vibration": null, "traffic_signals:direction": null, "traffic_signals:countdown": null, "operator": null }, "geometry": { "type": "Point", "coordinates": [ 51.3445727, 35.6669975 ] } },
{ "type": "Feature", "properties": { "element": "node", "id": 4466524219, "highway": "traffic_signals", "traffic_signals": null, "junction": null, "name": null, "name:en": null, "button_operated": null, "crossing": null, "traffic_signals:sound": null, "traffic_signals:vibration": null, "traffic_signals:direction": null, "traffic_signals:countdown": null, "operator": null }, "geometry": { "type": "Point", "coordinates": [ 51.5366898, 35.7427996 ] } },
{ "type": "Feature", "properties": { "element": "node", "id": 4466524220, "highway": "traffic_signals", "traffic_signals": null, "junction": null, "name": null, "name:en": null, "button_operated": null, "crossing": null, "traffic_signals:sound": null, "traffic_signals:vibration": null, "traffic_signals:direction": null, "traffic_signals:countdown": null, "operator": null }, "geometry": { "type": "Point", "coordinates": [ 51.5276939, 35.7312379 ] } },
{ "type": "Feature", "properties": { "element": "node", "id": 4511107705, "highway": "traffic_signals", "traffic_signals": "signal", "junction": null, "name": null, "name:en": null, "button_operated": null, "crossing": null, "traffic_signals:sound": null, "traffic_signals:vibration": null, "traffic_signals:direction": null, "traffic_signals:countdown": null, "operator": null }, "geometry": { "type": "Point", "coordinates": [ 51.3932069, 35.6880655 ] } },
{ "type": "Feature", "properties": { "element": "node", "id": 4514444788, "highway": "traffic_signals", "traffic_signals": "signal", "junction": null, "name": null, "name:en": null, "button_operated": null, "crossing": "traffic_signals", "traffic_signals:sound": null, "traffic_signals:vibration": null, "traffic_signals:direction": null, "traffic_signals:countdown": null, "operator": null }, "geometry": { "type": "Point", "coordinates": [ 51.4404463, 35.7336881 ] } },
{ "type": "Feature", "properties": { "element": "node", "id": 4515534466, "highway": "traffic_signals", "traffic_signals": "signal", "junction": null, "name": null, "name:en": null, "button_operated": null, "crossing": "traffic_signals", "traffic_signals:sound": null, "traffic_signals:vibration": null, "traffic_signals:direction": null, "traffic_signals:countdown": null, "operator": null }, "geometry": { "type": "Point", "coordinates": [ 51.4280115, 35.7222272 ] } },
{ "type": "Feature", "properties": { "element": "node", "id": 4515534467, "highway": "traffic_signals", "traffic_signals": "signal", "junction": null, "name": null, "name:en": null, "button_operated": null, "crossing": "traffic_signals", "traffic_signals:sound": null, "traffic_signals:vibration": null, "traffic_signals:direction": null, "traffic_signals:countdown": null, "operator": null }, "geometry": { "type": "Point", "coordinates": [ 51.4281771, 35.7221115 ] } },
{ "type": "Feature", "properties": { "element": "node", "id": 4552754822, "highway": "traffic_signals", "traffic_signals": "signal", "junction": null, "name": null, "name:en": null, "button_operated": null, "crossing": null, "traffic_signals:sound": null, "traffic_signals:vibration": null, "traffic_signals:direction": null, "traffic_signals:countdown": null, "operator": null }, "geometry": { "type": "Point", "coordinates": [ 51.4299406, 35.7354834 ] } },
{ "type": "Feature", "properties": { "element": "node", "id": 4552754836, "highway": "traffic_signals", "traffic_signals": "signal", "junction": null, "name": null, "name:en": null, "button_operated": null, "crossing": null, "traffic_signals:sound": null, "traffic_signals:vibration": null, "traffic_signals:direction": null, "traffic_signals:countdown": null, "operator": null }, "geometry": { "type": "Point", "coordinates": [ 51.4324127, 35.7354765 ] } },
{ "type": "Feature", "properties": { "element": "node", "id": 4552754838, "highway": "traffic_signals", "traffic_signals": "signal", "junction": null, "name": null, "name:en": null, "button_operated": null, "crossing": null, "traffic_signals:sound": null, "traffic_signals:vibration": null, "traffic_signals:direction": null, "traffic_signals:countdown": null, "operator": null }, "geometry": { "type": "Point", "coordinates": [ 51.4325133, 35.7354803 ] } },
{ "type": "Feature", "properties": { "element": "node", "id": 4552765664, "highway": "traffic_signals", "traffic_signals": "signal", "junction": null, "name": null, "name:en": null, "button_operated": null, "crossing": null, "traffic_signals:sound": null, "traffic_signals:vibration": null, "traffic_signals:direction": null, "traffic_signals:countdown": null, "operator": null }, "geometry": { "type": "Point", "coordinates": [ 51.441783, 35.7358376 ] } },
{ "type": "Feature", "properties": { "element": "node", "id": 4576685665, "highway": "traffic_signals", "traffic_signals": "signal", "junction": null, "name": null, "name:en": null, "button_operated": null, "crossing": null, "traffic_signals:sound": null, "traffic_signals:vibration": null, "traffic_signals:direction": null, "traffic_signals:countdown": null, "operator": null }, "geometry": { "type": "Point", "coordinates": [ 51.432508, 35.7355796 ] } },
{ "type": "Feature", "properties": { "element": "node", "id": 4576685667, "highway": "traffic_signals", "traffic_signals": "signal", "junction": null, "name": null, "name:en": null, "button_operated": null, "crossing": null, "traffic_signals:sound": null, "traffic_signals:vibration": null, "traffic_signals:direction": null, "traffic_signals:countdown": null, "operator": null }, "geometry": { "type": "Point", "coordinates": [ 51.432832, 35.7355935 ] } },
{ "type": "Feature", "properties": { "element": "node", "id": 4576685668, "highway": "traffic_signals", "traffic_signals": "signal", "junction": null, "name": null, "name:en": null, "button_operated": null, "crossing": null, "traffic_signals:sound": null, "traffic_signals:vibration": null, "traffic_signals:direction": null, "traffic_signals:countdown": null, "operator": null }, "geometry": { "type": "Point", "coordinates": [ 51.4328357, 35.7354949 ] } },
{ "type": "Feature", "properties": { "element": "node", "id": 4576700705, "highway": "traffic_signals", "traffic_signals": "signal", "junction": null, "name": null, "name:en": null, "button_operated": null, "crossing": null, "traffic_signals:sound": null, "traffic_signals:vibration": null, "traffic_signals:direction": null, "traffic_signals:countdown": null, "operator": null }, "geometry": { "type": "Point", "coordinates": [ 51.4419327, 35.7358244 ] } },
{ "type": "Feature", "properties": { "element": "node", "id": 4596208959, "highway": "traffic_signals", "traffic_signals": "signal", "junction": null, "name": null, "name:en": null, "button_operated": null, "crossing": null, "traffic_signals:sound": null, "traffic_signals:vibration": null, "traffic_signals:direction": null, "traffic_signals:countdown": null, "operator": null }, "geometry": { "type": "Point", "coordinates": [ 51.4262096, 35.7154601 ] } },
{ "type": "Feature", "properties": { "element": "node", "id": 4665106764, "highway": "traffic_signals", "traffic_signals": "signal", "junction": null, "name": null, "name:en": null, "button_operated": null, "crossing": null, "traffic_signals:sound": null, "traffic_signals:vibration": null, "traffic_signals:direction": null, "traffic_signals:countdown": null, "operator": null }, "geometry": { "type": "Point", "coordinates": [ 51.42994, 35.735382 ] } },
{ "type": "Feature", "properties": { "element": "node", "id": 4665106765, "highway": "traffic_signals", "traffic_signals": "signal", "junction": null, "name": null, "name:en": null, "button_operated": null, "crossing": null, "traffic_signals:sound": null, "traffic_signals:vibration": null, "traffic_signals:direction": null, "traffic_signals:countdown": null, "operator": null }, "geometry": { "type": "Point", "coordinates": [ 51.4297993, 35.7354785 ] } },
{ "type": "Feature", "properties": { "element": "node", "id": 4721646479, "highway": "traffic_signals", "traffic_signals": "signal", "junction": null, "name": null, "name:en": null, "button_operated": null, "crossing": null, "traffic_signals:sound": null, "traffic_signals:vibration": null, "traffic_signals:direction": null, "traffic_signals:countdown": null, "operator": null }, "geometry": { "type": "Point", "coordinates": [ 51.4409678, 35.7993284 ] } },
{ "type": "Feature", "properties": { "element": "node", "id": 4736283984, "highway": "traffic_signals", "traffic_signals": "signal", "junction": null, "name": null, "name:en": null, "button_operated": null, "crossing": null, "traffic_signals:sound": null, "traffic_signals:vibration": null, "traffic_signals:direction": null, "traffic_signals:countdown": null, "operator": null }, "geometry": { "type": "Point", "coordinates": [ 51.4173685, 35.7151713 ] } },
{ "type": "Feature", "properties": { "element": "node", "id": 4752597725, "highway": "traffic_signals", "traffic_signals": "signal", "junction": null, "name": null, "name:en": null, "button_operated": null, "crossing": null, "traffic_signals:sound": null, "traffic_signals:vibration": null, "traffic_signals:direction": null, "traffic_signals:countdown": null, "operator": null }, "geometry": { "type": "Point", "coordinates": [ 51.4214432, 35.6471835 ] } },
{ "type": "Feature", "properties": { "element": "node", "id": 4752597726, "highway": "traffic_signals", "traffic_signals": "signal", "junction": null, "name": null, "name:en": null, "button_operated": null, "crossing": null, "traffic_signals:sound": null, "traffic_signals:vibration": null, "traffic_signals:direction": null, "traffic_signals:countdown": null, "operator": null }, "geometry": { "type": "Point", "coordinates": [ 51.4216752, 35.6470808 ] } },
{ "type": "Feature", "properties": { "element": "node", "id": 4752597727, "highway": "traffic_signals", "traffic_signals": "signal", "junction": null, "name": null, "name:en": null, "button_operated": null, "crossing": null, "traffic_signals:sound": null, "traffic_signals:vibration": null, "traffic_signals:direction": null, "traffic_signals:countdown": null, "operator": null }, "geometry": { "type": "Point", "coordinates": [ 51.4212296, 35.6468773 ] } },
{ "type": "Feature", "properties": { "element": "node", "id": 4755357128, "highway": "traffic_signals", "traffic_signals": null, "junction": null, "name": null, "name:en": null, "button_operated": null, "crossing": null, "traffic_signals:sound": null, "traffic_signals:vibration": null, "traffic_signals:direction": null, "traffic_signals:countdown": null, "operator": null }, "geometry": { "type": "Point", "coordinates": [ 51.3685855, 35.7544682 ] } },
{ "type": "Feature", "properties": { "element": "node", "id": 4774406020, "highway": "traffic_signals", "traffic_signals": null, "junction": null, "name": null, "name:en": null, "button_operated": null, "crossing": null, "traffic_signals:sound": null, "traffic_signals:vibration": null, "traffic_signals:direction": null, "traffic_signals:countdown": null, "operator": null }, "geometry": { "type": "Point", "coordinates": [ 51.4631706, 35.7314122 ] } },
{ "type": "Feature", "properties": { "element": "node", "id": 4904087739, "highway": "traffic_signals", "traffic_signals": "signal", "junction": null, "name": null, "name:en": null, "button_operated": null, "crossing": null, "traffic_signals:sound": null, "traffic_signals:vibration": null, "traffic_signals:direction": null, "traffic_signals:countdown": null, "operator": null }, "geometry": { "type": "Point", "coordinates": [ 51.3992332, 35.6671426 ] } },
{ "type": "Feature", "properties": { "element": "node", "id": 4904087740, "highway": "traffic_signals", "traffic_signals": "signal", "junction": null, "name": null, "name:en": null, "button_operated": null, "crossing": null, "traffic_signals:sound": null, "traffic_signals:vibration": null, "traffic_signals:direction": null, "traffic_signals:countdown": null, "operator": null }, "geometry": { "type": "Point", "coordinates": [ 51.399357, 35.6672967 ] } },
{ "type": "Feature", "properties": { "element": "node", "id": 4904087741, "highway": "traffic_signals", "traffic_signals": "signal", "junction": null, "name": null, "name:en": null, "button_operated": null, "crossing": null, "traffic_signals:sound": null, "traffic_signals:vibration": null, "traffic_signals:direction": null, "traffic_signals:countdown": null, "operator": null }, "geometry": { "type": "Point", "coordinates": [ 51.3995616, 35.6672219 ] } },
{ "type": "Feature", "properties": { "element": "node", "id": 4904087742, "highway": "traffic_signals", "traffic_signals": "signal", "junction": null, "name": null, "name:en": null, "button_operated": null, "crossing": null, "traffic_signals:sound": null, "traffic_signals:vibration": null, "traffic_signals:direction": null, "traffic_signals:countdown": null, "operator": null }, "geometry": { "type": "Point", "coordinates": [ 51.3993993, 35.6670895 ] } },
{ "type": "Feature", "properties": { "element": "node", "id": 4963708160, "highway": "traffic_signals", "traffic_signals": "signal", "junction": null, "name": null, "name:en": null, "button_operated": null, "crossing": null, "traffic_signals:sound": null, "traffic_signals:vibration": null, "traffic_signals:direction": "forward", "traffic_signals:countdown": null, "operator": null }, "geometry": { "type": "Point", "coordinates": [ 51.4469858, 35.7981203 ] } },
{ "type": "Feature", "properties": { "element": "node", "id": 4963708162, "highway": "traffic_signals", "traffic_signals": "signal", "junction": null, "name": null, "name:en": null, "button_operated": null, "crossing": null, "traffic_signals:sound": null, "traffic_signals:vibration": null, "traffic_signals:direction": "forward", "traffic_signals:countdown": null, "operator": null }, "geometry": { "type": "Point", "coordinates": [ 51.446783, 35.7978903 ] } },
{ "type": "Feature", "properties": { "element": "node", "id": 5036043055, "highway": "traffic_signals", "traffic_signals": "signal", "junction": null, "name": null, "name:en": null, "button_operated": null, "crossing": null, "traffic_signals:sound": null, "traffic_signals:vibration": null, "traffic_signals:direction": null, "traffic_signals:countdown": null, "operator": null }, "geometry": { "type": "Point", "coordinates": [ 51.4451019, 35.731415 ] } },
{ "type": "Feature", "properties": { "element": "node", "id": 5036043084, "highway": "traffic_signals", "traffic_signals": "signal", "junction": null, "name": null, "name:en": null, "button_operated": null, "crossing": null, "traffic_signals:sound": null, "traffic_signals:vibration": null, "traffic_signals:direction": null, "traffic_signals:countdown": null, "operator": null }, "geometry": { "type": "Point", "coordinates": [ 51.4193624, 35.7239995 ] } },
{ "type": "Feature", "properties": { "element": "node", "id": 5056925459, "highway": "traffic_signals", "traffic_signals": null, "junction": null, "name": null, "name:en": null, "button_operated": null, "crossing": null, "traffic_signals:sound": null, "traffic_signals:vibration": null, "traffic_signals:direction": null, "traffic_signals:countdown": null, "operator": null }, "geometry": { "type": "Point", "coordinates": [ 51.3790038, 35.7669595 ] } },
{ "type": "Feature", "properties": { "element": "node", "id": 5088934634, "highway": "traffic_signals", "traffic_signals": null, "junction": null, "name": null, "name:en": null, "button_operated": null, "crossing": null, "traffic_signals:sound": null, "traffic_signals:vibration": null, "traffic_signals:direction": null, "traffic_signals:countdown": null, "operator": null }, "geometry": { "type": "Point", "coordinates": [ 51.1547417, 35.7465726 ] } },
{ "type": "Feature", "properties": { "element": "node", "id": 5088934635, "highway": "traffic_signals", "traffic_signals": null, "junction": null, "name": null, "name:en": null, "button_operated": null, "crossing": null, "traffic_signals:sound": null, "traffic_signals:vibration": null, "traffic_signals:direction": null, "traffic_signals:countdown": null, "operator": null }, "geometry": { "type": "Point", "coordinates": [ 51.1545443, 35.7464162 ] } },
{ "type": "Feature", "properties": { "element": "node", "id": 5088934637, "highway": "traffic_signals", "traffic_signals": null, "junction": null, "name": null, "name:en": null, "button_operated": null, "crossing": null, "traffic_signals:sound": null, "traffic_signals:vibration": null, "traffic_signals:direction": null, "traffic_signals:countdown": null, "operator": null }, "geometry": { "type": "Point", "coordinates": [ 51.1549748, 35.7464284 ] } },
{ "type": "Feature", "properties": { "element": "node", "id": 5116755970, "highway": "traffic_signals", "traffic_signals": "signal", "junction": null, "name": null, "name:en": null, "button_operated": null, "crossing": null, "traffic_signals:sound": null, "traffic_signals:vibration": null, "traffic_signals:direction": null, "traffic_signals:countdown": null, "operator": null }, "geometry": { "type": "Point", "coordinates": [ 51.4481468, 35.7220189 ] } },
{ "type": "Feature", "properties": { "element": "node", "id": 5165422486, "highway": "traffic_signals", "traffic_signals": "bus_priority", "junction": null, "name": null, "name:en": null, "button_operated": null, "crossing": null, "traffic_signals:sound": null, "traffic_signals:vibration": null, "traffic_signals:direction": null, "traffic_signals:countdown": null, "operator": null }, "geometry": { "type": "Point", "coordinates": [ 51.3780816, 35.7004823 ] } },
{ "type": "Feature", "properties": { "element": "node", "id": 5165422494, "highway": "traffic_signals", "traffic_signals": "bus_priority", "junction": null, "name": null, "name:en": null, "button_operated": null, "crossing": null, "traffic_signals:sound": null, "traffic_signals:vibration": null, "traffic_signals:direction": null, "traffic_signals:countdown": null, "operator": null }, "geometry": { "type": "Point", "coordinates": [ 51.3750449, 35.7006014 ] } },
{ "type": "Feature", "properties": { "element": "node", "id": 5165422495, "highway": "traffic_signals", "traffic_signals": "bus_priority", "junction": null, "name": null, "name:en": null, "button_operated": null, "crossing": null, "traffic_signals:sound": null, "traffic_signals:vibration": null, "traffic_signals:direction": null, "traffic_signals:countdown": null, "operator": null }, "geometry": { "type": "Point", "coordinates": [ 51.3750488, 35.700569 ] } },
{ "type": "Feature", "properties": { "element": "node", "id": 5165422497, "highway": "traffic_signals", "traffic_signals": "signal", "junction": null, "name": null, "name:en": null, "button_operated": null, "crossing": null, "traffic_signals:sound": null, "traffic_signals:vibration": null, "traffic_signals:direction": null, "traffic_signals:countdown": null, "operator": null }, "geometry": { "type": "Point", "coordinates": [ 51.3782819, 35.7007382 ] } },
{ "type": "Feature", "properties": { "element": "node", "id": 5165422498, "highway": "traffic_signals", "traffic_signals": "signal", "junction": null, "name": null, "name:en": null, "button_operated": null, "crossing": null, "traffic_signals:sound": null, "traffic_signals:vibration": null, "traffic_signals:direction": null, "traffic_signals:countdown": null, "operator": null }, "geometry": { "type": "Point", "coordinates": [ 51.378134, 35.7004804 ] } },
{ "type": "Feature", "properties": { "element": "node", "id": 5165422499, "highway": "traffic_signals", "traffic_signals": "signal", "junction": null, "name": null, "name:en": null, "button_operated": null, "crossing": null, "traffic_signals:sound": null, "traffic_signals:vibration": null, "traffic_signals:direction": null, "traffic_signals:countdown": null, "operator": null }, "geometry": { "type": "Point", "coordinates": [ 51.377942, 35.7008901 ] } },
{ "type": "Feature", "properties": { "element": "node", "id": 5165422500, "highway": "traffic_signals", "traffic_signals": "signal", "junction": null, "name": null, "name:en": null, "button_operated": null, "crossing": null, "traffic_signals:sound": null, "traffic_signals:vibration": null, "traffic_signals:direction": null, "traffic_signals:countdown": null, "operator": null }, "geometry": { "type": "Point", "coordinates": [ 51.3778161, 35.7005818 ] } },
{ "type": "Feature", "properties": { "element": "node", "id": 5185325752, "highway": "traffic_signals", "traffic_signals": null, "junction": null, "name": null, "name:en": null, "button_operated": null, "crossing": null, "traffic_signals:sound": null, "traffic_signals:vibration": null, "traffic_signals:direction": null, "traffic_signals:countdown": null, "operator": null }, "geometry": { "type": "Point", "coordinates": [ 51.3295119, 35.6589316 ] } },
{ "type": "Feature", "properties": { "element": "node", "id": 5265976118, "highway": "traffic_signals", "traffic_signals": "blinker", "junction": null, "name": null, "name:en": null, "button_operated": null, "crossing": null, "traffic_signals:sound": null, "traffic_signals:vibration": null, "traffic_signals:direction": null, "traffic_signals:countdown": null, "operator": null }, "geometry": { "type": "Point", "coordinates": [ 51.325947, 35.7253421 ] } },
{ "type": "Feature", "properties": { "element": "node", "id": 5318218489, "highway": "traffic_signals", "traffic_signals": "signal", "junction": null, "name": null, "name:en": null, "button_operated": null, "crossing": null, "traffic_signals:sound": null, "traffic_signals:vibration": null, "traffic_signals:direction": null, "traffic_signals:countdown": null, "operator": null }, "geometry": { "type": "Point", "coordinates": [ 51.3976589, 35.795257 ] } },
{ "type": "Feature", "properties": { "element": "node", "id": 5318248494, "highway": "traffic_signals", "traffic_signals": "signal", "junction": null, "name": null, "name:en": null, "button_operated": null, "crossing": null, "traffic_signals:sound": null, "traffic_signals:vibration": null, "traffic_signals:direction": null, "traffic_signals:countdown": null, "operator": null }, "geometry": { "type": "Point", "coordinates": [ 51.2902539, 35.7630517 ] } },
{ "type": "Feature", "properties": { "element": "node", "id": 5358420921, "highway": "traffic_signals", "traffic_signals": null, "junction": null, "name": null, "name:en": null, "button_operated": null, "crossing": null, "traffic_signals:sound": null, "traffic_signals:vibration": null, "traffic_signals:direction": null, "traffic_signals:countdown": null, "operator": null }, "geometry": { "type": "Point", "coordinates": [ 51.3785229, 35.7710924 ] } },
{ "type": "Feature", "properties": { "element": "node", "id": 5358420922, "highway": "traffic_signals", "traffic_signals": null, "junction": null, "name": null, "name:en": null, "button_operated": null, "crossing": null, "traffic_signals:sound": null, "traffic_signals:vibration": null, "traffic_signals:direction": null, "traffic_signals:countdown": null, "operator": null }, "geometry": { "type": "Point", "coordinates": [ 51.3788779, 35.7709498 ] } },
{ "type": "Feature", "properties": { "element": "node", "id": 5358420930, "highway": "traffic_signals", "traffic_signals": null, "junction": null, "name": null, "name:en": null, "button_operated": null, "crossing": null, "traffic_signals:sound": null, "traffic_signals:vibration": null, "traffic_signals:direction": null, "traffic_signals:countdown": null, "operator": null }, "geometry": { "type": "Point", "coordinates": [ 51.3788141, 35.7707329 ] } },
{ "type": "Feature", "properties": { "element": "node", "id": 5358420931, "highway": "traffic_signals", "traffic_signals": null, "junction": null, "name": null, "name:en": null, "button_operated": null, "crossing": null, "traffic_signals:sound": null, "traffic_signals:vibration": null, "traffic_signals:direction": null, "traffic_signals:countdown": null, "operator": null }, "geometry": { "type": "Point", "coordinates": [ 51.3785267, 35.7708445 ] } },
{ "type": "Feature", "properties": { "element": "node", "id": 5372152381, "highway": "traffic_signals", "traffic_signals": "signal_box", "junction": null, "name": null, "name:en": null, "button_operated": null, "crossing": null, "traffic_signals:sound": null, "traffic_signals:vibration": null, "traffic_signals:direction": null, "traffic_signals:countdown": null, "operator": null }, "geometry": { "type": "Point", "coordinates": [ 51.2472704, 35.7294134 ] } },
{ "type": "Feature", "properties": { "element": "node", "id": 5372152382, "highway": "traffic_signals", "traffic_signals": "signal", "junction": null, "name": null, "name:en": null, "button_operated": null, "crossing": null, "traffic_signals:sound": null, "traffic_signals:vibration": null, "traffic_signals:direction": null, "traffic_signals:countdown": null, "operator": null }, "geometry": { "type": "Point", "coordinates": [ 51.247139, 35.7294491 ] } },
{ "type": "Feature", "properties": { "element": "node", "id": 5372152383, "highway": "traffic_signals", "traffic_signals": "signal", "junction": null, "name": null, "name:en": null, "button_operated": null, "crossing": null, "traffic_signals:sound": null, "traffic_signals:vibration": null, "traffic_signals:direction": null, "traffic_signals:countdown": null, "operator": null }, "geometry": { "type": "Point", "coordinates": [ 51.2471027, 35.7295437 ] } },
{ "type": "Feature", "properties": { "element": "node", "id": 5372152384, "highway": "traffic_signals", "traffic_signals": "signal", "junction": null, "name": null, "name:en": null, "button_operated": null, "crossing": null, "traffic_signals:sound": null, "traffic_signals:vibration": null, "traffic_signals:direction": null, "traffic_signals:countdown": null, "operator": null }, "geometry": { "type": "Point", "coordinates": [ 51.2471496, 35.7296721 ] } },
{ "type": "Feature", "properties": { "element": "node", "id": 5372152385, "highway": "traffic_signals", "traffic_signals": "signal", "junction": null, "name": null, "name:en": null, "button_operated": null, "crossing": null, "traffic_signals:sound": null, "traffic_signals:vibration": null, "traffic_signals:direction": null, "traffic_signals:countdown": null, "operator": null }, "geometry": { "type": "Point", "coordinates": [ 51.2472689, 35.7297209 ] } },
{ "type": "Feature", "properties": { "element": "node", "id": 5372152386, "highway": "traffic_signals", "traffic_signals": "signal", "junction": null, "name": null, "name:en": null, "button_operated": null, "crossing": null, "traffic_signals:sound": null, "traffic_signals:vibration": null, "traffic_signals:direction": null, "traffic_signals:countdown": null, "operator": null }, "geometry": { "type": "Point", "coordinates": [ 51.2474056, 35.7297029 ] } },
{ "type": "Feature", "properties": { "element": "node", "id": 5372152387, "highway": "traffic_signals", "traffic_signals": "signal", "junction": null, "name": null, "name:en": null, "button_operated": null, "crossing": null, "traffic_signals:sound": null, "traffic_signals:vibration": null, "traffic_signals:direction": null, "traffic_signals:countdown": null, "operator": null }, "geometry": { "type": "Point", "coordinates": [ 51.2474206, 35.7295981 ] } },
{ "type": "Feature", "properties": { "element": "node", "id": 5372152388, "highway": "traffic_signals", "traffic_signals": "signal", "junction": null, "name": null, "name:en": null, "button_operated": null, "crossing": null, "traffic_signals:sound": null, "traffic_signals:vibration": null, "traffic_signals:direction": null, "traffic_signals:countdown": null, "operator": null }, "geometry": { "type": "Point", "coordinates": [ 51.2473872, 35.7294638 ] } },
{ "type": "Feature", "properties": { "element": "node", "id": 5414283865, "highway": "traffic_signals", "traffic_signals": "signal", "junction": null, "name": null, "name:en": null, "button_operated": null, "crossing": null, "traffic_signals:sound": null, "traffic_signals:vibration": null, "traffic_signals:direction": null, "traffic_signals:countdown": null, "operator": null }, "geometry": { "type": "Point", "coordinates": [ 51.3376547, 35.7021045 ] } },
{ "type": "Feature", "properties": { "element": "node", "id": 5471182111, "highway": "traffic_signals", "traffic_signals": "signal", "junction": null, "name": null, "name:en": null, "button_operated": null, "crossing": null, "traffic_signals:sound": null, "traffic_signals:vibration": null, "traffic_signals:direction": "forward", "traffic_signals:countdown": null, "operator": null }, "geometry": { "type": "Point", "coordinates": [ 51.4385836, 35.6073141 ] } },
{ "type": "Feature", "properties": { "element": "node", "id": 5481024065, "highway": "traffic_signals", "traffic_signals": "signal", "junction": null, "name": null, "name:en": null, "button_operated": null, "crossing": null, "traffic_signals:sound": null, "traffic_signals:vibration": null, "traffic_signals:direction": null, "traffic_signals:countdown": null, "operator": null }, "geometry": { "type": "Point", "coordinates": [ 51.4027247, 35.6869632 ] } },
{ "type": "Feature", "properties": { "element": "node", "id": 5481024066, "highway": "traffic_signals", "traffic_signals": "signal", "junction": null, "name": null, "name:en": null, "button_operated": null, "crossing": null, "traffic_signals:sound": null, "traffic_signals:vibration": null, "traffic_signals:direction": null, "traffic_signals:countdown": null, "operator": null }, "geometry": { "type": "Point", "coordinates": [ 51.4026159, 35.6869758 ] } },
{ "type": "Feature", "properties": { "element": "node", "id": 5481054972, "highway": "traffic_signals", "traffic_signals": "signal", "junction": null, "name": null, "name:en": null, "button_operated": null, "crossing": null, "traffic_signals:sound": null, "traffic_signals:vibration": null, "traffic_signals:direction": "forward", "traffic_signals:countdown": null, "operator": null }, "geometry": { "type": "Point", "coordinates": [ 51.4498142, 35.779977 ] } },
{ "type": "Feature", "properties": { "element": "node", "id": 5481054973, "highway": "traffic_signals", "traffic_signals": "signal", "junction": null, "name": null, "name:en": null, "button_operated": null, "crossing": null, "traffic_signals:sound": null, "traffic_signals:vibration": null, "traffic_signals:direction": "forward", "traffic_signals:countdown": null, "operator": null }, "geometry": { "type": "Point", "coordinates": [ 51.4494366, 35.7798786 ] } },
{ "type": "Feature", "properties": { "element": "node", "id": 5481054974, "highway": "traffic_signals", "traffic_signals": "signal", "junction": null, "name": null, "name:en": null, "button_operated": null, "crossing": null, "traffic_signals:sound": null, "traffic_signals:vibration": null, "traffic_signals:direction": "forward", "traffic_signals:countdown": null, "operator": null }, "geometry": { "type": "Point", "coordinates": [ 51.4494653, 35.7800415 ] } },
{ "type": "Feature", "properties": { "element": "node", "id": 5484544301, "highway": "traffic_signals", "traffic_signals": "signal", "junction": null, "name": null, "name:en": null, "button_operated": null, "crossing": null, "traffic_signals:sound": null, "traffic_signals:vibration": null, "traffic_signals:direction": null, "traffic_signals:countdown": null, "operator": null }, "geometry": { "type": "Point", "coordinates": [ 51.400642, 35.7568764 ] } },
{ "type": "Feature", "properties": { "element": "node", "id": 5484544302, "highway": "traffic_signals", "traffic_signals": "signal", "junction": null, "name": null, "name:en": null, "button_operated": null, "crossing": null, "traffic_signals:sound": null, "traffic_signals:vibration": null, "traffic_signals:direction": null, "traffic_signals:countdown": null, "operator": null }, "geometry": { "type": "Point", "coordinates": [ 51.4004447, 35.7567087 ] } },
{ "type": "Feature", "properties": { "element": "node", "id": 5484544303, "highway": "traffic_signals", "traffic_signals": "signal", "junction": null, "name": null, "name:en": null, "button_operated": null, "crossing": null, "traffic_signals:sound": null, "traffic_signals:vibration": null, "traffic_signals:direction": null, "traffic_signals:countdown": null, "operator": null }, "geometry": { "type": "Point", "coordinates": [ 51.4002719, 35.7570466 ] } },
{ "type": "Feature", "properties": { "element": "node", "id": 5484544304, "highway": "traffic_signals", "traffic_signals": "signal", "junction": null, "name": null, "name:en": null, "button_operated": null, "crossing": null, "traffic_signals:sound": null, "traffic_signals:vibration": null, "traffic_signals:direction": null, "traffic_signals:countdown": null, "operator": null }, "geometry": { "type": "Point", "coordinates": [ 51.4001529, 35.7568157 ] } },
{ "type": "Feature", "properties": { "element": "node", "id": 5486354063, "highway": "traffic_signals", "traffic_signals": null, "junction": null, "name": null, "name:en": null, "button_operated": null, "crossing": null, "traffic_signals:sound": null, "traffic_signals:vibration": null, "traffic_signals:direction": null, "traffic_signals:countdown": null, "operator": null }, "geometry": { "type": "Point", "coordinates": [ 51.3782717, 35.766855 ] } },
{ "type": "Feature", "properties": { "element": "node", "id": 5486354064, "highway": "traffic_signals", "traffic_signals": null, "junction": null, "name": null, "name:en": null, "button_operated": null, "crossing": null, "traffic_signals:sound": null, "traffic_signals:vibration": null, "traffic_signals:direction": null, "traffic_signals:countdown": null, "operator": null }, "geometry": { "type": "Point", "coordinates": [ 51.3785792, 35.767178 ] } },
{ "type": "Feature", "properties": { "element": "node", "id": 5487755526, "highway": "traffic_signals", "traffic_signals": null, "junction": null, "name": null, "name:en": null, "button_operated": null, "crossing": null, "traffic_signals:sound": null, "traffic_signals:vibration": null, "traffic_signals:direction": null, "traffic_signals:countdown": null, "operator": null }, "geometry": { "type": "Point", "coordinates": [ 51.3620705, 35.7785893 ] } },
{ "type": "Feature", "properties": { "element": "node", "id": 5487755527, "highway": "traffic_signals", "traffic_signals": null, "junction": null, "name": null, "name:en": null, "button_operated": null, "crossing": null, "traffic_signals:sound": null, "traffic_signals:vibration": null, "traffic_signals:direction": null, "traffic_signals:countdown": null, "operator": null }, "geometry": { "type": "Point", "coordinates": [ 51.3622078, 35.7789625 ] } },
{ "type": "Feature", "properties": { "element": "node", "id": 5487755528, "highway": "traffic_signals", "traffic_signals": null, "junction": null, "name": null, "name:en": null, "button_operated": null, "crossing": null, "traffic_signals:sound": null, "traffic_signals:vibration": null, "traffic_signals:direction": null, "traffic_signals:countdown": null, "operator": null }, "geometry": { "type": "Point", "coordinates": [ 51.3626593, 35.7789006 ] } },
{ "type": "Feature", "properties": { "element": "node", "id": 5493676616, "highway": "traffic_signals", "traffic_signals": "signal", "junction": null, "name": null, "name:en": null, "button_operated": null, "crossing": null, "traffic_signals:sound": null, "traffic_signals:vibration": null, "traffic_signals:direction": null, "traffic_signals:countdown": null, "operator": null }, "geometry": { "type": "Point", "coordinates": [ 51.41417, 35.7577566 ] } },
{ "type": "Feature", "properties": { "element": "node", "id": 5493676617, "highway": "traffic_signals", "traffic_signals": "signal", "junction": null, "name": null, "name:en": null, "button_operated": null, "crossing": null, "traffic_signals:sound": null, "traffic_signals:vibration": null, "traffic_signals:direction": null, "traffic_signals:countdown": null, "operator": null }, "geometry": { "type": "Point", "coordinates": [ 51.4144062, 35.7576146 ] } },
{ "type": "Feature", "properties": { "element": "node", "id": 5493676618, "highway": "traffic_signals", "traffic_signals": "signal", "junction": null, "name": null, "name:en": null, "button_operated": null, "crossing": null, "traffic_signals:sound": null, "traffic_signals:vibration": null, "traffic_signals:direction": null, "traffic_signals:countdown": null, "operator": null }, "geometry": { "type": "Point", "coordinates": [ 51.4145833, 35.757902 ] } },
{ "type": "Feature", "properties": { "element": "node", "id": 5493676619, "highway": "traffic_signals", "traffic_signals": "signal", "junction": null, "name": null, "name:en": null, "button_operated": null, "crossing": null, "traffic_signals:sound": null, "traffic_signals:vibration": null, "traffic_signals:direction": null, "traffic_signals:countdown": null, "operator": null }, "geometry": { "type": "Point", "coordinates": [ 51.4142376, 35.7579816 ] } },
{ "type": "Feature", "properties": { "element": "node", "id": 5498848522, "highway": "traffic_signals", "traffic_signals": "signal", "junction": null, "name": null, "name:en": null, "button_operated": null, "crossing": null, "traffic_signals:sound": null, "traffic_signals:vibration": null, "traffic_signals:direction": null, "traffic_signals:countdown": null, "operator": null }, "geometry": { "type": "Point", "coordinates": [ 51.451056, 35.7415671 ] } },
{ "type": "Feature", "properties": { "element": "node", "id": 5520793675, "highway": "traffic_signals", "traffic_signals": "traffic_lights", "junction": null, "name": null, "name:en": null, "button_operated": null, "crossing": null, "traffic_signals:sound": null, "traffic_signals:vibration": null, "traffic_signals:direction": "forward", "traffic_signals:countdown": null, "operator": null }, "geometry": { "type": "Point", "coordinates": [ 51.361662, 35.7663008 ] } },
{ "type": "Feature", "properties": { "element": "node", "id": 5520793676, "highway": "traffic_signals", "traffic_signals": "traffic_lights", "junction": null, "name": null, "name:en": null, "button_operated": null, "crossing": null, "traffic_signals:sound": null, "traffic_signals:vibration": null, "traffic_signals:direction": "forward", "traffic_signals:countdown": null, "operator": null }, "geometry": { "type": "Point", "coordinates": [ 51.362059, 35.7662292 ] } },
{ "type": "Feature", "properties": { "element": "node", "id": 5520793677, "highway": "traffic_signals", "traffic_signals": "traffic_lights", "junction": null, "name": null, "name:en": null, "button_operated": null, "crossing": null, "traffic_signals:sound": null, "traffic_signals:vibration": null, "traffic_signals:direction": "forward", "traffic_signals:countdown": null, "operator": null }, "geometry": { "type": "Point", "coordinates": [ 51.3616529, 35.7660227 ] } },
{ "type": "Feature", "properties": { "element": "node", "id": 5520793678, "highway": "traffic_signals", "traffic_signals": "traffic_lights", "junction": null, "name": null, "name:en": null, "button_operated": null, "crossing": null, "traffic_signals:sound": null, "traffic_signals:vibration": null, "traffic_signals:direction": "forward", "traffic_signals:countdown": null, "operator": null }, "geometry": { "type": "Point", "coordinates": [ 51.3620184, 35.7659851 ] } },
{ "type": "Feature", "properties": { "element": "node", "id": 5520793679, "highway": "traffic_signals", "traffic_signals": "traffic_lights", "junction": null, "name": null, "name:en": null, "button_operated": null, "crossing": null, "traffic_signals:sound": null, "traffic_signals:vibration": null, "traffic_signals:direction": "forward", "traffic_signals:countdown": null, "operator": null }, "geometry": { "type": "Point", "coordinates": [ 51.354733, 35.7672599 ] } },
{ "type": "Feature", "properties": { "element": "node", "id": 5520793680, "highway": "traffic_signals", "traffic_signals": "traffic_lights", "junction": null, "name": null, "name:en": null, "button_operated": null, "crossing": null, "traffic_signals:sound": null, "traffic_signals:vibration": null, "traffic_signals:direction": "forward", "traffic_signals:countdown": null, "operator": null }, "geometry": { "type": "Point", "coordinates": [ 51.354497, 35.7675462 ] } },
{ "type": "Feature", "properties": { "element": "node", "id": 5522732936, "highway": "traffic_signals", "traffic_signals": "signal", "junction": null, "name": null, "name:en": null, "button_operated": null, "crossing": null, "traffic_signals:sound": null, "traffic_signals:vibration": null, "traffic_signals:direction": null, "traffic_signals:countdown": null, "operator": null }, "geometry": { "type": "Point", "coordinates": [ 51.320837, 35.7572252 ] } },
{ "type": "Feature", "properties": { "element": "node", "id": 5568621117, "highway": "traffic_signals", "traffic_signals": "signal", "junction": null, "name": null, "name:en": null, "button_operated": null, "crossing": null, "traffic_signals:sound": null, "traffic_signals:vibration": null, "traffic_signals:direction": null, "traffic_signals:countdown": null, "operator": null }, "geometry": { "type": "Point", "coordinates": [ 51.1883073, 35.7196811 ] } },
{ "type": "Feature", "properties": { "element": "node", "id": 5568621148, "highway": "traffic_signals", "traffic_signals": "signal", "junction": null, "name": null, "name:en": null, "button_operated": null, "crossing": null, "traffic_signals:sound": null, "traffic_signals:vibration": null, "traffic_signals:direction": null, "traffic_signals:countdown": null, "operator": null }, "geometry": { "type": "Point", "coordinates": [ 51.1887001, 35.7200279 ] } },
{ "type": "Feature", "properties": { "element": "node", "id": 6112675520, "highway": "traffic_signals", "traffic_signals": "signal", "junction": null, "name": null, "name:en": null, "button_operated": null, "crossing": null, "traffic_signals:sound": null, "traffic_signals:vibration": null, "traffic_signals:direction": "forward", "traffic_signals:countdown": null, "operator": null }, "geometry": { "type": "Point", "coordinates": [ 51.4535611, 35.780373 ] } },
{ "type": "Feature", "properties": { "element": "node", "id": 6112675521, "highway": "traffic_signals", "traffic_signals": "signal", "junction": null, "name": null, "name:en": null, "button_operated": null, "crossing": null, "traffic_signals:sound": null, "traffic_signals:vibration": null, "traffic_signals:direction": "forward", "traffic_signals:countdown": null, "operator": null }, "geometry": { "type": "Point", "coordinates": [ 51.453667, 35.7804622 ] } },
{ "type": "Feature", "properties": { "element": "node", "id": 6119379056, "highway": "traffic_signals", "traffic_signals": "signal", "junction": null, "name": null, "name:en": null, "button_operated": null, "crossing": null, "traffic_signals:sound": null, "traffic_signals:vibration": null, "traffic_signals:direction": null, "traffic_signals:countdown": null, "operator": null }, "geometry": { "type": "Point", "coordinates": [ 51.4926884, 35.7783531 ] } },
{ "type": "Feature", "properties": { "element": "node", "id": 6123183788, "highway": "traffic_signals", "traffic_signals": "signal", "junction": null, "name": null, "name:en": null, "button_operated": null, "crossing": null, "traffic_signals:sound": null, "traffic_signals:vibration": null, "traffic_signals:direction": "backward", "traffic_signals:countdown": null, "operator": null }, "geometry": { "type": "Point", "coordinates": [ 51.300895, 35.7282068 ] } },
{ "type": "Feature", "properties": { "element": "node", "id": 6123183789, "highway": "traffic_signals", "traffic_signals": "signal", "junction": null, "name": null, "name:en": null, "button_operated": null, "crossing": null, "traffic_signals:sound": null, "traffic_signals:vibration": null, "traffic_signals:direction": "forward", "traffic_signals:countdown": null, "operator": null }, "geometry": { "type": "Point", "coordinates": [ 51.3009816, 35.7285914 ] } },
{ "type": "Feature", "properties": { "element": "node", "id": 6123183790, "highway": "traffic_signals", "traffic_signals": "signal", "junction": null, "name": null, "name:en": null, "button_operated": null, "crossing": null, "traffic_signals:sound": null, "traffic_signals:vibration": null, "traffic_signals:direction": null, "traffic_signals:countdown": null, "operator": null }, "geometry": { "type": "Point", "coordinates": [ 51.3007415, 35.7284208 ] } },
{ "type": "Feature", "properties": { "element": "node", "id": 6123183791, "highway": "traffic_signals", "traffic_signals": "signal", "junction": null, "name": null, "name:en": null, "button_operated": null, "crossing": null, "traffic_signals:sound": null, "traffic_signals:vibration": null, "traffic_signals:direction": null, "traffic_signals:countdown": null, "operator": null }, "geometry": { "type": "Point", "coordinates": [ 51.3011924, 35.7283908 ] } },
{ "type": "Feature", "properties": { "element": "node", "id": 6232497477, "highway": "traffic_signals", "traffic_signals": null, "junction": null, "name": null, "name:en": null, "button_operated": null, "crossing": null, "traffic_signals:sound": null, "traffic_signals:vibration": null, "traffic_signals:direction": null, "traffic_signals:countdown": null, "operator": null }, "geometry": { "type": "Point", "coordinates": [ 51.463111, 35.7314552 ] } },
{ "type": "Feature", "properties": { "element": "node", "id": 6236441527, "highway": "traffic_signals", "traffic_signals": "signal", "junction": null, "name": null, "name:en": null, "button_operated": null, "crossing": null, "traffic_signals:sound": null, "traffic_signals:vibration": null, "traffic_signals:direction": "forward", "traffic_signals:countdown": null, "operator": null }, "geometry": { "type": "Point", "coordinates": [ 51.4315481, 35.6079987 ] } },
{ "type": "Feature", "properties": { "element": "node", "id": 6302349879, "highway": "traffic_signals", "traffic_signals": "traffic_lights", "junction": null, "name": null, "name:en": null, "button_operated": null, "crossing": null, "traffic_signals:sound": null, "traffic_signals:vibration": null, "traffic_signals:direction": "forward", "traffic_signals:countdown": null, "operator": null }, "geometry": { "type": "Point", "coordinates": [ 51.2555287, 35.6879449 ] } },
{ "type": "Feature", "properties": { "element": "node", "id": 6302349880, "highway": "traffic_signals", "traffic_signals": "traffic_lights", "junction": null, "name": null, "name:en": null, "button_operated": null, "crossing": null, "traffic_signals:sound": null, "traffic_signals:vibration": null, "traffic_signals:direction": "forward", "traffic_signals:countdown": null, "operator": null }, "geometry": { "type": "Point", "coordinates": [ 51.2554024, 35.687769 ] } },
{ "type": "Feature", "properties": { "element": "node", "id": 6302349881, "highway": "traffic_signals", "traffic_signals": "traffic_lights", "junction": null, "name": null, "name:en": null, "button_operated": null, "crossing": null, "traffic_signals:sound": null, "traffic_signals:vibration": null, "traffic_signals:direction": "forward", "traffic_signals:countdown": null, "operator": null }, "geometry": { "type": "Point", "coordinates": [ 51.2556529, 35.6878708 ] } },
{ "type": "Feature", "properties": { "element": "node", "id": 6390419221, "highway": "traffic_signals", "traffic_signals": "signal", "junction": null, "name": null, "name:en": null, "button_operated": null, "crossing": "traffic_signals", "traffic_signals:sound": null, "traffic_signals:vibration": null, "traffic_signals:direction": null, "traffic_signals:countdown": null, "operator": null }, "geometry": { "type": "Point", "coordinates": [ 51.4313742, 35.7241996 ] } },
{ "type": "Feature", "properties": { "element": "node", "id": 6391498717, "highway": "traffic_signals", "traffic_signals": "signal", "junction": null, "name": null, "name:en": null, "button_operated": null, "crossing": null, "traffic_signals:sound": null, "traffic_signals:vibration": null, "traffic_signals:direction": "forward", "traffic_signals:countdown": null, "operator": null }, "geometry": { "type": "Point", "coordinates": [ 51.4347969, 35.7939214 ] } },
{ "type": "Feature", "properties": { "element": "node", "id": 6391498718, "highway": "traffic_signals", "traffic_signals": "signal", "junction": null, "name": null, "name:en": null, "button_operated": null, "crossing": null, "traffic_signals:sound": null, "traffic_signals:vibration": null, "traffic_signals:direction": "forward", "traffic_signals:countdown": null, "operator": null }, "geometry": { "type": "Point", "coordinates": [ 51.434572, 35.7940423 ] } },
{ "type": "Feature", "properties": { "element": "node", "id": 6401812643, "highway": "traffic_signals", "traffic_signals": "signal", "junction": null, "name": null, "name:en": null, "button_operated": null, "crossing": null, "traffic_signals:sound": null, "traffic_signals:vibration": null, "traffic_signals:direction": null, "traffic_signals:countdown": null, "operator": null }, "geometry": { "type": "Point", "coordinates": [ 51.3988021, 35.6629556 ] } },
{ "type": "Feature", "properties": { "element": "node", "id": 6416546842, "highway": "traffic_signals", "traffic_signals": null, "junction": null, "name": null, "name:en": null, "button_operated": null, "crossing": null, "traffic_signals:sound": null, "traffic_signals:vibration": null, "traffic_signals:direction": null, "traffic_signals:countdown": null, "operator": null }, "geometry": { "type": "Point", "coordinates": [ 51.3847797, 35.7821579 ] } },
{ "type": "Feature", "properties": { "element": "node", "id": 6416546843, "highway": "traffic_signals", "traffic_signals": null, "junction": null, "name": null, "name:en": null, "button_operated": null, "crossing": null, "traffic_signals:sound": null, "traffic_signals:vibration": null, "traffic_signals:direction": null, "traffic_signals:countdown": null, "operator": null }, "geometry": { "type": "Point", "coordinates": [ 51.3849598, 35.7816778 ] } },
{ "type": "Feature", "properties": { "element": "node", "id": 6416546844, "highway": "traffic_signals", "traffic_signals": null, "junction": null, "name": null, "name:en": null, "button_operated": null, "crossing": null, "traffic_signals:sound": null, "traffic_signals:vibration": null, "traffic_signals:direction": "backward", "traffic_signals:countdown": null, "operator": null }, "geometry": { "type": "Point", "coordinates": [ 51.3850413, 35.7817962 ] } },
{ "type": "Feature", "properties": { "element": "node", "id": 6416728111, "highway": "traffic_signals", "traffic_signals": "signal", "junction": null, "name": null, "name:en": null, "button_operated": null, "crossing": null, "traffic_signals:sound": null, "traffic_signals:vibration": null, "traffic_signals:direction": null, "traffic_signals:countdown": null, "operator": null }, "geometry": { "type": "Point", "coordinates": [ 51.4155499, 35.7201894 ] } },
{ "type": "Feature", "properties": { "element": "node", "id": 6416728112, "highway": "traffic_signals", "traffic_signals": "signal", "junction": null, "name": null, "name:en": null, "button_operated": null, "crossing": null, "traffic_signals:sound": null, "traffic_signals:vibration": null, "traffic_signals:direction": null, "traffic_signals:countdown": null, "operator": null }, "geometry": { "type": "Point", "coordinates": [ 51.4152883, 35.7202765 ] } },
{ "type": "Feature", "properties": { "element": "node", "id": 6416728113, "highway": "traffic_signals", "traffic_signals": "signal", "junction": null, "name": null, "name:en": null, "button_operated": null, "crossing": null, "traffic_signals:sound": null, "traffic_signals:vibration": null, "traffic_signals:direction": null, "traffic_signals:countdown": null, "operator": null }, "geometry": { "type": "Point", "coordinates": [ 51.4156189, 35.7203844 ] } },
{ "type": "Feature", "properties": { "element": "node", "id": 6416728115, "highway": "traffic_signals", "traffic_signals": null, "junction": null, "name": null, "name:en": null, "button_operated": null, "crossing": null, "traffic_signals:sound": null, "traffic_signals:vibration": null, "traffic_signals:direction": null, "traffic_signals:countdown": null, "operator": null }, "geometry": { "type": "Point", "coordinates": [ 51.4113636, 35.7140181 ] } },
{ "type": "Feature", "properties": { "element": "node", "id": 6419846230, "highway": "traffic_signals", "traffic_signals": "signal", "junction": null, "name": null, "name:en": null, "button_operated": null, "crossing": null, "traffic_signals:sound": null, "traffic_signals:vibration": null, "traffic_signals:direction": null, "traffic_signals:countdown": null, "operator": null }, "geometry": { "type": "Point", "coordinates": [ 51.3987578, 35.6629502 ] } },
{ "type": "Feature", "properties": { "element": "node", "id": 6545113933, "highway": "traffic_signals", "traffic_signals": "signal", "junction": null, "name": null, "name:en": null, "button_operated": null, "crossing": null, "traffic_signals:sound": null, "traffic_signals:vibration": null, "traffic_signals:direction": null, "traffic_signals:countdown": null, "operator": null }, "geometry": { "type": "Point", "coordinates": [ 51.4532274, 35.7895931 ] } },
{ "type": "Feature", "properties": { "element": "node", "id": 6563037525, "highway": "traffic_signals", "traffic_signals": "signal", "junction": null, "name": null, "name:en": null, "button_operated": null, "crossing": null, "traffic_signals:sound": null, "traffic_signals:vibration": null, "traffic_signals:direction": null, "traffic_signals:countdown": null, "operator": null }, "geometry": { "type": "Point", "coordinates": [ 51.3981274, 35.6598958 ] } },
{ "type": "Feature", "properties": { "element": "node", "id": 6563294500, "highway": "traffic_signals", "traffic_signals": "signal", "junction": null, "name": null, "name:en": null, "button_operated": null, "crossing": null, "traffic_signals:sound": null, "traffic_signals:vibration": null, "traffic_signals:direction": null, "traffic_signals:countdown": null, "operator": null }, "geometry": { "type": "Point", "coordinates": [ 51.4102568, 35.7238423 ] } },
{ "type": "Feature", "properties": { "element": "node", "id": 6581508968, "highway": "traffic_signals", "traffic_signals": "signal", "junction": null, "name": null, "name:en": null, "button_operated": null, "crossing": null, "traffic_signals:sound": null, "traffic_signals:vibration": null, "traffic_signals:direction": null, "traffic_signals:countdown": null, "operator": null }, "geometry": { "type": "Point", "coordinates": [ 51.3348975, 35.759521 ] } },
{ "type": "Feature", "properties": { "element": "node", "id": 6596012014, "highway": "traffic_signals", "traffic_signals": null, "junction": null, "name": null, "name:en": null, "button_operated": null, "crossing": null, "traffic_signals:sound": null, "traffic_signals:vibration": null, "traffic_signals:direction": null, "traffic_signals:countdown": null, "operator": null }, "geometry": { "type": "Point", "coordinates": [ 51.4119321, 35.6952492 ] } },
{ "type": "Feature", "properties": { "element": "node", "id": 6654032652, "highway": "traffic_signals", "traffic_signals": "signal", "junction": null, "name": null, "name:en": null, "button_operated": null, "crossing": null, "traffic_signals:sound": null, "traffic_signals:vibration": null, "traffic_signals:direction": null, "traffic_signals:countdown": null, "operator": null }, "geometry": { "type": "Point", "coordinates": [ 51.3665677, 35.771306 ] } },
{ "type": "Feature", "properties": { "element": "node", "id": 6698306183, "highway": "traffic_signals", "traffic_signals": "signal", "junction": null, "name": null, "name:en": null, "button_operated": null, "crossing": null, "traffic_signals:sound": null, "traffic_signals:vibration": null, "traffic_signals:direction": "forward", "traffic_signals:countdown": null, "operator": null }, "geometry": { "type": "Point", "coordinates": [ 51.4470154, 35.7979089 ] } },
{ "type": "Feature", "properties": { "element": "node", "id": 6783070407, "highway": "traffic_signals", "traffic_signals": null, "junction": null, "name": "دوربین چراغ قرمز", "name:en": null, "button_operated": null, "crossing": null, "traffic_signals:sound": null, "traffic_signals:vibration": null, "traffic_signals:direction": null, "traffic_signals:countdown": null, "operator": null }, "geometry": { "type": "Point", "coordinates": [ 51.4432566, 35.7234785 ] } },
{ "type": "Feature", "properties": { "element": "node", "id": 6802532523, "highway": "traffic_signals", "traffic_signals": "signal", "junction": null, "name": null, "name:en": null, "button_operated": null, "crossing": null, "traffic_signals:sound": null, "traffic_signals:vibration": null, "traffic_signals:direction": null, "traffic_signals:countdown": null, "operator": null }, "geometry": { "type": "Point", "coordinates": [ 51.4363871, 35.6983022 ] } },
{ "type": "Feature", "properties": { "element": "node", "id": 6860545378, "highway": "traffic_signals", "traffic_signals": null, "junction": null, "name": null, "name:en": null, "button_operated": null, "crossing": null, "traffic_signals:sound": null, "traffic_signals:vibration": null, "traffic_signals:direction": null, "traffic_signals:countdown": null, "operator": null }, "geometry": { "type": "Point", "coordinates": [ 51.332518, 35.7433362 ] } },
{ "type": "Feature", "properties": { "element": "node", "id": 6868936908, "highway": "traffic_signals", "traffic_signals": null, "junction": null, "name": null, "name:en": null, "button_operated": null, "crossing": null, "traffic_signals:sound": null, "traffic_signals:vibration": null, "traffic_signals:direction": null, "traffic_signals:countdown": null, "operator": null }, "geometry": { "type": "Point", "coordinates": [ 51.4804436, 35.8011711 ] } },
{ "type": "Feature", "properties": { "element": "node", "id": 6868936909, "highway": "traffic_signals", "traffic_signals": null, "junction": null, "name": null, "name:en": null, "button_operated": null, "crossing": null, "traffic_signals:sound": null, "traffic_signals:vibration": null, "traffic_signals:direction": null, "traffic_signals:countdown": null, "operator": null }, "geometry": { "type": "Point", "coordinates": [ 51.4805689, 35.8010749 ] } },
{ "type": "Feature", "properties": { "element": "node", "id": 7040705374, "highway": "traffic_signals", "traffic_signals": "signal", "junction": null, "name": null, "name:en": null, "button_operated": null, "crossing": null, "traffic_signals:sound": null, "traffic_signals:vibration": null, "traffic_signals:direction": null, "traffic_signals:countdown": null, "operator": null }, "geometry": { "type": "Point", "coordinates": [ 51.3599672, 35.770171 ] } },
{ "type": "Feature", "properties": { "element": "node", "id": 7040705375, "highway": "traffic_signals", "traffic_signals": "signal", "junction": null, "name": null, "name:en": null, "button_operated": null, "crossing": null, "traffic_signals:sound": null, "traffic_signals:vibration": null, "traffic_signals:direction": null, "traffic_signals:countdown": null, "operator": null }, "geometry": { "type": "Point", "coordinates": [ 51.3595303, 35.7702592 ] } },
{ "type": "Feature", "properties": { "element": "node", "id": 7040705376, "highway": "traffic_signals", "traffic_signals": "signal", "junction": null, "name": null, "name:en": null, "button_operated": null, "crossing": null, "traffic_signals:sound": null, "traffic_signals:vibration": null, "traffic_signals:direction": null, "traffic_signals:countdown": null, "operator": null }, "geometry": { "type": "Point", "coordinates": [ 51.3599443, 35.7698268 ] } },
{ "type": "Feature", "properties": { "element": "node", "id": 7040705377, "highway": "traffic_signals", "traffic_signals": "signal", "junction": null, "name": null, "name:en": null, "button_operated": null, "crossing": null, "traffic_signals:sound": null, "traffic_signals:vibration": null, "traffic_signals:direction": null, "traffic_signals:countdown": null, "operator": null }, "geometry": { "type": "Point", "coordinates": [ 51.3595072, 35.7700177 ] } },
{ "type": "Feature", "properties": { "element": "node", "id": 7101206071, "highway": "traffic_signals", "traffic_signals": "traffic_lights", "junction": null, "name": null, "name:en": null, "button_operated": null, "crossing": null, "traffic_signals:sound": null, "traffic_signals:vibration": null, "traffic_signals:direction": "forward", "traffic_signals:countdown": null, "operator": null }, "geometry": { "type": "Point", "coordinates": [ 51.3037971, 35.746913 ] } },
{ "type": "Feature", "properties": { "element": "node", "id": 7101206072, "highway": "traffic_signals", "traffic_signals": "traffic_lights", "junction": null, "name": null, "name:en": null, "button_operated": null, "crossing": null, "traffic_signals:sound": null, "traffic_signals:vibration": null, "traffic_signals:direction": "forward", "traffic_signals:countdown": null, "operator": null }, "geometry": { "type": "Point", "coordinates": [ 51.3036674, 35.7466735 ] } },
{ "type": "Feature", "properties": { "element": "node", "id": 7101206073, "highway": "traffic_signals", "traffic_signals": "traffic_lights", "junction": null, "name": null, "name:en": null, "button_operated": null, "crossing": null, "traffic_signals:sound": null, "traffic_signals:vibration": null, "traffic_signals:direction": "forward", "traffic_signals:countdown": null, "operator": null }, "geometry": { "type": "Point", "coordinates": [ 51.3039333, 35.7465132 ] } },
{ "type": "Feature", "properties": { "element": "node", "id": 7101206074, "highway": "traffic_signals", "traffic_signals": "traffic_lights", "junction": null, "name": null, "name:en": null, "button_operated": null, "crossing": null, "traffic_signals:sound": null, "traffic_signals:vibration": null, "traffic_signals:direction": "forward", "traffic_signals:countdown": null, "operator": null }, "geometry": { "type": "Point", "coordinates": [ 51.3041027, 35.7467941 ] } },
{ "type": "Feature", "properties": { "element": "node", "id": 7112064194, "highway": "traffic_signals", "traffic_signals": "signal", "junction": null, "name": null, "name:en": null, "button_operated": null, "crossing": null, "traffic_signals:sound": null, "traffic_signals:vibration": null, "traffic_signals:direction": null, "traffic_signals:countdown": null, "operator": null }, "geometry": { "type": "Point", "coordinates": [ 51.4364636, 35.7754057 ] } },
{ "type": "Feature", "properties": { "element": "node", "id": 7128220947, "highway": "traffic_signals", "traffic_signals": "signal", "junction": null, "name": null, "name:en": null, "button_operated": null, "crossing": null, "traffic_signals:sound": null, "traffic_signals:vibration": null, "traffic_signals:direction": null, "traffic_signals:countdown": null, "operator": null }, "geometry": { "type": "Point", "coordinates": [ 51.364168, 35.6869917 ] } },
{ "type": "Feature", "properties": { "element": "node", "id": 7141251827, "highway": "traffic_signals", "traffic_signals": "traffic_lights", "junction": null, "name": null, "name:en": null, "button_operated": null, "crossing": null, "traffic_signals:sound": null, "traffic_signals:vibration": null, "traffic_signals:direction": "forward", "traffic_signals:countdown": null, "operator": null }, "geometry": { "type": "Point", "coordinates": [ 51.364126, 35.7707519 ] } },
{ "type": "Feature", "properties": { "element": "node", "id": 7141251828, "highway": "traffic_signals", "traffic_signals": "traffic_lights", "junction": null, "name": null, "name:en": null, "button_operated": null, "crossing": null, "traffic_signals:sound": null, "traffic_signals:vibration": null, "traffic_signals:direction": "forward", "traffic_signals:countdown": null, "operator": null }, "geometry": { "type": "Point", "coordinates": [ 51.3646323, 35.7705981 ] } },
{ "type": "Feature", "properties": { "element": "node", "id": 7141251829, "highway": "traffic_signals", "traffic_signals": "traffic_lights", "junction": null, "name": null, "name:en": null, "button_operated": null, "crossing": null, "traffic_signals:sound": null, "traffic_signals:vibration": null, "traffic_signals:direction": "forward", "traffic_signals:countdown": null, "operator": null }, "geometry": { "type": "Point", "coordinates": [ 51.3646998, 35.7709953 ] } },
{ "type": "Feature", "properties": { "element": "node", "id": 7141251830, "highway": "traffic_signals", "traffic_signals": "traffic_lights", "junction": null, "name": null, "name:en": null, "button_operated": null, "crossing": null, "traffic_signals:sound": null, "traffic_signals:vibration": null, "traffic_signals:direction": "forward", "traffic_signals:countdown": null, "operator": null }, "geometry": { "type": "Point", "coordinates": [ 51.3642734, 35.7710643 ] } },
{ "type": "Feature", "properties": { "element": "node", "id": 7141404564, "highway": "traffic_signals", "traffic_signals": "traffic_lights", "junction": null, "name": null, "name:en": null, "button_operated": null, "crossing": null, "traffic_signals:sound": null, "traffic_signals:vibration": null, "traffic_signals:direction": "forward", "traffic_signals:countdown": null, "operator": null }, "geometry": { "type": "Point", "coordinates": [ 51.3680751, 35.7804285 ] } },
{ "type": "Feature", "properties": { "element": "node", "id": 7141404565, "highway": "traffic_signals", "traffic_signals": "traffic_lights", "junction": null, "name": null, "name:en": null, "button_operated": null, "crossing": null, "traffic_signals:sound": null, "traffic_signals:vibration": null, "traffic_signals:direction": "forward", "traffic_signals:countdown": null, "operator": null }, "geometry": { "type": "Point", "coordinates": [ 51.3677456, 35.7804824 ] } },
{ "type": "Feature", "properties": { "element": "node", "id": 7141404566, "highway": "traffic_signals", "traffic_signals": "traffic_lights", "junction": null, "name": null, "name:en": null, "button_operated": null, "crossing": null, "traffic_signals:sound": null, "traffic_signals:vibration": null, "traffic_signals:direction": "forward", "traffic_signals:countdown": null, "operator": null }, "geometry": { "type": "Point", "coordinates": [ 51.367665, 35.7802003 ] } },
{ "type": "Feature", "properties": { "element": "node", "id": 7141404567, "highway": "traffic_signals", "traffic_signals": "traffic_lights", "junction": null, "name": null, "name:en": null, "button_operated": null, "crossing": null, "traffic_signals:sound": null, "traffic_signals:vibration": null, "traffic_signals:direction": "forward", "traffic_signals:countdown": null, "operator": null }, "geometry": { "type": "Point", "coordinates": [ 51.3679843, 35.780146 ] } },
{ "type": "Feature", "properties": { "element": "node", "id": 7141443060, "highway": "traffic_signals", "traffic_signals": "traffic_lights", "junction": null, "name": null, "name:en": null, "button_operated": null, "crossing": null, "traffic_signals:sound": null, "traffic_signals:vibration": null, "traffic_signals:direction": "forward", "traffic_signals:countdown": null, "operator": null }, "geometry": { "type": "Point", "coordinates": [ 51.3664052, 35.7667832 ] } },
{ "type": "Feature", "properties": { "element": "node", "id": 7141443061, "highway": "traffic_signals", "traffic_signals": "traffic_lights", "junction": null, "name": null, "name:en": null, "button_operated": null, "crossing": null, "traffic_signals:sound": null, "traffic_signals:vibration": null, "traffic_signals:direction": "forward", "traffic_signals:countdown": null, "operator": null }, "geometry": { "type": "Point", "coordinates": [ 51.3668743, 35.7666748 ] } },
{ "type": "Feature", "properties": { "element": "node", "id": 7141443062, "highway": "traffic_signals", "traffic_signals": "traffic_lights", "junction": null, "name": null, "name:en": null, "button_operated": null, "crossing": null, "traffic_signals:sound": null, "traffic_signals:vibration": null, "traffic_signals:direction": "forward", "traffic_signals:countdown": null, "operator": null }, "geometry": { "type": "Point", "coordinates": [ 51.3669713, 35.7669467 ] } },
{ "type": "Feature", "properties": { "element": "node", "id": 7141443063, "highway": "traffic_signals", "traffic_signals": "traffic_lights", "junction": null, "name": null, "name:en": null, "button_operated": null, "crossing": null, "traffic_signals:sound": null, "traffic_signals:vibration": null, "traffic_signals:direction": "forward", "traffic_signals:countdown": null, "operator": null }, "geometry": { "type": "Point", "coordinates": [ 51.366394, 35.767092 ] } },
{ "type": "Feature", "properties": { "element": "node", "id": 7141490247, "highway": "traffic_signals", "traffic_signals": "signal", "junction": null, "name": null, "name:en": null, "button_operated": null, "crossing": null, "traffic_signals:sound": null, "traffic_signals:vibration": null, "traffic_signals:direction": null, "traffic_signals:countdown": null, "operator": null }, "geometry": { "type": "Point", "coordinates": [ 51.4037016, 35.6932208 ] } },
{ "type": "Feature", "properties": { "element": "node", "id": 7171369292, "highway": "traffic_signals", "traffic_signals": "signal", "junction": null, "name": null, "name:en": null, "button_operated": null, "crossing": null, "traffic_signals:sound": null, "traffic_signals:vibration": null, "traffic_signals:direction": null, "traffic_signals:countdown": null, "operator": null }, "geometry": { "type": "Point", "coordinates": [ 51.3333894, 35.7356821 ] } },
{ "type": "Feature", "properties": { "element": "node", "id": 7171369293, "highway": "traffic_signals", "traffic_signals": "signal", "junction": null, "name": null, "name:en": null, "button_operated": null, "crossing": null, "traffic_signals:sound": null, "traffic_signals:vibration": null, "traffic_signals:direction": null, "traffic_signals:countdown": null, "operator": null }, "geometry": { "type": "Point", "coordinates": [ 51.3336382, 35.7353453 ] } },
{ "type": "Feature", "properties": { "element": "node", "id": 7171369294, "highway": "traffic_signals", "traffic_signals": "signal", "junction": null, "name": null, "name:en": null, "button_operated": null, "crossing": null, "traffic_signals:sound": null, "traffic_signals:vibration": null, "traffic_signals:direction": null, "traffic_signals:countdown": null, "operator": null }, "geometry": { "type": "Point", "coordinates": [ 51.3337448, 35.735564 ] } },
{ "type": "Feature", "properties": { "element": "node", "id": 7321827003, "highway": "traffic_signals", "traffic_signals": null, "junction": null, "name": null, "name:en": null, "button_operated": null, "crossing": "marked", "traffic_signals:sound": null, "traffic_signals:vibration": null, "traffic_signals:direction": null, "traffic_signals:countdown": null, "operator": null }, "geometry": { "type": "Point", "coordinates": [ 51.4742983, 35.7611121 ] } },
{ "type": "Feature", "properties": { "element": "node", "id": 7424900604, "highway": "traffic_signals", "traffic_signals": null, "junction": null, "name": null, "name:en": null, "button_operated": null, "crossing": null, "traffic_signals:sound": null, "traffic_signals:vibration": null, "traffic_signals:direction": null, "traffic_signals:countdown": null, "operator": null }, "geometry": { "type": "Point", "coordinates": [ 51.3292245, 35.6586992 ] } },
{ "type": "Feature", "properties": { "element": "node", "id": 7424900605, "highway": "traffic_signals", "traffic_signals": null, "junction": null, "name": null, "name:en": null, "button_operated": null, "crossing": null, "traffic_signals:sound": null, "traffic_signals:vibration": null, "traffic_signals:direction": null, "traffic_signals:countdown": null, "operator": null }, "geometry": { "type": "Point", "coordinates": [ 51.3295081, 35.658606 ] } },
{ "type": "Feature", "properties": { "element": "node", "id": 7467322540, "highway": "traffic_signals", "traffic_signals": "signal", "junction": null, "name": null, "name:en": null, "button_operated": null, "crossing": null, "traffic_signals:sound": null, "traffic_signals:vibration": null, "traffic_signals:direction": "forward", "traffic_signals:countdown": null, "operator": null }, "geometry": { "type": "Point", "coordinates": [ 51.4947663, 35.8005856 ] } },
{ "type": "Feature", "properties": { "element": "node", "id": 7467322542, "highway": "traffic_signals", "traffic_signals": "signal", "junction": null, "name": null, "name:en": null, "button_operated": null, "crossing": null, "traffic_signals:sound": null, "traffic_signals:vibration": null, "traffic_signals:direction": "forward", "traffic_signals:countdown": null, "operator": null }, "geometry": { "type": "Point", "coordinates": [ 51.4947935, 35.8004366 ] } },
{ "type": "Feature", "properties": { "element": "node", "id": 7467463095, "highway": "traffic_signals", "traffic_signals": "signal", "junction": null, "name": null, "name:en": null, "button_operated": null, "crossing": null, "traffic_signals:sound": null, "traffic_signals:vibration": null, "traffic_signals:direction": "forward", "traffic_signals:countdown": null, "operator": null }, "geometry": { "type": "Point", "coordinates": [ 51.4949333, 35.8005174 ] } },
{ "type": "Feature", "properties": { "element": "node", "id": 7497218312, "highway": "traffic_signals", "traffic_signals": "signal", "junction": null, "name": null, "name:en": null, "button_operated": null, "crossing": null, "traffic_signals:sound": null, "traffic_signals:vibration": null, "traffic_signals:direction": "forward", "traffic_signals:countdown": null, "operator": null }, "geometry": { "type": "Point", "coordinates": [ 51.4048006, 35.796511 ] } },
{ "type": "Feature", "properties": { "element": "node", "id": 7497218313, "highway": "traffic_signals", "traffic_signals": "signal", "junction": null, "name": null, "name:en": null, "button_operated": null, "crossing": null, "traffic_signals:sound": null, "traffic_signals:vibration": null, "traffic_signals:direction": "forward", "traffic_signals:countdown": null, "operator": null }, "geometry": { "type": "Point", "coordinates": [ 51.4049834, 35.7966353 ] } },
{ "type": "Feature", "properties": { "element": "node", "id": 7506548838, "highway": "traffic_signals", "traffic_signals": "signal", "junction": null, "name": null, "name:en": null, "button_operated": null, "crossing": null, "traffic_signals:sound": null, "traffic_signals:vibration": null, "traffic_signals:direction": null, "traffic_signals:countdown": null, "operator": null }, "geometry": { "type": "Point", "coordinates": [ 51.3773193, 35.7060597 ] } },
{ "type": "Feature", "properties": { "element": "node", "id": 7687372786, "highway": "traffic_signals", "traffic_signals": "signal", "junction": null, "name": null, "name:en": null, "button_operated": null, "crossing": null, "traffic_signals:sound": null, "traffic_signals:vibration": null, "traffic_signals:direction": "forward", "traffic_signals:countdown": null, "operator": null }, "geometry": { "type": "Point", "coordinates": [ 51.4050654, 35.7967525 ] } },
{ "type": "Feature", "properties": { "element": "node", "id": 7732972830, "highway": "traffic_signals", "traffic_signals": "traffic_lights", "junction": null, "name": null, "name:en": null, "button_operated": null, "crossing": null, "traffic_signals:sound": null, "traffic_signals:vibration": null, "traffic_signals:direction": null, "traffic_signals:countdown": null, "operator": null }, "geometry": { "type": "Point", "coordinates": [ 51.5764149, 35.7446953 ] } },
{ "type": "Feature", "properties": { "element": "node", "id": 7732972836, "highway": "traffic_signals", "traffic_signals": "signal", "junction": null, "name": null, "name:en": null, "button_operated": null, "crossing": null, "traffic_signals:sound": null, "traffic_signals:vibration": null, "traffic_signals:direction": null, "traffic_signals:countdown": null, "operator": null }, "geometry": { "type": "Point", "coordinates": [ 51.5760295, 35.7449573 ] } },
{ "type": "Feature", "properties": { "element": "node", "id": 7732972840, "highway": "traffic_signals", "traffic_signals": "signal", "junction": null, "name": null, "name:en": null, "button_operated": null, "crossing": null, "traffic_signals:sound": null, "traffic_signals:vibration": null, "traffic_signals:direction": null, "traffic_signals:countdown": null, "operator": null }, "geometry": { "type": "Point", "coordinates": [ 51.5764513, 35.7452532 ] } },
{ "type": "Feature", "properties": { "element": "node", "id": 7732972848, "highway": "traffic_signals", "traffic_signals": "signal", "junction": null, "name": null, "name:en": null, "button_operated": null, "crossing": null, "traffic_signals:sound": null, "traffic_signals:vibration": null, "traffic_signals:direction": null, "traffic_signals:countdown": null, "operator": null }, "geometry": { "type": "Point", "coordinates": [ 51.5851343, 35.7421975 ] } },
{ "type": "Feature", "properties": { "element": "node", "id": 7733010677, "highway": "traffic_signals", "traffic_signals": "signal", "junction": null, "name": null, "name:en": null, "button_operated": null, "crossing": null, "traffic_signals:sound": null, "traffic_signals:vibration": null, "traffic_signals:direction": null, "traffic_signals:countdown": null, "operator": null }, "geometry": { "type": "Point", "coordinates": [ 51.5766436, 35.7449303 ] } },
{ "type": "Feature", "properties": { "element": "node", "id": 7781410291, "highway": "traffic_signals", "traffic_signals": "signal", "junction": null, "name": null, "name:en": null, "button_operated": null, "crossing": null, "traffic_signals:sound": null, "traffic_signals:vibration": null, "traffic_signals:direction": "forward", "traffic_signals:countdown": null, "operator": null }, "geometry": { "type": "Point", "coordinates": [ 51.4988862, 35.717138 ] } },
{ "type": "Feature", "properties": { "element": "node", "id": 7781428752, "highway": "traffic_signals", "traffic_signals": "signal", "junction": null, "name": null, "name:en": null, "button_operated": null, "crossing": null, "traffic_signals:sound": null, "traffic_signals:vibration": null, "traffic_signals:direction": "forward", "traffic_signals:countdown": null, "operator": null }, "geometry": { "type": "Point", "coordinates": [ 51.4991527, 35.7174243 ] } },
{ "type": "Feature", "properties": { "element": "node", "id": 7981129189, "highway": "traffic_signals", "traffic_signals": "signal", "junction": null, "name": null, "name:en": null, "button_operated": null, "crossing": null, "traffic_signals:sound": null, "traffic_signals:vibration": null, "traffic_signals:direction": "forward", "traffic_signals:countdown": null, "operator": null }, "geometry": { "type": "Point", "coordinates": [ 51.4401314, 35.733824 ] } },
{ "type": "Feature", "properties": { "element": "node", "id": 7981129190, "highway": "traffic_signals", "traffic_signals": "signal", "junction": null, "name": null, "name:en": null, "button_operated": null, "crossing": null, "traffic_signals:sound": null, "traffic_signals:vibration": null, "traffic_signals:direction": null, "traffic_signals:countdown": null, "operator": null }, "geometry": { "type": "Point", "coordinates": [ 51.4405616, 35.734072 ] } },
{ "type": "Feature", "properties": { "element": "node", "id": 7981129191, "highway": "traffic_signals", "traffic_signals": "signal", "junction": null, "name": null, "name:en": null, "button_operated": null, "crossing": null, "traffic_signals:sound": null, "traffic_signals:vibration": null, "traffic_signals:direction": "backward", "traffic_signals:countdown": null, "operator": null }, "geometry": { "type": "Point", "coordinates": [ 51.440662, 35.7338441 ] } },
{ "type": "Feature", "properties": { "element": "node", "id": 8163699480, "highway": "traffic_signals", "traffic_signals": "signal", "junction": null, "name": null, "name:en": null, "button_operated": null, "crossing": null, "traffic_signals:sound": null, "traffic_signals:vibration": null, "traffic_signals:direction": "forward", "traffic_signals:countdown": null, "operator": null }, "geometry": { "type": "Point", "coordinates": [ 51.389415, 35.7176606 ] } },
{ "type": "Feature", "properties": { "element": "node", "id": 8163699482, "highway": "traffic_signals", "traffic_signals": "signal", "junction": null, "name": null, "name:en": null, "button_operated": null, "crossing": null, "traffic_signals:sound": null, "traffic_signals:vibration": null, "traffic_signals:direction": "forward", "traffic_signals:countdown": null, "operator": null }, "geometry": { "type": "Point", "coordinates": [ 51.389501, 35.7175936 ] } },
{ "type": "Feature", "properties": { "element": "node", "id": 8175950257, "highway": "traffic_signals", "traffic_signals": "signal", "junction": null, "name": null, "name:en": null, "button_operated": null, "crossing": null, "traffic_signals:sound": null, "traffic_signals:vibration": null, "traffic_signals:direction": "forward", "traffic_signals:countdown": null, "operator": null }, "geometry": { "type": "Point", "coordinates": [ 51.4613254, 35.8012742 ] } },
{ "type": "Feature", "properties": { "element": "node", "id": 8175950258, "highway": "traffic_signals", "traffic_signals": "signal", "junction": null, "name": null, "name:en": null, "button_operated": null, "crossing": null, "traffic_signals:sound": null, "traffic_signals:vibration": null, "traffic_signals:direction": "forward", "traffic_signals:countdown": null, "operator": null }, "geometry": { "type": "Point", "coordinates": [ 51.461211, 35.8013583 ] } },
{ "type": "Feature", "properties": { "element": "node", "id": 8175950259, "highway": "traffic_signals", "traffic_signals": "signal", "junction": null, "name": null, "name:en": null, "button_operated": null, "crossing": null, "traffic_signals:sound": null, "traffic_signals:vibration": null, "traffic_signals:direction": "forward", "traffic_signals:countdown": null, "operator": null }, "geometry": { "type": "Point", "coordinates": [ 51.4615036, 35.8014573 ] } },
{ "type": "Feature", "properties": { "element": "node", "id": 8234166142, "highway": "traffic_signals", "traffic_signals": "signal", "junction": null, "name": null, "name:en": null, "button_operated": null, "crossing": "uncontrolled", "traffic_signals:sound": null, "traffic_signals:vibration": null, "traffic_signals:direction": null, "traffic_signals:countdown": null, "operator": null }, "geometry": { "type": "Point", "coordinates": [ 51.4002062, 35.701096 ] } },
{ "type": "Feature", "properties": { "element": "node", "id": 8234166145, "highway": "traffic_signals", "traffic_signals": "signal", "junction": null, "name": null, "name:en": null, "button_operated": null, "crossing": "uncontrolled", "traffic_signals:sound": null, "traffic_signals:vibration": null, "traffic_signals:direction": null, "traffic_signals:countdown": null, "operator": null }, "geometry": { "type": "Point", "coordinates": [ 51.4005784, 35.7011494 ] } },
{ "type": "Feature", "properties": { "element": "node", "id": 8234166147, "highway": "traffic_signals", "traffic_signals": "signal", "junction": null, "name": null, "name:en": null, "button_operated": null, "crossing": "uncontrolled", "traffic_signals:sound": null, "traffic_signals:vibration": null, "traffic_signals:direction": null, "traffic_signals:countdown": null, "operator": null }, "geometry": { "type": "Point", "coordinates": [ 51.4002107, 35.7010561 ] } },
{ "type": "Feature", "properties": { "element": "node", "id": 8234166148, "highway": "traffic_signals", "traffic_signals": "signal", "junction": null, "name": null, "name:en": null, "button_operated": null, "crossing": "uncontrolled", "traffic_signals:sound": null, "traffic_signals:vibration": null, "traffic_signals:direction": null, "traffic_signals:countdown": null, "operator": null }, "geometry": { "type": "Point", "coordinates": [ 51.4005762, 35.701202 ] } },
{ "type": "Feature", "properties": { "element": "node", "id": 8234166149, "highway": "traffic_signals", "traffic_signals": "signal", "junction": null, "name": null, "name:en": null, "button_operated": null, "crossing": "uncontrolled", "traffic_signals:sound": null, "traffic_signals:vibration": null, "traffic_signals:direction": null, "traffic_signals:countdown": null, "operator": null }, "geometry": { "type": "Point", "coordinates": [ 51.400322, 35.7012845 ] } },
{ "type": "Feature", "properties": { "element": "node", "id": 8317639749, "highway": "traffic_signals", "traffic_signals": "signal", "junction": null, "name": null, "name:en": null, "button_operated": null, "crossing": null, "traffic_signals:sound": null, "traffic_signals:vibration": null, "traffic_signals:direction": null, "traffic_signals:countdown": null, "operator": null }, "geometry": { "type": "Point", "coordinates": [ 51.3650363, 35.6771129 ] } },
{ "type": "Feature", "properties": { "element": "node", "id": 8317639750, "highway": "traffic_signals", "traffic_signals": "signal", "junction": null, "name": null, "name:en": null, "button_operated": null, "crossing": null, "traffic_signals:sound": null, "traffic_signals:vibration": null, "traffic_signals:direction": null, "traffic_signals:countdown": null, "operator": null }, "geometry": { "type": "Point", "coordinates": [ 51.3651078, 35.6769604 ] } },
{ "type": "Feature", "properties": { "element": "node", "id": 8317639751, "highway": "traffic_signals", "traffic_signals": "signal", "junction": null, "name": null, "name:en": null, "button_operated": null, "crossing": null, "traffic_signals:sound": null, "traffic_signals:vibration": null, "traffic_signals:direction": null, "traffic_signals:countdown": null, "operator": null }, "geometry": { "type": "Point", "coordinates": [ 51.3651361, 35.6770252 ] } },
{ "type": "Feature", "properties": { "element": "node", "id": 8356860838, "highway": "traffic_signals", "traffic_signals": "signal", "junction": null, "name": null, "name:en": null, "button_operated": null, "crossing": null, "traffic_signals:sound": null, "traffic_signals:vibration": null, "traffic_signals:direction": null, "traffic_signals:countdown": null, "operator": null }, "geometry": { "type": "Point", "coordinates": [ 51.3307767, 35.7607506 ] } },
{ "type": "Feature", "properties": { "element": "node", "id": 8356860839, "highway": "traffic_signals", "traffic_signals": "signal", "junction": null, "name": null, "name:en": null, "button_operated": null, "crossing": null, "traffic_signals:sound": null, "traffic_signals:vibration": null, "traffic_signals:direction": null, "traffic_signals:countdown": null, "operator": null }, "geometry": { "type": "Point", "coordinates": [ 51.3310116, 35.7609824 ] } },
{ "type": "Feature", "properties": { "element": "node", "id": 8356860840, "highway": "traffic_signals", "traffic_signals": "signal", "junction": null, "name": null, "name:en": null, "button_operated": null, "crossing": null, "traffic_signals:sound": null, "traffic_signals:vibration": null, "traffic_signals:direction": null, "traffic_signals:countdown": null, "operator": null }, "geometry": { "type": "Point", "coordinates": [ 51.3307629, 35.7611518 ] } },
{ "type": "Feature", "properties": { "element": "node", "id": 8356860841, "highway": "traffic_signals", "traffic_signals": "signal", "junction": null, "name": null, "name:en": null, "button_operated": null, "crossing": null, "traffic_signals:sound": null, "traffic_signals:vibration": null, "traffic_signals:direction": null, "traffic_signals:countdown": null, "operator": null }, "geometry": { "type": "Point", "coordinates": [ 51.3305088, 35.7609748 ] } },
{ "type": "Feature", "properties": { "element": "node", "id": 8380302346, "highway": "traffic_signals", "traffic_signals": null, "junction": null, "name": null, "name:en": null, "button_operated": null, "crossing": null, "traffic_signals:sound": null, "traffic_signals:vibration": null, "traffic_signals:direction": null, "traffic_signals:countdown": null, "operator": null }, "geometry": { "type": "Point", "coordinates": [ 51.3969921, 35.7709656 ] } },
{ "type": "Feature", "properties": { "element": "node", "id": 8380302347, "highway": "traffic_signals", "traffic_signals": null, "junction": null, "name": null, "name:en": null, "button_operated": null, "crossing": null, "traffic_signals:sound": null, "traffic_signals:vibration": null, "traffic_signals:direction": null, "traffic_signals:countdown": null, "operator": null }, "geometry": { "type": "Point", "coordinates": [ 51.3966816, 35.7710638 ] } },
{ "type": "Feature", "properties": { "element": "node", "id": 8483110662, "highway": "traffic_signals", "traffic_signals": "signal", "junction": null, "name": null, "name:en": null, "button_operated": null, "crossing": null, "traffic_signals:sound": null, "traffic_signals:vibration": null, "traffic_signals:direction": "forward", "traffic_signals:countdown": null, "operator": null }, "geometry": { "type": "Point", "coordinates": [ 51.3831593, 35.7006093 ] } },
{ "type": "Feature", "properties": { "element": "node", "id": 8483110663, "highway": "traffic_signals", "traffic_signals": "signal", "junction": null, "name": null, "name:en": null, "button_operated": null, "crossing": null, "traffic_signals:sound": null, "traffic_signals:vibration": null, "traffic_signals:direction": "forward", "traffic_signals:countdown": null, "operator": null }, "geometry": { "type": "Point", "coordinates": [ 51.3807536, 35.7007899 ] } },
{ "type": "Feature", "properties": { "element": "node", "id": 8483110664, "highway": "traffic_signals", "traffic_signals": "signal", "junction": null, "name": null, "name:en": null, "button_operated": null, "crossing": null, "traffic_signals:sound": null, "traffic_signals:vibration": null, "traffic_signals:direction": "forward", "traffic_signals:countdown": null, "operator": null }, "geometry": { "type": "Point", "coordinates": [ 51.3805689, 35.7006168 ] } },
{ "type": "Feature", "properties": { "element": "node", "id": 8483110665, "highway": "traffic_signals", "traffic_signals": "signal", "junction": null, "name": null, "name:en": null, "button_operated": null, "crossing": null, "traffic_signals:sound": null, "traffic_signals:vibration": null, "traffic_signals:direction": "forward", "traffic_signals:countdown": null, "operator": null }, "geometry": { "type": "Point", "coordinates": [ 51.3804059, 35.7007105 ] } },
{ "type": "Feature", "properties": { "element": "node", "id": 8483110666, "highway": "traffic_signals", "traffic_signals": "signal", "junction": null, "name": null, "name:en": null, "button_operated": null, "crossing": null, "traffic_signals:sound": null, "traffic_signals:vibration": null, "traffic_signals:direction": "forward", "traffic_signals:countdown": null, "operator": null }, "geometry": { "type": "Point", "coordinates": [ 51.3804069, 35.7006434 ] } },
{ "type": "Feature", "properties": { "element": "node", "id": 8483110668, "highway": "traffic_signals", "traffic_signals": "signal", "junction": null, "name": null, "name:en": null, "button_operated": null, "crossing": null, "traffic_signals:sound": null, "traffic_signals:vibration": null, "traffic_signals:direction": "forward", "traffic_signals:countdown": null, "operator": null }, "geometry": { "type": "Point", "coordinates": [ 51.3807491, 35.700733 ] } },
{ "type": "Feature", "properties": { "element": "node", "id": 8483110669, "highway": "traffic_signals", "traffic_signals": "signal", "junction": null, "name": null, "name:en": null, "button_operated": null, "crossing": null, "traffic_signals:sound": null, "traffic_signals:vibration": null, "traffic_signals:direction": null, "traffic_signals:countdown": null, "operator": null }, "geometry": { "type": "Point", "coordinates": [ 51.3832699, 35.7009233 ] } },
{ "type": "Feature", "properties": { "element": "node", "id": 8483110670, "highway": "traffic_signals", "traffic_signals": "signal", "junction": null, "name": null, "name:en": null, "button_operated": null, "crossing": null, "traffic_signals:sound": null, "traffic_signals:vibration": null, "traffic_signals:direction": "forward", "traffic_signals:countdown": null, "operator": null }, "geometry": { "type": "Point", "coordinates": [ 51.3834169, 35.7008564 ] } },
{ "type": "Feature", "properties": { "element": "node", "id": 8483110671, "highway": "traffic_signals", "traffic_signals": "signal", "junction": null, "name": null, "name:en": null, "button_operated": null, "crossing": null, "traffic_signals:sound": null, "traffic_signals:vibration": null, "traffic_signals:direction": "forward", "traffic_signals:countdown": null, "operator": null }, "geometry": { "type": "Point", "coordinates": [ 51.3834194, 35.7007943 ] } },
{ "type": "Feature", "properties": { "element": "node", "id": 8483110672, "highway": "traffic_signals", "traffic_signals": "signal", "junction": null, "name": null, "name:en": null, "button_operated": null, "crossing": null, "traffic_signals:sound": null, "traffic_signals:vibration": null, "traffic_signals:direction": "forward", "traffic_signals:countdown": null, "operator": null }, "geometry": { "type": "Point", "coordinates": [ 51.3831383, 35.7007649 ] } },
{ "type": "Feature", "properties": { "element": "node", "id": 8483110673, "highway": "traffic_signals", "traffic_signals": "signal", "junction": null, "name": null, "name:en": null, "button_operated": null, "crossing": null, "traffic_signals:sound": null, "traffic_signals:vibration": null, "traffic_signals:direction": "forward", "traffic_signals:countdown": null, "operator": null }, "geometry": { "type": "Point", "coordinates": [ 51.3831591, 35.7007016 ] } },
{ "type": "Feature", "properties": { "element": "node", "id": 8483110674, "highway": "traffic_signals", "traffic_signals": "signal", "junction": null, "name": null, "name:en": null, "button_operated": null, "crossing": null, "traffic_signals:sound": null, "traffic_signals:vibration": null, "traffic_signals:direction": null, "traffic_signals:countdown": null, "operator": null }, "geometry": { "type": "Point", "coordinates": [ 51.4028077, 35.7012783 ] } },
{ "type": "Feature", "properties": { "element": "node", "id": 8483110675, "highway": "traffic_signals", "traffic_signals": "signal", "junction": null, "name": null, "name:en": null, "button_operated": null, "crossing": null, "traffic_signals:sound": null, "traffic_signals:vibration": null, "traffic_signals:direction": "forward", "traffic_signals:countdown": null, "operator": null }, "geometry": { "type": "Point", "coordinates": [ 51.3805855, 35.7037222 ] } },
{ "type": "Feature", "properties": { "element": "node", "id": 8483110682, "highway": "traffic_signals", "traffic_signals": "signal", "junction": null, "name": null, "name:en": null, "button_operated": null, "crossing": null, "traffic_signals:sound": null, "traffic_signals:vibration": null, "traffic_signals:direction": "forward", "traffic_signals:countdown": null, "operator": null }, "geometry": { "type": "Point", "coordinates": [ 51.3804302, 35.7038258 ] } },
{ "type": "Feature", "properties": { "element": "node", "id": 8593486215, "highway": "traffic_signals", "traffic_signals": "signal", "junction": null, "name": null, "name:en": null, "button_operated": null, "crossing": null, "traffic_signals:sound": null, "traffic_signals:vibration": null, "traffic_signals:direction": null, "traffic_signals:countdown": null, "operator": null }, "geometry": { "type": "Point", "coordinates": [ 51.4365828, 35.6982891 ] } },
{ "type": "Feature", "properties": { "element": "node", "id": 8593486216, "highway": "traffic_signals", "traffic_signals": "signal", "junction": null, "name": null, "name:en": null, "button_operated": null, "crossing": null, "traffic_signals:sound": null, "traffic_signals:vibration": null, "traffic_signals:direction": null, "traffic_signals:countdown": null, "operator": null }, "geometry": { "type": "Point", "coordinates": [ 51.4365377, 35.6979796 ] } },
{ "type": "Feature", "properties": { "element": "node", "id": 8870052084, "highway": "traffic_signals", "traffic_signals": "signal", "junction": null, "name": null, "name:en": null, "button_operated": null, "crossing": null, "traffic_signals:sound": null, "traffic_signals:vibration": null, "traffic_signals:direction": null, "traffic_signals:countdown": null, "operator": null }, "geometry": { "type": "Point", "coordinates": [ 51.3087002, 35.6627389 ] } },
{ "type": "Feature", "properties": { "element": "node", "id": 8954712582, "highway": "traffic_signals", "traffic_signals": null, "junction": null, "name": null, "name:en": null, "button_operated": null, "crossing": null, "traffic_signals:sound": null, "traffic_signals:vibration": null, "traffic_signals:direction": null, "traffic_signals:countdown": null, "operator": null }, "geometry": { "type": "Point", "coordinates": [ 51.4583275, 35.6481709 ] } },
{ "type": "Feature", "properties": { "element": "node", "id": 8954712583, "highway": "traffic_signals", "traffic_signals": null, "junction": null, "name": null, "name:en": null, "button_operated": null, "crossing": null, "traffic_signals:sound": null, "traffic_signals:vibration": null, "traffic_signals:direction": null, "traffic_signals:countdown": null, "operator": null }, "geometry": { "type": "Point", "coordinates": [ 51.4582279, 35.6481036 ] } },
{ "type": "Feature", "properties": { "element": "node", "id": 8954712588, "highway": "traffic_signals", "traffic_signals": null, "junction": null, "name": null, "name:en": null, "button_operated": null, "crossing": null, "traffic_signals:sound": null, "traffic_signals:vibration": null, "traffic_signals:direction": null, "traffic_signals:countdown": null, "operator": null }, "geometry": { "type": "Point", "coordinates": [ 51.458282, 35.648244 ] } },
{ "type": "Feature", "properties": { "element": "node", "id": 8954712591, "highway": "traffic_signals", "traffic_signals": null, "junction": null, "name": null, "name:en": null, "button_operated": null, "crossing": null, "traffic_signals:sound": null, "traffic_signals:vibration": null, "traffic_signals:direction": null, "traffic_signals:countdown": null, "operator": null }, "geometry": { "type": "Point", "coordinates": [ 51.4581832, 35.6481899 ] } },
{ "type": "Feature", "properties": { "element": "node", "id": 9040147851, "highway": "traffic_signals", "traffic_signals": "signal", "junction": null, "name": null, "name:en": null, "button_operated": null, "crossing": null, "traffic_signals:sound": null, "traffic_signals:vibration": null, "traffic_signals:direction": null, "traffic_signals:countdown": null, "operator": null }, "geometry": { "type": "Point", "coordinates": [ 51.3775833, 35.7063759 ] } },
{ "type": "Feature", "properties": { "element": "node", "id": 9040147854, "highway": "traffic_signals", "traffic_signals": "signal", "junction": null, "name": null, "name:en": null, "button_operated": null, "crossing": null, "traffic_signals:sound": null, "traffic_signals:vibration": null, "traffic_signals:direction": null, "traffic_signals:countdown": null, "operator": null }, "geometry": { "type": "Point", "coordinates": [ 51.3776485, 35.7055258 ] } },
{ "type": "Feature", "properties": { "element": "node", "id": 9042296582, "highway": "traffic_signals", "traffic_signals": "bus_priority", "junction": null, "name": null, "name:en": null, "button_operated": null, "crossing": null, "traffic_signals:sound": null, "traffic_signals:vibration": null, "traffic_signals:direction": null, "traffic_signals:countdown": null, "operator": null }, "geometry": { "type": "Point", "coordinates": [ 51.3782644, 35.6987362 ] } },
{ "type": "Feature", "properties": { "element": "node", "id": 9042296583, "highway": "traffic_signals", "traffic_signals": "bus_priority", "junction": null, "name": null, "name:en": null, "button_operated": null, "crossing": null, "traffic_signals:sound": null, "traffic_signals:vibration": null, "traffic_signals:direction": null, "traffic_signals:countdown": null, "operator": null }, "geometry": { "type": "Point", "coordinates": [ 51.3781922, 35.6989505 ] } },
{ "type": "Feature", "properties": { "element": "node", "id": 9042296584, "highway": "traffic_signals", "traffic_signals": "signal", "junction": null, "name": null, "name:en": null, "button_operated": null, "crossing": null, "traffic_signals:sound": null, "traffic_signals:vibration": null, "traffic_signals:direction": null, "traffic_signals:countdown": null, "operator": null }, "geometry": { "type": "Point", "coordinates": [ 51.3783361, 35.6987452 ] } },
{ "type": "Feature", "properties": { "element": "node", "id": 9042296585, "highway": "traffic_signals", "traffic_signals": "signal", "junction": null, "name": null, "name:en": null, "button_operated": null, "crossing": null, "traffic_signals:sound": null, "traffic_signals:vibration": null, "traffic_signals:direction": null, "traffic_signals:countdown": null, "operator": null }, "geometry": { "type": "Point", "coordinates": [ 51.3781372, 35.6989417 ] } },
{ "type": "Feature", "properties": { "element": "node", "id": 9042296586, "highway": "traffic_signals", "traffic_signals": "bus_priority", "junction": null, "name": null, "name:en": null, "button_operated": null, "crossing": null, "traffic_signals:sound": null, "traffic_signals:vibration": null, "traffic_signals:direction": null, "traffic_signals:countdown": null, "operator": null }, "geometry": { "type": "Point", "coordinates": [ 51.3782839, 35.7006827 ] } },
{ "type": "Feature", "properties": { "element": "node", "id": 9042296587, "highway": "traffic_signals", "traffic_signals": "bus_priority", "junction": null, "name": null, "name:en": null, "button_operated": null, "crossing": null, "traffic_signals:sound": null, "traffic_signals:vibration": null, "traffic_signals:direction": null, "traffic_signals:countdown": null, "operator": null }, "geometry": { "type": "Point", "coordinates": [ 51.3778, 35.7006217 ] } },
{ "type": "Feature", "properties": { "element": "node", "id": 9186459825, "highway": "traffic_signals", "traffic_signals": "signal", "junction": null, "name": null, "name:en": null, "button_operated": null, "crossing": null, "traffic_signals:sound": null, "traffic_signals:vibration": null, "traffic_signals:direction": "backward", "traffic_signals:countdown": null, "operator": null }, "geometry": { "type": "Point", "coordinates": [ 51.3640274, 35.7666 ] } },
{ "type": "Feature", "properties": { "element": "node", "id": 9446391606, "highway": "traffic_signals", "traffic_signals": null, "junction": null, "name": null, "name:en": null, "button_operated": null, "crossing": null, "traffic_signals:sound": null, "traffic_signals:vibration": null, "traffic_signals:direction": null, "traffic_signals:countdown": null, "operator": null }, "geometry": { "type": "Point", "coordinates": [ 51.4244763, 35.6931156 ] } },
{ "type": "Feature", "properties": { "element": "node", "id": 9446392126, "highway": "traffic_signals", "traffic_signals": null, "junction": null, "name": null, "name:en": null, "button_operated": null, "crossing": null, "traffic_signals:sound": null, "traffic_signals:vibration": null, "traffic_signals:direction": null, "traffic_signals:countdown": null, "operator": null }, "geometry": { "type": "Point", "coordinates": [ 51.4244882, 35.6931752 ] } },
{ "type": "Feature", "properties": { "element": "node", "id": 9465977038, "highway": "traffic_signals", "traffic_signals": "signal", "junction": null, "name": null, "name:en": null, "button_operated": null, "crossing": null, "traffic_signals:sound": null, "traffic_signals:vibration": null, "traffic_signals:direction": null, "traffic_signals:countdown": null, "operator": null }, "geometry": { "type": "Point", "coordinates": [ 51.379284, 35.7039056 ] } },
{ "type": "Feature", "properties": { "element": "node", "id": 9467047996, "highway": "traffic_signals", "traffic_signals": null, "junction": null, "name": null, "name:en": null, "button_operated": null, "crossing": null, "traffic_signals:sound": null, "traffic_signals:vibration": null, "traffic_signals:direction": null, "traffic_signals:countdown": null, "operator": null }, "geometry": { "type": "Point", "coordinates": [ 51.4742496, 35.7613324 ] } },
{ "type": "Feature", "properties": { "element": "node", "id": 9467048011, "highway": "traffic_signals", "traffic_signals": null, "junction": null, "name": null, "name:en": null, "button_operated": null, "crossing": null, "traffic_signals:sound": null, "traffic_signals:vibration": null, "traffic_signals:direction": null, "traffic_signals:countdown": null, "operator": null }, "geometry": { "type": "Point", "coordinates": [ 51.4741014, 35.7612302 ] } },
{ "type": "Feature", "properties": { "element": "node", "id": 9467048013, "highway": "traffic_signals", "traffic_signals": null, "junction": null, "name": null, "name:en": null, "button_operated": null, "crossing": null, "traffic_signals:sound": null, "traffic_signals:vibration": null, "traffic_signals:direction": null, "traffic_signals:countdown": null, "operator": null }, "geometry": { "type": "Point", "coordinates": [ 51.4744459, 35.7612229 ] } },
{ "type": "Feature", "properties": { "element": "node", "id": 9565645640, "highway": "traffic_signals", "traffic_signals": "signal", "junction": null, "name": null, "name:en": null, "button_operated": null, "crossing": null, "traffic_signals:sound": null, "traffic_signals:vibration": null, "traffic_signals:direction": "forward", "traffic_signals:countdown": null, "operator": null }, "geometry": { "type": "Point", "coordinates": [ 51.4613719, 35.8015593 ] } },
{ "type": "Feature", "properties": { "element": "node", "id": 9584634288, "highway": "traffic_signals", "traffic_signals": "signal", "junction": null, "name": null, "name:en": null, "button_operated": null, "crossing": null, "traffic_signals:sound": null, "traffic_signals:vibration": null, "traffic_signals:direction": "backward", "traffic_signals:countdown": null, "operator": null }, "geometry": { "type": "Point", "coordinates": [ 51.4538176, 35.7803617 ] } },
{ "type": "Feature", "properties": { "element": "node", "id": 9740884384, "highway": "traffic_signals", "traffic_signals": "signal", "junction": null, "name": null, "name:en": null, "button_operated": null, "crossing": null, "traffic_signals:sound": null, "traffic_signals:vibration": null, "traffic_signals:direction": "forward", "traffic_signals:countdown": null, "operator": null }, "geometry": { "type": "Point", "coordinates": [ 51.468096, 35.7813742 ] } },
{ "type": "Feature", "properties": { "element": "node", "id": 9740884385, "highway": "traffic_signals", "traffic_signals": "signal", "junction": null, "name": null, "name:en": null, "button_operated": null, "crossing": null, "traffic_signals:sound": null, "traffic_signals:vibration": null, "traffic_signals:direction": "forward", "traffic_signals:countdown": null, "operator": null }, "geometry": { "type": "Point", "coordinates": [ 51.4681826, 35.7814643 ] } },
{ "type": "Feature", "properties": { "element": "node", "id": 9740884386, "highway": "traffic_signals", "traffic_signals": "signal", "junction": null, "name": null, "name:en": null, "button_operated": null, "crossing": null, "traffic_signals:sound": null, "traffic_signals:vibration": null, "traffic_signals:direction": "forward", "traffic_signals:countdown": null, "operator": null }, "geometry": { "type": "Point", "coordinates": [ 51.46822, 35.7813695 ] } },
{ "type": "Feature", "properties": { "element": "node", "id": 9740897100, "highway": "traffic_signals", "traffic_signals": "signal", "junction": null, "name": null, "name:en": null, "button_operated": null, "crossing": null, "traffic_signals:sound": null, "traffic_signals:vibration": null, "traffic_signals:direction": "forward", "traffic_signals:countdown": null, "operator": null }, "geometry": { "type": "Point", "coordinates": [ 51.4641334, 35.7808314 ] } },
{ "type": "Feature", "properties": { "element": "node", "id": 9740897103, "highway": "traffic_signals", "traffic_signals": "signal", "junction": null, "name": null, "name:en": null, "button_operated": null, "crossing": null, "traffic_signals:sound": null, "traffic_signals:vibration": null, "traffic_signals:direction": "forward", "traffic_signals:countdown": null, "operator": null }, "geometry": { "type": "Point", "coordinates": [ 51.4640984, 35.7807672 ] } },
{ "type": "Feature", "properties": { "element": "node", "id": 9740897104, "highway": "traffic_signals", "traffic_signals": "signal", "junction": null, "name": null, "name:en": null, "button_operated": null, "crossing": null, "traffic_signals:sound": null, "traffic_signals:vibration": null, "traffic_signals:direction": "forward", "traffic_signals:countdown": null, "operator": null }, "geometry": { "type": "Point", "coordinates": [ 51.4640525, 35.7807699 ] } },
{ "type": "Feature", "properties": { "element": "node", "id": 9759500406, "highway": "traffic_signals", "traffic_signals": "signal", "junction": null, "name": null, "name:en": null, "button_operated": null, "crossing": null, "traffic_signals:sound": null, "traffic_signals:vibration": null, "traffic_signals:direction": "forward", "traffic_signals:countdown": null, "operator": null }, "geometry": { "type": "Point", "coordinates": [ 51.434155, 35.8046852 ] } },
{ "type": "Feature", "properties": { "element": "node", "id": 9768325423, "highway": "traffic_signals", "traffic_signals": "signal", "junction": null, "name": null, "name:en": null, "button_operated": null, "crossing": null, "traffic_signals:sound": null, "traffic_signals:vibration": null, "traffic_signals:direction": "forward", "traffic_signals:countdown": null, "operator": null }, "geometry": { "type": "Point", "coordinates": [ 51.434711, 35.7937725 ] } },
{ "type": "Feature", "properties": { "element": "node", "id": 9861635199, "highway": "traffic_signals", "traffic_signals": null, "junction": null, "name": null, "name:en": null, "button_operated": null, "crossing": null, "traffic_signals:sound": null, "traffic_signals:vibration": null, "traffic_signals:direction": null, "traffic_signals:countdown": null, "operator": null }, "geometry": { "type": "Point", "coordinates": [ 51.4120839, 35.6951788 ] } },
{ "type": "Feature", "properties": { "element": "node", "id": 9861635200, "highway": "traffic_signals", "traffic_signals": null, "junction": null, "name": null, "name:en": null, "button_operated": null, "crossing": null, "traffic_signals:sound": null, "traffic_signals:vibration": null, "traffic_signals:direction": null, "traffic_signals:countdown": null, "operator": null }, "geometry": { "type": "Point", "coordinates": [ 51.4117517, 35.6952698 ] } },
{ "type": "Feature", "properties": { "element": "node", "id": 9861635201, "highway": "traffic_signals", "traffic_signals": null, "junction": null, "name": null, "name:en": null, "button_operated": null, "crossing": null, "traffic_signals:sound": null, "traffic_signals:vibration": null, "traffic_signals:direction": null, "traffic_signals:countdown": null, "operator": null }, "geometry": { "type": "Point", "coordinates": [ 51.4115471, 35.6951186 ] } },
{ "type": "Feature", "properties": { "element": "node", "id": 10175731336, "highway": "traffic_signals", "traffic_signals": "signal", "junction": null, "name": null, "name:en": null, "button_operated": null, "crossing": null, "traffic_signals:sound": null, "traffic_signals:vibration": null, "traffic_signals:direction": null, "traffic_signals:countdown": null, "operator": null }, "geometry": { "type": "Point", "coordinates": [ 51.4194909, 35.8010186 ] } },
{ "type": "Feature", "properties": { "element": "node", "id": 10175731337, "highway": "traffic_signals", "traffic_signals": "signal", "junction": null, "name": null, "name:en": null, "button_operated": null, "crossing": null, "traffic_signals:sound": null, "traffic_signals:vibration": null, "traffic_signals:direction": null, "traffic_signals:countdown": null, "operator": null }, "geometry": { "type": "Point", "coordinates": [ 51.4194107, 35.8009896 ] } },
{ "type": "Feature", "properties": { "element": "node", "id": 10175731338, "highway": "traffic_signals", "traffic_signals": "signal", "junction": null, "name": null, "name:en": null, "button_operated": null, "crossing": null, "traffic_signals:sound": null, "traffic_signals:vibration": null, "traffic_signals:direction": null, "traffic_signals:countdown": null, "operator": null }, "geometry": { "type": "Point", "coordinates": [ 51.4193682, 35.8010978 ] } },
{ "type": "Feature", "properties": { "element": "node", "id": 10175731339, "highway": "traffic_signals", "traffic_signals": "signal", "junction": null, "name": null, "name:en": null, "button_operated": null, "crossing": null, "traffic_signals:sound": null, "traffic_signals:vibration": null, "traffic_signals:direction": null, "traffic_signals:countdown": null, "operator": null }, "geometry": { "type": "Point", "coordinates": [ 51.4192731, 35.801076 ] } },
{ "type": "Feature", "properties": { "element": "node", "id": 10188623239, "highway": "traffic_signals", "traffic_signals": null, "junction": null, "name": null, "name:en": null, "button_operated": null, "crossing": null, "traffic_signals:sound": null, "traffic_signals:vibration": null, "traffic_signals:direction": null, "traffic_signals:countdown": null, "operator": null }, "geometry": { "type": "Point", "coordinates": [ 51.3589585, 35.6803182 ] } },
{ "type": "Feature", "properties": { "element": "node", "id": 10188623240, "highway": "traffic_signals", "traffic_signals": null, "junction": null, "name": null, "name:en": null, "button_operated": null, "crossing": null, "traffic_signals:sound": null, "traffic_signals:vibration": null, "traffic_signals:direction": null, "traffic_signals:countdown": null, "operator": null }, "geometry": { "type": "Point", "coordinates": [ 51.3590597, 35.6802597 ] } },
{ "type": "Feature", "properties": { "element": "node", "id": 10865225827, "highway": "traffic_signals", "traffic_signals": null, "junction": null, "name": null, "name:en": null, "button_operated": null, "crossing": null, "traffic_signals:sound": null, "traffic_signals:vibration": null, "traffic_signals:direction": null, "traffic_signals:countdown": null, "operator": null }, "geometry": { "type": "Point", "coordinates": [ 51.3037678, 35.7273042 ] } },
{ "type": "Feature", "properties": { "element": "node", "id": 10865225828, "highway": "traffic_signals", "traffic_signals": null, "junction": null, "name": null, "name:en": null, "button_operated": null, "crossing": null, "traffic_signals:sound": null, "traffic_signals:vibration": null, "traffic_signals:direction": null, "traffic_signals:countdown": null, "operator": null }, "geometry": { "type": "Point", "coordinates": [ 51.304111, 35.7270314 ] } },
{ "type": "Feature", "properties": { "element": "node", "id": 10865225829, "highway": "traffic_signals", "traffic_signals": null, "junction": null, "name": null, "name:en": null, "button_operated": null, "crossing": null, "traffic_signals:sound": null, "traffic_signals:vibration": null, "traffic_signals:direction": null, "traffic_signals:countdown": null, "operator": null }, "geometry": { "type": "Point", "coordinates": [ 51.3043446, 35.727223 ] } },
{ "type": "Feature", "properties": { "element": "node", "id": 10865225830, "highway": "traffic_signals", "traffic_signals": null, "junction": null, "name": null, "name:en": null, "button_operated": null, "crossing": null, "traffic_signals:sound": null, "traffic_signals:vibration": null, "traffic_signals:direction": null, "traffic_signals:countdown": null, "operator": null }, "geometry": { "type": "Point", "coordinates": [ 51.3039761, 35.7274623 ] } },
{ "type": "Feature", "properties": { "element": "node", "id": 10981060530, "highway": "traffic_signals", "traffic_signals": "signal", "junction": null, "name": null, "name:en": null, "button_operated": null, "crossing": null, "traffic_signals:sound": null, "traffic_signals:vibration": null, "traffic_signals:direction": null, "traffic_signals:countdown": null, "operator": null }, "geometry": { "type": "Point", "coordinates": [ 51.3934384, 35.6881258 ] } },
{ "type": "Feature", "properties": { "element": "node", "id": 11013629978, "highway": "traffic_signals", "traffic_signals": "signal", "junction": null, "name": null, "name:en": null, "button_operated": null, "crossing": null, "traffic_signals:sound": null, "traffic_signals:vibration": null, "traffic_signals:direction": null, "traffic_signals:countdown": null, "operator": null }, "geometry": { "type": "Point", "coordinates": [ 51.3350152, 35.7225873 ] } },
{ "type": "Feature", "properties": { "element": "node", "id": 11129473457, "highway": "traffic_signals", "traffic_signals": null, "junction": null, "name": null, "name:en": null, "button_operated": null, "crossing": null, "traffic_signals:sound": null, "traffic_signals:vibration": null, "traffic_signals:direction": null, "traffic_signals:countdown": null, "operator": null }, "geometry": { "type": "Point", "coordinates": [ 51.3785151, 35.7666767 ] } },
{ "type": "Feature", "properties": { "element": "node", "id": 11260035910, "highway": "traffic_signals", "traffic_signals": "signal", "junction": null, "name": null, "name:en": null, "button_operated": null, "crossing": null, "traffic_signals:sound": null, "traffic_signals:vibration": null, "traffic_signals:direction": "forward", "traffic_signals:countdown": null, "operator": null }, "geometry": { "type": "Point", "coordinates": [ 51.3901681, 35.7081234 ] } },
{ "type": "Feature", "properties": { "element": "node", "id": 11260035911, "highway": "traffic_signals", "traffic_signals": "signal", "junction": null, "name": null, "name:en": null, "button_operated": null, "crossing": null, "traffic_signals:sound": null, "traffic_signals:vibration": null, "traffic_signals:direction": "forward", "traffic_signals:countdown": null, "operator": null }, "geometry": { "type": "Point", "coordinates": [ 51.3899769, 35.7078196 ] } },
{ "type": "Feature", "properties": { "element": "node", "id": 11260035912, "highway": "traffic_signals", "traffic_signals": "signal", "junction": null, "name": null, "name:en": null, "button_operated": null, "crossing": null, "traffic_signals:sound": null, "traffic_signals:vibration": null, "traffic_signals:direction": "forward", "traffic_signals:countdown": null, "operator": null }, "geometry": { "type": "Point", "coordinates": [ 51.3904454, 35.7079439 ] } },
{ "type": "Feature", "properties": { "element": "node", "id": 11260035913, "highway": "traffic_signals", "traffic_signals": "signal", "junction": null, "name": null, "name:en": null, "button_operated": null, "crossing": null, "traffic_signals:sound": null, "traffic_signals:vibration": null, "traffic_signals:direction": "forward", "traffic_signals:countdown": null, "operator": null }, "geometry": { "type": "Point", "coordinates": [ 51.3902961, 35.7075831 ] } },
{ "type": "Feature", "properties": { "element": "node", "id": 11260035914, "highway": "traffic_signals", "traffic_signals": "signal", "junction": null, "name": null, "name:en": null, "button_operated": null, "crossing": null, "traffic_signals:sound": null, "traffic_signals:vibration": null, "traffic_signals:direction": "forward", "traffic_signals:countdown": null, "operator": null }, "geometry": { "type": "Point", "coordinates": [ 51.3855539, 35.7078824 ] } },
{ "type": "Feature", "properties": { "element": "node", "id": 11260035915, "highway": "traffic_signals", "traffic_signals": "signal", "junction": null, "name": null, "name:en": null, "button_operated": null, "crossing": null, "traffic_signals:sound": null, "traffic_signals:vibration": null, "traffic_signals:direction": "forward", "traffic_signals:countdown": null, "operator": null }, "geometry": { "type": "Point", "coordinates": [ 51.3854008, 35.7079464 ] } },
{ "type": "Feature", "properties": { "element": "node", "id": 11260035916, "highway": "traffic_signals", "traffic_signals": "signal", "junction": null, "name": null, "name:en": null, "button_operated": null, "crossing": null, "traffic_signals:sound": null, "traffic_signals:vibration": null, "traffic_signals:direction": "forward", "traffic_signals:countdown": null, "operator": null }, "geometry": { "type": "Point", "coordinates": [ 51.3857352, 35.7080185 ] } },
{ "type": "Feature", "properties": { "element": "node", "id": 11260035936, "highway": "traffic_signals", "traffic_signals": "blinker", "junction": null, "name": null, "name:en": null, "button_operated": null, "crossing": null, "traffic_signals:sound": null, "traffic_signals:vibration": null, "traffic_signals:direction": null, "traffic_signals:countdown": null, "operator": null }, "geometry": { "type": "Point", "coordinates": [ 51.3905919, 35.705381 ] } },
{ "type": "Feature", "properties": { "element": "node", "id": 11287225797, "highway": "traffic_signals", "traffic_signals": "signal", "junction": null, "name": null, "name:en": null, "button_operated": null, "crossing": null, "traffic_signals:sound": null, "traffic_signals:vibration": null, "traffic_signals:direction": null, "traffic_signals:countdown": null, "operator": null }, "geometry": { "type": "Point", "coordinates": [ 51.3088721, 35.6631519 ] } },
{ "type": "Feature", "properties": { "element": "node", "id": 11350445659, "highway": "traffic_signals", "traffic_signals": "signal", "junction": null, "name": null, "name:en": null, "button_operated": null, "crossing": null, "traffic_signals:sound": null, "traffic_signals:vibration": null, "traffic_signals:direction": null, "traffic_signals:countdown": null, "operator": null }, "geometry": { "type": "Point", "coordinates": [ 51.3966422, 35.754473 ] } },
{ "type": "Feature", "properties": { "element": "node", "id": 11350445660, "highway": "traffic_signals", "traffic_signals": "signal", "junction": null, "name": null, "name:en": null, "button_operated": null, "crossing": null, "traffic_signals:sound": null, "traffic_signals:vibration": null, "traffic_signals:direction": null, "traffic_signals:countdown": null, "operator": null }, "geometry": { "type": "Point", "coordinates": [ 51.3964996, 35.7543778 ] } },
{ "type": "Feature", "properties": { "element": "node", "id": 11350445661, "highway": "traffic_signals", "traffic_signals": "signal", "junction": null, "name": null, "name:en": null, "button_operated": null, "crossing": null, "traffic_signals:sound": null, "traffic_signals:vibration": null, "traffic_signals:direction": null, "traffic_signals:countdown": null, "operator": null }, "geometry": { "type": "Point", "coordinates": [ 51.396396, 35.7545162 ] } },
{ "type": "Feature", "properties": { "element": "node", "id": 11357833748, "highway": "traffic_signals", "traffic_signals": "blink_mode", "junction": null, "name": null, "name:en": null, "button_operated": null, "crossing": null, "traffic_signals:sound": null, "traffic_signals:vibration": null, "traffic_signals:direction": null, "traffic_signals:countdown": null, "operator": null }, "geometry": { "type": "Point", "coordinates": [ 51.4207966, 35.7291156 ] } },
{ "type": "Feature", "properties": { "element": "node", "id": 11360914004, "highway": "traffic_signals", "traffic_signals": "signal", "junction": null, "name": null, "name:en": null, "button_operated": null, "crossing": null, "traffic_signals:sound": null, "traffic_signals:vibration": null, "traffic_signals:direction": null, "traffic_signals:countdown": null, "operator": null }, "geometry": { "type": "Point", "coordinates": [ 51.4430565, 35.7653039 ] } },
{ "type": "Feature", "properties": { "element": "node", "id": 11360914005, "highway": "traffic_signals", "traffic_signals": "signal", "junction": null, "name": null, "name:en": null, "button_operated": null, "crossing": null, "traffic_signals:sound": null, "traffic_signals:vibration": null, "traffic_signals:direction": null, "traffic_signals:countdown": null, "operator": null }, "geometry": { "type": "Point", "coordinates": [ 51.4427421, 35.7656393 ] } },
{ "type": "Feature", "properties": { "element": "node", "id": 11360914006, "highway": "traffic_signals", "traffic_signals": "signal", "junction": null, "name": null, "name:en": null, "button_operated": null, "crossing": null, "traffic_signals:sound": null, "traffic_signals:vibration": null, "traffic_signals:direction": "forward", "traffic_signals:countdown": null, "operator": null }, "geometry": { "type": "Point", "coordinates": [ 51.4426913, 35.7655565 ] } },
{ "type": "Feature", "properties": { "element": "node", "id": 11360938516, "highway": "traffic_signals", "traffic_signals": "signal", "junction": null, "name": null, "name:en": null, "button_operated": null, "crossing": null, "traffic_signals:sound": null, "traffic_signals:vibration": null, "traffic_signals:direction": null, "traffic_signals:countdown": null, "operator": null }, "geometry": { "type": "Point", "coordinates": [ 51.4458855, 35.7601167 ] } },
{ "type": "Feature", "properties": { "element": "node", "id": 11360938517, "highway": "traffic_signals", "traffic_signals": "signal", "junction": null, "name": null, "name:en": null, "button_operated": null, "crossing": null, "traffic_signals:sound": null, "traffic_signals:vibration": null, "traffic_signals:direction": null, "traffic_signals:countdown": null, "operator": null }, "geometry": { "type": "Point", "coordinates": [ 51.4461139, 35.7599405 ] } },
{ "type": "Feature", "properties": { "element": "node", "id": 11360938518, "highway": "traffic_signals", "traffic_signals": "signal", "junction": null, "name": null, "name:en": null, "button_operated": null, "crossing": null, "traffic_signals:sound": null, "traffic_signals:vibration": null, "traffic_signals:direction": null, "traffic_signals:countdown": null, "operator": null }, "geometry": { "type": "Point", "coordinates": [ 51.4459045, 35.759918 ] } },
{ "type": "Feature", "properties": { "element": "node", "id": 11370031503, "highway": "traffic_signals", "traffic_signals": "signal", "junction": null, "name": null, "name:en": null, "button_operated": null, "crossing": null, "traffic_signals:sound": null, "traffic_signals:vibration": null, "traffic_signals:direction": null, "traffic_signals:countdown": null, "operator": null }, "geometry": { "type": "Point", "coordinates": [ 51.4366525, 35.7755393 ] } },
{ "type": "Feature", "properties": { "element": "node", "id": 11370031504, "highway": "traffic_signals", "traffic_signals": "signal", "junction": null, "name": null, "name:en": null, "button_operated": null, "crossing": null, "traffic_signals:sound": null, "traffic_signals:vibration": null, "traffic_signals:direction": null, "traffic_signals:countdown": null, "operator": null }, "geometry": { "type": "Point", "coordinates": [ 51.4366347, 35.7753945 ] } },
{ "type": "Feature", "properties": { "element": "node", "id": 11370031505, "highway": "traffic_signals", "traffic_signals": "signal", "junction": null, "name": null, "name:en": null, "button_operated": null, "crossing": null, "traffic_signals:sound": null, "traffic_signals:vibration": null, "traffic_signals:direction": null, "traffic_signals:countdown": null, "operator": null }, "geometry": { "type": "Point", "coordinates": [ 51.4364586, 35.7755466 ] } },
{ "type": "Feature", "properties": { "element": "node", "id": 11373301654, "highway": "traffic_signals", "traffic_signals": "signal", "junction": null, "name": null, "name:en": null, "button_operated": null, "crossing": null, "traffic_signals:sound": null, "traffic_signals:vibration": null, "traffic_signals:direction": null, "traffic_signals:countdown": null, "operator": null }, "geometry": { "type": "Point", "coordinates": [ 51.4748062, 35.7989578 ] } },
{ "type": "Feature", "properties": { "element": "node", "id": 11373301655, "highway": "traffic_signals", "traffic_signals": "signal", "junction": null, "name": null, "name:en": null, "button_operated": null, "crossing": null, "traffic_signals:sound": null, "traffic_signals:vibration": null, "traffic_signals:direction": null, "traffic_signals:countdown": null, "operator": null }, "geometry": { "type": "Point", "coordinates": [ 51.4747485, 35.7988195 ] } },
{ "type": "Feature", "properties": { "element": "node", "id": 11373301656, "highway": "traffic_signals", "traffic_signals": "signal", "junction": null, "name": null, "name:en": null, "button_operated": null, "crossing": null, "traffic_signals:sound": null, "traffic_signals:vibration": null, "traffic_signals:direction": null, "traffic_signals:countdown": null, "operator": null }, "geometry": { "type": "Point", "coordinates": [ 51.4747364, 35.7989849 ] } },
{ "type": "Feature", "properties": { "element": "node", "id": 11462900267, "highway": "traffic_signals", "traffic_signals": "signal", "junction": null, "name": null, "name:en": null, "button_operated": null, "crossing": null, "traffic_signals:sound": null, "traffic_signals:vibration": null, "traffic_signals:direction": null, "traffic_signals:countdown": null, "operator": null }, "geometry": { "type": "Point", "coordinates": [ 51.4559623, 35.7112991 ] } },
{ "type": "Feature", "properties": { "element": "node", "id": 11523645511, "highway": "traffic_signals", "traffic_signals": "signal", "junction": null, "name": null, "name:en": null, "button_operated": null, "crossing": null, "traffic_signals:sound": null, "traffic_signals:vibration": null, "traffic_signals:direction": null, "traffic_signals:countdown": null, "operator": null }, "geometry": { "type": "Point", "coordinates": [ 51.3555326, 35.7281631 ] } },
{ "type": "Feature", "properties": { "element": "node", "id": 11523645512, "highway": "traffic_signals", "traffic_signals": "signal", "junction": null, "name": null, "name:en": null, "button_operated": null, "crossing": null, "traffic_signals:sound": null, "traffic_signals:vibration": null, "traffic_signals:direction": null, "traffic_signals:countdown": null, "operator": null }, "geometry": { "type": "Point", "coordinates": [ 51.355343, 35.7282072 ] } },
{ "type": "Feature", "properties": { "element": "node", "id": 11523645513, "highway": "traffic_signals", "traffic_signals": "signal", "junction": null, "name": null, "name:en": null, "button_operated": null, "crossing": null, "traffic_signals:sound": null, "traffic_signals:vibration": null, "traffic_signals:direction": null, "traffic_signals:countdown": null, "operator": null }, "geometry": { "type": "Point", "coordinates": [ 51.3552379, 35.7280179 ] } },
{ "type": "Feature", "properties": { "element": "node", "id": 11523645514, "highway": "traffic_signals", "traffic_signals": "signal", "junction": null, "name": null, "name:en": null, "button_operated": null, "crossing": null, "traffic_signals:sound": null, "traffic_signals:vibration": null, "traffic_signals:direction": null, "traffic_signals:countdown": null, "operator": null }, "geometry": { "type": "Point", "coordinates": [ 51.3554439, 35.7279967 ] } },
{ "type": "Feature", "properties": { "element": "node", "id": 11554218627, "highway": "traffic_signals", "traffic_signals": "signal", "junction": null, "name": null, "name:en": null, "button_operated": null, "crossing": null, "traffic_signals:sound": null, "traffic_signals:vibration": null, "traffic_signals:direction": null, "traffic_signals:countdown": null, "operator": null }, "geometry": { "type": "Point", "coordinates": [ 51.4086023, 35.7210674 ] } },
{ "type": "Feature", "properties": { "element": "node", "id": 11982051850, "highway": "traffic_signals", "traffic_signals": "signal", "junction": null, "name": null, "name:en": null, "button_operated": null, "crossing": null, "traffic_signals:sound": null, "traffic_signals:vibration": null, "traffic_signals:direction": "forward", "traffic_signals:countdown": null, "operator": null }, "geometry": { "type": "Point", "coordinates": [ 51.24826, 35.7437855 ] } },
{ "type": "Feature", "properties": { "element": "node", "id": 11982051851, "highway": "traffic_signals", "traffic_signals": "signal", "junction": null, "name": null, "name:en": null, "button_operated": null, "crossing": null, "traffic_signals:sound": null, "traffic_signals:vibration": null, "traffic_signals:direction": "forward", "traffic_signals:countdown": null, "operator": null }, "geometry": { "type": "Point", "coordinates": [ 51.2481853, 35.7437123 ] } },
{ "type": "Feature", "properties": { "element": "node", "id": 11982051852, "highway": "traffic_signals", "traffic_signals": "signal", "junction": null, "name": null, "name:en": null, "button_operated": null, "crossing": null, "traffic_signals:sound": null, "traffic_signals:vibration": null, "traffic_signals:direction": "backward", "traffic_signals:countdown": null, "operator": null }, "geometry": { "type": "Point", "coordinates": [ 51.2485359, 35.7437464 ] } },
{ "type": "Feature", "properties": { "element": "node", "id": 11982051853, "highway": "traffic_signals", "traffic_signals": "signal", "junction": null, "name": null, "name:en": null, "button_operated": null, "crossing": null, "traffic_signals:sound": null, "traffic_signals:vibration": null, "traffic_signals:direction": "forward", "traffic_signals:countdown": null, "operator": null }, "geometry": { "type": "Point", "coordinates": [ 51.2484506, 35.7436702 ] } },
{ "type": "Feature", "properties": { "element": "node", "id": 12050494183, "highway": "traffic_signals", "traffic_signals": "signal", "junction": null, "name": null, "name:en": null, "button_operated": null, "crossing": null, "traffic_signals:sound": null, "traffic_signals:vibration": null, "traffic_signals:direction": null, "traffic_signals:countdown": null, "operator": null }, "geometry": { "type": "Point", "coordinates": [ 51.3468176, 35.6855735 ] } },
{ "type": "Feature", "properties": { "element": "node", "id": 12178113483, "highway": "traffic_signals", "traffic_signals": "traffic_lights", "junction": null, "name": null, "name:en": null, "button_operated": null, "crossing": null, "traffic_signals:sound": null, "traffic_signals:vibration": null, "traffic_signals:direction": null, "traffic_signals:countdown": null, "operator": null }, "geometry": { "type": "Point", "coordinates": [ 51.3483002, 35.6780244 ] } },
{ "type": "Feature", "properties": { "element": "node", "id": 12178113484, "highway": "traffic_signals", "traffic_signals": "traffic_lights", "junction": null, "name": null, "name:en": null, "button_operated": null, "crossing": null, "traffic_signals:sound": null, "traffic_signals:vibration": null, "traffic_signals:direction": null, "traffic_signals:countdown": null, "operator": null }, "geometry": { "type": "Point", "coordinates": [ 51.3482871, 35.6781174 ] } },
{ "type": "Feature", "properties": { "element": "node", "id": 12196565733, "highway": "traffic_signals", "traffic_signals": "signal", "junction": null, "name": null, "name:en": null, "button_operated": null, "crossing": null, "traffic_signals:sound": null, "traffic_signals:vibration": null, "traffic_signals:direction": null, "traffic_signals:countdown": null, "operator": null }, "geometry": { "type": "Point", "coordinates": [ 51.3891941, 35.7140449 ] } },
{ "type": "Feature", "properties": { "element": "node", "id": 12196565734, "highway": "traffic_signals", "traffic_signals": "signal", "junction": null, "name": null, "name:en": null, "button_operated": null, "crossing": null, "traffic_signals:sound": null, "traffic_signals:vibration": null, "traffic_signals:direction": null, "traffic_signals:countdown": null, "operator": null }, "geometry": { "type": "Point", "coordinates": [ 51.3893492, 35.7143376 ] } },
{ "type": "Feature", "properties": { "element": "node", "id": 12196565735, "highway": "traffic_signals", "traffic_signals": "signal", "junction": null, "name": null, "name:en": null, "button_operated": null, "crossing": null, "traffic_signals:sound": null, "traffic_signals:vibration": null, "traffic_signals:direction": null, "traffic_signals:countdown": null, "operator": null }, "geometry": { "type": "Point", "coordinates": [ 51.389709, 35.7143641 ] } },
{ "type": "Feature", "properties": { "element": "node", "id": 12196565736, "highway": "traffic_signals", "traffic_signals": "signal", "junction": null, "name": null, "name:en": null, "button_operated": null, "crossing": null, "traffic_signals:sound": null, "traffic_signals:vibration": null, "traffic_signals:direction": null, "traffic_signals:countdown": null, "operator": null }, "geometry": { "type": "Point", "coordinates": [ 51.3894692, 35.7139552 ] } },
{ "type": "Feature", "properties": { "element": "node", "id": 12291817835, "highway": "traffic_signals", "traffic_signals": "signal", "junction": null, "name": null, "name:en": null, "button_operated": null, "crossing": null, "traffic_signals:sound": null, "traffic_signals:vibration": null, "traffic_signals:direction": null, "traffic_signals:countdown": null, "operator": null }, "geometry": { "type": "Point", "coordinates": [ 51.4353355, 35.7244595 ] } },
{ "type": "Feature", "properties": { "element": "node", "id": 12291817836, "highway": "traffic_signals", "traffic_signals": "signal", "junction": null, "name": null, "name:en": null, "button_operated": null, "crossing": null, "traffic_signals:sound": null, "traffic_signals:vibration": null, "traffic_signals:direction": null, "traffic_signals:countdown": null, "operator": null }, "geometry": { "type": "Point", "coordinates": [ 51.4353573, 35.7245595 ] } },
{ "type": "Feature", "properties": { "element": "node", "id": 12291817837, "highway": "traffic_signals", "traffic_signals": "signal", "junction": null, "name": null, "name:en": null, "button_operated": null, "crossing": null, "traffic_signals:sound": null, "traffic_signals:vibration": null, "traffic_signals:direction": null, "traffic_signals:countdown": null, "operator": null }, "geometry": { "type": "Point", "coordinates": [ 51.4354861, 35.7244262 ] } },
{ "type": "Feature", "properties": { "element": "node", "id": 12397864926, "highway": "traffic_signals", "traffic_signals": "signal", "junction": null, "name": null, "name:en": null, "button_operated": null, "crossing": null, "traffic_signals:sound": null, "traffic_signals:vibration": null, "traffic_signals:direction": null, "traffic_signals:countdown": null, "operator": null }, "geometry": { "type": "Point", "coordinates": [ 51.4079658, 35.7170771 ] } },
{ "type": "Feature", "properties": { "element": "node", "id": 12397864927, "highway": "traffic_signals", "traffic_signals": "signal", "junction": null, "name": null, "name:en": null, "button_operated": null, "crossing": null, "traffic_signals:sound": null, "traffic_signals:vibration": null, "traffic_signals:direction": null, "traffic_signals:countdown": null, "operator": null }, "geometry": { "type": "Point", "coordinates": [ 51.4078083, 35.7170889 ] } },
{ "type": "Feature", "properties": { "element": "node", "id": 12397864928, "highway": "traffic_signals", "traffic_signals": "signal", "junction": null, "name": null, "name:en": null, "button_operated": null, "crossing": null, "traffic_signals:sound": null, "traffic_signals:vibration": null, "traffic_signals:direction": "backward", "traffic_signals:countdown": null, "operator": null }, "geometry": { "type": "Point", "coordinates": [ 51.4078604, 35.716942 ] } },
{ "type": "Feature", "properties": { "element": "node", "id": 12397864929, "highway": "traffic_signals", "traffic_signals": "signal", "junction": null, "name": null, "name:en": null, "button_operated": null, "crossing": null, "traffic_signals:sound": null, "traffic_signals:vibration": null, "traffic_signals:direction": "forward", "traffic_signals:countdown": null, "operator": null }, "geometry": { "type": "Point", "coordinates": [ 51.4079001, 35.7172005 ] } },
{ "type": "Feature", "properties": { "element": "node", "id": 12432707906, "highway": "traffic_signals", "traffic_signals": "signal", "junction": null, "name": null, "name:en": null, "button_operated": null, "crossing": null, "traffic_signals:sound": null, "traffic_signals:vibration": null, "traffic_signals:direction": null, "traffic_signals:countdown": null, "operator": null }, "geometry": { "type": "Point", "coordinates": [ 51.527493, 35.7313653 ] } },
{ "type": "Feature", "properties": { "element": "node", "id": 12432707907, "highway": "traffic_signals", "traffic_signals": "signal", "junction": null, "name": null, "name:en": null, "button_operated": null, "crossing": null, "traffic_signals:sound": null, "traffic_signals:vibration": null, "traffic_signals:direction": null, "traffic_signals:countdown": null, "operator": null }, "geometry": { "type": "Point", "coordinates": [ 51.5277022, 35.7315831 ] } },
{ "type": "Feature", "properties": { "element": "node", "id": 12432707908, "highway": "traffic_signals", "traffic_signals": "signal", "junction": null, "name": null, "name:en": null, "button_operated": null, "crossing": null, "traffic_signals:sound": null, "traffic_signals:vibration": null, "traffic_signals:direction": null, "traffic_signals:countdown": null, "operator": null }, "geometry": { "type": "Point", "coordinates": [ 51.5279183, 35.7314631 ] } },
{ "type": "Feature", "properties": { "element": "node", "id": 12546316583, "highway": "traffic_signals", "traffic_signals": "signal", "junction": null, "name": null, "name:en": null, "button_operated": null, "crossing": null, "traffic_signals:sound": null, "traffic_signals:vibration": null, "traffic_signals:direction": null, "traffic_signals:countdown": null, "operator": null }, "geometry": { "type": "Point", "coordinates": [ 51.3175394, 35.758229 ] } },
{ "type": "Feature", "properties": { "element": "node", "id": 12546316584, "highway": "traffic_signals", "traffic_signals": "signal", "junction": null, "name": null, "name:en": null, "button_operated": null, "crossing": null, "traffic_signals:sound": null, "traffic_signals:vibration": null, "traffic_signals:direction": null, "traffic_signals:countdown": null, "operator": null }, "geometry": { "type": "Point", "coordinates": [ 51.3177665, 35.7581155 ] } },
{ "type": "Feature", "properties": { "element": "node", "id": 12546316585, "highway": "traffic_signals", "traffic_signals": "signal", "junction": null, "name": null, "name:en": null, "button_operated": null, "crossing": null, "traffic_signals:sound": null, "traffic_signals:vibration": null, "traffic_signals:direction": null, "traffic_signals:countdown": null, "operator": null }, "geometry": { "type": "Point", "coordinates": [ 51.3176428, 35.7579425 ] } },
{ "type": "Feature", "properties": { "element": "node", "id": 12546316586, "highway": "traffic_signals", "traffic_signals": "signal", "junction": null, "name": null, "name:en": null, "button_operated": null, "crossing": null, "traffic_signals:sound": null, "traffic_signals:vibration": null, "traffic_signals:direction": null, "traffic_signals:countdown": null, "operator": null }, "geometry": { "type": "Point", "coordinates": [ 51.3174003, 35.7580681 ] } },
{ "type": "Feature", "properties": { "element": "node", "id": 12709400115, "highway": "traffic_signals", "traffic_signals": "signal", "junction": null, "name": null, "name:en": null, "button_operated": null, "crossing": null, "traffic_signals:sound": null, "traffic_signals:vibration": null, "traffic_signals:direction": "forward", "traffic_signals:countdown": null, "operator": null }, "geometry": { "type": "Point", "coordinates": [ 51.3752751, 35.789847 ] } },
{ "type": "Feature", "properties": { "element": "node", "id": 12878497759, "highway": "traffic_signals", "traffic_signals": "signal", "junction": null, "name": null, "name:en": null, "button_operated": null, "crossing": null, "traffic_signals:sound": null, "traffic_signals:vibration": null, "traffic_signals:direction": "forward", "traffic_signals:countdown": null, "operator": null }, "geometry": { "type": "Point", "coordinates": [ 51.3893427, 35.7176064 ] } },
{ "type": "Feature", "properties": { "element": "node", "id": 13074351243, "highway": "traffic_signals", "traffic_signals": "signal", "junction": null, "name": null, "name:en": null, "button_operated": null, "crossing": null, "traffic_signals:sound": null, "traffic_signals:vibration": null, "traffic_signals:direction": null, "traffic_signals:countdown": null, "operator": null }, "geometry": { "type": "Point", "coordinates": [ 51.3044, 35.7646931 ] } },
{ "type": "Feature", "properties": { "element": "node", "id": 13074351244, "highway": "traffic_signals", "traffic_signals": "signal", "junction": null, "name": null, "name:en": null, "button_operated": null, "crossing": null, "traffic_signals:sound": null, "traffic_signals:vibration": null, "traffic_signals:direction": null, "traffic_signals:countdown": null, "operator": null }, "geometry": { "type": "Point", "coordinates": [ 51.3041428, 35.7642548 ] } },
{ "type": "Feature", "properties": { "element": "node", "id": 13074351245, "highway": "traffic_signals", "traffic_signals": "signal", "junction": null, "name": null, "name:en": null, "button_operated": null, "crossing": null, "traffic_signals:sound": null, "traffic_signals:vibration": null, "traffic_signals:direction": null, "traffic_signals:countdown": null, "operator": null }, "geometry": { "type": "Point", "coordinates": [ 51.3043318, 35.7642732 ] } },
{ "type": "Feature", "properties": { "element": "node", "id": 13074351246, "highway": "traffic_signals", "traffic_signals": "signal", "junction": null, "name": null, "name:en": null, "button_operated": null, "crossing": null, "traffic_signals:sound": null, "traffic_signals:vibration": null, "traffic_signals:direction": null, "traffic_signals:countdown": null, "operator": null }, "geometry": { "type": "Point", "coordinates": [ 51.3042197, 35.7646819 ] } },
{ "type": "Feature", "properties": { "element": "node", "id": 13208339758, "highway": "traffic_signals", "traffic_signals": "signal", "junction": null, "name": null, "name:en": null, "button_operated": null, "crossing": null, "traffic_signals:sound": null, "traffic_signals:vibration": null, "traffic_signals:direction": null, "traffic_signals:countdown": null, "operator": null }, "geometry": { "type": "Point", "coordinates": [ 51.5492412, 35.7550676 ] } },
{ "type": "Feature", "properties": { "element": "node", "id": 13208339759, "highway": "traffic_signals", "traffic_signals": "signal", "junction": null, "name": null, "name:en": null, "button_operated": null, "crossing": null, "traffic_signals:sound": null, "traffic_signals:vibration": null, "traffic_signals:direction": null, "traffic_signals:countdown": null, "operator": null }, "geometry": { "type": "Point", "coordinates": [ 51.5494115, 35.7549466 ] } },
{ "type": "Feature", "properties": { "element": "node", "id": 13208339760, "highway": "traffic_signals", "traffic_signals": "signal", "junction": null, "name": null, "name:en": null, "button_operated": null, "crossing": null, "traffic_signals:sound": null, "traffic_signals:vibration": null, "traffic_signals:direction": null, "traffic_signals:countdown": null, "operator": null }, "geometry": { "type": "Point", "coordinates": [ 51.5493958, 35.7552119 ] } },
{ "type": "Feature", "properties": { "element": "node", "id": 13576395598, "highway": "traffic_signals", "traffic_signals": null, "junction": null, "name": null, "name:en": null, "button_operated": null, "crossing": null, "traffic_signals:sound": null, "traffic_signals:vibration": null, "traffic_signals:direction": null, "traffic_signals:countdown": null, "operator": null }, "geometry": { "type": "Point", "coordinates": [ 51.5132603, 35.7581858 ] } },
{ "type": "Feature", "properties": { "element": "node", "id": 13931430868, "highway": "traffic_signals", "traffic_signals": "signal", "junction": null, "name": null, "name:en": null, "button_operated": null, "crossing": null, "traffic_signals:sound": null, "traffic_signals:vibration": null, "traffic_signals:direction": null, "traffic_signals:countdown": null, "operator": null }, "geometry": { "type": "Point", "coordinates": [ 51.3087017, 35.6632501 ] } },
{ "type": "Feature", "properties": { "element": "node", "id": 13931430869, "highway": "traffic_signals", "traffic_signals": "signal", "junction": null, "name": null, "name:en": null, "button_operated": null, "crossing": null, "traffic_signals:sound": null, "traffic_signals:vibration": null, "traffic_signals:direction": null, "traffic_signals:countdown": null, "operator": null }, "geometry": { "type": "Point", "coordinates": [ 51.308972, 35.6632196 ] } },
{ "type": "Feature", "properties": { "element": "node", "id": 13931430870, "highway": "traffic_signals", "traffic_signals": "signal", "junction": null, "name": null, "name:en": null, "button_operated": null, "crossing": null, "traffic_signals:sound": null, "traffic_signals:vibration": null, "traffic_signals:direction": null, "traffic_signals:countdown": null, "operator": null }, "geometry": { "type": "Point", "coordinates": [ 51.308868, 35.6626077 ] } },
{ "type": "Feature", "properties": { "element": "node", "id": 13931430871, "highway": "traffic_signals", "traffic_signals": "signal", "junction": null, "name": null, "name:en": null, "button_operated": null, "crossing": null, "traffic_signals:sound": null, "traffic_signals:vibration": null, "traffic_signals:direction": null, "traffic_signals:countdown": null, "operator": null }, "geometry": { "type": "Point", "coordinates": [ 51.3086127, 35.6626614 ] } },
{ "type": "Feature", "properties": { "element": "node", "id": 13966019891, "highway": "traffic_signals", "traffic_signals": "signal", "junction": null, "name": null, "name:en": null, "button_operated": null, "crossing": null, "traffic_signals:sound": null, "traffic_signals:vibration": null, "traffic_signals:direction": "forward", "traffic_signals:countdown": null, "operator": null }, "geometry": { "type": "Point", "coordinates": [ 51.404852, 35.7967951 ] } }
]
}
