StationCode,StationName,Longitude,Latitude,Address
1002,پایانه دستواره,51.47539327,35.79285801,
1010,پایانه تجریش میدان راه آهن,51.42865543,35.8066383,
1016,پارک نیاوران,51.47042256,35.80879015,
1040,شهید صالحی,51.45759139,35.80200178,
1042,ارکیده,51.45266526,35.80122886,
1043,شهید اشکستانپور,51.44905981,35.79940453,
1044,بهزاد,51.44496696,35.79699561,
1046,شهدای قیطریه,51.44089168,35.79509177,
1047,رسولی,51.53191975,35.77672589,
1048,بلوار صبا,51.43749479,35.79401279,
1049,شهرک رسولی,51.53230086,35.77722744,
1050,شهدای قیطریه,51.44126156,35.7951024,
1051,سید الشهدا ع,51.52532781,35.77767407,
1052,بهزاد,51.44517093,35.79692126,
1053,سید الشهدا ع,51.52560043,35.77713014,
1054,شهید اشکستانپور,51.44957978,35.79956683,
1056,شهید سلیمی,51.45212387,35.80087403,
1058,شهید صالحی,51.45747125,35.80188897,
1067,صیاد شیرازی,51.48632343,35.79027867,
1107,میدان قدس رسالت,51.43378965,35.80287248,
1109,میدان قدس  پایانه دستواره,51.43380643,35.80302299,
1111,میدان قدس پیچ شمیران,51.43375941,35.80260138,
1115,میدان قدس,51.43396656,35.80281532,
1119,شهید رضائی,51.43373903,35.79898215,
1121,شهید رضائی,51.43398472,35.79691997,
1123,پل رومی,51.43450694,35.79481902,
1125,پل رومی,51.43505219,35.79147716,
1127,سهیل,51.43540625,35.78962841,
1129,سهیل,51.43547798,35.78996722,
1131,شهید صدر,51.43600283,35.78619194,
1133,شهید صدر,51.43596779,35.78516775,
1138,مترو قیطریه,51.43745451,35.7941906,
1140,الوند,51.51152689,35.81173414,
1141,باغ فردوس,51.41997209,35.8023918,
1143,پسیان,51.41911753,35.80070069,
1145,پسیان,51.41887941,35.79990333,
1147,همایونی,51.41812411,35.79829332,
1149,همایونی,51.41770254,35.79770398,
1151,محمودیه,51.41663728,35.7932277,
1153,محمودیه,51.4170279,35.79434466,
1156,میدان قدس,51.43387053,35.80359782,
1172,پایانه تجریش,51.4277228,35.80674621,
1200,الوند,51.51157886,35.81168594,
1206,شهرک صدف,51.51365276,35.80965057,
1219,شهید جعفریان,51.48806987,35.77613608,
1330,میدان رسالت,51.4870744,35.73652818,
1337,نخل,51.50782614,35.79948759,
1339,شهرک صدف,51.51368326,35.80976311,
1343,لاوان,51.51058601,35.80756734,
1345,لاوان,51.51083857,35.80758578,
1347,شهرک البرز,51.50814179,35.80640377,
1349,شهرک البرز,51.50804304,35.80627801,
1351,بوستان کنگان,51.50553342,35.80477119,
1353,بوستان کنگان,51.50583756,35.8045698,
1355,کنگان یکم,51.50538032,35.80232936,
1357,کنگان یکم,51.50554576,35.80229424,
1359,کنگان,51.50467438,35.80071183,
1361,کنگان,51.50428003,35.80028874,
1475,نارنجستان هفت,51.47759027,35.79937104,
1489,پایانه دستواره,51.4751019,35.7930278,
1491,پایانه دستواره  میدان قدس,51.47491455,35.79290771,
1506,زنبق,51.37328569,35.71684068,
1510,جلال ال احمد,51.367006,35.72733264,
1514,بوستان,51.3765006,35.76143942,
1516,کلانتری,51.37649025,35.75850264,
1518,خیابان سوم,51.37463061,35.75495601,
1519,آفتاب,51.35719717,35.73856228,
1521,شهید حق شناس,51.36206127,35.79625986,
1535,پاسارگاد,51.36309467,35.7969986,
1537,میدان صنعت,51.36714976,35.75546266,
1543,پاسارگاد,51.36324684,35.79680874,
1545,پاس فرهنگیان,51.37054671,35.73636463,
1547,شهید حکیم,51.37151037,35.73385855,
1549,جلال,51.36922888,35.72918562,
1551,پل ستارخان,51.36292527,35.72350164,
1553,پل ستارخان,51.36314466,35.72348873,
1555,ستارخان,51.35942588,35.72020117,
1564,خرم,51.37342801,35.71871328,
1566,شهید حق شناس,51.36176653,35.7965539,
1568,گذرنامه,51.37237007,35.71365394,
1570,کوشک,51.3703828,35.72723602,
1572,نگین,51.36520088,35.72779575,
1573,صدرا,51.36175502,35.79884416,
1574,چهارراه توحید,51.37805154,35.70172456,
1575,صدرا,51.36172993,35.79903813,
1576,سرسبز,51.36038791,35.72974363,
1578,البرز,51.35808309,35.73563144,
1580,البرز,51.35775772,35.73604825,
1586,شهرک ژاندارمری,51.35374642,35.73724841,
1588,مدرسه,51.3557686,35.73262757,
1600,میدان بوعلی,51.36892496,35.79035297,
1607,مرزداران,51.37101981,35.73399439,
1608,نارون,51.35728855,35.73444849,
1616,بلوار شهرداری,51.36680978,35.78442361,
1620,هرمزان,51.37537276,35.76108201,
1621,بیمارستان مدرس,51.37297111,35.7880184,
1623,بیمارستان شهید مدرس,51.37330013,35.78637353,
1625,هشتم,51.37405601,35.78412775,
1627,هشتم,51.37445876,35.78348156,
1631,کیان,51.3753983,35.78012299,
1633,داروخانه,51.37731296,35.7745436,
1637,خیابان سی و یک,51.37772509,35.77378297,
1639,آتش نشانی,51.3786744,35.76982453,
1640,پایانه م صنعت,51.36970268,35.75489279,
1641,دریا,51.37886755,35.76908254,
1642,طرشت,51.34613564,35.7128757,
1645,شهید دادمان,51.37836244,35.76630767,
1651,م صنعت,51.37093968,35.75566775,
1662,شهرک ژاندارمری,51.3538692,35.73726333,
1663,م صنعت  آزادی,51.3696821,35.7545226,
1667,م صنعت  صادقیه,51.36984492,35.75454921,
1682,م صنعت,51.3709903,35.75570127,
1684,میدان هنر,51.35914016,35.79526711,
1685,خیابان آزمایش,51.36450035,35.73441081,
1738,آفتاب,51.35760939,35.73837684,
1756,پارک,51.37273744,35.72429221,
1759,منبع,51.37333743,35.72627647,
1761,پارک,51.37320363,35.72629541,
1765,پارک,51.37262003,35.72431105,
1769,پارک,51.37284571,35.72163075,
1771,برج,51.37283722,35.72160321,
1773,گذرنامه,51.37170995,35.71684663,
1775,شهر آرا,51.37069694,35.71311375,
1777,میدان بوعلی,51.36859206,35.79012879,
1785,شادمان,51.36649147,35.71038578,
1787,نصرت,51.36449985,35.70575317,
1789,آزادی,51.36296329,35.70139424,
1823,پل مدیریت,51.38581442,35.77094968,
1867,شیخ فضل الله,51.36945849,35.7345219,
1869,شهرک آزمایش,51.3661901,35.73458594,
1871,پاس فرهنگیان,51.3639689,35.73454398,
1873,اطاعتی,51.36088885,35.7344811,
1875,سرسبز,51.3599746,35.73431928,
1879,دانش,51.35425243,35.73430017,
1883,صبحی,51.36599282,35.79247954,
1893,مسجد,51.35181639,35.7343532,
1895,لاله,51.34221461,35.73549802,
1897,صدف,51.36621085,35.7253764,
1903,ناهید,51.33574584,35.73583288,
1914,شهید تیموری,51.34640096,35.71276834,
1915,میدان توحید,51.37645415,35.706962,
1919,باقرخان,51.37293432,35.7098913,
1963,میدان هنر,51.35911622,35.79515075,
1965,صبحی,51.36047124,35.79422291,
1967,لادن,51.36063722,35.79395305,
1969,برج ستاره,51.36626374,35.79244128,
1971,برج ستاره,51.36926642,35.79118982,
1979,پست برق,51.37495633,35.79095607,
2004,مسجد,51.46411684,35.78350571,
2008,بهشت مادران غربی,51.43911285,35.74257618,
2020,پایانه مترو شهید حقانی پل مدیریت,51.42812299,35.75821599,
2026,م ونک,51.40879572,35.7565109,
2041,خدامی,51.40273897,35.76378124,
2043,میدان پیروزان,51.39466607,35.77201428,
2048,شریعتی,51.44885579,35.75206453,
2051,مجتمع نور,51.39791823,35.77585676,
2057,حقانی,51.42521014,35.75881101,
2073,پایانه مترو شهید حقانی پیروزان,51.42820889,35.7582408,
2113,درویش,51.43613264,35.7826195,
2115,درویش,51.43603278,35.78094255,
2117,زرگنده,51.43618732,35.77754282,
2119,زرگنده,51.43617048,35.77650358,
2121,قلهک,51.43734385,35.77410126,
2123,شهرداری,51.43853915,35.77215,
2125,یخچال,51.43947838,35.77102361,
2127,یخچال,51.43997785,35.77006441,
2129,دو راهی,51.4414625,35.76786151,
2131,دو راهی,51.44176127,35.7675864,
2133,ظفر,51.44338393,35.76474944,
2135,ظفر,51.44376863,35.76380357,
2139,میرداماد,51.44568913,35.76067679,
2141,میرداماد,51.44683143,35.75849846,
2143,حسینیه ارشاد,51.44781486,35.7567959,
2149,پارک,51.44919782,35.74929486,
2151,پارک,51.44928802,35.74919618,
2153,منصف,51.44821855,35.74515001,
2155,منصف,51.44819324,35.74517841,
2189,فدک,51.39601911,35.77293789,
2190,شهید معینی,51.39450758,35.66014357,
2191,م شیخ بهائی,51.39558465,35.76585966,
2193,میدان شیخ بهائی,51.39491588,35.76607956,
2195,بانک,51.39498286,35.76872485,
2197,میدان شیخ بهائی,51.39551746,35.76634863,
2199,دانش دوست,51.39570078,35.76307158,
2201,شیخ بهایی,51.3960979,35.759127,
2205,شهید عباسپور,51.40837618,35.75185878,
2207,چهارراه دلبخواه,51.46455681,35.78091274,
2209,چهارراه دلبخواه,51.46379127,35.78073691,
2211,دیباجی,51.46141425,35.78039757,
2213,دیباجی,51.46080338,35.78035678,
2215,شیبانی,51.45707688,35.78008503,
2217,شیبانی,51.45704067,35.78000228,
2219,قنات,51.45303505,35.7803752,
2221,قنات,51.45293173,35.78029669,
2223,سه راه نشاط,51.44816413,35.7797206,
2225,سه راه نشاط,51.44831317,35.77967262,
2227,دانشگاه,51.44296119,35.77780254,
2229,دانشگاه,51.4433004,35.77797475,
2231,کلانتری,51.44163169,35.77672267,
2233,کلانتری,51.44067184,35.7763669,
2235,مدرسه,51.43746594,35.77565407,
2237,مدرسه,51.43737536,35.77570717,
2255,پایتخت,51.4115715,35.76300804,
2257,م ونک  پایانه آزادی,51.40789401,35.75736624,
2259,میدان ونک,51.40624745,35.75726972,
2263,کردستان,51.40273594,35.75703672,
2265,شهید شیرازی,51.39931898,35.75681661,
2267,شیرازی,51.39915879,35.75672254,
2269,بیمارستان,51.39536303,35.75649862,
2271,سازمان گوشت,51.39309238,35.75625248,
2273,شهید چمران,51.39085115,35.75620601,
2277,میدان شهید شیرازی,51.39984438,35.76100437,
2279,پردیس,51.39995343,35.76153092,
2281,ملاصدرا,51.40036804,35.75582503,
2282,ایرانشناسی,51.39713855,35.74629025,
2283,زاینده رود,51.4003309,35.757807,
2289,سوم خرداد,51.40085245,35.77019176,
2297,اختیاریه,51.46696274,35.78659396,
2299,میدان اختیاریه,51.46658427,35.78671432,
2301,شهرک ولیعصر عج,51.48644895,35.7716433,
2321,مترو تهرانپارس,51.53234761,35.73088892,
2323,مترو تهرانپارس,51.53142706,35.73087357,
2325,تیرانداز,51.52837489,35.73140251,
2363,شهرک کوثر,51.5623014,35.76718984,
2365,شهرک کوثر,51.56205587,35.76675858,
2367,بوستان هفتم,51.54897691,35.75453178,
2370,بوستان چهارم,51.54778299,35.75228899,
2373,استخر,51.5460647,35.74900344,
2375,استخر,51.5462117,35.74894718,
2377,شهید ادیب,51.54439114,35.74550877,
2379,شهید احسانی,51.54424247,35.74558957,
2381,میدان شاهد,51.54212044,35.74234228,
2383,میدان شاهد,51.54261781,35.74160329,
2385,شاهد,51.53988294,35.73737737,
2387,شاهد,51.53999765,35.7372564,
2414,کرمان,51.48009829,35.73814789,
2416,شهید اثنی عشری,51.4715027,35.73981884,
2418,شهید اثنی عشری,51.47155363,35.73958711,
2420,شهید استاد حسن بنا,51.46771641,35.7403279,
2422,شهید استاد حسن بنا,51.46762052,35.74010919,
2424,سید خندان,51.45228987,35.74167197,
2426,سید خندان,51.4522366,35.7415159,
2428,شهید دکتر آیت,51.49406423,35.73589436,
2430,شهید دکتر آیت,51.49569128,35.73553696,
2432,میدان رسالت,51.48755388,35.73694504,
2434,میدان رسالت,51.48744854,35.73677408,
2436,کرمان,51.47993904,35.73799448,
2440,پایانه افق,51.58596655,35.73026457,
2444,شهرک پارس  چهارراه تهرانپارس,51.54197087,35.76255181,
2452,شهید طاهرخانی,51.4852665,35.74352025,
2454,آزادگان,51.48569203,35.74559513,
2456,کوی نیروی دریایی,51.48601698,35.7472485,
2458,کوهک,51.4898072,35.7464767,
2460,نیروی دریایی,51.48940276,35.74438312,
2462,فرجام,51.4888446,35.74127103,
2473,رسالت شهرک شهید بهشتی,51.49060916,35.73873687,
2477,میدان رسالت میدان قدس,51.48681622,35.7371828,
2486,میدان رسالت کوهک,51.48811898,35.73753736,
2488,بتون البرز,51.57,35.76131484,
2492,رحیم پور,51.48859551,35.77608348,
2510,بتون البرز,51.57055452,35.76160256,
2520,مسجد امام علی ع,51.56174437,35.74800865,
2552,شهید عارف نسب,51.55186503,35.74960871,
2554,شهید سلطانی,51.55632362,35.74837717,
2556,شهید رجائی,51.55744159,35.74862426,
2558,دوراهی رهبر,51.56449583,35.74770545,
2560,دوراهی رهبر,51.56492941,35.74732054,
2562,مسجد حضرت علی ع,51.56000652,35.74788309,
2564,شهید زهدی,51.570387,35.74516524,
2570,میدان رسالت,51.48764824,35.73718262,
2574,میدان رسالت,51.48816247,35.73777544,
2585,هنرستان,51.51643739,35.73666796,
2587,هنرستان,51.51590112,35.73686457,
2591,ولیعصر عج,51.5105457,35.73755921,
2597,خاور,51.50194976,35.73866144,
2599,سید,51.49487544,35.73950249,
2608,احسان,51.57249355,35.7424825,
2630,بهشت,51.56379295,35.74198852,
2632,شهرک شهید بهشتی,51.56678334,35.75223989,
2634,میدان اشراق,51.54582554,35.73159554,
2636,پمپ بنزین,51.59062607,35.73651359,
2637,پمپ بنزین,51.59078571,35.73647501,
2651,شهروند,51.59251863,35.73859533,
2653,تره بار,51.59462478,35.73691202,
2661,نور,51.58650423,35.73169073,
2663,خلیج فارس,51.58962345,35.73015506,
2665,پایانه افق,51.58621563,35.72985607,
2667,پایانه افق پایانه علم و صنعت,51.58629353,35.72988475,
2669,دانشگاه خواجه نصیر,51.56499054,35.74908804,
2671,دانشگاه امام حسین ع,51.57605392,35.75662529,
2672,دانشگاه خواجه نصیر,51.56479191,35.74851694,
2682,شهرک شهید بهشتی,51.56671449,35.75210705,
2683,میدان ابوذر,51.5679745,35.74410651,
2685,شهرک شهید بهشتی میدان رسالت,51.56662262,35.75216729,
2687,انقلاب,51.56983964,35.74555355,
2689,میدان رهبر,51.56480032,35.74250673,
2691,بوستان آلاله,51.56810034,35.74426857,
2693,مسجد,51.56188189,35.74080273,
2695,مسجد,51.56178316,35.74081939,
2697,شهید حسینی,51.55638811,35.73765234,
2699,شهید حسینی,51.55568796,35.73737084,
2701,شریعتی,51.55283767,35.73573404,
2703,شریعتی,51.55243962,35.73541623,
2705,والفجر,51.54944526,35.73409942,
2707,والفجر,51.54919289,35.73394025,
2715,بانک,51.55300756,35.74887479,
2717,شهید شبستری,51.55044196,35.74921323,
2748,مبارک آباد,51.48610492,35.7698012,
2795,شهرک شهید بهشتی درب شمال,51.57549717,35.75636089,
2801,میدان رسالت,51.49007471,35.73828184,
2805,اکباتان,51.30699672,35.71440088,
2865,لیندا,51.32138538,35.7469161,
2870,پایانه مترو صادقیه  میدان صنعت,51.33060332,35.71689409,
2884,پایانه آزادی  میدان صنعت,51.33582069,35.70215618,
2888,پایانه آزادی  میدان هفت تیر,51.33597912,35.70226418,
2890,پایانه آزادی  میدان ونک,51.33606273,35.7023185,
2934,میخک یکم,51.32324204,35.74948815,
2958,مهر,51.31990227,35.74454193,
2968,مهیار,51.32131458,35.7505785,
2970,شمشاد,51.31879358,35.75134543,
2977,شکوفه,51.31749456,35.75000263,
2986,مهستان,51.317412,35.74732266,
2987,کاج,51.32131825,35.74694754,
2989,امام زاده,51.32316029,35.75000023,
2990,قانع,51.3303035,35.74076393,
2991,فرهنگ,51.3212372,35.75053872,
2992,مهشید,51.31864162,35.75132664,
2993,فرشته,51.3175882,35.75072698,
2994,پرواز,51.31948259,35.74211384,
2995,رسول اکرم,51.31947518,35.74205225,
3008,تره بار,51.32674567,35.7412214,
3040,هجرت,51.31559144,35.74681164,
3062,باغ فیض,51.31864101,35.746112,
3066,سهیل,51.32703186,35.74006052,
3076,گلدشت,51.32779407,35.73659093,
3084,شاهد,51.33113019,35.73625741,
3090,مبدا خط باغ فیض,51.31872449,35.74621152,
3092,بوستان باهنر,51.32410186,35.74156062,
3094,نیلوفر,51.32308641,35.74172705,
3098,شهید امیر ابراهیم,51.31991932,35.74466454,
3128,پایانه آزادی,51.33434056,35.70158563,
3136,اکباتان,51.30702878,35.71398836,
3155,آسمان,51.30712409,35.70958058,
3159,پایانه مترو صادقیه باغ فیض,51.33005342,35.71689752,
3163,مسجد,51.30711922,35.70685835,
3166,گلستان سوم,51.32587387,35.72767644,
3167,مگامال,51.30720131,35.70453919,
3169,صارم,51.31043143,35.71411437,
3170,بوستان غربی,51.32654111,35.73033788,
3171,B4,51.31012974,35.71293328,
3172,میعاد,51.32684098,35.73386534,
3173,میدان بسیج,51.31008846,35.71135639,
3174,بنفشه دوم,51.32700445,35.73766844,
3175,A4_2,51.31021353,35.7113546,
3177,A4_1,51.31026657,35.70972317,
3179,پاس,51.31017153,35.70945188,
3181,B2,51.31028824,35.70527688,
3182,شهید اباذر,51.32683892,35.73726739,
3183,مخابرات,51.31040843,35.70527648,
3184,پردیس,51.3266023,35.73307799,
3185,A2,51.31044754,35.70328388,
3186,شهید فهیمی,51.32636561,35.73007769,
3187,هگمتانه,51.31033785,35.70345824,
3188,شطرنج,51.32561341,35.72644277,
3189,فاز سه,51.31351597,35.71419454,
3191,دین و دانش,51.31369008,35.71410825,
3193,بازارچه,51.31558381,35.71286388,
3195,مهد کودک,51.31546417,35.71284005,
3197,B3,51.31552825,35.71033737,
3199,شهید سهیلی,51.31567837,35.71037818,
3201,فرهنگ آیه,51.31574996,35.70830058,
3203,استادیوم,51.31560107,35.70786418,
3205,A3,51.3156891,35.70555274,
3207,پاسارگاد,51.31583504,35.70567981,
3209,حسینی,51.31591536,35.70309167,
3211,شهید کیوان,51.31595426,35.70152031,
3213,A1,51.31586552,35.70107973,
3215,B1,51.31579408,35.70303896,
3246,شهید شالی,51.3277465,35.72889921,
3252,سنایی,51.41686743,35.72385177,
3268,چهل و هفتم,51.40396343,35.73902857,
3276,بوستان یاسمن,51.40226724,35.7347135,
3284,خیابان پنجاه و سوم,51.40406452,35.74113892,
3287,مسجد جمکران,51.4036375,35.7373932,
3297,پایانه آزادی پایانه خاوران,51.33611122,35.70284833,
3302,شهدای هفتم تیر,51.42439844,35.71534176,
3304,شهدای هفتم تیر,51.42338279,35.71545765,
3330,ابتدای شهید مطهری,51.41281746,35.72371109,
3339,شهرک والفجر,51.39411628,35.74899632,
3350,شهید سرافراز,51.4203588,35.72399473,
3354,بیست متری دوم,51.39941695,35.74029256,
3356,شانزدهم,51.38895081,35.73274355,
3358,هفدهم,51.39316866,35.73391142,
3360,سوپر محله,51.39632526,35.73385814,
3362,فرهنگ مدبر,51.40446797,35.73538386,
3364,نانوایی,51.40236777,35.73483727,
3366,خیابان بیست و ششم,51.40080729,35.73158099,
3368,خیابان بیستم,51.3996411,35.72975071,
3370,شهید میرحیدری,51.40076616,35.7316368,
3372,شهید افشار,51.39807332,35.7257157,
3376,شهید زرندی,51.39764733,35.72751889,
3379,پایانه بیهقی  پایانه علم و صنعت,51.41692973,35.73749364,
3388,شیخ بهایی,51.39849501,35.74501162,
3389,چهارفصل,51.40492242,35.74421569,
3390,جم,51.42424615,35.72411857,
3391,پایانه شهرک والفجر م ولیعصر عج,51.39451366,35.74897476,
3404,کردستان,51.39418975,35.72881261,
3414,دوراهی,51.40848876,35.72271471,
3416,بیهقی,51.41862741,35.73424381,
3422,میدان انقلاب,51.39136975,35.69888278,
3434,دو راهی,51.40839865,35.72354837,
3440,شهید گمنام,51.39801052,35.7264451,
3454,شهرک والفجر,51.39446185,35.74902208,
3460,میدان هفت تیر,51.4262833,35.71648791,
3462,میدان ولیعصر عج,51.40356066,35.71048035,
3473,انقلاب اسلامی,51.39058711,35.70514613,
3480,میدان ولیعصر عج پیروزان,51.40742819,35.71422209,
3481,چهار فصل,51.40502527,35.74527033,
3483,ششم,51.40547516,35.73880436,
3485,هفتم,51.40537077,35.7411594,
3489,ششم,51.40575749,35.73621614,
3491,م فرهنگ,51.40590195,35.73406132,
3493,م فرهنگ,51.40599669,35.73415874,
3495,چهارم,51.40666409,35.73078509,
3497,سوم,51.40730088,35.72840037,
3499,چهارم,51.4068514,35.73039038,
3501,سوم,51.40770609,35.72619401,
3539,میدان شعاع,51.42068896,35.72155596,
3543,هفت تیر,51.42476817,35.71601086,
3579,خیابان شصت و چهار,51.40410412,35.74648778,
3581,خیابان شصت و چهار,51.40360194,35.74655938,
3583,آزادگان,51.39699532,35.73671995,
3591,دژبان,51.38447099,35.71300805,
3599,آمار,51.39737198,35.71709131,
3601,کاج,51.40006548,35.71803159,
3621,پارک,51.39496451,35.71385556,
3625,مدرسه,51.3964117,35.71032564,
3646,میدان ولیعصر عج,51.40348448,35.7104573,
3679,میدان ولیعصر عج,51.40721565,35.7130121,
3683,میدان ولیعصرعج خیابان معلم,51.40920725,35.71192917,
3698,هفتم تیر,51.42381423,35.71545689,
3707,معلم,51.44521055,35.72758401,
3709,مخابرات,51.44570231,35.73568406,
3710,اندیشه,51.44376473,35.73136989,
3713,شهید قدوسی,51.44528196,35.73200099,
3714,پلیس,51.44433098,35.725788,
3719,هویزه,51.4452922,35.73420409,
3730,سهروردی,51.43830893,35.73117518,
3732,شهید کاووسی فر,51.43573779,35.73106913,
3734,بوستان اندیشه,51.44609749,35.73831913,
3736,پالیزی,51.44628593,35.73870692,
3742,م تختی,51.43260458,35.73095607,
3744,مصلی,51.42666616,35.73028174,
3746,شهید مدرس,51.42071675,35.72910559,
3748,قائم مقام فراهانی,51.41836191,35.72846579,
3754,پایانه شهید بهشتی,51.42766747,35.72863313,
3773,شهید سلیمان خاطر,51.43194053,35.72433254,
3780,پیچ شمیران,51.4304238,35.70227218,
3782,سهروردی,51.43661466,35.72448791,
3784,اول شهید مطهری,51.41253837,35.72370172,
3786,چهارراه قصر,51.44513897,35.73096649,
3846,سیزده آبان,51.3930711,35.74670691,
3852,سیزده آبان,51.39318089,35.74681261,
3853,پیچ شمیران  م قدس,51.43123362,35.70339408,
3855,پیچ شمیران  م رسالت,51.42839635,35.70259613,
3863,ترکمنستان,51.440525,35.72241103,
3865,ملک,51.43938467,35.71881528,
3867,پیچ شمیران,51.43158389,35.70388126,
3872,سیدخندان,51.44409822,35.74210063,
3875,سید خندان,51.4465644,35.74199684,
3879,میرعماد,51.42585663,35.72416305,
3895,خیابان معلم میدان ولیعصرعج,51.4512249,35.72795609,
3902,مصلی امام خمینی ره,51.42777731,35.74018015,
3903,شهید مفتح,51.42805734,35.72423773,
3907,باشگاه بانک سپه,51.43967526,35.72409654,
3908,ترکمنستان,51.44263184,35.72358337,
3911,بهار شیراز,51.43581652,35.71675003,
4002,پارک مریم,51.48088876,35.71235244,
4004,سنگکی,51.49018016,35.73508671,
4006,سامان شمالی,51.48949655,35.73162551,
4008,گلبرگ,51.48922476,35.73023972,
4009,پایانه شهید اسلام پناه پیچ شمیران,51.48732399,35.73633629,
4010,مدرسه,51.48869811,35.72752676,
4011,گلبرگ,51.48682891,35.73087148,
4012,مسجد,51.48800471,35.72397653,
4013,مدرسه,51.48648479,35.72910564,
4038,پایانه علم و صنعت  پایانه افق,51.50659176,35.73356733,
4044,بوستان جانبازان,51.47612382,35.73260362,
4047,مسجدجامع,51.48569399,35.72504777,
4049,اول سمنگان,51.48508916,35.72198733,
4052,پایانه علم و صنعت  پایانه بیهقی,51.50733328,35.73362147,
4060,بهار,51.52414692,35.72491687,
4064,م رسالت,51.48711517,35.73571047,
4066,راهنمایی و رانندگی,51.47797021,35.73463913,
4072,پایانه سمنگان رسالت   وحیدیه,51.48759691,35.73622343,
4073,باشگاه,51.47391534,35.72208431,
4085,شانزده متری اول,51.4694407,35.73187671,
4087,شانزده متری,51.46726096,35.73193396,
4089,شهرداری,51.47222947,35.73229457,
4091,شهرداری,51.47560127,35.73249233,
4093,کرمان,51.47986366,35.73225176,
4096,پایانه شهید اسلام پناه رسالت شهید مطهری,51.48736751,35.73634653,
4136,وحیدیه,51.47959485,35.71132842,
4155,وحیدیه,51.47942362,35.71127578,
4156,نجاری,51.47621496,35.71305112,
4189,کرمان,51.4784988,35.73586074,
4191,م تسلیحات,51.47415692,35.71869941,
4193,م تسلیحات,51.47444102,35.71872489,
4195,شهید جعفری,51.47426986,35.71613202,
4197,درختی,51.47496664,35.71551318,
4199,اول زرکش,51.47785467,35.71514135,
4211,شهید اکبری,51.34654336,35.70011105,
4213,دانشگاه شریف,51.35209619,35.70022592,
4217,شهید حبیب اللهی,51.35430501,35.70027621,
4226,شهید عزیزی,51.3413662,35.70034271,
4295,میدان آزادی,51.33817695,35.69726671,
4345,شهید بختیاری,51.34410421,35.67743519,
4351,ورزشگاه,51.34692392,35.68485818,
4367,شمشیری,51.3471961,35.67336535,
4369,شمشیری,51.3487669,35.67209852,
4383,هاشمی,51.34049755,35.68928448,
4385,هاشمی,51.34057583,35.68863596,
4399,سه‌ راه آذری,51.35173515,35.67104379,
4407,مالک اشتر,51.35516436,35.68318661,
4409,دوراهی قپان,51.36792193,35.66710458,
4414,شمشیری شهید فیاض بخش,51.35365348,35.67071562,
4417,سلیمانی,51.36329177,35.66768365,
4418,امام خمینی,51.36712879,35.68578811,
4419,دو راهی قپان,51.36557322,35.66741918,
4420,دوراهی قپان,51.36684651,35.66721607,
4424,کارون,51.36673705,35.68714986,
4425,فرهنگسرای قرآن,51.35904511,35.66867741,
4427,مالک اشتر,51.35517807,35.68327174,
4429,دوراهی قپان,51.36911869,35.66703206,
4435,قصرالدشت,51.37112383,35.68739541,
4465,بیمارستان,51.36630423,35.69892208,
4467,بهنود,51.36645276,35.69697724,
4469,دامپزشکی,51.36663997,35.69380726,
4471,هاشمی,51.36684874,35.69036531,
4473,کارون,51.3671969,35.68485942,
4475,قصرالدشت,51.36915477,35.6976938,
4477,طوس,51.36947002,35.69521563,
4479,دامپزشکی,51.36982435,35.69247563,
4481,هاشمی,51.37009031,35.69027996,
4483,امام خمینی,51.37051283,35.68686659,
4485,مرتضوی,51.37081186,35.68430602,
4489,آذربایجان,51.37085485,35.69787377,
4507,کلهرنواب,51.37769296,35.69881311,
4522,درمانگاه,51.37150743,35.68646398,
4523,خوش,51.37548381,35.68764664,
4553,قنات,51.36045252,35.68436357,
4559,جیحون,51.36524556,35.68526814,
4561,کارون,51.36801806,35.68579657,
4573,آذری,51.35480635,35.66997758,
4575,میدان شمشیری,51.35387211,35.67034296,
4577,تیموری,51.36121722,35.66813237,
4583,سلیمانی,51.36231652,35.66797408,
4585,تیموری,51.35946539,35.66860577,
4589,فرهنگسرای قرآن,51.35983482,35.66849772,
4595,امامزاده معصوم,51.37397745,35.66803488,
4601,آزادی,51.38058904,35.70032682,
4603,جمهوری اسلامی,51.38100967,35.69629852,
4604,سینا,51.3910763,35.67821994,
4605,آذربایجان,51.38128346,35.69384235,
4607,شکوفه,51.38157944,35.69110118,
4609,امام خمینی,51.38196744,35.68756893,
4610,ولیعصر عج,51.39977206,35.66714708,
4611,مرتضوی,51.38218815,35.68549377,
4612,غفاری,51.39125815,35.67662136,
4616,پایانه کاوه شهید بختیاری,51.38664789,35.70058998,
4622,پایانه معین,51.39555308,35.6597096,
4626,پایانه کاوه شهرک ژاندارمری,51.38701273,35.70060938,
4653,جمالزاده,51.38899638,35.69873128,
4654,پایانه کاوه,51.38691714,35.70059894,
4661,جمهوری اسلامی,51.38338634,35.69621927,
4663,آذربایجان,51.38372371,35.69377543,
4665,شکوفه,51.38405625,35.6909971,
4667,امام خمینی,51.38397127,35.68870271,
4718,مالک اشتر,51.47069073,35.65881885,
4801,عباسی,51.38539423,35.66802074,
4803,عباسی,51.38721581,35.66790517,
4807,میدان رازی,51.39368584,35.66740027,
4809,میدان رازی,51.39674569,35.66704443,
4813,ولیعصر عج,51.39891301,35.66711998,
4833,اسکندری,51.38297804,35.68810942,
4869,میدان راه آهن شهید محلاتی,51.3999679,35.65896839,
4883,میدان راه آهن,51.39715041,35.66039245,
4887,کمالی لقمان,51.38929668,35.67971541,
4889,سینا,51.38905843,35.67771457,
4891,مخصوص,51.38864322,35.67416101,
4893,مرادی,51.38905855,35.67339317,
4899,شهید زارع,51.38424428,35.70015436,
4905,بازرگانان,51.44004392,35.67408481,
4907,کوی نصر,51.47070834,35.65863118,
4910,ایران خودرو,51.43661551,35.65981367,
4914,میدان شوش بهارستان,51.43153605,35.65975091,
4916,شوش شرقی,51.43253313,35.65961221,
4929,میدان خراسان,51.44567628,35.66691904,
4946,مسجد امام حسن مجتبی ع,51.43191886,35.67533631,
4965,بهارستان ابوذر,51.4322994,35.68855249,
4972,پایانه شهید فیاض بخش  خانی آباد نو,51.41439056,35.68487346,
4976,شهید فیاض بخش  شمشیری,51.41438048,35.68512127,
4978,شهید فیاض بخش مالک اشتر,51.4146415,35.68537697,
4982,شهید فیاض بخش  قصرالدشت,51.41463992,35.68532455,
4984,شهید فیاض بخش جوادیه,51.41434798,35.68482264,
5001,پارک کوثر,51.43538296,35.66787051,
5014,وحدت اسلامی,51.40597865,35.66733247,
5017,سعدی جنوبی ابوذر,51.42252838,35.6836087,
5038,مترو شوش,51.41452641,35.65947567,
5067,ابتدای خیام,51.41459336,35.66001937,
5167,شهید مشهدی رحیم,51.44139688,35.6689857,
5175,میدان قیام,51.43467242,35.66962227,
5177,میدان قیام,51.43556327,35.66969225,
5179,چهارراه مولوی,51.42960269,35.66929853,
5181,چهارراه مولوی,51.4282291,35.66915896,
5183,سعادت,51.42348704,35.66856489,
5185,سعادت,51.42182963,35.66835718,
5187,خیام,51.41737023,35.66780265,
5189,خیام,51.41344332,35.66754562,
5191,وحدت اسلامی,51.40703085,35.66735568,
5197,زیبا,51.44056325,35.66663206,
5401,میدان شهید کلاهدوز,51.49274779,35.69211862,
5413,سازمان مهندسی,51.51986836,35.67042118,
5416,منابع انسانی,51.51982281,35.67055707,
5418,انتهای هجرت,51.54860648,35.66028359,
5419,پایانه شهید محلاتی,51.47470214,35.66846754,
5435,بلوار ابوذر,51.48524616,35.66728841,
5437,شهید محلاتی,51.48588734,35.66740499,
5441,شاهد,51.48150725,35.66778,
5467,آهنگ,51.48378179,35.65693376,
5473,دانشگاه,51.47356696,35.6582196,
5497,زمزم,51.48571492,35.66319713,
5499,پارک سمیه,51.48619469,35.66376756,
5501,زمزم,51.48543589,35.66020335,
5503,پارک فتح,51.48490322,35.6591749,
5505,آهنگ,51.48486131,35.65757592,
5543,نیروزمینی سپاه,51.50908731,35.6753932,
5569,نفیس,51.45969596,35.65947992,
5579,شهید مخبر,51.45191801,35.66365615,
5581,شهید مخبر,51.4512567,35.66419402,
5585,میدان خراسان,51.44666467,35.66534139,
5607,دهم فروردین,51.47181583,35.66801866,
5609,کوثر,51.47195825,35.66796908,
5611,فاطمیه,51.47108293,35.66223296,
5613,فاطمیه,51.46888866,35.66408751,
5615,شهیدعباسپور,51.46929283,35.65989299,
5617,شهید عباسپور,51.46595919,35.66137983,
5669,شهرک,51.51162632,35.67433248,
5671,کوثر,51.51285571,35.67407533,
5673,میدان شهید باکری,51.51307292,35.67349252,
5675,الکترونیک,51.53183919,35.66522505,
5677,دانشگاه شهید چمران,51.53293357,35.66474752,
5679,شهرک شهید کمالی,51.53564612,35.66411916,
5681,مجتمع مسکونی,51.53627438,35.66380344,
5683,شهرک شهید الماسی,51.53931985,35.66331974,
5685,بانک انصار,51.54019613,35.66291298,
5687,مخابرات,51.54593243,35.66110146,
5689,قرارگاه,51.54583063,35.66126473,
5691,دانشگاه شهید مطهری,51.54266083,35.66227003,
5693,شهید پازوکی,51.54296113,35.66203877,
5699,پایانه شهید محلاتی میدان راه آهن,51.47523097,35.66809523,
5718,شهید کلهر,51.49872659,35.62895397,
5720,چهارراه دوم,51.49917513,35.6290129,
5722,شهید راستی,51.50082699,35.62922991,
5724,چهارراه سوم,51.50103028,35.62925662,
5726,مرشد,51.50399153,35.62966731,
5728,چهارراه چهارم,51.5042036,35.62969607,
5730,آلاله,51.50683372,35.62953963,
5731,اتابک,51.46310227,35.65685624,
5732,اترک,51.50653624,35.6296415,
5733,اتابک,51.46227844,35.65776686,
5734,مسگر آباد,51.50859901,35.62580311,
5735,باسکول,51.46526599,35.65450108,
5737,باسکول,51.46596498,35.65375798,
5738,شهید دستغیب,51.49862441,35.63847486,
5739,فرهنگسرای خاوران,51.46905282,35.650435,
5741,فرهنگسرای خاوران,51.46860854,35.65093233,
5743,پمپ بنزین,51.4720662,35.64715957,
5745,پمپ بنزین,51.47128159,35.64803885,
5753,میدان ثامن الحجج,51.49167071,35.62524291,
5754,کیانشهر,51.45842362,35.6335122,
5756,شهید همت,51.46979844,35.63806003,
5758,افرا,51.46787089,35.63795759,
5760,رضوان,51.46850663,35.63864799,
5761,امام سجاد ع,51.49833167,35.61811019,
5762,مجتمع زیتون,51.46805284,35.64017316,
5763,ابتدای رضویه,51.50016792,35.61719765,
5764,انصار,51.46816986,35.64031863,
5765,ورزشگاه بانوان,51.44308516,35.6448412,
5767,هفده شهریور,51.44666118,35.64530646,
5769,ابتدای کیانشهر,51.44672585,35.64506122,
5771,مجتمع بعثت,51.45186085,35.64546352,
5773,شهید ذوالفقاری,51.45476427,35.6454678,
5775,نارون,51.4581778,35.64465013,
5776,توان گاز,51.51304974,35.60095937,
5778,پایانه خاوران  خاورشهر,51.47828786,35.64177205,
5779,ابتدای هاشم آباد,51.46742509,35.64145267,
5780,پایانه قیامدشت,51.65529463,35.52945511,
5781,آزادگان,51.47083409,35.6401393,
5782,پایانه خاوران  پایانه آزادی,51.47760677,35.64291144,
5783,شهید بروجردی,51.47121987,35.64022014,
5785,ابتدای بعثت,51.47735596,35.63785357,
5798,فجر,51.49578925,35.6383575,
5804,کمربندی شمالی,51.55961314,35.56018324,
5806,سبلان,51.55446748,35.55619373,
5808,هیرمند,51.56390599,35.55415128,
5810,پاسگاه,51.55551726,35.55791804,
5814,خاور شهر,51.55965537,35.55296534,
5818,صنوبر,51.55777152,35.55640895,
5820,سرو,51.55855247,35.55795761,
5822,کمربندی دوم,51.55970944,35.56041318,
5824,شهید ابراهیمیان,51.55593043,35.55457873,
5826,ابتدای خاور شهر,51.55666402,35.56335143,
5828,بیست و چهار غربی,51.56333326,35.55272008,
5830,کمربندی غربی,51.55674844,35.56272286,
5832,ورزشگاه,51.55750221,35.55608341,
5834,بیست غربی,51.56393196,35.55401455,
5836,دنا,51.56318445,35.5526135,
5838,بینالود,51.55519959,35.5548777,
5840,کاج,51.55868956,35.55843445,
5842,ارس,51.5553884,35.55782817,
5844,بلوچ,51.55438829,35.55594961,
5846,باشگاه,51.55707519,35.56109106,
5848,میدان شهدای خاورشهر,51.56183574,35.55723609,
5850,کمربندی اول,51.55690836,35.56091101,
5852,زاگرس,51.56172006,35.55682529,
5859,وحدت,51.48401048,35.65496516,
5861,پارک وحدت,51.48403626,35.65366907,
5862,پایانه خاوران  قیام دشت,51.47818256,35.64190682,
5863,بوستان شاهد,51.48341716,35.65225899,
5864,پایانه خاوران  بروجردی,51.47824086,35.64182823,
5865,الزهرا,51.48321744,35.64993726,
5867,ولیعصر,51.48280885,35.64940843,
5868,پایانه خاوران  مسگرآباد,51.47841839,35.64163284,
5869,پارک گلگشت,51.48240702,35.64606224,
5872,کوچه سوم,51.64556765,35.51954962,
5873,مجتمع گلها,51.48178839,35.64331785,
5874,کوچه هفتم,51.64592706,35.52135979,
5875,ابوذر  سعدی جنوبی,51.48037592,35.641834,
5876,اول چهل متری,51.64652798,35.52178508,
5877,ابوذر  بهارستان,51.48073264,35.64217945,
5878,شهید بهشتی,51.64858255,35.52128026,
5880,کوچه شانزده,51.6497393,35.52588572,
5882,کوچه بیست و یک,51.65015471,35.52800315,
5884,شهید رجایی,51.65079914,35.52835735,
5886,شهید باهنر,51.65435357,35.52781776,
5888,شهید رجایی,51.65016773,35.52806953,
5890,امام خمینی,51.6493486,35.5238941,
5892,کوچه شانزده,51.64974157,35.52589732,
5894,ولیعصر,51.64676907,35.51726873,
5895,خاورشهر,51.5579402,35.56268453,
5896,کوچه چهار,51.64865276,35.52029848,
5897,مخابرات,51.6449034,35.51739232,
5898,مخابرات,51.64830975,35.51846819,
5899,پایانه قیامدشت,51.65530393,35.52953476,
5902,فرون آباد اول,51.62527436,35.52354145,
5904,توتک,51.61167156,35.53273293,
5906,شهرک صنعتی,51.59924285,35.54109965,
5908,عباس آباد,51.58682618,35.5464669,
5912,خاورشهر,51.55786902,35.56292957,
5916,ابتدای عباس آباد,51.58732951,35.5460623,
5918,شهرک صنعتی,51.59925409,35.54093953,
5920,چشمک,51.61305339,35.53162831,
5922,فرون آباد اول,51.6253014,35.523335,
5928,شهید باهنر,51.65467176,35.52823047,
5933,بازار گل,51.52179436,35.59144278,
5937,سه راه سیمان,51.53754965,35.57987565,
5940,پایانه خاوران,51.47716401,35.64263993,
5941,پدافند,51.55030444,35.56914133,
5942,بلوار ابوذر,51.48127396,35.64270022,
5948,خاورشهر,51.55968167,35.55335575,
5952,شهرک شهید بروجردی تخلیه,51.46896967,35.635931,
5956,مسگرآباد,51.50860623,35.62883986,
5961,امیر سلیمانی,51.45711205,35.66019279,
5963,امیر سلیمانی,51.45626186,35.66068186,
5964,پمپ بنزین,51.49490192,35.6356714,
5966,سپیدار,51.49345706,35.63849818,
5972,پارس,51.49227908,35.63533219,
5976,شهید آیت الله مدنی,51.49276508,35.63867135,
5978,ونوس,51.49160461,35.63786774,
5980,اسلام آباد,51.49212318,35.63519189,
5983,ابومسلم,51.49442642,35.64310915,
5985,بلوار قائم,51.49151491,35.64158777,
5986,پاسارگاد,51.49459966,35.63572108,
5989,قائم,51.49170545,35.64152443,
5991,آتش نشانی,51.48752918,35.63866943,
5993,آتش نشانی,51.48642032,35.63814997,
6006,زاگرس,51.56171038,35.55479364,
6010,هامون,51.56360774,35.55468895,
6012,شاهو,51.56622286,35.55279635,
6013,الوند,51.56608915,35.55507395,
6014,الوند,51.56543355,35.55530863,
6015,شاهو,51.56609372,35.55273851,
6016,زاگرس,51.5617015,35.55488927,
6023,هنرستان,51.49577237,35.63825678,
6025,عارف,51.4968733,35.63529776,
6026,شمشاد,51.6414281,35.51784213,
6029,شیرازی,51.49797644,35.63096864,
6087,شهید مطهری,51.46801515,35.63664984,
6089,شهرک شهید بروجردی پایانه جنوب,51.46985603,35.63548524,
6091,شهرک شهید بروجردی خاوران,51.46994709,35.6354291,
6104,مترو علی آباد  خانی آباد,51.41805817,35.62953898,
6106,مترو علی آباد  شکوفه,51.41804669,35.6296664,
6115,پایانه وصال  پایانه مترو علی آباد,51.40560869,35.6179904,
6118,پایانه وصال  پایانه کاوه,51.40560869,35.6179904,
6130,مترو علی آباد  پایانه وصال,51.4180537,35.62960631,
6186,شهید نواب,51.39447954,35.6465387,
6193,مترو پایانه جنوب,51.41692745,35.65027778,
6196,شهید محمودی,51.38286676,35.65888408,
6204,پایانه جنوب  شهر افتاب,51.41851993,35.64810053,
6208,م بهمن,51.39980492,35.64940267,
6210,م .بهمن,51.39978384,35.64924611,
6212,شهید محمودی,51.38275457,35.65891799,
6214,مدرسه,51.39114954,35.64782837,
6216,مدرسه,51.39125996,35.64769547,
6218,بوستان ولایت,51.38740777,35.65119226,
6220,بوستان ولایت,51.38764106,35.65102679,
6222,درمانگاه,51.38292463,35.65407386,
6224,درمانگاه,51.38283848,35.65423671,
6225,شهید برومند,51.39389683,35.64672949,
6284,پایانه سروری,51.3599223,35.63667806,
6295,پارس,51.39641384,35.63898766,
6315,جنگل,51.40204261,35.64118599,
6325,بیست متری جوادیه,51.38675298,35.65663376,
6327,نو بهار,51.38879698,35.65377055,
6329,یخچال,51.39099169,35.65071252,
6439,شهید کشاورز,51.37799178,35.66837899,
6441,شهید کشاورز,51.3775995,35.66834002,
6443,امامزاده معصوم,51.37329174,35.66785634,
6965,خانی آباد نو  پایانه شهید فیاض بخش,51.39796679,35.61700624,
6966,کوچه بیست و چهار,51.37109586,35.63683935,
6968,کوچه بیست و چهار,51.37102015,35.63679077,
6969,خانی آباد نو  مترو علی آباد,51.39803697,35.61712817,
6987,شهید صمدی,51.38091969,35.62955798,
6989,درمانگاه,51.36952318,35.63888322,
6991,درمانگاه,51.36923244,35.6391471,
6993,پارک شریعتی,51.37255152,35.6348031,
6994,شهر آفتاب  پایانه جنوب,51.33993378,35.54750251,
6995,پارک شریعتی,51.37265203,35.63483859,
6997,ابوریحان,51.37529538,35.63130459,
6999,ابوریحان,51.37498406,35.63171132,
7001,مسجد,51.3773791,35.62902982,
7002,شهر آفتاب,51.34037036,35.54804308,
7003,مسجد,51.37752973,35.6289842,
7005,انتهای ماهان,51.37984802,35.62597591,
7007,انتهای ماهان,51.37957312,35.62640759,
7009,مدرسه شهید مطهری,51.3679488,35.63706107,
7011,مدرسه شهید مطهری,51.36909371,35.635439,
7019,بخشنده,51.36335628,35.62732067,
7021,بخشنده,51.36331305,35.6271854,
7035,طالقانی,51.369889,35.63238432,
7037,نوبهار,51.3664474,35.63093417,
7039,نوبهار,51.36606919,35.63056589,
7041,ورزش,51.36338952,35.62937727,
7065,شهرک شکوفه,51.36625206,35.6257584,
7067,شهرک شکوفه,51.3658651,35.62354827,
7099,بدر,51.36790818,35.63159603,
7166,میدان دانش,51.51576094,35.54706653,
7212,زمان آباد,51.51878865,35.54482229,
7214,زمان آباد,51.51865503,35.54461408,
7258,شهرک شکوفه,51.36648498,35.62543592,
7277,کارخانه چای,51.47259159,35.5849202,
7297,ایران خودرو,51.50893862,35.57011592,
7301,یکتا,51.5050165,35.57189021,
7303,سه راه سیمان,51.4999708,35.57443919,
7309,حاجی آباد,51.48863843,35.58081738,
7311,حاجی آباد,51.48820138,35.58098066,
7313,امین آباد,51.48540037,35.581654,
7315,امین آباد,51.48551413,35.58146363,
7317,بیمارستان,51.48178126,35.58332697,
7319,بیمارستان,51.48196783,35.58336833,
7321,کارخانه چای,51.47440291,35.58490859,
7323,نسوز,51.4689919,35.58574258,
7325,نسوز,51.46871247,35.58562829,
7327,درمانگاه,51.4623512,35.58667696,
7329,درمانگاه,51.4622189,35.58682389,
7331,سه راه تقی آباد,51.45917656,35.58632111,
7457,پارکینگ شهرری,51.43191473,35.58882564,
7477,مترو شهرری,51.42370997,35.59379098,
7489,پایانه مترو شهرری زمان آباد,51.42321031,35.59325267,
7505,غنی آباد,51.52007292,35.56595672,
7507,غنی آباد,51.51918048,35.56672558,
7509,اشرف آباد,51.51929135,35.56062138,
7511,اشرف آباد,51.51938566,35.56085789,
7513,اسلام آباد,51.5179634,35.5583065,
7515,اسلام آباد,51.5174298,35.5576181,
7519,مرغداری,51.5162744,35.55164921,
7521,کارخانه فرهاد,51.51615977,35.54949636,
7523,کارخانه فرهاد,51.51623293,35.54966693,
7525,میدان دانش,51.51616702,35.54806953,
9001,مدرسه فاطمه الزهرا,51.44737615,35.69075659,
9002,مدرسه فاطمیون,51.4447985,35.69074216,
9003,مدرسه امام عصر,51.44256619,35.69185937,
9004,مدرسه هنرستان شهدا,51.44032858,35.69210354,
9006,مدرسه رفاه,51.43651753,35.68885946,
9007,مدرسه صالحه,51.43838378,35.69130114,
9008,مدرسه شهید اندرزگو,51.44034614,35.69202873,
9009,مدرسه شهید آصف,51.44429796,35.69107523,
9010,مدرسه امید انقلاب,51.44724482,35.68758246,
9026,مدرسه بانک مسکن,51.48936467,35.62528768,
9027,مدرسه سمانه,51.48512505,35.6227101,
9028,مدرسه خوزستان,51.47863364,35.61875287,
9029,مدرسه بیست متری اعظم,51.47877894,35.61646895,
9030,مدرسه خردمند,51.48321292,35.61517468,
9033,مدرسه مسجد,51.48646416,35.61717798,
9034,مدرسه اول سازمان آب,51.48866072,35.61853951,
9035,مدرسه آذر,51.48575377,35.61681764,
9036,مدرسه زرین خواه شرقی,51.48068628,35.61451626,
9037,مدرسه زرین خواه غربی,51.4786022,35.61678052,
9038,مدرسه فروردین,51.48555283,35.62281281,
9099,مدرسه گنجی,51.48529304,35.73428831,
9100,مدرسه فدک,51.47571369,35.72672192,
9101,مدرسه باشگاه,51.4713606,35.72383849,
9102,مدرسه پرتو اسلام,51.47010748,35.72278964,
9103,مدرسه فضیلت,51.48139957,35.7310364,
9150,مدرسه جهان,51.46663158,35.72026799,
9151,مدرسه رضوان,51.4696156,35.72236642,
9152,مدرسه دیهیم,51.47303728,35.72469213,
9153,مدرسه شهدای نارمک,51.47687011,35.72739616,
9154,مدرسه ابوریحان,51.47903839,35.72894616,
9155,مدرسه شهید بهشتی,51.48154985,35.73100455,
9156,مدرسه توحید,51.48431325,35.73164995,
9157,مدرسه دختر انه تزکیه,51.38166709,35.63010281,
9158,مدرسه دخترانه حجاب,51.38568374,35.6323892,
9159,مدرسه مه جبین,51.38567131,35.63349547,
9160,مدرسه راهنمایی شهید آوینی,51.39329043,35.63756185,
9161,مدرسه راهنمایی شهید آوینی,51.39294672,35.63790615,
9162,مدرسه مه جبین,51.38585136,35.63470549,
9163,مدرسه پسرانه شهید رابعی,51.38046842,35.63061673,
9164,مدرسه دخترانه هدی,51.36593396,35.62348173,
9226,دبیرستان هجرت,51.47436281,35.72126595,
9227,شهید قاسم درویش,51.47637991,35.720021,
9228,مدرسه انقلاب,51.56989735,35.74551627,
9229,مدرسه بوستان آلاله,51.5679929,35.74420374,
9230,مدرسه میدان رهبر,51.56471255,35.74255432,
9231,مدرسه مسجد,51.56180804,35.74084615,
9232,مدرسه حسینی,51.55641938,35.73779317,
9233,مدرسه شریعتی,51.55370341,35.73624053,
9234,مدرسه والفجر,51.54984169,35.73414242,
9235,مدرسه پرورشگاه,51.54516322,35.73233423,
9236,مدرسه شاهد,51.54038822,35.73366968,
9237,مدرسه سیدالشهداء,51.53445462,35.73442803,
9238,مدرسه چهارراه اشراق,51.53102365,35.73487656,
9239,مدرسه رشید,51.52131142,35.73614129,
9240,مدرسه هنرستان,51.51558695,35.73690639,
9241,مدرسه خاور,51.50376573,35.73844168,
9242,مدرسه سید,51.49536664,35.73894948,
9243,مدرسه سید,51.49466192,35.73953268,
9244,مدرسه سراج,51.51277832,35.73714823,
9245,مدرسه هنرستان,51.51624083,35.7366918,
9246,مدرسه زرین,51.52756424,35.73521247,
9247,مدرسه چهارراه اشراق,51.53089804,35.73481497,
9248,مدرسه سیدالشهداء,51.53449448,35.73433354,
9249,مدرسه شاهد,51.54036627,35.73352646,
9250,مدرسه پرورشگاه,51.54510039,35.73191012,
9251,مدرسه والفجر,51.54931564,35.73386346,
9252,مدرسه شریعتی,51.55343051,35.73596312,
9253,مدرسه حسینی,51.55681375,35.73789121,
9254,مدرسه مسجد,51.56175906,35.7407052,
9255,مدرسه میدان رهبر,51.56515347,35.74267785,
9256,مدرسه بوستان آلاله,51.56790292,35.74406978,
9259,مدرسه گلسرخ,51.45971173,35.72574687,
9260,مدرسه عظیم پور,51.44578152,35.70714513,
9261,مدرسه شیخ صفی,51.44390704,35.70530019,
9262,مدرسه مترو,51.43606796,35.69719236,
9263,مدرسه دروازه شمیران,51.4354153,35.69605149,
9264,مدرسه سه راه مجاهدین,51.43416872,35.69400584,
9265,مدرسه شفایحیائیان,51.43845754,35.69144702,
9266,ایستگاه مدرسه,51.45273949,35.72958088,
9267,مدرسه معلم,51.45172679,35.72796294,
9268,مدرسه قدوسی,51.45573315,35.72933773,
9269,مدرسه سبلان,51.45972113,35.72547807,
9270,مدرسه موتور آب,51.46156866,35.72266057,
9271,چهارراه نظام آباد,51.46175402,35.71554695,
9272,مدرسه حسینی,51.4586547,35.71310771,
9273,مدرسه کهن,51.45517785,35.71086524,
9274,مدرسه گلچین,51.45363878,35.70967052,
9275,مدرسه بیمارستان,51.45133686,35.7076668,
9276,مدرسه امام حسین,51.44697929,35.70384673,
9277,مدرسه انقلاب,51.44082759,35.70234406,
9340,دبیرستان علوم اسلامی,51.44713198,35.68818033,
9341,دبستان صالحین,51.44688308,35.68466697,
9342,مدرسه چیت چیان,51.44652572,35.67984345,
9343,دبیرستان شاهد,51.44675833,35.68078399,
9344,مدرسه سادات موسوی,51.44704286,35.68475861,
8247,پایانه مترو وردآورد,51.15235819,35.74441612,
8249,بازیافت,51.14320297,35.74862383,
8266,شهرداری ناحیه سه,51.14335149,35.75152186,
8403,زاگرس یک,51.14490251,35.75389979,
8284,زاگرس دو,51.14777221,35.7538603,
8292,البرز یک,51.14936747,35.7557521,
8118,همدان,51.1553019,35.75717595,
8325,بهار شرقی,51.15482291,35.75544612,
8331,مسجد امام حسین علیه السلام,51.15419787,35.75424497,
8327,بهار غربی,51.15146039,35.75556868,
8116,دانشگاه صنعتی شریف,51.15203384,35.75765564,
8120,شهید زحمت‌کش,51.15452285,35.75771383,
8311,مروارید شهر یک,51.13930464,35.75459427,
8314,مروارید شهر دو,51.13609374,35.75332846,
8316,کرمانشاه,51.14348841,35.75453104,
8392,دانش,51.14354832,35.74849838,
8108,پایانه مترو وردآورد,51.15181409,35.74427499,
3039,قائم دوم,51.30319904,35.77596241,
3000,قائم,51.30515186,35.77812704,
2834,کوروش,51.31201394,35.77872458,
3238,شعرا,51.31682222,35.77783561,
3269,دانشگاه علوم و تحقیقات,51.31639422,35.78057688,
2876,سرو,51.31538298,35.77822462,
2830,ثنا,51.31180494,35.77889555,
3060,شاهد,51.30586878,35.77850451,
3119,جنت آباد,51.30338154,35.77566727,
4026,چهاراره تهرانپارس پایانه شرق جدید,51.51890318,35.723326,
4173,کوی نیروی هوایی,51.52651379,35.72398754,
4182,بلوار شاهد,51.53516585,35.72457653,
4186,شهید سلیمانی,51.53990021,35.72489907,
2635,کیمیدارو,51.54617311,35.72532446,
4075,مترو فرهنگسرای اشراق,51.55078288,35.72558614,
2633,اتحاد,51.55571901,35.72591427,
2629,تهران جوان,51.5679557,35.72460427,
4036,سه راه آزمایش,51.58049139,35.72365016,
4112,پایانه شرق جدید,51.59057591,35.72185405,
4114,پایانه شرق جدید چهارراه تهرانپارس,51.59195041,35.72194153,
4056,سه راه آزمایش,51.58024233,35.72384522,
2627,ایران ابزار,51.56966374,35.72465222,
2631,اتحاد,51.55572869,35.7261356,
4077,مترو فرهنگسرای اشراق,51.55076941,35.7258044,
4116,کیمیدارو,51.54542522,35.72544853,
4168,شهید سلیمانی,51.54052707,35.72508359,
4162,بلوار شاهد,51.53460439,35.72468328,
4154,تهرانپارس,51.52493165,35.72403038,
4128,چهارراه تهرانپارس,51.52231328,35.72385093,
2953,پایانه آزادی تهرانپارس,51.33647682,35.7031587,
4201,میدان آزادی,51.34136632,35.69930651,
4209,استاد معین,51.34768032,35.69995969,
4215,دانشگاه شریف,51.35302453,35.70008849,
4439,بهبودی,51.36789088,35.70042913,
4401,شهید نواب صفوی,51.37748553,35.70063696,
3353,دکتر قریب,51.38475323,35.70079735,
3357,میدان انقلاب اسلامی,51.39256002,35.70097406,
3365,دانشگاه تهران,51.39994723,35.70110722,
3371,چهارراه ولیعصرعجل الله تعالی فرجه شریف,51.40443439,35.70123373,
3377,میدان فردوسی,51.41798489,35.70146965,
3385,دروازه دولت,51.42521684,35.70164249,
3965,دکتر شریعتی,51.43007547,35.70168349,
3969,پل چوبی,51.4375902,35.7018561,
3961,میدان امام حسین علیه السلام,51.44549399,35.70191233,
3949,شهید منتظری,51.45248504,35.70320165,
3945,بوعلی,51.45610309,35.70426909,
3941,شهید فتحنایی,51.45990244,35.70534245,
3937,بیمارستان کودکان بهرامی,51.4661604,35.7071274,
4161,سبلان,51.47275362,35.70914298,
4153,وحیدیه,51.47925413,35.71117416,
4151,پل,51.48383957,35.71256425,
4147,شهید دکترآیت,51.48980755,35.71440433,
4139,ابوریحان,51.49516755,35.71605077,
4131,پل خاقانی,51.50155121,35.71802885,
4127,داریوش,51.50915606,35.72038131,
4132,چهارراه تهرانپارس,51.52029544,35.72371645,
4024,داریوش,51.50915606,35.72038131,
4135,پل خاقانی,51.50155121,35.71802885,
4137,ابوریحان,51.49516755,35.71605077,
4141,شهید آیت,51.48980755,35.71440433,
4149,پل,51.48383957,35.71256425,
4157,وحیدیه,51.47925413,35.71117416,
4159,سبلان,51.47275362,35.70914298,
3935,بیمارستان کودکان بهرامی,51.4661604,35.7071274,
3939,شهید فتحنایی,51.45990244,35.70534245,
3943,بوعلی,51.45610309,35.70426909,
3947,شهید منتظری,51.45257533,35.70322834,
3955,میدان امام حسین علیه السلام,51.44549399,35.70191233,
3971,پل چوبی,51.4375902,35.7018561,
3963,دکتر شریعتی,51.43007274,35.7018075,
3387,دروازه دولت,51.42521684,35.70164249,
3381,میدان فردوسی,51.42013066,35.70154568,
3373,چهارراه ولیعصرعجل الله تعالی فرجه شریف,51.40558692,35.70124739,
3367,دانشگاه تهران,51.39994723,35.70110722,
3359,میدان انقلاب اسلامی,51.39256002,35.70097406,
3351,دکترقریب,51.38475323,35.70079735,
3442,شهید نواب صفوی,51.37846963,35.70066469,
4443,بهبودی,51.36789088,35.70042913,
4219,دانشگاه شریف,51.35302453,35.70008849,
4207,استاد معین,51.34768032,35.69995969,
2942,پایانه آزادی,51.33277323,35.70167548,
4943,میدان خراسان شهرری,51.44535796,35.66317853,
4964,لطفی,51.44435927,35.66077635,
4966,شهید ناطقی,51.44035026,35.6604761,
4912,لب خط,51.43636513,35.65982516,
5044,میدان شوش,51.4316966,35.65975978,
6233,مهدیه,51.43226898,35.65458597,
6255,بیمارستان,51.43318117,35.65161932,
5799,فرزانه,51.43850482,35.64269915,
5803,میهن,51.43902004,35.64083115,
5807,بنگاه,51.43980572,35.63798259,
5811,ابتدای کیانشهر,51.44083126,35.63420755,
5819,آزادگان,51.44177759,35.63066945,
5932,گلخانه,51.44321423,35.62514647,
7155,صالحین,51.44374187,35.62318667,
7159,شهید بروجردی,51.44448501,35.6203842,
7383,فلکه اول دولت آباد,51.44703672,35.61779652,
7385,بلورسازی,51.44810845,35.61306624,
7387,صفاییه,51.44865559,35.6091523,
7391,درمانگاه,51.4467811,35.60515975,
7169,چشمه علی,51.44168424,35.60500372,
7173,ابن بابویه,51.44031268,35.60007049,
7201,امامزاده عبدالله,51.43866956,35.59559718,
7203,میدان شهرری,51.43739034,35.5929368,
7372,مسجد الرضا,51.43555898,35.59059757,
7283,مخابرات,51.43180068,35.5914044,
7465,فرمانداری,51.42623552,35.59301255,
7493,پایانه مترو شهرری,51.42351937,35.59401944,
7150,مترو شهرری  میدان خراسان,51.42335658,35.59326068,
7467,مدرسه,51.42661341,35.59268136,
7114,کانون بسیج,51.42771866,35.59073072,
7285,مخابرات,51.43167537,35.59135662,
7364,مسجدالرضا,51.4363413,35.5906495,
7211,میدان شهرری,51.43755043,35.59166251,
7175,سه راه ورامین,51.43935974,35.59639595,
7171,ابن بابویه,51.44076172,35.60135912,
7167,چشمه علی,51.44184354,35.60524374,
7165,خط آهن,51.44336673,35.61106686,
7163,منصور آباد,51.44415117,35.61374722,
7161,میدان شهید بروجردی,51.44520796,35.61829979,
7157,صالحین,51.44412785,35.62260541,
5930,گلخانه,51.44327191,35.62587143,
5821,آزادگان,51.44195407,35.63064903,
5813,کیانشهر,51.44107643,35.63389804,
5809,بنگاه,51.44020515,35.63710915,
5805,میهن,51.43929738,35.6404004,
5801,پل بعثت,51.43822215,35.64407397,
5795,مهدیه,51.43661414,35.64965383,
5793,حسینیه,51.43578023,35.65400404,
5791,لب خط,51.43705079,35.65885586,
4908,ارج,51.43986981,35.66034714,
4906,شهید نیکنام,51.44320194,35.66059115,
4945,بانک مسکن,51.44544564,35.66284374,
7176,تورقوز آباد متروی جوانمرد قصاب,51.29167523,35.50646357,
7178,مسجد,51.29040618,35.50423086,
7168,شهیدکاشانی,51.29124938,35.50291961,
7136,مزرعه,51.29226255,35.50186682,
7149,قلعه پروان,51.30013701,35.4995513,
7170,امام حسین,51.31193338,35.49512007,
7144,طاووس رنگ,51.3160351,35.49154102,
7659,میدان عبدل آباد,51.31699652,35.49045695,
7661,پویا,51.32048985,35.48904384,
7665,بیست و دو بهمن,51.32374232,35.48807087,
7669,مدرسه,51.33025485,35.48537816,
7657,مهدی آباد,51.332444,35.48415349,
7653,سه راه معدن,51.34104069,35.49135977,
7649,شورآباد,51.34228799,35.49262138,
7645,شصت متری,51.345035,35.49535427,
7641,پل اسماعیل آباد,51.3532507,35.50353478,
7620,مسکن مهر,51.35741318,35.50757605,
7637,آسایشگاه سالمندان,51.36101888,35.51128882,
7618,فرهنگ,51.36439858,35.51473456,
7633,کهریزک,51.36626899,35.5165816,
7627,مترو کهریزک,51.3700036,35.52011218,
7623,درب شرقی بهشت زهرا,51.37718885,35.523767,
7617,سایپا,51.38311981,35.52636377,
7561,سه راه باقرشهر,51.39792563,35.53318984,
7557,یخچال,51.40026129,35.53652762,
7553,یادگار امام,51.40234928,35.53972633,
7549,شهر سنگ,51.40447484,35.54297991,
7545,پالایشگاه,51.40668993,35.54636791,
7541,خیر آباد,51.41046855,35.55409676,
7537,سنگبری,51.4126791,35.55876896,
7533,آسیاب قرمز,51.41578311,35.56531351,
7529,انبار داریوش,51.41760193,35.56915051,
7137,ترانسفورماتور,51.42011021,35.57435135,
7133,شهید بهشتی,51.4221091,35.57854518,
7127,پمپ بنزین,51.42235443,35.58067192,
7243,ولی آباد,51.42575254,35.58607655,
7241,شهرداری,51.42662152,35.58792248,
7363,شهید مدرس,51.43154687,35.58668804,
7233,کمیل,51.42808361,35.59490279,
7229,شهید غیبی,51.42741846,35.59854413,
7225,ارشاد,51.42666852,35.6022032,
7251,آسیاب,51.42132502,35.60600348,
1220,متروجوانمردقصاب ایستگاه,51.42079788,35.61204345,
7158,متروی جوانمرد قصاب  تورقوزآباد,51.41992158,35.61109996,
7223,ارشاد,51.4270201,35.60053114,
7231,شهید غیبی,51.42704706,35.59719231,
7235,کمیل,51.42807698,35.59450917,
7237,رفاه,51.42725154,35.59001471,
7239,شهرداری,51.42561498,35.58611067,
7245,ولی آباد,51.42533841,35.58282354,
7129,شهیدآوینی,51.42210212,35.58096901,
7131,شهید بهشتی,51.42197082,35.57866073,
7135,ترانسفورماتور,51.41985942,35.57432167,
7527,داریوش,51.41725492,35.56896392,
7531,آسیاب قرمز,51.41560987,35.56549346,
7535,سنگبری,51.41320779,35.56042539,
7539,خیر آباد,51.40996616,35.55350247,
7543,پالایشگاه,51.40649628,35.54637859,
7547,شهر سنگ,51.40389279,35.54239303,
7551,یادگار امام,51.40151457,35.53877242,
7555,یخچال,51.39994463,35.53639267,
7455,سر باقرشهر,51.39829706,35.53389549,
7611,سه راه باقر شهر,51.39676911,35.53238966,
7619,سایپا,51.38353858,35.52669716,
7621,درب شرقی بهشت زهرا,51.37784163,35.52439719,
7625,مترو کهریزک,51.36913668,35.51989338,
7631,کهریزک,51.36614522,35.51668527,
7612,فرهنگ,51.36436664,35.51492891,
7635,آسایشگاه سالمندان,51.36056489,35.51109043,
7614,مسکن مهر,51.3570096,35.50760575,
7639,پل اسماعیل آباد,51.35279184,35.50331553,
7643,شصت متری,51.34645942,35.49697545,
7647,شورآباد,51.34274313,35.49329729,
7651,سه راه معدن,51.3413262,35.49186778,
7655,مهدی آباد,51.33391439,35.48437612,
7671,مدرسه,51.33036972,35.48537918,
7667,بیست و دو بهمن,51.32365932,35.48814809,
7741,پویا,51.32023748,35.48918261,
7174,عبدل آباد,51.31721751,35.49065118,
7172,طاووس رنگ,51.3156515,35.4917697,
7142,امام حسین,51.31196584,35.49502685,
7116,قلعه پروان,51.30004639,35.499613,
7180,شهیدکاشانی,51.29132841,35.50298019,
7160,مسجد,51.29065755,35.5039639,
7156,تورقوز آباد مقصد,51.29209126,35.50654948,
3750,پایانه شهید بهشتی  پل خاقانی,51.42743069,35.72835522,
3901,شهید مفتح,51.42974259,35.72427885,
3768,سهروردی,51.43627911,35.72448534,
3905,کلانتری سوار,51.44235687,35.72363918,
3717,کلانتری سوار,51.44393257,35.72480197,
3715,سه راه معلم,51.44520638,35.72756296,
3893,معلم,51.45120587,35.72795583,
3751,شهید قدوسی,51.4560591,35.72939117,
4081,چهارده متری لشگر,51.46102133,35.73108504,
4079,زمزم,51.46328634,35.73089588,
4071,شهید ایزدی,51.46559141,35.72944139,
4078,شهید نوروزی فرد,51.46765768,35.727648,
4070,گلستان,51.47825652,35.72154569,
4167,شیر مرد,51.48215898,35.72108001,
4080,سه راه سمنگان,51.48646976,35.72069581,
4082,شهید عبدالمجید گلدار,51.48884308,35.72050138,
4084,تلفنخانه,51.4927592,35.72018558,
4171,شهید کربلایی مهریزی,51.4968599,35.71985049,
4076,شقایق,51.50020835,35.71957341,
4119,خاقانی,51.50141755,35.71918095,
4133,پل خاقانی شهید بهشتی,51.50152952,35.71892408,
4086,شقایق,51.5001345,35.71966018,
4088,شهید کربلایی مهریزی,51.49653173,35.71996599,
4090,تلفنخانه,51.49273431,35.72028243,
4092,میدان چهل و نه,51.48989556,35.72051563,
4169,سه راه سمنگان,51.48652736,35.72078483,
4165,شیر مرد,51.48340616,35.72105234,
4163,گلستان,51.47647532,35.72193751,
4094,پل آغاز,51.4681776,35.72752522,
4032,شهید ایزدی,51.46582705,35.72957142,
4083,چهارده متری لشگر,51.4608244,35.73117661,
3753,مدرسه,51.45255182,35.72962435,
3887,شهید قدوسی,51.44421043,35.73139235,
3718,سهروردی,51.43766177,35.73114838,
3716,تختی,51.43132172,35.73090931,
3770,پایانه شهید بهشتی,51.42738209,35.72891079,
1463,میدان درکه,51.38385871,35.80597127,
1379,خانه معلم,51.38570359,35.80490021,
1385,شاه حسینی,51.38828073,35.8026845,
1387,بازار روز,51.39206755,35.79665116,
1391,شهید جلالوند,51.39509854,35.79581439,
1187,شهید شهریاری,51.39741358,35.79532379,
1227,کشاورزی,51.40648007,35.79696038,
1225,میدان الف,51.41131813,35.7974779,
1012,فرمانداری,51.41626982,35.80094558,
1139,باغ فردوس,51.42096485,35.80386311,
1137,شهید کاظمی,51.42287555,35.8058524,
1478,میدان تجریش,51.42814277,35.8067489,
1469,مترو تجریش,51.43294205,35.80507701,
1215,شهرداری,51.43682158,35.8051106,
1213,دزاشیب,51.44421407,35.80739733,
1211,شهید عمار میر انصاری,51.44957315,35.81081987,
1201,سه راه یاسر,51.45196816,35.81300911,
1197,جوزستان,51.45731046,35.81219709,
1375,مدرسه یادگار امام ره,51.45961518,35.81390974,
1144,میدان جماران مقصد,51.45941349,35.81566942,
1373,میدان جماران,51.45937055,35.81579167,
1377,مدرسه یادگار امام ره,51.45937932,35.81302205,
1199,جوزستان,51.4569127,35.81238494,
1203,سه راه یاسر,51.45149281,35.81298924,
1205,سعیدیه,51.44906661,35.81204079,
1207,باغ دوقلو,51.4435637,35.80931597,
1209,سه راه نیاوران,51.4379495,35.805427,
1471,مترو تجریش,51.4332153,35.80507505,
1477,میدان تجریش,51.42922926,35.80713164,
1135,شهید کاظمی,51.42346049,35.80624738,
1217,فرمانداری,51.41684239,35.80162584,
1221,مسجد,51.41532145,35.80016442,
1223,میدان الف,51.41033369,35.79744636,
1026,فروشگاه کشاورزی,51.40316471,35.79628401,
1395,شهید شهریاری,51.3970605,35.79557802,
1393,شهید جلالوند,51.39491656,35.79595883,
1389,بازار روز,51.39212439,35.7966916,
1383,شاه حسینی,51.38887921,35.80221672,
1381,خانه معلم,51.3859132,35.80486101,
1432,میدان درکه مقصد,51.38363363,35.80605787,
4179,پایانه علم و صنعت  دانشگاه امام حسین ع,51.50716829,35.73340127,
2472,دانشکده مترو,51.51594538,35.73290237,
2583,رشید,51.52128261,35.73603281,
2577,زرین,51.52499251,35.73557033,
2573,چهارراه اشراق,51.53126657,35.7347667,
2565,سید الشهدا ع,51.53631033,35.73410011,
2563,شاهد,51.54060462,35.73351452,
2557,پرورشگاه,51.54338566,35.73315425,
2555,فرهنگسرا,51.54660303,35.73046567,
2502,دماوند,51.5503794,35.72616668,
2361,شهاب دوم,51.57225922,35.72549455,
2480,خورشید,51.5750618,35.7271212,
2645,شیدائی,51.57753766,35.72858289,
1218,نیلی,51.5829567,35.73179617,
2333,بلوار افق,51.58491542,35.7329592,
2438,پیام نور,51.5876259,35.73456897,
2357,فجر,51.59093514,35.73456673,
2408,خرم,51.59396963,35.73345359,
2406,فرهنگ,51.59631505,35.73594764,
2505,تربیت معلم شهید چمران,51.59947188,35.73843504,
2509,مسجد الزهرا,51.59573758,35.74013651,
2513,بهشت,51.59077313,35.74153957,
2517,فروشگاه کوثر,51.58611458,35.74217947,
2519,دانشکده شهید عباسپور,51.57898047,35.74422586,
2329,دانشگاه ازاد,51.57498326,35.74538766,
2523,احسان,51.57248935,35.74611834,
2679,شهرک شهید بهشتی,51.57412234,35.75081247,
2675,دانشگاه آزاد,51.57600499,35.74909626,
2649,شهید بابائی,51.57900027,35.75114762,
2478,ولایت,51.57799324,35.75653506,
2512,مخابرات,51.58226377,35.76034598,
2490,شهرک بهمن,51.58443536,35.76233516,
2782,شهید شیردم,51.58161962,35.76431239,
2798,دانشگاه امام حسین ع,51.57935366,35.76138165,
2508,دانشگاه امام حسین ع,51.57968343,35.76137886,
2784,شهید شیردم,51.58158527,35.76422217,
2518,شهرک بهمن,51.58412272,35.76209214,
2522,مخابرات,51.58245181,35.76060717,
2494,شهید طاهری,51.58014933,35.75856561,
2528,شهرک ولایت,51.57785669,35.75652489,
2647,شهید بابائی,51.57862107,35.75202112,
2673,دانشگاه آزاد,51.57587914,35.74931078,
2677,شهرک شهید بهشتی,51.5742802,35.75078246,
2525,احسان,51.5722321,35.74606349,
2793,درب جنوبی دانشگاه,51.57430547,35.74546018,
2521,دانشکده شهید عباسپور,51.57826733,35.74430834,
2515,کوثر,51.586225,35.74202747,
2511,مهر,51.59163943,35.74131705,
2612,مسجد الزهرا,51.59456441,35.74051957,
2507,مسجد الزهرا,51.59568951,35.74002338,
2482,تربیت معلم شهید چمران,51.59981748,35.73812499,
2404,فرهنگ,51.59647725,35.73673987,
2410,خرم,51.59490748,35.73474341,
2657,بانک تجارت,51.59234078,35.73327527,
2659,خانه گستر,51.59166046,35.73333451,
2481,خلیج فارس,51.58965602,35.73024736,
2569,پارک ساحل,51.58662966,35.72978407,
2412,بلوار افق,51.58492304,35.73139917,
2639,نیلی,51.58265677,35.73176747,
2643,شیدائی,51.57797677,35.72899134,
2516,خورشید,51.57467286,35.72707292,
2359,شهاب دوم,51.57268381,35.72588578,
2551,جشنواره,51.55020013,35.72668121,
2553,فرهنگسرا,51.54806114,35.72908976,
2559,پرورشگاه,51.54478211,35.73270282,
2561,شاهد,51.54115583,35.7335533,
2567,سید الشهدا ع,51.53582448,35.7342517,
2571,چهارراه اشراق,51.53190063,35.73476244,
2579,زرین,51.52454876,35.73573298,
2581,رشید,51.52242466,35.7360081,
4107,پارک یاسمن,51.51188131,35.7280524,
4103,خاور,51.50546482,35.7288968,
4027,گلبرگ,51.50315904,35.72988412,
4022,شهید نیکچه فراهانی,51.50358762,35.73187002,
4048,پایانه علم و صنعت جنوبی,51.50491832,35.73381192,
2619,میدان رسالت میدان ونک,51.48794629,35.7375463,
2337,کرمان,51.47695666,35.73875465,
2341,شانزده متری,51.47282858,35.73955702,
2345,مجیدیه,51.46486789,35.74058306,
2347,کاج,51.45625129,35.74129251,
2349,سیدخندان,51.45316978,35.74157942,
2006,بهشت مادران,51.43916005,35.74275096,
2071,مصلی امام خمینی رضوان الله تعالی علیه,51.42720045,35.74060298,
3305,هنرستان,51.41564562,35.746154,
3301,پل,51.41523179,35.7503937,
2035,جهان کودک,51.41454416,35.75637993,
2061,ونک,51.41207832,35.75768332,
2258,ونک,51.41066879,35.75747791,
2059,چهارراه جهان کودک,51.4154538,35.7578844,
2060,مترو شهید حقانی,51.42764905,35.75859772,
2022,کتابخانه ملی,51.43433154,35.75595169,
3871,پارک آزادگان,51.4383932,35.74257851,
2351,سیدخندان,51.45326843,35.74140229,
2343,مجیدیه,51.46769147,35.74009994,
2339,شانزده متری,51.47313992,35.7393074,
2335,کرمان,51.47823674,35.73833234,
2040,میدان رسالت مقصد,51.48747619,35.73644764,
6143,میدان شوش میدان شهید قشقایی,51.43129439,35.65808844,
6243,"چهارراه بعثت
چهاراره بعثت",51.43423269,35.64515296,
6145,میهن,51.43490695,35.63936118,
6147,تهران,51.43545203,35.63459829,
6149,عوارضی,51.43607177,35.62914203,
7177,دولت آباد,51.43677218,35.62344822,
7183,ممتاز,51.43738992,35.61865464,
7185,ارکیده,51.43766036,35.61668127,
7189,منصورآباد,51.43806998,35.61366045,
7193,پل سیمان,51.43850596,35.61010747,
7197,بی بی زبیده,51.43816417,35.60398315,
7199,بیمه حسین آباد,51.43858087,35.60133624,
7559,میخک,51.42879643,35.58259373,
7357,حرم مطهر,51.43334578,35.58172714,
7353,پمپ گاز,51.43798149,35.58136525,
7757,میدان شهید قشقایی,51.44011714,35.58487321,
7134,میدان شهید قشقایی میدان شوش,51.43987798,35.58453473,
7351,پمپ گاز,51.43772136,35.5811738,
7355,حرم مطهر,51.43360084,35.58171701,
7361,میخک,51.42862351,35.58267271,
7253,بسیج,51.44001205,35.60673555,
7195,پل سیمان,51.43859641,35.61056047,
7191,منصورآباد,51.43818271,35.61381513,
7272,جانبازان,51.43799938,35.61523797,
7187,ارکیده,51.43777633,35.61699106,
7181,ممتاز,51.43755434,35.61873369,
7179,دولت آباد,51.43680361,35.62458631,
6257,عوارضی,51.43627914,35.62872194,
6259,تهران,51.43594762,35.63159558,
6265,میهن,51.43515563,35.6384641,
6271,فرزانه,51.43458708,35.64289615,
3669,میدان ولیعصر عج,51.40392461,35.71058936,
3386,بیمارستان,51.40051447,35.70766156,
3623,حجاب,51.39634921,35.71098775,
3595,فروشگاه سپه,51.39105207,35.71485795,
3461,شهروروستا,51.38951591,35.71519992,
3457,بیمارستان قلب,51.3892114,35.71887481,
3453,بیمارستان شریعتی,51.38883978,35.72183191,
3331,پل نصر,51.38500228,35.72376066,
1558,سه راه,51.37934095,35.72769549,
1556,کانال,51.37867397,35.73104525,
1552,داروخانه,51.3776085,35.73410918,
1550,مسجد,51.37695923,35.73598325,
1546,خیابان سی و دو,51.37627751,35.73795001,
1542,خیابان سی و هفت,51.37567869,35.73968811,
1544,کوی نصر میدان ولیعصر عج,51.37587169,35.73870028,
1602,کیان,51.37660512,35.73659574,
1554,کانال,51.37833738,35.73159321,
1560,سه راه,51.37929336,35.72710883,
1577,شهید فروزانفر,51.37641215,35.72675873,
1579,آتش نشانی,51.37311942,35.72738624,
1581,حسینیه,51.37242302,35.72736937,
1632,شهید چمران,51.37949182,35.72559735,
1523,همیار شهرداری,51.37771613,35.71448322,
3329,دانشکده مدیریت,51.38456789,35.72337106,
3398,بیمارستان شریعتی,51.38801808,35.72163899,
3455,مسجد,51.38929972,35.7180365,
3459,شهید فاطمی,51.38941253,35.71535645,
3593,فروشگاه سپه,51.39137408,35.71486544,
3597,سازمان آب,51.39557761,35.71639075,
3603,کاج,51.39941336,35.71771043,
3605,میدان فاطمی,51.40382508,35.71928309,
3346,فلسطین,51.4044896,35.71214558,
3673,میدان ولیعصر عج,51.40308326,35.71033735,
1481,پایانه تجریش میدان ازگل,51.42895762,35.80670407,
1443,باغ نظر,51.44761483,35.8071067,
1439,شهید لواسانی,51.45170493,35.80636036,
1437,شهروند فرمانیه,51.45614091,35.80474623,
1251,کامرانیه,51.46250337,35.80111252,
1247,شهید دیباجی,51.4684652,35.79988738,
1243,باشگاه فرمانیه,51.4718138,35.79930933,
1022,نارنجستان هفتم,51.4794251,35.79948008,
1237,مسجدامام جعفرصادق ع,51.48363175,35.80048638,
1039,اراج,51.48922591,35.80133878,
1029,دانشگاه پیام نور,51.50197243,35.79863995,
1465,مینی سیتی,51.50748116,35.79744631,
1024,شهید بابایی,51.50605448,35.79276467,
1451,تالار سرباز,51.50396208,35.79054873,
1148,میدان ازگل,51.50070962,35.79552981,
1447,میدان ازگل میدان تجریش,51.50075603,35.79558866,
1449,تالار سرباز,51.50413765,35.79037203,
1101,ستاد,51.50503908,35.79018813,
1030,شهید بابایی,51.50659231,35.79362541,
1015,دانشگاه اهل بیت ع,51.51930298,35.79532902,
1017,سازمان جنگلها,51.51517042,35.79623022,
1100,شهید محلاتی,51.5070311,35.79801698,
1204,پیام نور,51.50141968,35.7991731,
1037,ازگل,51.49594471,35.80043299,
1235,سه راه اراج,51.48616744,35.8017695,
1239,مسجدامام جعفرصادق ع,51.48327721,35.80066634,
1431,اقدسیه,51.47596944,35.80501803,
1433,سه راه اقدسیه,51.47306487,35.80576084,
1018,دبیرستان شاهد,51.47312216,35.80333143,
1020,دانش,51.47428688,35.80023669,
1241,سه راه پاسداران,51.47353683,35.79909836,
1245,شهید دیباجی,51.46730021,35.80029533,
1249,کامرانیه,51.46206719,35.80133886,
1435,شهروند فرمانیه,51.45663784,35.80453483,
1441,شهید لواسانی,51.45152461,35.80652026,
1445,باغ نظر,51.44728939,35.80723297,
1113,میدان تجریش,51.42846978,35.80720123,
1479,پایانه تجریش شهرک قائم عج,51.42903764,35.80668912,
1195,منظریه,51.4620175,35.81190157,
1189,قنات,51.46832849,35.81109812,
1429,نیاوران,51.47384914,35.81298448,
1423,کاشانک,51.47969544,35.81482842,
1419,جنگلبانی,51.48195657,35.81682337,
1415,موزه حیات وحش ایران,51.48622665,35.81652503,
1413,ورزشگاه شهدای داراآباد,51.48915117,35.81675178,
1403,شهید اسکندری,51.49208778,35.819605,
1068,دارآباد,51.49425385,35.81789795,
1066,سرای محله دارآباد,51.49720023,35.81358121,
1064,شهید مژدی,51.49773357,35.80789583,
1124,گلزار,51.49609662,35.80360808,
1311,ابوذر پنج,51.51943766,35.79712438,
1307,مجتمع ابریشم,51.52248421,35.79991146,
1305,هنرستان,51.52458802,35.80363398,
1299,مسجد قائم آل محمدعج,51.52522525,35.80618457,
1295,گلستان,51.52504825,35.80846684,
1291,پروژه صدونود,51.52775179,35.81028949,
1208,مجتمع مسکونی صدونود,51.52828947,35.81129029,
1287,صدف,51.52918955,35.81143591,
1158,شهرک قائم,51.530297,35.81311174,
1285,آفتاب گردان پایانه تجریش,51.53036841,35.81320498,
1289,صدف,51.52903143,35.81149807,
1028,مجتمع مسکونی صد و نود,51.52856301,35.81112044,
1293,پروژه صدونود,51.52758202,35.81038386,
1297,گلستان,51.52491705,35.80855203,
1301,مسجد قائم آل محمدعج,51.52507067,35.80614656,
1303,هنرستان,51.52472825,35.80352053,
1309,مجتمع ابریشم,51.52300664,35.80041482,
1210,مجتمع ولایت,51.52801894,35.79843179,
1269,برج های مروارید,51.52735312,35.7963235,
1009,کوثر,51.52185598,35.79476929,
1038,ازگل,51.49602135,35.80058197,
1126,شهید احمد لو,51.49634983,35.80376576,
1060,شهید مژدی,51.49797839,35.80809441,
1062,سرای محله دارآباد,51.49714942,35.81318594,
1401,دارآباد,51.4943581,35.81777761,
1405,شهید اسکندری,51.49213116,35.8196985,
1409,پورابتهاج,51.49040726,35.81752279,
1411,ورزشگاه شهدای داراآباد,51.48908816,35.81680433,
1417,موزه حیات وحش ایران,51.4855543,35.81661604,
1421,جنگلبانی,51.48206099,35.81691051,
1425,کاشانک,51.47910158,35.81442309,
1427,نیاوران,51.47108744,35.81322961,
1191,قنات,51.4683324,35.81120289,
1193,منظریه,51.46315193,35.8118733,
8422,مترو شهر زیبا,51.29454302,35.74456614,
2915,پارک کودک,51.29280424,35.74477245,
2911,منبع آب شمالی,51.29037048,35.74610712,
2892,شهر زیبا یک,51.28658879,35.74720635,
3257,زورخانه,51.28405922,35.74891073,
3247,شهید مطهری شرقی,51.2810617,35.75173983,
8420,دانشگاه علوم امتظامی,51.24796189,35.76089393,
8418,شهرک ثامن الائمه,51.24378867,35.76013354,
8111,نمونه سپاه,51.23012292,35.75768813,
8416,میلاد,51.22775224,35.75224703,
8375,ساحل,51.22078886,35.75390352,
8186,شهید جوزانی,51.21518774,35.75366513,
8119,عرفان,51.20531179,35.7536584,
8110,طبیعت,51.19887455,35.7529803,
8413,ایرانمال شمالی,51.19613579,35.75253838,
8215,پامچال,51.19228696,35.74822019,
8112,آرتام,51.15667459,35.75273234,
8254,شهرک شهید خرازی,51.15744567,35.75544127,
8326,شهید لطفی نیاسر,51.15995953,35.75753355,
8324,شهید متوسلیان,51.16398102,35.75750499,
8409,مهسان,51.16751528,35.76414754,
8320,شهید بابایی,51.16039669,35.7550612,
8322,شهید شوشتری,51.16376511,35.75504469,
8410,شهید حسینی محراب,51.1645092,35.75328848,
8411,شهیدای جزیره بوارین,51.16138399,35.75233488,
8412,پرورش,51.15948424,35.74894947,
8222,دانش,51.15568617,35.74630691,
8333,پایانه مترو وردآورد مترو شهر زیبا,51.15247439,35.74446418,
7286,دانش,51.15310924,35.7466659,
8243,ایلیا,51.15540431,35.74833078,
8415,راستین,51.15899731,35.74945855,
8208,ارکیده,51.19080779,35.7479869,
8414,ایرانمال جنوبی,51.19539199,35.7523482,
8170,طبیعت,51.19892875,35.75287407,
8172,عرفان,51.20531338,35.75353277,
8188,شهید جوزانی,51.21331465,35.75324683,
8379,ساحل,51.22085179,35.75372692,
8204,موج,51.22792385,35.75235552,
8408,امید دژبان جنوبی,51.23123471,35.75765318,
8417,شهدای مرزبانی,51.24407638,35.76000079,
8419,آزادگان,51.24855975,35.76028142,
3249,شهید مطهری غربی,51.28083632,35.75181187,
3255,شهید زینعلی,51.28357003,35.74920583,
3259,کانون شرقی,51.28808476,35.74966609,
3022,الغدیر جنوبی,51.29102589,35.7487054,
8421,مترو شهر زیبا,51.29381651,35.7455342,
8352,پایانه مترو استادیوم آزادی,51.28383707,35.71722174,
8151,ورزشگاه,51.26409377,35.72362242,
8147,خانه کشتی,51.26137975,35.72826226,
8342,آفتاب,51.25909484,35.7322527,
8395,ساحل,51.26147297,35.735586,
8137,یگان ویژه,51.27021469,35.73532012,
8129,جوانمردان,51.26416765,35.74381443,
8127,مسجد المهدی,51.26436319,35.74751604,
8123,چهارراه زیبادشت,51.26504019,35.75140566,
8166,میدان دهکده,51.26535403,35.75893086,
8144,مسجد امام رضا ع,51.26438539,35.75345194,
8146,درمانگاه ارم,51.26038327,35.75479205,
8148,لادن یکم,51.25898732,35.75654706,
8150,آزادگان,51.25450085,35.75740059,
8134,گلستان,51.25114636,35.75617537,
8136,گلبرگ,51.24861727,35.75644752,
8289,بنفشه نهم,51.24544672,35.7557647,
8291,شهرداری,51.24228595,35.75545172,
8191,بنفشه دوازده,51.24001506,35.75726656,
8387,علوم انتظامی,51.24734172,35.76147487,
8106,اسکان سبز,51.24083049,35.76187797,
8384,امید دژبان,51.23405366,35.76090283,
8252,کوهستان,51.2330732,35.76148375,
8218,نمونه سپاه,51.22906338,35.76091785,
8275,بوستان نهم,51.20545003,35.75961652,
8279,بوستان سوم,51.20119467,35.75945954,
8271,شهید مظفر,51.19995221,35.76107431,
8385,پایانه شهید باقری,51.20108383,35.76341042,
8255,پایانه شهید باقری,51.20173462,35.76352204,
8269,شهید مظفر,51.19974635,35.76086389,
8277,بوستان,51.20047571,35.75935057,
8273,مدرسه,51.20498316,35.75957448,
8259,بوستان نهم,51.20924943,35.76205151,
8389,پویش,51.23353338,35.76020877,
8382,پردیس,51.22906297,35.76079698,
8258,پیروز,51.23210147,35.76127215,
8189,سروستان یازدهم,51.23992296,35.7565683,
8293,شهرداری,51.24303055,35.75487761,
8346,میدان اتریش,51.2455963,35.75511074,
8132,یاس نهم,51.24993971,35.75551441,
8138,گلبانک,51.25485686,35.75521811,
8140,شهروند,51.25854234,35.75339791,
8142,مرصاد,51.26447089,35.75328377,
8121,زیبادشت بالا,51.26492516,35.75171772,
8125,مسجد المهدی,51.26419891,35.74767602,
8131,خاتم,51.26397896,35.74399307,
8354,تخلیه پایانه مترو استادیوم آزادی,51.28460104,35.71714533,
4125,چهارراه تهرانپارس,51.51903399,35.72339791,
4117,چهارراه تهرانپارس,51.52000405,35.72356047,
4630,پایانه کاوه  استاد معین,51.38715396,35.70060522,
4503,دامپزشکی,51.37825502,35.69396956,
4501,خوش,51.37401464,35.69365034,
4499,قصرالدشت,51.36997866,35.69333739,
4497,کارون,51.3659962,35.6930344,
4495,جیحون,51.36272061,35.69279285,
4493,بانک,51.35939895,35.69256084,
4491,رودخانه,51.35651536,35.69231306,
4205,مدرسه,51.3521956,35.69199806,
4393,بیست و یک متری جی,51.34830153,35.69170068,
4299,طوس,51.34622149,35.69425443,
4218,میدان استاد معین,51.34680582,35.69667112,
4387,استاد معین  پایانه کاره,51.34659764,35.69659157,
4301,طوس,51.34606948,35.69419459,
4391,شهر و روستا,51.34584218,35.6905471,
4544,فرهنگیان,51.34697819,35.68881138,
4395,بیست و یک متری جی,51.3496851,35.68889196,
4397,هاشمی,51.35312505,35.6890254,
4509,مدرسه,51.35696337,35.68916307,
4511,دوازده متری,51.36245635,35.68941046,
4513,کارون,51.36787248,35.6898534,
4515,خوش,51.37245511,35.69025068,
4437,هاشمی,51.37612578,35.69077401,
4593,آذربایجان,51.37563024,35.69498146,
4505,جمهوری غربی,51.37650284,35.69664397,
3349,اوستا,51.38194621,35.70068542,
4636,پایانه کاوه,51.38635426,35.70041267,
2014,پایانه شهید حقانی بلوار ارتش,51.42808648,35.75804999,
2111,سه راه ضرابخانه,51.45270439,35.75564418,
2382,شهید کشوری,51.45408744,35.75839367,
2380,شهید فرخی یزدی,51.45837658,35.75911945,
2374,گیلان,51.46061441,35.7616749,
2372,گلریز,51.46501612,35.76087547,
2332,بانک تجارت,51.46881468,35.7617616,
2328,پروتز کوثر,51.47121692,35.76577025,
2324,گلستان پنجم,51.47218827,35.76740254,
2318,میدان هروی,51.47654468,35.76766484,
2350,شهید عارف,51.4819157,35.7691268,
2304,بوستان مبارک آباد,51.48326205,35.76931833,
2789,افتخاریان,51.48376432,35.77213899,
2787,سه راه لویزان,51.48578557,35.77550801,
2783,مسجد,51.48772092,35.77767845,
2779,چهار صد دستگاه,51.49142458,35.77848961,
2775,مهمانپذیر,51.49623891,35.78273248,
1105,پادگان المهدی عج,51.50374343,35.78740742,
1021,شهید محلاتی,51.51013802,35.79681483,
1013,ابوذر,51.52002231,35.79470401,
1011,کوثر,51.52178516,35.79430494,
1007,شهید شاهمرادی,51.52520631,35.7934161,
1003,انتهای ارتش,51.53160337,35.79207126,
1001,بلوار ارتش,51.53100289,35.79246489,
1005,کوی یاس,51.52696907,35.79343188,
1335,شاهد,51.50860199,35.79839263,
1103,ستاد,51.50428168,35.7889008,
1063,نوبهار,51.50007762,35.78643514,
2773,مهمانپذیر,51.4962813,35.78296392,
2777,چهار صد دستگاه,51.49170386,35.77851506,
2781,مسجد,51.48819015,35.77805527,
2785,سه راه لویزان,51.48576065,35.77580035,
2506,بوستان رز,51.4818637,35.7759595,
2348,جوانشیر,51.47835469,35.77642757,
2314,وفامنش,51.47742647,35.77255137,
2316,میدان هروی,51.47663978,35.76849766,
2322,گلستان,51.47232308,35.76779878,
2326,مرکز پروتزکوثر,51.4711703,35.76582402,
2330,بانک تجارت,51.46905637,35.76231081,
2386,گیلان,51.46488851,35.76099292,
2376,شهید سواد کوهی,51.45935397,35.7609259,
2378,میدان شهید فرخی یزدی,51.45756955,35.75786451,
2055,حقانی,51.42361705,35.75891368,
2016,پایانه مترو شهید حقانی,51.42779989,35.75824606,
5011,سعدی  پارک ولیعصر,51.42381315,35.68451241,
5129,فاطمیه,51.43320944,35.68510713,
5145,آبشار,51.4372934,35.68212393,
5147,دردار,51.43835347,35.67901979,
5151,مسجد ابوالفتح,51.43697812,35.67112583,
4902,علامه حلی,51.43472135,35.6657966,
4904,صفاری,51.43598412,35.66312407,
5823,ابتدای طیب,51.44597283,35.66319747,
6055,سپهر,51.44806711,35.66024638,
6037,انتهای طیب,51.45091162,35.656219,
6059,پارک ولیعصر,51.4533244,35.6557736,
5946,پایانه ولیعصر,51.45427977,35.65206165,
6035,پایانه ولیعصر,51.45416933,35.65219786,
6061,فرهنگ,51.45325318,35.65577832,
6057,الوند,51.44791499,35.66046075,
5825,ابتدای طیب,51.4456375,35.6636611,
5195,شهید لرزاده,51.44152114,35.66647382,
5199,طوس,51.43774713,35.66727794,
5153,قیام,51.43687162,35.67074191,
5149,کارگشایی,51.43834831,35.67689054,
5143,امین حضور,51.43759176,35.68145651,
5131,سرچشمه,51.43335163,35.68511029,
5135,سراج,51.42784714,35.68633624,
5021,میدان امام خمینی ره,51.422517,35.68386282,
4941,م خراسان,51.44539939,35.66369729,
5815,کیانشهر,51.44279457,35.63494305,
6079,پیام,51.4459293,35.63550705,
6081,جوانه,51.44914791,35.63673917,
6077,خانه فرهنگ,51.45341911,35.63871432,
6073,تامین اجتماعی,51.45621927,35.63993254,
5750,شهرک جمهوری,51.45760957,35.63712759,
5772,ورودی ششم,51.45851504,35.63386768,
5752,کیانشهر,51.4582187,35.6334855,
5748,فلکه دوم,51.45752563,35.63745134,
6071,فلکه اول,51.45692858,35.63962718,
6075,امیر کبیر,51.45282571,35.63844073,
6083,راهنمایی و رانندگی,51.44943659,35.63687339,
6085,سیامک,51.44521674,35.6354739,
5817,پیمان,51.44169038,35.63482913,
5860,شهرک سجادیه,51.43736962,35.64722514,
6067,گلزار,51.43848627,35.6499408,
5841,منصور,51.44443962,35.65027152,
5835,بهزیستی,51.44474679,35.6542246,
5833,نسیم,51.44499222,35.65745949,
5827,افشار,51.44519296,35.66020522,
6046,پایانه مترو نعمت آباد,51.3456286,35.63366528,
6048,مهر,51.34241417,35.63468178,
6050,کتابخانه,51.34893739,35.64012163,
6052,مدرسه علی اصغر,51.34591763,35.64241814,
6853,شهید باقری,51.33745073,35.63927266,
6054,عمرانی,51.33516316,35.63618323,
6162,امامت,51.33267579,35.63600924,
6058,ورزشگاه,51.32553292,35.63535736,
6065,بیمارستان کودکان حکیم,51.32240513,35.6345898,
6764,میدان امام علی,51.31285265,35.63269438,
6056,تعویض پلاک,51.31192099,35.64057307,
6060,شهرک مسلمین,51.3121621,35.64525649,
6673,میدان الغدیر,51.31063694,35.64874676,
6817,شهید زندیه,51.30875194,35.64725344,
6676,شهید طاهری,51.30428471,35.64963247,
6727,گلزار شهدا,51.30407773,35.65228715,
6731,شهید اسدآبادی,51.30093811,35.65235591,
6737,رضوان,51.29757873,35.65198296,
6739,ابراهیم آباد میدان سروستان,51.2956312,35.65150921,
6722,شهرک مفید,51.2738114,35.65696611,
6895,ورزشگاه پویا,51.26854463,35.66235062,
6652,حسینیه,51.26639233,35.66225842,
6724,ولیعصر شمالی,51.26253897,35.66206595,
6726,شهرداری,51.25683585,35.66174732,
6604,چهارراه خلیج,51.26352664,35.66267119,
6657,پارک,51.26418187,35.66566286,
6651,تعمیرگاه,51.26502245,35.66933077,
6645,مدرسه,51.26563683,35.67219405,
6641,بیمارستان شهید فیاض بخش,51.2662368,35.67486175,
6643,بیمارستان شهید فیاض بخش,51.2660534,35.67460548,
6647,مدرسه,51.26547691,35.67215935,
6649,تعمیرگاه,51.26502405,35.67001299,
6653,دخانیات,51.26435532,35.66695281,
6732,مجتمع خاتم,51.25950565,35.66532226,
6730,بهارستان,51.25623894,35.66521801,
6728,نوروز آباد,51.25516906,35.66291353,
6738,بوستان انرژی,51.25672472,35.66167167,
6740,ولی عصر جنوبی,51.26252,35.66196026,
6712,ثارالله,51.26522529,35.66494569,
6714,شهید مالکی,51.26826388,35.66473974,
6718,شهرک مفید,51.2738503,35.65677595,
6741,ابراهیم آباد,51.29576379,35.65141426,
6735,رضوان,51.29844447,35.65207265,
6733,شهید اسدآبادی,51.30102723,35.65225728,
6682,شهید طاهری,51.30440669,35.6493398,
6815,شهید زندیه,51.30851262,35.64699146,
6032,میدان الغدیر,51.31106532,35.64865609,
6033,بیمارستان شهدای یافت آباد,51.31195763,35.64504923,
6034,نسترن,51.31183104,35.64205582,
6839,میدان امام علی,51.31268448,35.63271839,
6063,بیمارستان کودکان حکیم,51.32303872,35.6346878,
6847,شهرک اسلام آباد,51.32546324,35.63527839,
6845,اسماعیل آباد,51.32777183,35.63552471,
6114,ایثار,51.33263937,35.63594079,
6036,حسینیه,51.33548266,35.63627515,
6855,شهید باقری,51.3370229,35.63911536,
6038,بوستان سپیده,51.34548188,35.64225272,
6040,شهرداری ناحیه دو,51.34694977,35.64385354,
6042,پژاوند,51.34609456,35.64548334,
6619,وصفنارد,51.35084682,35.64612774,
6625,میدان زمزم,51.35389508,35.63768074,
6044,پایانه مترو نعمت آباد,51.34630344,35.63386286,
7146,پایانه مترو جوانمرد قصاب شهرک شهید مفتح,51.420516,35.61122144,
7280,میدان نماز,51.42791955,35.6034387,
7437,آموزش و پرورش,51.43312387,35.60277152,
7257,بیمه,51.44137543,35.59653939,
7261,ظهیر آباد,51.4474272,35.59529666,
7242,صالحین,51.45195977,35.59339141,
7399,میثم,51.45237093,35.59068053,
7147,شهروند,51.44979581,35.58532676,
7118,شهرک عبد العظیم,51.44995467,35.57855149,
7120,گلسار,51.45206503,35.58013251,
7341,میثم جنوبی,51.45221141,35.58270478,
7337,رضوان,51.4553868,35.58351357,
7110,معلم,51.45800589,35.58091089,
7106,بیست و دو بهمن,51.458844,35.57770594,
7252,شهرک شهید مفتح,51.45918004,35.5769545,
7102,شهرک شهید مفتح,51.45950532,35.57655298,
7104,بیست و دو بهمن,51.45996408,35.5789295,
7108,معلم,51.45868154,35.58134171,
7112,شهیددیناروند,51.45717214,35.58450234,
7335,رضوان,51.45557255,35.58438257,
7339,علائین,51.45158752,35.58295814,
7343,سلمان فارسی,51.44798873,35.58153597,
7265,میدان معلم,51.45405236,35.59211155,
7263,صالحین,51.45124718,35.59390416,
7259,ظهیر آباد,51.44791616,35.59526344,
7255,بیمه,51.4406339,35.5967521,
2908,پایانه آزادی ابراهیم آباد,51.33625859,35.70279797,
4293,معراج,51.3375683,35.69741656,
4379,هاشمی,51.34062158,35.68810471,
4343,شهید بختیاری,51.34372354,35.67784794,
4373,حاجیان غربی,51.34581797,35.67506768,
4365,شهرک توحید,51.34775126,35.67147355,
6603,یادگار,51.3439169,35.66356318,
6695,چهارراه یافت آباد,51.34202328,35.66119242,
6697,بهداشت,51.33977461,35.66079589,
6703,بافان,51.33545277,35.6605447,
6707,میدان معلم,51.33021005,35.6591609,
6748,شهید احمدی روشن,51.32654293,35.65789042,
6709,مدرسه,51.32383319,35.65690929,
6713,شهرک صاحب الزمان,51.32072118,35.65551616,
6715,طالقانی,51.31723925,35.65418181,
6721,شهرک امام خمینی,51.31191596,35.6530506,
6725,قهوه خانه,51.30910046,35.65268383,
6729,گلزار شهدا,51.30402017,35.65240011,
6723,قهوه خانه,51.30924733,35.65255663,
6719,شهرک امام خمینی,51.31370913,35.65315668,
6717,طالقانی,51.31740358,35.65410444,
6668,شهرک صاحب الزمان,51.32020996,35.65518384,
6711,آتشبار,51.32265854,35.65631434,
6756,بلوار معلم,51.32643017,35.65774645,
6705,آفتاب,51.33036657,35.65908614,
6701,بافان,51.33553069,35.6604096,
6699,بهداشت,51.34002678,35.66071119,
6693,چهارراه یافت آباد,51.34328789,35.6612858,
6601,پل ساوه,51.34438605,35.66556994,
4377,میدان بوتان,51.3466662,35.6686569,
4216,سه راه بوتان,51.34800399,35.67173774,
4371,حاجیان شرقی,51.34594634,35.67519158,
4339,میدان فتح,51.34363477,35.67826505,
4381,هاشمی,51.34084425,35.68805526,
4297,المهدی,51.33911901,35.69755357,
3289,پایانه مترو صادقیه  جنت آباد شمالی,51.33082985,35.71673721,
2996,فردوس,51.30990156,35.7265128,
3050,شهید باهنر شرقی,51.31366924,35.74038526,
3108,داروخانه,51.31423435,35.74363949,
3048,شهید خلیل آبادی,51.31440963,35.74688947,
3110,شهید مخبری,51.31711042,35.75650729,
2848,ایران زمین,51.32125001,35.75710083,
3117,گل تپه,51.32421642,35.75748554,
3113,شهید میرزابابایی,51.32537595,35.76138418,
3107,فجر دو,51.32634605,35.76467123,
3103,یاس دو,51.32754422,35.76865961,
2972,سردار جنگل,51.3248092,35.76252928,
3036,شهید ستاری,51.32055011,35.76358529,
3056,یاس,51.31890392,35.76700021,
3038,زیتون,51.32048166,35.77497412,
2897,شقایق شمالی,51.31386053,35.76942451,
2893,درمانگاه ایرانپارس,51.31017183,35.76745358,
3053,بهارستان شش,51.30435631,35.76592181,
2945,بهارستان دهم,51.30437928,35.76767288,
3045,بهارستان شانزده,51.30441338,35.76970684,
2936,بهارستان بیستم,51.30444809,35.77190424,
3041,بهارستان بیست و شش,51.30426817,35.77403226,
2828,انتهای جنت آباد,51.30329736,35.77548171,
3043,بهارستان بیست و پنج,51.30424777,35.77354917,
3047,بهارستان هفده,51.30426056,35.77053924,
3049,بهارستان یازده,51.30426111,35.76831869,
3051,گلزار غربی,51.30420015,35.76595538,
2891,شهید صلاحی,51.31098118,35.76753542,
2895,شقایق جنوبی,51.31351856,35.76877645,
2901,المهدی,51.32367808,35.7700843,
3101,اول سردار,51.3271724,35.76810382,
3109,بهار غربی,51.32649192,35.76580092,
3105,اردیبهشت,51.32597138,35.76403869,
3111,بهشت,51.32521132,35.76147226,
3115,کوثر,51.3242005,35.75806551,
2832,سعادت,51.32273266,35.75686428,
2846,پردیسان,51.31985531,35.75759149,
3078,گلستان غربی,51.3169938,35.75669877,
2974,لاله,51.31412134,35.74489899,
3052,شهید باهنر غربی,51.31384052,35.74220119,
3106,پیامبر,51.31332313,35.73959871,
2927,حسن آباد,51.31420312,35.72984773,
2931,باصفا,51.31808867,35.72831736,
2933,گلستان جنوبی,51.32188621,35.72679381,
2937,نابینایان,51.32634121,35.72504044,
2820,فلکه دوم صادقیه,51.3341903,35.72198991,
2922,مترو صادقیه,51.33107389,35.71716328,
2866,پایانه مترو صادقیه کن,51.33063541,35.71676522,
3291,میدان شهید رحمانی,51.33144698,35.71173552,
2941,صادقیه,51.33310743,35.72252518,
2939,پارک سارا,51.32646938,35.72512818,
2935,گلستان شمالی,51.32281562,35.72657893,
2929,بهنام,51.31757384,35.72865933,
2925,زنبق,51.31388039,35.73012648,
2923,شاهین شمالی,51.30667831,35.73719089,
2917,جنت آباد,51.30349617,35.74030955,
3216,میدان الغدیر,51.28943417,35.75012344,
3011,فرهنگسرا,51.2898626,35.75834572,
3005,مسکن شرقی,51.29018414,35.76122293,
3001,ایرانپارس شرقی,51.28953898,35.76400642,
2999,بهار آزادی,51.28920478,35.76661801,
3265,نیروگاه,51.29237147,35.76907133,
2924,نیمایوشیج,51.29421964,35.77106467,
2658,مهرانی,51.29479378,35.77373634,
3241,شهیدهاشمی‌زاده,51.283597,35.76763942,
3229,کوهسار غربی,51.28340476,35.7647143,
1074,ارمغان,51.28459506,35.76151627,
3118,شهید مطهری,51.28536699,35.75950312,
2894,سرداران شهید,51.28644381,35.75679146,
3239,شهید طاهری,51.28347914,35.75623949,
2844,کن,51.2822565,35.75838008,
3235,کن  پایانه مترو صادقیه,51.28218812,35.75851866,
3237,قاسم آباد,51.28365124,35.75602578,
3233,مهسا,51.28652318,35.75689081,
3120,مهدی,51.28464228,35.76166614,
3231,کوهسار شرقی,51.28331448,35.76529148,
3251,شهیدعباسی,51.28455526,35.76803294,
2652,میدان سوم شهران,51.2955138,35.77319241,
2912,ساختمان پزشکان,51.29430025,35.77138261,
3267,دبستان,51.29223198,35.7690954,
2997,فلکه شهران,51.29000382,35.76762826,
3003,ایرانپارس غربی,51.28923932,35.76427172,
3007,مسکن غربی,51.28996214,35.76067305,
3009,قائم آل محمد,51.28974438,35.75855694,
3261,کانون غربی,51.28775241,35.7496058,
3013,شهرزیبا,51.28568464,35.74455101,
3015,شهید شربیانی شرقی,51.28500669,35.74181093,
2909,منبع آب جنوبی,51.28740835,35.74679588,
2913,مسجدالرسول,51.29228902,35.74495698,
2919,شهید محرابی,51.30270128,35.74058068,
2921,شاهین جنوبی,51.30746645,35.73604088,
2880,پایانه آزادی  شهیدباقری,51.33560625,35.70223308,
2969,رفاه,51.32703261,35.69969088,
2967,مدرسه,51.3229596,35.69956006,
2962,مترو بیمه دوم,51.31999447,35.69948811,
2963,بیمه چهارم,51.31599293,35.69938229,
2961,فاز دو,51.30756144,35.69905641,
2955,گمرک شمالی,51.29171631,35.70083722,
7850,هوا فضا,51.28679011,35.70175577,
7901,شیشه مینا,51.28314322,35.70320192,
8091,فرهنگیان,51.2808373,35.70760205,
8095,ایران تایر,51.27451056,35.70874924,
7804,توسعه,51.27088587,35.70940974,
2928,کوی نصر,51.26607362,35.71029081,
8281,المپیک,51.26252538,35.74638744,
8285,صدرا,51.25848334,35.74622756,
8341,مسجد,51.25025105,35.74593271,
8187,سپهر,51.24799982,35.74663029,
8183,گلها,51.24780061,35.74815383,
8177,یاس سوم,51.24738235,35.75109104,
8173,یاس هشتم,51.24698784,35.75401117,
8193,سروستان,51.24027705,35.75383564,
8197,سروستان سوم,51.24067845,35.75106985,
8203,کاج,51.24108673,35.74810119,
8301,نرجس,51.23779138,35.74680306,
8305,اقاقیا,51.23450529,35.74651009,
8309,امیرکبیر,51.23118919,35.74620936,
8347,کاشان,51.22838548,35.74911062,
8182,ارغوان,51.22592471,35.76030239,
8220,شهید مکری,51.22618693,35.75966622,
8257,بهارستان,51.20789646,35.76151759,
8261,مسجد پیامبر اعظم ص,51.20384249,35.7616259,
8265,گلستان یکم,51.20177228,35.76159758,
8176,پایانه شهید باقری,51.20165695,35.76351518,
8267,گلستان,51.20185578,35.76153468,
8263,مسجد پیامبر اعظم ص,51.20463206,35.76153371,
8313,کاشان,51.22812217,35.74939951,
8386,شهید امیری صفت,51.22841455,35.74665778,
8307,مدرسه شهید هداوند,51.23112221,35.74611235,
8303,گلفام,51.23481717,35.74643827,
8299,مدرسه نرجس,51.23814339,35.7467378,
8201,کاج,51.24126668,35.74810973,
8199,بنفشه پنجم,51.24085458,35.75112602,
8195,بنفشه هشتم,51.24050975,35.75380858,
8175,بنفشه هفتم,51.24687529,35.7537137,
8179,بنفشه چهارم,51.2472256,35.7512283,
8181,گلها,51.24758889,35.74856034,
8185,شباهنگ,51.24785114,35.7466956,
8340,مسجد,51.25100078,35.74592527,
8287,صدرا,51.25881477,35.74607648,
8283,المپیک,51.26227767,35.74618699,
8143,ساحل,51.26109503,35.73570669,
8343,آفتاب,51.25906764,35.73198113,
8145,خانه کشتی,51.26110106,35.72842012,
8388,پردیس دو دانشگاه علامه طباطبایی,51.26309174,35.72443032,
8149,استادیوم,51.2636605,35.72343653,
7921,چوگان,51.26446419,35.70666317,
7919,پادگان,51.26533573,35.70991493,
8099,توسعه,51.27102775,35.70925531,
8097,ایران تایر,51.27430025,35.7086681,
8093,فرهنگیان,51.27994889,35.70763905,
7899,هلیکوپتر سازی,51.28452505,35.70828627,
7756,صنایع هوایی,51.28672536,35.71280709,
2932,پایانه آزادی,51.33451445,35.70158104,
4046,پایانه علم و صنعت پایانه شهید براری,51.5070567,35.73327837,
4031,مدرسه,51.50254843,35.72701471,
4035,دفتر,51.50186969,35.72347056,
4058,کیاشمشکی,51.49939234,35.71816453,
5337,فلکه آشتیانی,51.50304434,35.71502436,
5333,فلکه اطلاعات,51.49896562,35.71343609,
5329,فلکه چایچی,51.50070033,35.70943604,
5325,داروخانه,51.49871261,35.70878687,
5299,جوراب بافی,51.49636971,35.70734686,
5293,مسجد,51.49807082,35.70368512,
5339,فلکه لوزی,51.4968666,35.70189499,
5303,تره بار,51.4926223,35.70138479,
5209,پیروزی,51.49190036,35.69648177,
5345,پایانه شهید براری مقصد,51.49176237,35.69336688,
5255,پایانه شهید براری  پایانه علم و صنعت,51.49168138,35.69307015,
5301,اول,51.48775639,35.69661142,
5353,ابتدای مسیل منوچهری,51.49255477,35.69606125,
5305,منوچهری,51.4926451,35.69894139,
5341,فلکه لوزی,51.49735205,35.70119208,
5291,مسجد,51.49778793,35.70429622,
5297,جوراب بافی,51.49636123,35.70736491,
5327,داروخانه,51.49847995,35.7086401,
5307,چایچی,51.50087568,35.709758,
5331,فلکه اطلاعات,51.49928588,35.7136889,
5335,فلکه آشتیانی,51.50319842,35.71487327,
4003,پل اول,51.50399001,35.72282027,
4001,پل دوم,51.51018213,35.7267135,
5009,سعدی پاسدار گمنام,51.42363814,35.68384232,
5171,مولوی شرقی,51.43726362,35.66973375,
5163,سپهری,51.44402752,35.66853562,
4933,میدان خراسان,51.44565341,35.66632638,
5583,سینما پیوند,51.4478983,35.66511258,
5563,شهید مخبر جنوبی,51.452533,35.666614,
5667,درختی,51.45509023,35.66649314,
5665,پارک شهید جهان پناه,51.45865505,35.66570615,
5659,میدان شهید آیت الله سعیدی,51.4608052,35.6674349,
1186,شهید گلشناس,51.46553234,35.66531997,
1188,میثم,51.47023731,35.66307558,
1190,بازار گل,51.47613624,35.66234733,
1192,شهرداری منطقه چهارده,51.47941832,35.66190609,
5531,بهشت,51.48138523,35.66604022,
5529,پاسدار گمنام,51.48112428,35.67164109,
1194,نهال,51.47668154,35.6728166,
5404,شهید محمدرضا ملاباقری,51.47135524,35.67413008,
5410,آب موتور,51.46363006,35.67632208,
5482,کرمان شرقی,51.46011795,35.68065539,
5434,کرمان مقصد,51.45991098,35.68167652,
1142,پاسدار گمنام,51.45972767,35.68083943,
5682,پارک ابیانه,51.45908717,35.67684689,
1196,بوستان امام علی,51.46045974,35.67415283,
5494,شهید شریفی,51.46210134,35.67265493,
1155,آتش نشانی,51.46071031,35.67447525,
5402,شهید تکیه اکبرآبادی,51.46238239,35.67622916,
5406,شکیب,51.46657072,35.67529001,
5587,میدان امام حسن مجتبی,51.47098511,35.6740664,
1160,پارک سهند,51.47687383,35.67263034,
5477,پاسدار گمنام,51.4809679,35.6713974,
5533,شقایق,51.48131883,35.66656131,
5535,ثبت احوال,51.48044305,35.66239545,
1162,بازار گل,51.4762112,35.66245184,
1180,شهید میرهاشمی,51.46967075,35.66327457,
1181,شهیدکیانی,51.46645553,35.66514286,
1182,چهل تن,51.46354777,35.66777895,
5661,میدان شهید آیت الله سعیدی,51.45970203,35.66737614,
5663,درختی,51.45416697,35.66768255,
5565,چهار راه شهید مخبر,51.45146925,35.66795841,
5567,شهید قنطار,51.44713304,35.66840013,
5196,بلوار قیام,51.44058232,35.66930781,
3699,هفتم تیر,51.42355412,35.71543184,
3695,شهید عضدی,51.41296454,35.71492516,
3637,حافظ,51.41159745,35.71245232,
3633,طالقانی,51.41233783,35.70537079,
3631,کالج,51.41262725,35.70251341,
4715,سفارت,51.41276562,35.70031101,
5042,عزیز خان,51.41119509,35.69176417,
4721,حسن آباد,51.41062712,35.68879089,
4723,پارک شهر,51.40959263,35.68350276,
4727,فرهنگ,51.40825857,35.67688082,
4729,میدان وحدت,51.40727573,35.67164426,
4733,مولوی,51.40620467,35.66570064,
4737,مختاری,51.4058368,35.66377072,
4739,تهرانچی,51.4051573,35.66034655,
4879,هنرستان,51.40395472,35.65863138,
4871,میدان راه آهن,51.39960971,35.65912371,
4711,میدان راه آهن,51.39545505,35.65952092,
5040,تهرانچی,51.40498662,35.65908145,
4624,مختاری,51.40571332,35.66282741,
4735,مولوی,51.40629597,35.6658527,
4743,ورزشگاه,51.40696283,35.66946599,
4731,میدان وحدت,51.4075026,35.6725437,
5081,فرهنگ,51.40834151,35.67695825,
4952,شهدای پانزده خرداد,51.41004991,35.67949877,
4950,گلوبندک,51.41503003,35.67857882,
5045,مترو امام خمینی ره,51.41825372,35.68504105,
5137,سی تیر,51.41478819,35.68582292,
5075,شهید سخایی,51.41429922,35.69066138,
5073,موزه آبگینه,51.41428595,35.69468891,
4713,سفارت,51.41245491,35.69790838,
3630,کالج,51.41282079,35.70238289,
3635,نفت,51.41226903,35.70735421,
3333,ورشو,51.41195671,35.71007981,
3639,حافظ,51.41169555,35.71249547,
3697,شهید عضدی,51.41266164,35.71462007,
3557,سنائی,51.4158542,35.71866362,
3553,پمپ بنزین,51.41585874,35.72185296,
3537,میدان شعاع,51.42100261,35.72072739,
4602,مترو حر,51.38925889,35.69049167,
4631,میدان حر,51.39295514,35.68718225,
4637,لشکر,51.39347002,35.68328047,
4639,شهید روزبه,51.39404224,35.67896814,
4643,شهیدانصاری,51.39435627,35.67670672,
4749,مجموعه رازی,51.39186222,35.67505724,
4747,دخانیات,51.3872921,35.67324948,
4745,شهید عباسی,51.38480207,35.67221285,
6425,پل امام زاده معصوم,51.37385058,35.66735417,
6427,مسجد,51.37602024,35.66212015,
6433,مدرسه,51.3772016,35.65896447,
6463,میدان مقدم,51.37359164,35.65766042,
6469,هشت متری,51.36853969,35.65707756,
6471,ابوذر,51.36373777,35.65753745,
6487,شهید ورزدار,51.36320371,35.65373334,
6410,شهید فتحی,51.36438768,35.65105157,
6485,شهید فتحی  مترو حر,51.36452816,35.65137287,
4608,گلچین,51.36512153,35.65379065,
6481,هجده متری,51.3658951,35.65714669,
6467,هشت متری,51.36916827,35.65692522,
6465,میدان مقدم,51.37320175,35.65746928,
6431,مدرسه,51.37708846,35.65968338,
6429,مسجد,51.37590399,35.6625637,
6423,پل امام زاده معصوم,51.37377675,35.66765479,
6437,شهید عسگری,51.37832962,35.66826751,
4799,شهید عباسی,51.38518759,35.66793484,
4805,استخر,51.39145549,35.66748848,
4651,میدان رازی,51.39542934,35.66912366,
4647,میدان قزوین,51.394734,35.67425561,
4645,شهید انصاری,51.39439091,35.67718282,
4641,شهید روزبه,51.39410177,35.67927648,
4635,لشکر,51.39356516,35.68331642,
4633,میدان حر,51.39313682,35.68642393,
4629,میدان پاستور,51.39273756,35.69106218,
4648,متروحر,51.3884617,35.69111935,
7481,مترو شهرری  شهرک نظامی,51.42341417,35.59332939,
7281,سازمان آب,51.44063447,35.59111526,
7268,کمیته امداد,51.44481938,35.59152135,
7279,پست بانک,51.45041633,35.59211038,
7347,ایرانیت,51.44401929,35.58131368,
7333,سه راه تقی آباد,51.4588351,35.58603286,
7753,شهیدعربخواری,51.46193513,35.5853975,
7495,پارک,51.46335678,35.58243126,
7497,شهید راهبر,51.46433287,35.58021084,
7499,پست برق,51.46699623,35.57562167,
7501,دانشگاه,51.46840366,35.57384564,
7122,بوستان امام علی ع,51.46792548,35.56969489,
7438,شهرک نظامی,51.4674277,35.56835602,
7124,کانال,51.4692773,35.56837236,
7249,شهرک نظامی,51.47058981,35.56554172,
7126,شهرک نظامی,51.47032341,35.56512564,
7128,جاده ورامین,51.46810314,35.56530834,
7130,شهرداری,51.46649121,35.5691904,
7275,عباس آباد,51.46710355,35.57142545,
7184,دانشگاه,51.46890545,35.57287636,
7244,پست برق,51.46780334,35.57484382,
7236,شهیدراهبر,51.46475846,35.57961288,
7271,مارگارین,51.46151348,35.57939354,
7132,شهدای محله تقی‌آباد,51.46065083,35.58110772,
2816,پایانه مترو ارم سبز پایانه کوهسار,51.30077335,35.7182208,
3099,سی ام,51.30294862,35.72232402,
3093,شهید فروزانفر,51.30365158,35.72510115,
3127,سازمان برنامه,51.30143634,35.72829448,
3031,بهارشمالی,51.2895635,35.72841005,
3027,شهید منوچهری شمالی,51.28425671,35.72966359,
3025,الهام شرقی,51.28238764,35.73322145,
2838,شهید حکیم,51.2876611,35.73334613,
2840,آزادگان اسلام,51.28758192,35.73349013,
3021,آلاله,51.28408274,35.73875015,
3122,شهید همت,51.27942268,35.7543229,
3126,الغدیر,51.28363997,35.75403674,
3227,شهرک نفت,51.28072542,35.76923253,
3223,پاسگاه,51.27653717,35.77193857,
2951,میدان بهاران,51.27417104,35.77345665,
3006,بنفشه,51.27262276,35.77266908,
2983,پایانه کوهسار,51.27167823,35.76980573,
2952,پایانه کوهسار پایانه مترو ارم سبز,51.27210045,35.76993961,
3070,بهاران,51.27155835,35.77203407,
2956,مسجد,51.27410292,35.77301658,
3219,شهید حاج شعبانعلی,51.27659599,35.77181766,
3225,مخابرات,51.28026033,35.76944687,
3124,شهرداری,51.28372204,35.75410042,
3245,شهید احمد کاشانی,51.28023256,35.75433685,
3017,شهید شربیانی غربی,51.28486683,35.74196555,
3019,تعاون,51.28389053,35.73866112,
8393,ایران پویا,51.27023446,35.74012033,
8133,سه راه دهکده,51.26487297,35.74142399,
8135,افرا,51.26445415,35.74178478,
2810,سنگبری جنوبی,51.27274159,35.74035926,
2812,اندیشه جنوبی,51.27860768,35.73974947,
3023,الهام غربی,51.28184102,35.73230124,
3029,شهید منوچهری جنوبی,51.28416807,35.72957143,
3033,بهارجنوبی,51.28962186,35.72831625,
3129,پرنیان,51.30014828,35.72862853,
3095,ثبت و اسناد,51.30340062,35.72520678,
3097,نوزدهم شرقی,51.30264425,35.72221561,
2975,پایانه مترو ارم سبز,51.30123814,35.71835498,
2898,پایانه آزادی  شهرک آزادی,51.33660311,35.70314055,
8081,بوستان مریم,51.27725886,35.71002967,
8087,مسجد,51.27408963,35.71052479,
8076,دهم,51.27085425,35.71148679,
8075,پایانه شهرک آزادی,51.27178678,35.71334261,
8079,پایانه شهرک آزادی,51.271821,35.71354013,
8077,شهید مصطفی خمینی,51.27091327,35.71224884,
7856,مدرسه,51.27315646,35.70991817,
8089,فاطمیه  مسجد,51.27498197,35.7106665,
8085,بوستان مریم,51.27716267,35.70998634,
3153,بلوک هفت,51.30695969,35.7106953,
3157,بلوک نه,51.30702334,35.70926049,
3161,بلوک یازده,51.30710992,35.70693919,
3165,بلوک پانزده,51.3072155,35.70436088,
2965,بیمه,51.31829766,35.69911606,
2973,معراج,51.33398245,35.69911366,
2906,پایانه آزادی  شهرک شهرداری,51.33628316,35.70282169,
7813,شیشه مینا,51.28277322,35.70250799,
7817,ایران تایر,51.27672225,35.70360948,
7821,سه راه ارج,51.26799566,35.70521686,
7825,تهرانسر,51.26014631,35.70667156,
7829,کمربندی,51.24956234,35.70860906,
7833,استقلال,51.24495626,35.70947319,
7852,کوهک,51.23966776,35.71044217,
7837,پارس خودرو,51.2372009,35.71090385,
7839,شهاب خودرو,51.23413215,35.7114942,
7843,مینو,51.23042638,35.71219773,
7847,بستنی کیم,51.22632257,35.71295685,
7851,موزه خودرو,51.22045486,35.7140492,
7855,لنت ترمز,51.21763636,35.71460299,
7859,پمپ بنزین,51.21333336,35.71541337,
7863,شهرک دانشگاه,51.20799109,35.71642784,
7867,جهاد نصر,51.20316161,35.71732269,
7871,کاشی ایرانا,51.19489102,35.71888584,
7853,ایران خودرو,51.19073505,35.71966569,
8057,بعثت,51.1872201,35.71577822,
7875,چیتگر جنوبی,51.18495929,35.72074852,
7877,کلانتری,51.18116539,35.72146498,
7879,شهرفرش,51.17555865,35.72254338,
1174,خیابان پنجاه وسه,51.17291414,35.72304504,
8059,سایپا,51.16898493,35.72475082,
1214,هزاردستان,51.17093309,35.73152597,
7816,غزالی,51.16637332,35.73327355,
7809,ویلاشهرشمالی,51.17253402,35.73404831,
7807,ویلاشهر,51.17858063,35.7316003,
7906,شهرک شهرداری,51.18338183,35.72948944,
7805,شهرک شهرداری پایانه آزادی,51.18374411,35.72935042,
1702,چهل و هفتم,51.18348458,35.72542376,
1704,بدر,51.18733279,35.72491125,
1705,جهاد,51.18778634,35.72713856,
7873,چهارراه ایران خودرو,51.19096086,35.71914952,
7869,ساپکو,51.19981014,35.71744216,
7865,شهرک دانشگاه,51.20750179,35.71602161,
7861,سپاه اسلام,51.2131641,35.71493926,
7857,پارس خزر,51.21550693,35.71450471,
7849,خیابان سی ام,51.22213354,35.71326182,
7845,زرین,51.22587485,35.71254191,
7836,رنگین,51.23114095,35.71155259,
7904,نخ زرین,51.23514615,35.71080127,
7841,پارس خودرو,51.23948065,35.7099991,
7835,شهرک استقلال,51.24516002,35.70892207,
7831,کمربندی,51.24826588,35.7083596,
7827,تهرانسر,51.25722156,35.70669568,
3004,شهید هاشمی نژاد,51.26193849,35.70584104,
7823,سر گلها,51.26813475,35.70469643,
7819,ایران تایر,51.27707663,35.70302692,
7815,شیشه مینا,51.28180008,35.702163,
7802,هوا فضا,51.28533613,35.70151682,
2957,گمرک جنوبی,51.29346083,35.70003888,
2959,فاز دو اکباتان,51.3077313,35.69891838,
2852,پایانه مترو صادقیه شادآباد,51.330007,35.716897,
3299,آزادی,51.33542488,35.7013837,
4331,دامپروری,51.33340837,35.67940478,
4333,مدرسه,51.33121176,35.67871935,
4317,پایگاه یکم,51.32763689,35.67656541,
4313,ساسان,51.32133184,35.67518327,
4311,درمانگاه,51.31681596,35.67540267,
4305,ساها,51.3140144,35.67555014,
4303,پمپ بنزین,51.31033174,35.67571866,
4237,فتح شرقی,51.309288,35.67473718,
6679,کارتن سازی,51.30984873,35.66960674,
6683,اسوه,51.30668093,35.66971497,
6687,بانک سپه,51.30173921,35.66988814,
6751,مسجد,51.30026111,35.6669006,
6753,بربری,51.30012408,35.66377883,
6863,پارک,51.29804194,35.66363977,
6620,نقشینه,51.2954901,35.66359313,
6624,مخابرات,51.2861986,35.6637703,
6630,سعید آباد,51.29332419,35.66162211,
6768,میدان  شهدای شاد آباد,51.30316325,35.66157941,
6881,میدان شاد آباد   پایانه مترو صادقیه,51.30298227,35.66132261,
6759,پارک هفده شهریور,51.30281953,35.66463994,
6755,مدرسه,51.30298536,35.66879235,
6681,الغدیر,51.30786498,35.66956094,
6677,کارتن سازی,51.31141882,35.66944272,
6612,ایرانسل,51.31820816,35.66869713,
4249,شیشه و گاز,51.3213807,35.66984496,
4247,ایران پویا,51.31770278,35.67047093,
4241,بانک,51.31122243,35.67169531,
4239,فتح غربی,51.30943641,35.67465265,
4307,ساها,51.31405145,35.67512073,
4309,درمانگاه,51.3175026,35.67496093,
4315,ساسان,51.32150891,35.67486019,
4319,بیمارستان,51.32773399,35.6760772,
2871,اول جناح,51.33765711,35.70389835,
2867,پمپ بنزین,51.33696474,35.7089845,
3134,پایانه مترو صادقیه  تخلیه,51.33178085,35.71711895,
3020,پایانه ارم سبز  انتهای بلوارعدل,51.30064174,35.71822468,
3133,پروانه جنوبی,51.30540071,35.72670697,
3135,شهید ورزی جنوبی,51.30835898,35.72563946,
2943,شهید مخبری شرقی,51.32441679,35.75633235,
3228,عدل,51.32754527,35.75556095,
2966,ورزشگاه,51.32963302,35.75775756,
3218,پارک ترافیک,51.33125263,35.76227875,
3176,فتح,51.33229127,35.76699039,
3224,مرداد,51.33087626,35.76500207,
3226,بهارشرقی,51.32749751,35.76583372,
3192,شهید مروی,51.32734604,35.76803852,
3196,شهید کمالی,51.33212354,35.76707143,
3198,مجتمع یاس,51.33180946,35.76413716,
3200,باغ لاله,51.33085551,35.76154241,
3202,شهید بهشتی,51.32944571,35.75781332,
3204,میدان عدل,51.32641217,35.75597289,
3137,شهید ورزی شمالی,51.30855348,35.7257138,
3131,پروانه شمالی,51.30540972,35.72684964,
2904,پایانه آزادی یافت آباد,51.33635166,35.70288955,
4341,میدان فتح,51.34382493,35.67771362,
4359,بوتان,51.34572123,35.6735162,
4329,نوروزی,51.34209519,35.67432737,
4327,پادگان,51.33799831,35.67450077,
4275,تفرش,51.33598583,35.67147747,
4273,تولید دارو,51.33567013,35.66785179,
4257,حسینی,51.33053944,35.66828169,
4253,فردوس,51.32682702,35.66891885,
6667,مجتمع طلاب,51.30854129,35.66076942,
6670,انصاری,51.30951037,35.65663837,
6819,بهداری,51.30690263,35.64452599,
6831,میدان شهید پژوتن,51.30604362,35.64264703,
6833,شهید باقری,51.30371841,35.64291646,
6823,بوستان نرگس,51.30035325,35.64131279,
6832,شهید عبدالهی,51.29946476,35.63992574,
6822,پایانه یافت آباد,51.30138445,35.63834551,
6827,پایانه یافت آباد پایانه آزادی,51.30216216,35.63844376,
6828,شهید عبدالهی,51.29958695,35.63982361,
6825,بوستان نرگس,51.30082816,35.64165486,
6616,یافت آباد   م باقری,51.30342026,35.64296888,
6829,میدان شهید پژوتن,51.30560629,35.64247688,
6821,بهداری,51.30686073,35.64462687,
6669,الغدیر,51.30963933,35.65672478,
6665,مجتمع طلاب,51.30870797,35.66086273,
4243,سه راه شاد آباد,51.31314471,35.67115468,
4245,ایران پویا,51.31742762,35.67038891,
4251,شیشه و گاز,51.31989646,35.6699669,
4255,فردوس,51.32576804,35.66897011,
4259,حسینی,51.32979775,35.66827886,
4271,صابرین,51.3294215,35.6711851,
4321,دانشگاه هوایی,51.33057789,35.67505981,
4325,پادگان,51.33548888,35.67478094,
4323,پارک,51.3395304,35.67440832,
4361,بوتان,51.3454586,35.67356511,
5359,شهید منتظری,51.45262809,35.70315266,
5371,بیمارستان,51.45569054,35.70405059,
5367,حیدری,51.4570571,35.70133379,
5369,صفا,51.45659086,35.6973692,
5315,مسجد,51.45354674,35.69764081,
5289,ایرانمهر,51.45147465,35.697524,
5361,پارک خیام,51.45061219,35.69470355,
4979,میدان شهدا,51.44740772,35.69130857,
4917,کفش ملی,51.44720752,35.68887315,
4921,شهید ناصری,51.44686325,35.68397654,
4911,امیر کبیر,51.44676842,35.68259999,
4925,بیمه ایران,51.44659103,35.6802184,
4913,شهید رغبتی,51.44642327,35.67793114,
4901,پل آهنگ,51.44611835,35.6736467,
5032,هنرستان کوثر,51.44578489,35.66898211,
4937,میدان خراسان,51.44543063,35.66417741,
5829,تیر دوقلو,51.44514049,35.66040412,
5831,بانک ملی,51.44493426,35.65756888,
5837,بهزیستی,51.44469849,35.65434862,
5839,ابتدای منصور,51.44451461,35.65191179,
5843,هفده شهریور جنوبی مقصد,51.4443334,35.64961905,
5845,انتهای هفده شهریور,51.44424523,35.64704708,
4935,فروشگاه قدس,51.44568849,35.66574444,
5030,شهید آیت الله سعیدی,51.44590242,35.6689362,
4927,پل آهنگ,51.44623542,35.67384418,
4960,یاس,51.44645677,35.67684024,
4923,دروازه دولاب,51.44673933,35.68094034,
4919,ورزشگاه 17 شهریور,51.44698497,35.68422504,
4915,شهدا,51.44729308,35.68866938,
5217,افروز,51.45174412,35.69115604,
5309,خیام,51.44921505,35.6946677,
5357,تقاطع صفا,51.44992283,35.69804102,
5034,شهرستانی,51.45086046,35.70117502,
5363,میدان امام حسین مقصد,51.45204547,35.70298851,
4865,میدان راه آهن,51.39564504,35.65949909,
4861,بهداری,51.39482271,35.66051175,
4650,نهم دی,51.3842763,35.66372629,
4662,رباط کریم,51.38607188,35.66262897,
6155,پل جوادیه,51.39435224,35.65498927,
6159,قالیشوئی,51.39633867,35.652013,
6165,فرهنگسرای بهمن,51.39890607,35.64799309,
6169,تره بار,51.39976294,35.64224011,
6311,بازار دوم,51.40169869,35.63907406,
6287,بازار دوم,51.40274527,35.63706253,
6289,برق,51.40955845,35.63632703,
6189,بانک,51.41046432,35.63554025,
6291,ابریشم,51.4119051,35.63353948,
6209,عوارضی,51.41782023,35.63235287,
6113,قالیشویی,51.41858363,35.62892441,
6117,بیست و چهار متری,51.41945768,35.62497885,
6119,ملک آباد,51.42029941,35.621132,
7213,میدان مادر,51.42254084,35.61495436,
7215,جوانمرد,51.42462969,35.610813,
7219,آسیاب,51.42512236,35.60701063,
7221,فرهنگسرای ولا,51.4258607,35.60452195,
7140,مترو شهرری  میدان راه آهن,51.4235909,35.5935395,
7217,جوانمرد,51.42491927,35.61034954,
7247,میدان مادر,51.42173364,35.61615245,
6221,ملک آباد,51.42016396,35.62238899,
6134,بیست وچهارمتری,51.41956269,35.62516138,
6102,مسجد,51.41905055,35.62747595,
6111,قالیشویی,51.41848625,35.62996678,
6207,عوارضی,51.41800076,35.63230279,
6293,تختی,51.41091603,35.63360245,
6187,بانک,51.4107642,35.63685395,
6301,بانک,51.40862557,35.63765211,
6299,کوی پلیس,51.40569145,35.63797152,
6297,بازار دوم,51.40287283,35.6382838,
6383,میدان بازار دوم,51.40174647,35.63902559,
6309,جنگل,51.40211524,35.64128713,
6307,هزار دستگاه,51.40254756,35.64399114,
6167,میدان بهمن,51.3987682,35.64836187,
6157,قالیشوئی,51.3972159,35.65110096,
6151,پل جوادیه,51.39500667,35.65440989,
4863,میدان راه آهن,51.3945751,35.65962197,
2862,مترو صادقیه جنت آباد جنوبی,51.33097706,35.7167171,
3083,اداره برق,51.30385515,35.74079849,
3079,لاله شرقی,51.30391718,35.74497108,
3077,چهارباغ شرقی,51.30402347,35.74957423,
3071,شهید آذرشب,51.30407876,35.75239394,
2899,پل شهید ستاری,51.3110009,35.75297703,
2850,شهید کبیری طامه,51.31048514,35.75326542,
3067,پارسیان,51.3041335,35.75501279,
3065,بیس متری گلستان,51.30418263,35.75746692,
3055,سی و پنج متری گلستان,51.30425205,35.76046619,
3057,هفتم,51.30430366,35.76205805,
3059,یازدهم,51.30433421,35.76349798,
3087,شاهین,51.31105703,35.7665408,
3089,لاله یکم,51.31099383,35.76346124,
3091,پژوهان,51.31093176,35.76096214,
3125,دوم شمالی,51.30962118,35.7596217,
3123,اول شمالی,51.30663037,35.75966426,
3061,اقاقیا,51.30404878,35.7587755,
3063,شهید چهره خند,51.30401282,35.75672103,
3069,شهید خانلو,51.30397584,35.7548743,
3073,چهارباغ غربی,51.30389714,35.7513276,
3075,پنجم,51.30385932,35.74945319,
3081,اوقاف,51.30376207,35.7451414,
3085,کاشانی,51.30370701,35.74130146,
1686,مترو دانشگاه شریف میدان صنعت,51.35485642,35.70553161,
1953,مجتمع گلنار,51.34943143,35.70950182,
1955,شیخ فضل الله,51.34719463,35.71225387,
1559,مرزداران,51.34775786,35.73467149,
1628,پونک باختری,51.35050823,35.75504562,
1593,وزارت بهداشت,51.35316553,35.75489755,
1865,گل افشان,51.34536678,35.75706564,
1538,دبیرستان,51.34630981,35.7597048,
1536,پژوهشگاه,51.34562682,35.76274344,
1857,یادگار,51.34910078,35.76385666,
1851,مسجد,51.35264082,35.76445377,
1847,درختی,51.35646581,35.76511578,
1843,فرحزادی,51.36257506,35.76619313,
2000,شهید دادمان,51.36499746,35.76661603,
1841,شفق,51.37219308,35.76682326,
1643,ایران زمین,51.37797949,35.76592198,
1647,هرمزان,51.37506212,35.7608521,
1881,میدان صنعت,51.37173492,35.75649378,
1690,میدان صنعت مقصد,51.36708997,35.75565645,
1649,میدان صنعت مترو دانشگاه شریف,51.36713346,35.75552838,
1755,میلاد نور,51.36211172,35.75495949,
1646,ایوانک,51.3603411,35.75534346,
1524,مسجد,51.35861082,35.75785281,
1522,سازمان آب,51.35834265,35.76063012,
1520,زرافشان,51.35804351,35.76248393,
1845,آتیه,51.36076741,35.7660287,
1849,درختی,51.35524007,35.76507365,
1853,مسجد,51.35314088,35.76469387,
1855,گل آرا,51.34916725,35.76399997,
1534,پژوهشگاه,51.34545787,35.76298796,
1540,دبیرستان,51.34620665,35.75951838,
1863,تره بار,51.34601049,35.75602073,
1561,پل مرزداران,51.34757491,35.73466804,
1951,مترو دانشگاه شریف مقصد,51.35496853,35.70547955,
3756,پایانه شهید بهشتی  پایانه مترو صادقیه,51.42771197,35.72843294,
3975,کیهان,51.43181117,35.72768371,
3973,تختی,51.43162414,35.73061083,
3881,میرعماد,51.42630752,35.73035631,
3342,قائم مقام,51.4197428,35.72884169,
3340,شهر فرنگ,51.41755475,35.72823693,
3430,شهید بهشتی,51.41353314,35.72695838,
3848,دو راهی یوسف آباد,51.40895284,35.72193264,
3345,میدان گلها,51.40165312,35.72146822,
3645,شهید جهان آرا,51.39757079,35.72486159,
3344,شهروند,51.39209141,35.72322761,
1587,شهرداری,51.36220317,35.72836912,
1589,شهید آریافر,51.35577448,35.72819595,
1618,مدرسه,51.35595017,35.73308111,
1891,مسجد,51.35176775,35.73448147,
1899,دره,51.3420102,35.73569094,
1901,بهار,51.33979254,35.7360253,
1905,سنگ فروشی,51.33516423,35.73584161,
2920,نوشین,51.33554182,35.71962557,
3132,مترو صادقیه پایانه شهید بهشتی,51.33145869,35.71663108,
2857,صادقیه شرقی,51.33574121,35.71937074,
1614,شهید آیت الله اشرفی اصفهانی,51.33502695,35.72512357,
1599,لاله,51.33628513,35.72667492,
1597,مسجد,51.34237801,35.72632136,
1595,پست گاز,51.34686789,35.72628651,
1591,جلال آل احمد,51.3565016,35.72805158,
1585,سازمان آب,51.36092275,35.72806845,
1583,شهرک آزمایش,51.36256652,35.72825208,
3347,کردستان,51.39394825,35.72353777,
3343,میدان گلها,51.40026588,35.72254685,
3336,شهید مطهری,51.41275573,35.72373331,
3338,قائم مقام,51.42014029,35.72398614,
2147,شریعتی  متروچیتگر,51.44851632,35.75140436,
2063,پایانه شهید همت,51.42867018,35.74946691,
8154,پل کردستان,51.40444051,35.75138735,
2067,ونک پارک,51.3965542,35.75119348,
1569,بیمارستان میلاد,51.38079912,35.75003382,
1234,پردیسان شمالی,51.36326487,35.74950726,
8156,شهرک هما,51.33714174,35.75105003,
8158,شهید آیت الله اشرفی اصفهانی,51.33147432,35.75123629,
8160,سردار جنگل,51.32168154,35.75251558,
2981,جنت آباد مرکزی,51.30399944,35.75339424,
8162,پل شهران,51.28945228,35.75358566,
8164,پل کن,51.27650129,35.75405237,
8339,نسترن,51.24447659,35.74540021,
8351,بالگرد سازی,51.24164442,35.74418587,
8280,مجموعه ورزشی امام رضا ع,51.24126709,35.73589707,
8286,رادمان,51.24399493,35.73041744,
8165,علوم و فنون,51.24693733,35.72895045,
8359,ناحیه دو شهرداری,51.24497157,35.7246168,
8369,مترو چیتگر,51.24479566,35.71755961,
8345,مترو چیتگر  شریعتی,51.24517448,35.71816209,
8167,ناحیه دو شهرداری,51.2451513,35.72473412,
8126,طلوع,51.24642177,35.72752788,
8260,رادین,51.24363537,35.73070404,
8262,درمانگاه حضرت ولیعصرعج,51.24231558,35.73820884,
8353,بالگرد سازی,51.24182283,35.7440745,
8200,بوستان ناز,51.24455223,35.74534272,
8124,نیلوفر,51.24715379,35.74556726,
8198,شهید خرازی,51.26595828,35.75513748,
8103,پل کن,51.27648229,35.7538803,
8113,مترو شهران جنوبی,51.28730542,35.75339055,
8107,پل شهران,51.28942043,35.75327924,
2979,جنت آباد شهید همت,51.30377726,35.75311611,
8117,سردار جنگل,51.3236764,35.75202988,
8128,شهید آیت الله اشرفی اصفهانی,51.33109828,35.75106368,
8139,شهرک هما,51.33729527,35.75086509,
1228,پردیسان جنوبی,51.3602775,35.74930583,
1571,بیمارستان میلاد,51.37945762,35.74961219,
2065,ونک پارک,51.39774948,35.75087951,
3335,توانیر,51.41017638,35.75118219,
2054,شریعتی,51.44843419,35.75137971,
3541,میدان شهدای هفتم تیر,51.42441294,35.71624092,
3685,میدان ولیعصر عج,51.40883402,35.7120092,
3438,فلسطین,51.40538373,35.71135268,
3675,فلسطین,51.4012872,35.71020671,
3659,حجاب,51.39645392,35.70878172,
3657,شانزده آذر,51.39244553,35.70770994,
3651,کارگر,51.38790679,35.7079691,
3649,جمالزاده,51.38479835,35.70988676,
3587,دژبان,51.38295738,35.7128207,
3585,فاطمی شهید چمران,51.37911363,35.71214281,
1921,باقرخان,51.37309337,35.71033969,
1923,پمپ بنزین,51.36961512,35.71305705,
1929,دریان نو,51.36673273,35.71592581,
1931,تهران ویلا,51.36361687,35.71915624,
1939,برق آلستوم,51.35651525,35.72041743,
1654,یادگار امام,51.350811,35.72132214,
1793,تره بار,51.34790766,35.72317178,
1907,ارمکان دو,51.34490182,35.7235557,
1909,گلنار,51.34128534,35.7239349,
1943,شهید اسدی,51.34320063,35.72168555,
1797,شهید گلاب,51.3458011,35.71808226,
1947,شهید رحیمی,51.34093292,35.71751779,
2874,پایانه مترو صادقیه میدان شهدای هفت تیر,51.3318857,35.71673831,
2818,فلکه دوم صادقیه,51.33554823,35.72128411,
1945,بانک کشاورزی,51.34039428,35.72163977,
1941,دفتر,51.34910606,35.72130338,
1092,شهید کاشانی پور,51.35464933,35.72052995,
1935,شهیدعلی اکبر رسولی,51.35911524,35.71996107,
1933,تهران ویلا,51.36228207,35.71957062,
1916,شهید حبیب اللهی,51.36541781,35.71711071,
1927,دریان نو,51.36697206,35.7154871,
1925,شادمان,51.36849904,35.71398435,
1917,باقرخان,51.37345098,35.70928024,
1913,توحید,51.37574517,35.70737154,
3647,بیمارستان امام خمینی ره,51.38193758,35.71007003,
3611,دکتر قریب,51.3834732,35.70946368,
3653,کارگر,51.38935394,35.70781271,
3655,شانزده آذر,51.39310648,35.70752989,
3661,وصال,51.39793638,35.70889316,
3667,بیمارستان ساسان,51.40138889,35.70984153,
3681,میدان ولیعصرعج,51.40545931,35.71099247,
3689,میدان ولیعصر عج,51.4094364,35.71203128,
2407,فلکه سوم تهرانپارس,51.53348433,35.74339254,
2531,عادل,51.52784638,35.74399755,
2535,شهید چمران,51.52313505,35.74452012,
2537,سراج,51.51613081,35.74529447,
2541,تکاوران,51.51019931,35.74590007,
2545,آزادگان,51.50663865,35.74625842,
2549,الغدیر,51.50152343,35.7467549,
2469,شرکت واحد,51.49526599,35.74274289,
2769,فردوس,51.49006406,35.74191362,
2771,رسالت,51.4859293,35.73834146,
3521,م آرژانتین,51.41561108,35.73554995,
3529,بیمارستان آسیا,51.41793065,35.72963674,
3334,مطهری,51.41270611,35.72370735,
3533,تهران کلینیک,51.41889918,35.7251925,
3527,بیمارستان آسیا,51.4176597,35.73070769,
3525,بیمارستان پاستور نو,51.41698246,35.73233924,
3408,شانزدهم,51.41610378,35.73450201,
3643,م آرژانتین,51.41633147,35.73724071,
3915,مصلای امام خمینی,51.42706654,35.7402246,
2475,میدان رسالت,51.49035486,35.73851656,
2471,شرکت واحد,51.49501152,35.74234584,
2763,دانشگاه علم و صنعت,51.50186832,35.74282774,
2603,میدان الغدیر,51.50095647,35.74601965,
2547,آزادگان,51.50669759,35.74610723,
2543,تکاوران,51.51013797,35.7457609,
2539,سراج,51.51642307,35.74508671,
2533,شهید چمران,51.52345056,35.74440387,
2529,عادل,51.52805923,35.74387719,
2572,فلکه سوم تهرانپارس,51.53165722,35.74338592,
4980,پایانه شهید فیاض بخش  استاد معین,51.41471123,35.68525135,
4829,اتکا,51.40723231,35.68646589,
4825,ولیعصر,51.4046654,35.68675865,
4821,میدان حر,51.39392669,35.68804356,
4819,آذربایجان زرین قدم,51.3897713,35.69348285,
4817,گلشن,51.38638972,35.69371451,
4815,میدان رشدیه,51.38246512,35.69398347,
4389,استاد معین پایانه شهید فیاض بخش,51.3465531,35.69640769,
4521,خوش,51.37413801,35.68747769,
4835,اسکندری کمالی,51.38281954,35.68799089,
4823,میدان حر,51.39494971,35.68785001,
4827,ولیعصر,51.40409232,35.68676332,
4831,حسن آباد,51.40933996,35.6861348,
5048,پایانه شهید فیاض بخش,51.41425161,35.68557732,
5007,سعدی جنوبی پایانه جنوب,51.42383131,35.68510874,
6141,صابونیان,51.42906196,35.64622203,
6237,پایانه جنوب,51.42295484,35.64688203,
6206,پایانه جنوب,51.41885115,35.6479016,
6275,پایانه جنوب  سعدی جنوبی,51.41788454,35.64817561,
6125,باغ آذری,51.42148162,35.65296614,
6148,ورزشگاه کارگران,51.42137201,35.65686261,
4928,ورزشگاه هلال احمر,51.42306908,35.65924133,
4922,مصالح فروشی,51.42593918,35.65940026,
4920,بلورفروشان,51.42912943,35.65960712,
5157,ابتدای ری,51.43153737,35.66100425,
5156,شهید رضایی,51.43405628,35.66551669,
5155,پارک کوثر,51.43508624,35.66736121,
4877,میدان راه آهن,51.40079708,35.65887442,
4942,هنرستان,51.40591262,35.65836198,
4938,داروخانه,51.40936077,35.65815017,
6173,پل خانی آباد,51.4132222,35.65428361,
6177,چیت سازی,51.41266619,35.64898772,
6135,ترمینال جنوب,51.41972088,35.64704493,
6139,شهید صابونیان,51.42834782,35.64611005,
7429,فلکه اول,51.44627178,35.61855473,
7379,هنرستان,51.44759041,35.62392139,
5936,قدس,51.45330085,35.62485222,
7367,بیمارستان,51.45594739,35.62350037,
7373,پارک,51.45910943,35.62128039,
7375,ارم,51.4614829,35.61960795,
7141,پایانه مترو دولت آباد,51.46383171,35.61797561,
7164,مترو دولت آباد,51.46403519,35.61816281,
7371,پارک,51.45933067,35.62120662,
7369,بیمارستان,51.45589513,35.62361734,
5934,قدس,51.453019,35.62497518,
7381,هنرستان,51.44737188,35.62406777,
7427,آتش نشانی,51.44676455,35.61870398,
6175,چیت سازی,51.41277478,35.64897503,
6171,پل خانی آباد,51.41289718,35.65592229,
4940,معصومیه,51.40926844,35.65821099,
5061,م محمدیه,51.41534982,35.6671738,
5065,دروازه غار,51.41508871,35.66409416,
1045,مختاری,51.41208666,35.66157716,
5079,تختی,51.41210351,35.65939485,
6181,پل پیچ,51.41182053,35.64389838,
6185,ورزشگاه,51.41135206,35.64102425,
6247,یادآوران,51.41193143,35.61652368,
6245,معراج,51.40435091,35.6147066,
6905,خانی آباد نو,51.3974437,35.6147031,
6918,صالح آباد,51.3899376,35.60823434,
7027,مسجد,51.38707338,35.60820858,
7073,بانک,51.38242369,35.60794324,
7081,طالقانی,51.3793505,35.60705252,
7085,شهید بهشتی,51.3775461,35.60668188,
7077,شهرک رسالت,51.37755392,35.60895081,
7075,شهرک رسالت,51.38097627,35.61233682,
7076,سازمان آب,51.37761772,35.60911016,
7087,شهید بهشتی,51.37764068,35.6066129,
7083,طالقانی,51.379339,35.60704167,
7097,بانک,51.38083708,35.60841877,
7025,سرصالح آباد,51.39013644,35.60767499,
7745,صالح اباد,51.39052932,35.60758558,
6907,خانی آباد نو,51.3970013,35.61410648,
6183,ورزشگاه,51.41132556,35.64018982,
6179,پل پیچ,51.41175887,35.64285176,
6251,بعثت,51.41248988,35.64726403,
5071,خیام,51.41456861,35.65991522,
5063,محمدیه جنوبی,51.41602482,35.66713896,
5351,میدان بهارستان پایانه شهید اسلام پناه,51.43294007,35.69153196,
4956,مردم,51.43268455,35.6881812,
5097,شفا یحیائیان,51.4386262,35.69174342,
4955,سه راه مجاهدین,51.43388325,35.69352866,
4951,دروازه شمیران,51.43559833,35.69637573,
4947,مترو,51.43717133,35.69908471,
3706,شیخ صفی,51.44370715,35.70510341,
3702,عظیم پور,51.44578545,35.707149,
3997,مدرسه,51.44741074,35.70874857,
3989,مسجد,51.44921572,35.71051786,
3993,کاشیها,51.45051481,35.71177356,
3987,روشنائی,51.45212515,35.71337456,
3983,نامجو,51.45441816,35.71559085,
1114,پازوکی,51.45726618,35.71526333,
3757,شهید حسینی,51.4616022,35.71525419,
4067,چهارراه سبلان,51.46568076,35.71956196,
4063,چهارده متری لشگر,51.46869476,35.72172492,
4059,باشگاه دیهیم,51.47094019,35.7232892,
4057,جوجه کشی,51.47628046,35.72698017,
4055,پارک فدک,51.47984026,35.72952447,
4095,هلال احمر,51.48397942,35.73169207,
4051,مترو گلبرگ,51.48434056,35.73333039,
4068,پایانه شهید اسلام پناه,51.48675638,35.73634587,
4074,پایانه شهید اسلام پناه میدان بهارستان,51.48721219,35.73628077,
4053,مترو گلبرگ,51.48276452,35.73216654,
4042,ناحیه دو,51.47876286,35.72886769,
4106,موتوری سنگین شهرداری,51.47667847,35.72740191,
4108,شهید تقی ئی,51.4742477,35.72567519,
4061,باشگاه,51.47140796,35.72386353,
4065,چهار ده متری لشگر,51.46851576,35.72168037,
4069,چهارراه سبلان,51.46487779,35.7190638,
3755,شهید حسینی,51.46179772,35.71559825,
5697,شهید اکبرنژاد,51.45833964,35.7164096,
3981,شهید نامجو,51.45481393,35.71600202,
3985,روشنائی,51.45310337,35.71429999,
3991,کاشیها,51.45012212,35.71139399,
3995,مدرسه,51.44786877,35.70920085,
3999,عظیم پور,51.44639704,35.70775093,
3704,خواجه نصیر,51.44398597,35.70537782,
3857,انقلاب,51.44062902,35.70215358,
8402,پل چوبی,51.43708416,35.7017828,
4949,دروازه شمیران,51.43585758,35.69706699,
4953,بیمارستان طرفه,51.43426647,35.69437185,
5349,میدان بهارستان,51.43310741,35.69205683,
3671,بیمارستان ساسان,51.40338019,35.71079878,
3615,دکتر قریب,51.38344075,35.70745803,
3619,دانشکده دامپزشکی,51.38330262,35.70177968,
4449,رودکی,51.37562204,35.70076453,
4402,بهبودی,51.36664662,35.70048819,
4455,زمزم,51.36302057,35.69948931,
4453,بهنود,51.36327945,35.69608321,
4459,دامپزشکی,51.36370149,35.69227301,
4457,هاشمی,51.36396725,35.68976544,
4461,امام خمینی,51.36408977,35.68793834,
4463,مالک اشتر,51.36423985,35.68527792,
4527,جیحون,51.36327996,35.68340983,
4539,سازمان گوشت,51.36028277,35.68033911,
4537,حمام,51.35610381,35.68008168,
4357,هرمزان,51.35316436,35.67852343,
4353,یاس شمالی,51.35029461,35.67828156,
4220,پرستش,51.34733322,35.67803404,
1004,میدان شمشیری,51.35135196,35.67007349,
4408,پایانه شمشیری میدان ولیعصر,51.35354619,35.67075068,
4347,سی متری جی,51.34442908,35.67767888,
4349,یاس جنوبی,51.3475321,35.67793999,
4355,هرمزان,51.35119716,35.67824904,
4549,مسجد,51.35601572,35.67865348,
4551,شانزده متری,51.36029819,35.67901587,
4541,جیحون,51.36516211,35.68068726,
4543,پارک رضوان,51.37167604,35.6812302,
4545,خوش,51.37499627,35.68145231,
4441,رودکی,51.37699892,35.68319822,
4599,امام خمینی,51.37640769,35.68833378,
4431,جمهوری اسلامی,51.37539871,35.69703426,
1791,حج اوقاف,51.3749673,35.70135566,
1973,پرچم,51.3772516,35.70431543,
3378,فرصت,51.37922017,35.70236435,
3380,مدرسه,51.38152674,35.70245709,
3382,جمالزاده,51.38693899,35.70260671,
3384,انقلاب اسلامی,51.39030945,35.70277111,
4206,پایانه بوتان پایانه مترو نعمت آباد,51.34706885,35.66900606,
6769,درختی,51.33775909,35.65888746,
6771,غیاثی,51.33911677,35.65553322,
6773,طالقانی,51.34002384,35.65311063,
6775,مخابرات,51.3417175,35.64966063,
6745,داروخانه,51.34023356,35.64807642,
6799,آسیاب,51.33802873,35.64590583,
6801,پارک بنفشه,51.33922753,35.64443935,
6502,آخوندی,51.34045743,35.64254515,
6857,زاهدی,51.33558324,35.64073856,
6080,پایانه مترو نعمت آباد  پایانه بوتان,51.34554142,35.63376768,
6068,بازار بزرگ ولیعصر,51.3413525,35.63680922,
6070,فرهنگسرای شیرودی,51.34467685,35.64080867,
6805,حیدری جنوبی,51.34153896,35.64141076,
6803,پارک بنفشه,51.33945519,35.64428101,
6797,آسیاب,51.33803724,35.64603315,
6743,مخابرات,51.34085357,35.64821974,
6781,سپیده,51.34376731,35.64976244,
6779,گلستانه,51.34201626,35.65321781,
6777,غیاثی,51.34072513,35.6565314,
6421,سه‌راه آذری,51.35163561,35.67032635,
6772,پایانه بوتان مقصد,51.3473695,35.66862684,
5101,میدان بهارستان جمهوری,51.42963256,35.69129796,
5105,سینما,51.4270514,35.69224625,
5109,استقلال,51.42481329,35.69307035,
5150,لاله زار,51.42310329,35.69370043,
5113,سفارت,51.41858105,35.69486857,
1334,سی تیر,51.41446551,35.69505992,
5115,حافظ,51.41271943,35.6951418,
4779,ولیعصر,51.40581677,35.69548248,
4775,فلسطین,51.40355823,35.69559746,
4771,ابوریحان,51.39913393,35.69583646,
4767,دوازده فروردین,51.39446858,35.6960746,
4763,کارگر,51.39215225,35.69620796,
4666,شهید نوفلاح,51.38710822,35.69647157,
4761,گلشن,51.38435624,35.69662071,
4757,میدان جمهوری,51.38063661,35.6968356,
4759,گلشن,51.38528536,35.69657262,
4765,کارگر,51.39119787,35.69625715,
4769,فروردین,51.39553121,35.69602518,
4773,فلسطین,51.40161705,35.69569973,
4777,ولیعصر,51.40365756,35.69559187,
4783,حافظ,51.41094427,35.69522568,
4725,نوبهار,51.41482229,35.6950422,
5111,نادری,51.41939381,35.69483227,
5107,بانک صادرات,51.42394264,35.693286,
5103,ملت,51.42859104,35.69160882,
5013,سعدی جنوبی  هاشم آباد,51.42379392,35.68431202,
4969,درمانگاه,51.43142011,35.68332554,
4973,تکیه رضاقلی خان,51.43081704,35.6797211,
4981,بانک ملت,51.4299815,35.67472494,
4983,سید اسماعیل,51.42962573,35.67261239,
4658,چهار راه مولوی,51.42913238,35.66963785,
4987,صاحب جمع,51.42872272,35.66713032,
5816,مجتمع تجاری رضوان,51.44492387,35.65141026,
5885,خزر,51.44856482,35.65094966,
5889,اطلس,51.45324918,35.65037472,
5893,اتابک,51.4572522,35.64864232,
5903,اقاقیا,51.46029504,35.64696468,
5944,پایانه هاشم آباد,51.46426254,35.64427856,
6019,پایانه هاشم آباد,51.4645146,35.64376387,
6018,بزرگراه امام علی,51.46341188,35.64543182,
6020,شهید داوودی,51.46258385,35.6487906,
6021,کاکتوس,51.46150585,35.65255303,
6022,کاملیا,51.46009268,35.65314432,
6024,مروارید,51.45855033,35.64903799,
5891,اتابک,51.45709715,35.64871842,
5887,خواجوی کرمانی,51.45310309,35.6503925,
5883,موزاییک سازی,51.44879046,35.65092116,
5881,کارخانه یخ,51.44635102,35.65122912,
1170,پایانه لاله,51.53172171,35.79187248,
1072,کوثر شمالی,51.52179767,35.79478134,
1008,قائم شمالی,51.51718435,35.7957851,
1076,شهرک شهید محلاتی شمالی,51.50699353,35.79802498,
1033,اوشان,51.49597492,35.80042838,
1080,اراج,51.48998119,35.80117054,
1082,گلشن غربی,51.49121296,35.79148305,
2415,لویزان غربی,51.49011244,35.77898413,
2601,شیان غربی,51.48777139,35.77568787,
2435,مبارک آباد حسین آباد غربی,51.48616157,35.76961369,
2468,شمس آباد مجیدیه غربی,51.48322681,35.74486871,
2474,فرجام غربی,51.48382857,35.74128636,
4174,فدک غربی,51.47463274,35.72711173,
4145,سبلان,51.46444932,35.72044101,
3703,شهید اکبرنژاد,51.45795651,35.71622724,
3705,شهید مدنی,51.45658033,35.71231552,
5206,دماوند,51.45767198,35.70410739,
5208,صفا,51.45673875,35.69631708,
5210,پیروزی,51.45706989,35.6908219,
5432,شهید نیکنام,51.45847659,35.6862562,
5426,پاسدارگمنام غربی,51.45960247,35.67550509,
5428,شهید محلاتی غربی,51.46361251,35.67151106,
5433,دولاب,51.46373964,35.66520269,
5430,خاوران,51.46104225,35.65955418,
5998,شهید ابراهیمی,51.46174426,35.65036696,
6000,شهید رضایی,51.46299152,35.64572359,
6002,شهید بروجردی,51.46408315,35.63694219,
6004,توسکا,51.46475156,35.62531908,
7210,معدن غربی,51.45514141,35.60789597,
7220,شهید تراب شمالی,51.44964883,35.60061192,
7240,شهید غیوری,51.4435887,35.60536788,
7230,دیلمان,51.43545486,35.60766577,
7216,گذرنامه,51.42903451,35.6077469,
1222,پایانه مترو جوانمرد قصاب مقصد,51.42075117,35.61222246,
7226,پایانه مترو جوانمرد قصاب,51.41979547,35.61110201,
7238,میدان نماز,51.4265062,35.60344154,
7224,گذرنامه,51.42904807,35.6076884,
7232,دیلمان,51.43546194,35.60759641,
7228,شهید غیوری,51.44402336,35.60498014,
7222,شهید تراب جنوبی,51.44984336,35.60009174,
7218,معدن شرقی,51.45600882,35.60818061,
5996,توسکا,51.464833,35.62517986,
5994,شهید بروجردی,51.46416338,35.63693654,
5992,شهید رضایی,51.46306133,35.64571065,
5990,شهید ابراهیمی,51.46181822,35.65035983,
5424,خاوران,51.46111225,35.65954147,
5425,دولاب,51.46381193,35.66519249,
5423,شهید محلاتی شرقی,51.46374685,35.67138938,
5422,پاسدارگمنام شرقی,51.45961544,35.67554919,
5405,شهید نیکنام,51.45855189,35.68627471,
5204,پیروزی,51.45714785,35.6908116,
5202,صفا,51.45680159,35.69630343,
5200,دماوند,51.45772828,35.70409475,
3701,شهید مدنی,51.45664824,35.71231834,
3700,شهید اکبرنژاد,51.45801977,35.71618515,
4140,سبلان,51.4645227,35.7204114,
4172,فدک شرقی,51.47472927,35.72687521,
2568,فرجام شرقی,51.48409047,35.74154308,
2566,شمس آباد مجیدیه شرقی,51.48346181,35.74503656,
2493,مبارک آباد حسین آبادشرقی,51.4863383,35.7697065,
2600,شیان شرقی,51.48797894,35.77569413,
2476,لویزان شرقی,51.49036432,35.77906919,
1019,گلشن شرقی,51.49156658,35.79165599,
1090,پیام نور جنوبی,51.49984277,35.79902248,
1088,شهرک شهید محلاتی جنوبی,51.50826356,35.79728252,
1032,قائم جنوبی,51.51830842,35.79506144,
1086,کوثر جنوبی,51.52241201,35.79414933,
1084,پایانه لاله مقصد,51.53095518,35.79196175,
3317,هفتم تیر,51.42577178,35.71415259,
3319,شهید شیرودی,51.4254737,35.71046299,
3325,دانشسرا,51.42593473,35.703771,
4993,منوچهری,51.42553223,35.69802331,
4999,بانک کشاورزی,51.42456186,35.69357763,
1102,شهید آقاجانلو,51.4374298,35.68953796,
5091,بنیاد شهید,51.44256309,35.69179009,
5087,شهید رحیمی,51.44531002,35.69019167,
5641,شکوفه,51.44810826,35.67912122,
5490,شهیدکلانتری,51.4523237,35.68159724,
5488,شهید درودیان,51.45617389,35.6844525,
5639,کرمان غربی,51.45976014,35.68095711,
5478,پاسدار گمنام,51.45958553,35.67647616,
5484,شهید نورصالحی,51.45986295,35.68490881,
1122,یاس,51.4559105,35.68704722,
5486,شهید عزیزی,51.45302428,35.68754514,
5214,پارک شکوفه,51.45085514,35.68557932,
5492,سیرجان,51.45020618,35.68324501,
1184,تره بار,51.44970929,35.68169902,
5643,شکوفه,51.44762529,35.67899357,
5089,بهنام,51.44505893,35.69050125,
5093,آبسردار,51.44013311,35.69212481,
5095,شهید معیری,51.43605262,35.69256076,
4909,میدان بهارستان,51.4328234,35.69132516,
5139,ظهیر السلام,51.4290485,35.69150995,
5022,شرکت بیمه,51.42482647,35.69439023,
5026,منوچهری,51.425213,35.69619984,
5024,هدایت,51.42569832,35.69846435,
5028,دروازه دولت,51.4259347,35.69958273,
3424,دانشسرا,51.42593895,35.70441262,
3321,شهید شیرودی,51.42567468,35.70836139,
3315,شهید نامجو,51.42577247,35.71353536,
3446,میدان هفتم تیرمقصد,51.4264157,35.71586708,
4961,بهارستان   معلم,51.43269161,35.69083522,
3348,مترودروازه شمیران,51.43759496,35.69882208,
3436,مازندران,51.44523818,35.7010839,
3432,مدنی,51.44687603,35.70364618,
3767,بیمارستان,51.45107761,35.70736016,
3763,گلچین,51.45405856,35.70991101,
3761,کهن,51.45742904,35.71221396,
3883,چهارراه نظام آباد,51.46402679,35.71883307,
3781,موتور آب,51.46146588,35.72297228,
3777,گل سرخ,51.45968142,35.72583291,
3882,معلم,51.45299688,35.7279994,
3891,معلم  بهارستان,51.45330842,35.72801033,
3775,سبلان,51.45989241,35.72521463,
3779,موتور آب,51.4615354,35.72264742,
3785,چهارراه نظام آباد,51.46362444,35.71782471,
3759,کهن,51.45807069,35.71270802,
3765,گلچین,51.4536632,35.70967547,
3769,بیمارستان,51.45104119,35.70740413,
3869,امام حسین ع,51.44648736,35.70333889,
2594,شهرک شهید بهشتی پایانه علم و صنعت,51.57145296,35.75136368,
2578,شهید احمدوند,51.56740633,35.7528292,
2596,یاس,51.56372001,35.75405259,
2598,پگاه,51.55997549,35.7553806,
2602,شهید بختیاری,51.55485393,35.75716835,
2606,طلوع,51.55261974,35.75387259,
2371,شهید الهی,51.54790193,35.75220869,
2484,دارایی,51.54869047,35.75539805,
2305,شهرک فرهنگیان,51.54659546,35.75613326,
2530,استقلال,51.54212846,35.75761479,
2731,مسجد,51.53965141,35.75696653,
2737,پارک پلیس,51.53813162,35.75334061,
2399,فلکه چهارم,51.53723867,35.74957003,
2401,کانون,51.53621923,35.74765454,
2405,فلکه سوم,51.53374864,35.74359812,
2411,داروخانه,51.53190243,35.73953863,
2417,چهارراه اشراق,51.53010324,35.73614555,
2419,تیر انداز,51.52842921,35.73298137,
4041,درمانگاه مریم,51.52660864,35.72955174,
4045,فلکه اول,51.52511066,35.72723577,
4115,رشید,51.51917826,35.72710446,
4062,شهید باقری,51.51522328,35.72760818,
4034,پایانه علم و صنعت شهرک شهید بهشتی,51.5072181,35.73347861,
4111,شهید باقری,51.51502685,35.7275529,
4113,رشید,51.52087144,35.72678989,
4043,فلکه اول,51.52568258,35.7271812,
4039,درمانگاه مریم,51.5269496,35.72990821,
2421,تیرانداز,51.52832401,35.73250058,
2413,چهارراه اشراق,51.53044186,35.73652652,
2409,داروخانه,51.53235349,35.74007179,
2527,فلکه سوم,51.53436966,35.7439513,
2403,کانون,51.53599186,35.74698939,
2397,فلکه چهارم,51.5374102,35.74966984,
2446,شهید خیری,51.54332638,35.75012391,
2735,پارک پلیس,51.53839048,35.75365924,
2733,مسجد,51.53969182,35.75676298,
2532,استقلال,51.54233535,35.75744752,
2307,فرهنگیان,51.54663022,35.7559842,
2327,شهید حبیب نژاد,51.55040975,35.75686591,
2369,شهید بختیاری,51.55324043,35.75773748,
2584,سپه شهر,51.5569155,35.75644875,
2586,پگاه,51.55996748,35.75538339,
2588,سازمان گوشت,51.56297039,35.75431907,
2590,شهرک شهید بهشتی,51.56781484,35.75259737,
7609,درسون آباد مترو شهرری,51.42810083,35.50033865,
7607,پارک,51.42730543,35.50398492,
7603,مافتون,51.41287334,35.50616138,
7599,آخر قمصر,51.40693451,35.50730677,
7595,امام حسین,51.40421011,35.50792012,
7755,بهداری,51.39983962,35.5086379,
7591,ده نو,51.39238212,35.51070994,
7587,آتش نشانی,51.39570319,35.52962875,
7254,عطرفاطمی,51.40047026,35.52840818,
7552,صدف,51.4033439,35.52714462,
7542,امیری,51.40594908,35.52602769,
7575,میدان شهدا,51.40688585,35.5282603,
7567,حمام,51.40632477,35.53088389,
7565,فاتحی,51.40509176,35.53437169,
7563,درمانگاه,51.39986282,35.53448169,
7485,مترو شهرری  درسون آباد,51.42347351,35.59340005,
7534,درمانگاه,51.39979328,35.53440647,
7536,فاتحی,51.40510278,35.53428245,
7577,میدان شهدا,51.40670026,35.52756212,
7571,امیری,51.40608293,35.52597184,
7573,صدف,51.40318268,35.52721628,
7569,عطرفاطمی,51.39892746,35.52907615,
7585,آتش نشانی,51.39554304,35.52951546,
7589,ده نو,51.39221013,35.51080173,
7593,بهداری,51.39978763,35.50865147,
7663,امام حسین,51.40421606,35.50791784,
7597,آخر قمصر,51.4069028,35.50730992,
7601,مافتون,51.41287405,35.50616136,
7605,پارک,51.42730111,35.50398488,
7256,درسون آباد,51.42823689,35.50040628,
4997,میدان شهدا پایانه ثامن الحجج,51.44862859,35.68961139,
5226,امام علی,51.45710984,35.69015684,
5231,برق فیروز,51.46243836,35.69049087,
5343,سلیمانیه,51.46659845,35.69087787,
5239,درختی,51.47098293,35.69120844,
5245,کوکاکولا,51.47715495,35.69171595,
5247,پرستار,51.48244016,35.69208463,
5251,مقداد,51.4874098,35.69243212,
5403,میدان شهید کلاهدوز,51.49197417,35.6928055,
5561,سه راه تختی,51.49556584,35.68363209,
5555,بیمارستان,51.49867527,35.68148708,
5553,تالار نور,51.50187719,35.67927464,
5547,پدافند هوایی,51.50495808,35.67712072,
5545,میدان شهید مطهری,51.50742001,35.67541796,
5483,ورزشگاه,51.50840195,35.67012617,
5487,پشتیبانی,51.50832324,35.66661054,
5491,پادگان صفر دو,51.50828487,35.66365727,
5967,شهید نیکوعمل,51.50133575,35.65946024,
5969,خیابان سی و هفت,51.50022606,35.65624931,
5973,بیست متری,51.49922119,35.65334135,
5977,خیابان بیست,51.49755192,35.64850053,
5979,قصر فیروزه,51.49592015,35.64385841,
5987,ابتدای ابومسلم,51.49495158,35.64266271,
6011,پارک والفجر,51.49589128,35.63970295,
6090,شهید آیت الله مدنی,51.49656105,35.6364798,
6027,عارف,51.49698438,35.6344018,
6031,تره بار,51.49761007,35.63092999,
6086,امیر,51.49859651,35.62736822,
6137,بوستان پیام,51.49885291,35.62601404,
6156,آذربرا,51.49966217,35.62235398,
6126,نیکزاد,51.49670616,35.62337,
6182,شهید سلیمانی,51.49473427,35.62523003,
6088,پایانه ثامن الحجج,51.49158762,35.62802135,
6144,پایانه ثامن الحجج  میدان شهدا,51.49164478,35.6275651,
6128,شهید ناصری,51.49557984,35.62425323,
6092,پمپ گاز,51.49974182,35.62187975,
6094,بوستان پیام,51.49892326,35.62607952,
6096,مجتمع پامچال,51.49808258,35.63070177,
6098,ایستگاه کتابخانه,51.50047979,35.63112829,
6100,مدرسه,51.50471005,35.63166248,
6110,شهید سلطانی,51.50484063,35.63512129,
5982,کوهسار,51.50184495,35.63748638,
5736,شهید آیت الله صدوقی,51.4984784,35.63854587,
6136,باشگاه والفجر,51.49613889,35.64126785,
5981,قصر فیروزه,51.49654421,35.64387749,
5975,اردیبهشت,51.49779787,35.64869282,
5971,بیست متری,51.49917995,35.65268961,
5856,خیابان سی و شش,51.50033829,35.65604262,
5965,شهید نیکوعمل,51.50145545,35.65928547,
5910,شهید بهشتی,51.50635483,35.65924245,
5493,شهرک امیرالمومنین,51.50841459,35.66120427,
5485,پشتیبانی,51.50842287,35.66650585,
5481,ورزشگاه,51.50853526,35.67071314,
5479,میدان شهید مطهری,51.50860746,35.67455163,
5549,بلوار هجرت,51.50586276,35.67666013,
5551,شهید رجبی پور,51.50227105,35.67912846,
5557,مرکز صفر یک,51.49879664,35.68153591,
5411,هجرت,51.49326918,35.68889654,
5253,ششم,51.48939853,35.69275986,
5249,پرستار,51.48379833,35.69240959,
5243,کوکاکولا,51.4771569,35.69182416,
5241,صد دستگاه,51.47362043,35.69157358,
5237,درختی,51.47113487,35.69145132,
5235,ستاد,51.46784061,35.69120769,
5233,سلیمانیه,51.46560416,35.69101808,
1116,امام علی,51.457155,35.69043579,
4968,میدان شهدا,51.44740132,35.69113531,
4050,پایانه علم و صنعت  پایانه خاوران,51.50731696,35.73381033,
4017,سرسبز,51.49466163,35.73486313,
4021,نبوت,51.49320793,35.72741976,
4020,تلفنخانه شمالی,51.4918526,35.72061566,
4023,شهید دکتر آیت شمالی,51.49064462,35.7151044,
5269,امامت,51.48725204,35.70744419,
5205,نیروی هوایی,51.48945299,35.70164627,
5213,پیروزی,51.49216242,35.69589194,
5407,ائمه اطهار س,51.49254471,35.67967141,
5417,قصر فیروزه,51.49236369,35.67432509,
5429,شهید محلاتی,51.49169254,35.66599321,
5431,شهید رحیمی,51.49013015,35.66136202,
5703,بیست متری افسریه,51.48751861,35.65379027,
5709,شهید آشوری,51.48638724,35.65052233,
5715,ولیعصرعجل الله تعالی فرجه شریف,51.48527926,35.64722593,
5721,شهید رحمانی,51.48466131,35.643192,
5729,بسیج,51.48434802,35.64092756,
5766,پایانه خاوران,51.47821952,35.6422102,
5770,پایانه خاوران پایانه علم و صنعت,51.47811896,35.64105506,
5727,بسیج,51.48443153,35.64091357,
5723,شهید رحمانی,51.48474722,35.64318675,
5717,ولیعصرعجل الله تعالی فرجه شریف,51.48535537,35.64721111,
5711,شهید آشوری,51.48646883,35.65050845,
5705,بیست متری افسریه,51.48759883,35.6537754,
5701,شهید رحیمی,51.49021583,35.66134689,
5427,شهید محلاتی,51.49179402,35.66596406,
5415,قصر فیروزه,51.49247159,35.6743216,
5409,ائمه اطهار س,51.49270012,35.67969194,
5211,پیروزی,51.49229571,35.69593225,
5207,نیروی هوایی,51.48967533,35.70171211,
5267,امامت,51.48736039,35.70741788,
5257,شهید دکتر آیت جنوبی,51.49029756,35.71416418,
4025,تلفنخانه,51.49175497,35.71987584,
4019,نبوت,51.49320793,35.72741976,
4015,سرسبز,51.4946619,35.73486443,
2856,پایانه مترو صادقیه تهرانسر شرقی,51.33175185,35.71659711,
2804,شهید رحمانی,51.33126775,35.70131373,
7907,نهضت,51.26696162,35.70148095,
7915,کاظمیه,51.26622011,35.69879725,
7959,قوامین,51.26331351,35.69852753,
7961,بدخشان,51.26146354,35.69886709,
7946,قباد شمالی,51.25875525,35.69937014,
7967,ابتدای لاله,51.25560883,35.70004377,
7927,فلکه,51.25629557,35.70249774,
7918,نیلگون,51.25660108,35.7047106,
7929,چهاردهم,51.25441666,35.69866258,
7935,مدرسه,51.25405225,35.69603481,
7937,صدف,51.25411207,35.69492461,
7958,شاهد شرقی,51.25528977,35.69258895,
7971,نیلوفر,51.25791021,35.6921808,
7991,طالبی,51.260669,35.69139498,
7993,بنفشه,51.26133556,35.68920128,
7997,فجر,51.25932212,35.68676923,
8001,کیهان اندیشه,51.25879607,35.68445623,
8004,تره بار,51.25935009,35.68127763,
8007,تهرانسر شرقی  مترو صادقیه,51.25935397,35.68092469,
8003,کیهان اندیشه,51.25882044,35.68422252,
7999,فجر,51.25942343,35.68678678,
7995,بنفشه,51.26143951,35.68932371,
7989,شهید طالبی,51.26068633,35.69145167,
7969,نیلوفر,51.25878152,35.69216103,
7973,صدف,51.25530164,35.69270285,
7933,مدرسه,51.254208,35.69635374,
7931,بانک ملی,51.25452407,35.6984812,
7965,ابتدای لاله,51.25579678,35.69988909,
7963,نفت شمالی,51.2606819,35.69888281,
7938,قباد جنوبی,51.25764346,35.69946861,
7957,قوامین,51.26525373,35.69804781,
7913,کاظمیه,51.2666078,35.69953569,
7911,شهرک,51.26720054,35.70155876,
7905,ارج,51.2678081,35.70380919,
2896,پایانه آزادگان  دانشگاه علوم و تحقیقات,51.33078124,35.62537732,
6970,مترو آزادگان,51.33579085,35.62785952,
6812,مترو نعمت آباد,51.34776371,35.63379791,
6794,شهید سروری شرقی,51.35447457,35.63879121,
6798,شهرداری منطقه هجده,51.34965016,35.64982368,
6786,آموزش و پرورش,51.34691629,35.65643836,
6782,بلوارمعلم,51.34510425,35.66119523,
6790,بوتان,51.34688758,35.66896343,
2887,میدان آزادی,51.33814143,35.6982887,
2873,جناح,51.33780653,35.70267791,
2107,متروصادقیه,51.33597331,35.71611388,
2859,صادقیه,51.3354727,35.72095749,
2853,سازمان آب,51.33500093,35.7248587,
2849,مسجد جامع,51.33434697,35.72892909,
2847,مرزداران,51.33361437,35.73490855,
2843,باغ فیض,51.3324692,35.7440619,
2839,تیراژه,51.33201112,35.7478804,
2833,شهید مخبری,51.33315381,35.75443103,
2831,پونک,51.33557019,35.76085493,
2829,شهید آبشناسان,51.3375454,35.76817641,
2823,آیت الله طالقانی,51.33643396,35.77470707,
2819,شهید آیت الله اشرفی اصفهانی,51.33599009,35.77762052,
3277,الوند,51.33046649,35.77842506,
3273,مخابرات,51.32222508,35.77837448,
1272,دانشگاه علوم و تحقیقات,51.31706994,35.78006741,
3271,مخابرات,51.32241379,35.77834045,
3275,الوند,51.3306083,35.77834439,
2821,شهید آیت الله اشرفی اصفهانی,51.33594662,35.77729729,
2825,آیت الله طالقانی,51.33637545,35.77452978,
2827,شهید آبشناسان,51.33744941,35.76795392,
2826,پونک,51.33470716,35.75880313,
2835,شهید مخبری,51.33300133,35.75429446,
2837,تیراژه,51.33195516,35.74759519,
2841,باغ فیض,51.33242654,35.74372796,
2845,مرزداران,51.33356789,35.73466434,
2851,مسجد جامع,51.33430681,35.72868939,
2855,سازمان آب,51.33495692,35.72463904,
2861,صادقیه,51.33537387,35.72063442,
2108,متروصادقیه,51.33589533,35.71595597,
2863,جناح,51.33763638,35.70225831,
2869,میدان آزادی,51.33807266,35.69794178,
6788,بوتان,51.3464921,35.66882829,
6780,بلوارمعلم,51.34505885,35.66082093,
6784,آموزش و پرورش,51.34697537,35.65607535,
6796,شهرداری منطقه هجده,51.34970061,35.64947858,
6792,شهید سروری غربی,51.35384169,35.63763051,
6804,مترو نعمت آباد,51.34621218,35.63357852,
6800,مترو آزادگان,51.33554098,35.62780424,
7903,پایانه آزادگان,51.33113036,35.62576596,
4992,شهید فیاض بخش  فردوس,51.41424587,35.68520241,
4857,ابوسعید,51.4073404,35.67990554,
4853,کلانتری,51.40349201,35.68055665,
4849,میدان منیریه,51.40053287,35.68160455,
4845,لشکر,51.3947033,35.6822727,
4669,مرتضوی,51.38264128,35.68606009,
4841,آموزش و پرورش,51.38423989,35.68369338,
4673,بیمارستان لقمان حکیم,51.38811328,35.68068345,
4671,اکبرآباد باشگاه فرهنگیان,51.38441032,35.68170588,
4837,خاکباز,51.38118126,35.68487627,
4535,رودکی,51.37592787,35.68447405,
4533,خوش,51.37316671,35.68425792,
4531,قصرالدشت,51.3704502,35.68403891,
4529,کارون,51.36674221,35.6836965,
4269,فردوس,51.32603885,35.66985459,
4547,رودکی,51.37760909,35.68165271,
4839,انقلاب اسلامی,51.38174848,35.68197237,
4843,بیمارستان,51.39005997,35.68166668,
4847,لشکر,51.39588604,35.68203431,
4851,میدان منیریه,51.40066233,35.68149666,
4855,کلانتری منیریه,51.40221895,35.68065704,
4859,ابوسعید,51.40697325,35.67985702,
5077,پایانه شهید فیاض بخش,51.41470576,35.68478993,
1483,پایانه شهید افشار ولنجک,51.41803685,35.79084638,
1233,تابناک,51.40557284,35.79363966,
1183,شهید شهریاری,51.39772849,35.796672,
1177,دانشگاه شهید بهشتی,51.39658011,35.79932668,
1175,یاسمن,51.39660336,35.80323451,
1467,مسجد النبی ص,51.39786899,35.80594252,
1171,خوابگاه دختران,51.39512308,35.80691516,
1167,اقاقیا,51.39186803,35.80726745,
1164,باغ گیلاس,51.38994733,35.80829786,
1159,هفدهم,51.39439248,35.81153439,
1157,هفدهم,51.39304485,35.81132114,
1161,خوابگاه پسران,51.3899291,35.80815957,
1165,اقاقیا,51.39201095,35.80706242,
1169,خوابگاه دختران,51.39438242,35.80619124,
1173,مسجد النبی ص,51.3978224,35.80553106,
1179,دانشگاه شهید بهشتی,51.39615442,35.79969318,
1185,شهید شهریاری,51.39757243,35.79626962,
1231,تابناک,51.40541245,35.7939843,
1499,پایانه افشار,51.41740017,35.79119468,
5000,پایانه فیاض بخش پایانه مترو دولت آباد,51.41424407,35.68508489,
4954,بازار,51.41709777,35.67753055,
5057,سید نصرالدین,51.41645725,35.67316711,
5059,میدان محمدیه شمالی,51.41590821,35.6691956,
4934,مترو شوش,51.41476802,35.65872499,
4930,شهید هرندی,51.41778311,35.65891867,
7162,مترو دولت آباد,51.4639559,35.61814646,
4918,شوش غربی,51.4287629,35.65965479,
4924,پارک بهاران,51.42574876,35.65946918,
4926,خدمات شهری,51.42292107,35.65929913,
4932,بهرام,51.42028406,35.6591356,
5055,سید نصرالدین,51.41640737,35.67227476,
5053,پاچنار,51.4166593,35.67397785,
5047,گلوبندک,51.41715822,35.67742225,
4210,پایانه بوتان  م شهدای شاد آباد,51.34697926,35.66882405,
6678,پرچین,51.29345313,35.67009599,
6622,میدان شاد آباد,51.3030749,35.66129098,
6749,پارک,51.29758854,35.66418601,
6747,مدرسه,51.29770795,35.66719755,
6691,شهید سرحدی,51.2977639,35.6686081,
6689,بانک صادرات,51.30004979,35.66988212,
6685,بانک ملی,51.30249842,35.6697786,
4261,تولید دارو,51.33442138,35.66749527,
4265,وحید,51.33866657,35.66676752,
4204,پل ساوه,51.34245198,35.66638926,
5006,پایانه شهید دکترمحمدعلی فیاض بخش,51.41424953,35.68544147,
4664,بهشت,51.41136559,35.68159632,
5018,بانک پاسارگاد,51.42399793,35.68810728,
5019,بانک تجارت,51.42433606,35.69142585,
3772,شهید مفتح,51.42608008,35.70696643,
3724,سه راه شهید طالقانی,51.4324379,35.70709096,
3758,پادگان ولیعصر عج,51.43829619,35.71021757,
3762,بیمارستان خانواده,51.43930818,35.71340933,
3764,ملک,51.44135155,35.71828217,
3766,سه راه زندان,51.44282946,35.72129652,
3776,شهید مطهری,51.44428188,35.72329616,
3778,سه راه مرودشت,51.45087654,35.72366594,
3783,معلم  پایانه شهید دکترمحمدعلی فیاض بخش,51.45194949,35.72796597,
3843,باغ موزه قصر,51.44774751,35.72192892,
3841,سه راه زندان,51.44300517,35.72067039,
3721,باغ صبا,51.44176732,35.7189974,
3787,بیمارستان خانواده,51.43981074,35.7162748,
3725,عوارضی,51.438775,35.71440676,
3740,میثاق,51.4368367,35.71115124,
3847,شهید طالقانی,51.43499514,35.70848098,
3851,سمیه,51.43255013,35.70516926,
5005,اکباتان,51.42400796,35.68910571,
4970,میدان امام خمینی ره,51.42238603,35.68635969,
5784,پایانه خاوران  مشیریه,51.47812366,35.641358,
5747,شرکت واحد,51.48645198,35.63095038,
5751,شهید شیرودی,51.4884068,35.62881507,
5907,داروخانه,51.4896229,35.62542543,
5911,بوعلی غربی,51.48537389,35.62283894,
5913,اسفند,51.48085506,35.62008342,
6093,چهارراه سوم,51.47770427,35.61764414,
6097,کارخانه سیمان,51.48015504,35.61497646,
5740,کوچه چهاردهم,51.48350742,35.61535837,
5744,کوچه هفتم,51.48637728,35.61712394,
5953,سازمان آب,51.48993949,35.61890574,
5955,مشیریه,51.49008001,35.61893283,
5746,مهر,51.48582739,35.61686386,
5742,پارک بنفشه,51.4833894,35.61536365,
6099,خوزستان,51.48019134,35.61505445,
6095,بیست متری اعظم,51.47810305,35.61733002,
5917,دی,51.47855816,35.61857558,
5915,بهمن,51.48113188,35.62013745,
5909,فروردین,51.48579924,35.62297855,
5905,چهارم شرقی,51.48955295,35.62525931,
5759,گلشن,51.49391458,35.62282654,
5757,مخابرات,51.49450092,35.62303373,
5755,میدان ثامن الحجج,51.49081815,35.62706136,
5749,مسعودیه,51.48630921,35.63168497,
5768,پایانه خاوران,51.47890986,35.64187202,
1006,پایانه شهید افشار پایانه جنوب,51.41816939,35.79104924,
1095,پمپ بنزین,51.40447764,35.79334595,
1099,نمایشگاه,51.39942274,35.79276052,
1501,آتی ساز,51.39186377,35.78747858,
1505,پل مدیریت,51.38753794,35.77104033,
1509,ملاصدرا,51.38717246,35.75684851,
1513,کوی نصر,51.38114628,35.72481919,
1525,باقرخان,51.37749037,35.71044069,
1529,میدان توحید,51.37748266,35.70657648,
1533,آزادی,51.37797451,35.70111559,
4569,میدان جمهوری اسلامی,51.37835775,35.69742491,
4411,آذربایجان,51.37858642,35.69393027,
4415,امام خمینی رضوان الله تعالی علیه,51.37934579,35.68748406,
4579,کمیل,51.37990629,35.68094653,
4421,شهید صفدری,51.38058055,35.67621361,
4426,بریانک,51.38114082,35.67226331,
6417,هلال احمر,51.38138659,35.66918713,
4789,رباط کریم,51.38776026,35.66210581,
6249,پل جوادیه,51.39521901,35.65381638,
6161,قالیشویی,51.39701138,35.65114361,
6194,شهید امامی,51.40219449,35.64906394,
6129,شهید رجایی,51.41211694,35.64797575,
6142,روغن نباتی,51.42103306,35.64699604,
6317,پایانه جنوب,51.41772423,35.65212589,
6319,پایانه جنوب پایانه شهید افشار,51.41694137,35.65242015,
6231,شهید رجایی,51.41213033,35.64802028,
6192,شهید امامی,51.40221558,35.64912617,
6140,میدان بهمن,51.39819558,35.64986542,
6163,قالیشویی,51.39706232,35.65117599,
6153,پل جوادیه,51.39526275,35.65387404,
4791,رباط کریم,51.38794512,35.66218187,
4587,هلال احمر,51.38184638,35.66855153,
1027,قزوین,51.38177003,35.67092919,
4423,شهید صفدری,51.38095998,35.67614074,
4581,کمیل,51.38051178,35.68002895,
4413,امام خمینی رضوان الله تعالی علیه,51.37973674,35.68778547,
4571,آذربایجان,51.37894861,35.69424703,
4405,ارومیه,51.37835055,35.69813372,
4403,آزادی,51.37810471,35.70022921,
1531,میدان توحید,51.37762965,35.70502716,
1527,باقرخان,51.37797644,35.71010158,
1515,کوی نصر,51.38172921,35.72480957,
1511,ملاصدرا,51.38725858,35.75682903,
1507,پل مدیریت,51.38764092,35.77102776,
1503,آتی ساز,51.39195441,35.78748673,
1097,نمایشگاه,51.39959801,35.79259003,
1093,پمپ بنزین,51.40506343,35.79273689,
6172,پایانه جنوب  پایانه خاوران,51.41694226,35.65233247,
6174,پارک بعثت,51.42876517,35.64607217,
5802,هفده شهریور,51.44649188,35.64515236,
5797,شاهد,51.457486,35.64485553,
5960,شهید بروجردی,51.4671807,35.64140965,
5958,پایانه خاوران پایانه جنوب,51.47809355,35.64116505,
5854,شهید بروجردی,51.46698778,35.64154512,
5800,شاهد,51.45754193,35.6449258,
5962,هفده شهریور,51.44648336,35.64522585,
6127,پارک بعثت,51.42873185,35.64625812,
1680,پل مدیریت,51.38562659,35.77094791,
1827,دانشگاه امام صادق,51.38233306,35.77095438,
1833,مسجد,51.37760548,35.77092754,
1835,پارک دلاوران,51.37359418,35.77086402,
1528,میدان کوثر,51.3690233,35.7716133,
1839,شهید مطهری,51.36602967,35.77118373,
1658,فردوسی,51.36055074,35.77022411,
1747,دریا,51.3600801,35.76922339,
1557,بیمارستان بهمن,51.37970564,35.76664528,
1675,برج ایرانیان,51.38390389,35.76314486,
1677,کوچه نهم,51.3840236,35.75965372,
1681,پارک سد روس,51.38358159,35.75659152,
1689,یکم,51.37629403,35.75267123,
1601,میدان صنعت,51.3710035,35.75444009,
1661,میدان صنعت,51.3708585,35.75455591,
1650,کوچه ششم,51.37526838,35.75632085,
1648,کلانتری,51.37667764,35.75869403,
1683,گلستان جنوبی,51.38162769,35.76256607,
1532,فرهنگسرای ابن‌سینا,51.37954645,35.76684412,
1652,شفق,51.37234905,35.76695879,
1526,متروشهید دادمان,51.36580763,35.76687381,
1664,بیمارستان آتیه,51.36134316,35.76721962,
1644,ایرانشهر,51.36048437,35.77008358,
1659,خلیج‌فارس,51.36820491,35.77141347,
1837,موج,51.37216427,35.77085957,
1831,خوردین,51.37719128,35.77078032,
1829,دانشگاه امام صادق,51.38268676,35.77080159,
1821,پل مدیریت,51.38572709,35.77080373,
8349,مترو ایران خودرو شهید باقری,51.19565177,35.7260503,
8323,زیتون,51.19018243,35.7290197,
8237,نارون,51.18840381,35.7303287,
8233,کاکتوس,51.18926143,35.73330115,
8102,بلوط,51.19000327,35.73591469,
8229,نارنج,51.19056879,35.73784161,
8223,نخل,51.19099778,35.73934546,
8217,نگین,51.19403278,35.74633338,
8248,فروشگاه کوروش,51.19722051,35.74669267,
8368,پایانه شهید باقری,51.20160204,35.76344373,
1108,آسمان,51.20080207,35.75598502,
8246,آریانا,51.19769184,35.74675427,
8264,شهرداری ناحیه چهار,51.19476553,35.74640552,
8225,سرو,51.19102714,35.73969025,
8227,صنوبر,51.19058702,35.73817504,
8104,بلوط,51.18989344,35.73582896,
8231,سپیدار,51.18917672,35.73326347,
8239,راش,51.18818164,35.72983658,
8321,سروناز,51.19018861,35.7289542,
8399,مترو ایران خودرو,51.19586002,35.72646188,
5003,پایانه شهید فیاض بخش  شهرک نوحید,51.41424693,35.68527184,
6103,میدان بهشت,51.40994185,35.63194712,
6107,باربری,51.41083654,35.62831984,
6211,نان ماشینی,51.41160682,35.62548076,
6217,مسجد مادر,51.41245569,35.6223613,
6121,سر بزرگراه,51.41403144,35.61653906,
7103,پرورشگاه,51.41535088,35.61122583,
7105,عظیم آباد,51.41592852,35.60908529,
7109,فروردین,51.41667734,35.60631057,
7443,کلانتری,51.41393396,35.60589184,
7447,سیزده آبان,51.4090989,35.60671158,
7401,شهیدصنیع خانی شرقی,51.39882709,35.60681552,
7405,بازیافت,51.39853221,35.60437032,
7260,بوستان امامزاده ابوالحسن,51.40602986,35.59701795,
7409,امامزاده,51.3980411,35.59931483,
7264,دبستان,51.39769484,35.5916203,
7248,شهرک توحید,51.40002428,35.59142894,
7359,شهرک توحید,51.400035,35.59142806,
7262,دبستان,51.39781927,35.59161008,
7234,امام زاده ابوالحسن,51.40632641,35.5963552,
7411,امامزاده,51.39811099,35.60029129,
7407,بازیافت,51.39852738,35.60432915,
7403,شهیدصنیع خانی شرقی,51.39911273,35.60733709,
7451,آتش نشانی,51.40503751,35.60723267,
7445,سیزده آبان,51.40926904,35.60661162,
7441,کلانتری,51.41313655,35.60595593,
7439,مهر,51.41615122,35.60543002,
7111,سر آبان,51.41674371,35.60724918,
7107,عظیم آباد,51.41604022,35.6099079,
7101,پرورشگاه,51.41536214,35.61244382,
6219,سر بزرگراه,51.41413325,35.61700793,
6215,تختی,51.41277647,35.62212075,
6213,نان ماشینی,51.41149512,35.62684573,
6109,باربری,51.41100304,35.62861095,
6105,میدان بهشت,51.41046713,35.63064647,
7148,پایانه مترو شهرری شهرک فرهنگیان,51.42354207,35.5934815,
7266,بوستان دانش,51.44128737,35.58138288,
7345,ایرانیت,51.44443179,35.58118717,
7320,مجتمع عبدلعظیم,51.45222911,35.58543529,
7143,صالحین,51.45319313,35.59773488,
7139,طبرسی,51.44963732,35.600619,
7393,ناروندی,51.44672964,35.60482216,
7389,دانشگاه,51.44956758,35.60885082,
7432,موزه صنعت معدن,51.45184097,35.60897494,
7435,گلمهر,51.45580365,35.61148114,
7453,دولت‌آباد,51.45909119,35.61556264,
7458,شهرک فرهنگیان,51.4598477,35.61610357,
7459,عقیق شمالی پایانه مترو شهرری,51.46092868,35.6168401,
7452,ام‌البنی,51.45810186,35.61476919,
7434,موزه صنعت معدن,51.45131159,35.60912689,
7152,شهید غیاثوند,51.44845667,35.60124379,
7145,صالحین,51.45327126,35.59745072,
7349,بوستان دانش,51.44114131,35.58154754,
3752,پایانه شهید بهشتی میدان امام حسین ع,51.42758433,35.72863764,
3760,مسجد الحسین ع,51.4615853,35.71095632,
3712,دماوند,51.46233935,35.70677959,
3332,بوعلی,51.45631607,35.70439143,
3728,م امام حسین,51.45245261,35.70327908,
3951,م امام حسین پایانه بهشتی,51.45195314,35.70313822,
3842,حقوقی,51.43725559,35.70232878,
3849,سه راه طالقانی,51.43346076,35.70618741,
8348,پایانه مترو چیتگر پایانه شهرک شهید باقری,51.24514471,35.71808881,
8362,سروستان نهم,51.23622876,35.75495705,
8130,قائم نهم,51.23214065,35.75458323,
8221,رز,51.22167583,35.75983891,
8238,نگین,51.21289657,35.75990695,
8240,شقایق,51.21963206,35.75943091,
8178,نور,51.21772866,35.75714289,
8381,پایانه شهرک شهید باقری,51.20169748,35.76351375,
8169,قائم هشتم,51.2307647,35.75375928,
8360,سروستان هشتم,51.2365444,35.75431067,
4867,میدان راه آهن,51.39488361,35.65958654,
6191,بوستان مادر,51.41632214,35.65592177,
6389,عالی,51.41778799,35.65490979,
6223,باغ آذری,51.42130409,35.65411355,
6229,چهارراه روغن نباتی,51.42140538,35.64567088,
6133,فلکه اول خزانه,51.4212187,35.64315963,
6197,اول عباسی,51.41816269,35.64181157,
6201,فلکه دوم عباسی,51.41840421,35.64003092,
6203,فلکه سوم عباسی,51.41887428,35.63691657,
6205,فلکه چهارم عباسی,51.41914973,35.63503244,
7431,ملک آباد,51.42614094,35.61609157,
7192,نشاط,51.42960474,35.61649412,
7278,مجتمع امام رضا,51.43101277,35.61572677,
7198,الهیه,51.42925617,35.61238379,
7462,مدرسه,51.42675191,35.6111932,
7206,شهیدحنیفه زاده,51.42553169,35.60933844,
7188,گذرنامه,51.4283642,35.60751762,
7194,کتابخانه شیخ کلینی,51.4327162,35.60776835,
7200,مجتمع تاکسیرانی,51.43665156,35.60762056,
7138,پایانه مترو جوانمرد قصاب,51.4197312,35.61110224,
7151,مجتمع تاکسیرانی,51.43542196,35.60772253,
7190,کتابخانه شیخ کلینی,51.43269652,35.60796799,
7204,گذرنامه,51.4294667,35.60846004,
7153,شمشاد,51.42841587,35.61029965,
7196,الهیه,51.43015813,35.61305212,
7276,مجتمع امام رضا,51.43113869,35.61572874,
7202,نشاط,51.42926532,35.61657463,
7433,ملک آباد,51.42596377,35.61619158,
6239,فلکه چهارم خزانه,51.42141164,35.63627361,
6235,فلکه دوم خزانه,51.42158469,35.64066741,
6131,فلکه اول خزانه,51.42159915,35.64316899,
6199,شهرداری,51.41780695,35.6441756,
6195,مترو ترمینال جنوب,51.41686266,35.65067868,
4996,بیمه,51.41319311,35.65869406,
2858,پایانه مترو صادقیه پایانه دریاچه,51.33025351,35.71681446,
2814,اندیشه شمالی,51.27891671,35.73980035,
8190,دریاچه,51.20674655,35.75189618,
8194,میعاد,51.20180923,35.75107998,
8174,پایانه دریاچه,51.19954818,35.74717397,
8180,پایانه دریاچه مترو صادقیه,51.19928896,35.74716395,
8196,میعاد,51.20171749,35.75097312,
8192,دریاچه,51.20703048,35.75191807,
2916,پایانه آزادی شهرک دریا,51.33623149,35.7027718,
7936,گلزار,51.25311077,35.69313061,
7979,مسجد پندیار,51.25045617,35.69353922,
7981,دستغیب,51.24723066,35.69419305,
8011,تره بار,51.24854581,35.69170848,
8017,فاز پنج مطهری,51.24483786,35.69065232,
7947,اول شهرک,51.24011881,35.68908653,
7949,مدرسه,51.23929988,35.68591427,
7930,انتهای خزر,51.23870926,35.68347157,
7951,شهرک دریا پایانه آزادی,51.23943648,35.68566069,
7945,منبع آب,51.24041617,35.68958873,
7848,مروارید,51.24353828,35.68962271,
8015,فاز پنج,51.24514362,35.69130365,
8009,تره بار,51.24878362,35.69216978,
7977,مسجد پندیار,51.24956642,35.69355439,
7975,صدف,51.25205248,35.69316949,
7912,بوستان گلناز,51.25455668,35.69002912,
7924,چهل و چهارم,51.25567366,35.68859863,
7932,سی و دوم,51.25405849,35.69196634,
4967,بهارستان شوش,51.43217939,35.68785469,
4944,میدان شوش بهارستان,51.43142424,35.66124469,
5173,بانک تجارت,51.43529519,35.6697015,
4985,ابتدای شهید مصطفی خمینی,51.42941583,35.67085954,
4977,چهارراه سیروس,51.43007038,35.67488486,
4640,سپیر,51.43081785,35.67930244,
4975,پمپ بنزین,51.43114569,35.68129088,
4971,بحرالعلوم,51.43182746,35.685308,
1267,شهید سوهانی,51.53133865,35.80096849,
1268,مجتمع دانشگاهی ولایت,51.52947732,35.7986793,
1363,"شهید لنگری
شهید لنگری",51.48479431,35.79957208,
1371,شهرک چمران,51.48071133,35.79322232,
2074,تالار,51.47381379,35.78756893,
2083,چهارراه پاسداران,51.46883576,35.78286988,
2085,پادگان صفر شش,51.46647255,35.77792669,
2078,پمپ بنزین,51.46457538,35.77572018,
2093,گلستان,51.46117285,35.77183269,
2097,کلانتری,51.45792815,35.76810642,
2101,آهنگران,51.45615664,35.76602997,
2105,چاله هرز,51.45451881,35.76149526,
2109,ضرابخانه,51.45320102,35.75776632,
2275,شهید گل نبی,51.44882602,35.75644448,
2145,سه راه ضرابخانه,51.4486291,35.75342108,
2024,چاله هرز,51.45362362,35.75939476,
2103,آهنگران,51.45536647,35.76348701,
2099,کلانتری,51.45829535,35.76842989,
2095,گلستان,51.46088761,35.77139849,
2091,پمپ بنزین,51.4643103,35.7753227,
2087,پادگان صفر شش,51.46632978,35.77761465,
2077,چهارراه پاسداران,51.46894436,35.78290946,
2079,سه راه اختیاریه,51.47007106,35.78521709,
2075,تالار,51.4751477,35.78880304,
1369,شهرک شهید چمران,51.48054942,35.79285272,
1271,برج های مروارید,51.52779527,35.79659651,
1265,شهید سوهانی,51.53086454,35.79994664,
4988,پایانه شهید فیاض بخش پایانه هفده شهریور,51.41424001,35.68482007,
6253,بعثت,51.41243761,35.64748787,
1230,چهار راه دخانیات,51.39889022,35.63871851,
6132,پایانه هفده شهریور,51.40165902,35.63584865,
6267,پایانه هفده شهریور پایانه شهید فیاض بخش,51.40182713,35.63556084,
6138,بهزیستی,51.4092364,35.63271737,
4621,میدان انقلاب اسلامی,51.3914985,35.69801682,
4627,میدان پاستور,51.39227607,35.69220497,
6505,ولایت,51.3720219,35.65082187,
6411,سه راه زمزم,51.368176,35.6439387,
6904,شهید داوری,51.36418955,35.6407056,
6906,جوانه,51.36020241,35.63874164,
6623,زمزم,51.35435098,35.6387202,
6936,پایانه شهید سروری,51.36038898,35.63710128,
6928,پایانه شهید سروری  میدان انقلاب,51.36012202,35.6366505,
6964,مدرسه شاهد,51.36181057,35.63929788,
6958,داوری,51.36517828,35.64112725,
6409,سه راه زمزم,51.36777476,35.64323122,
6407,ولایت,51.37220021,35.6503693,
6401,قلعه مرغی,51.37503889,35.65243918,
6412,شهر بانو,51.38191918,35.65525759,
6435,سکوی نظامی,51.37774621,35.65427255,
6403,ورزشگاه,51.37473277,35.65427717,
4625,جمهوری اسلامی,51.39208658,35.69443181,
4619,میدان انقلاب اسلامی,51.39148645,35.69902042,
5008,ناصرخسرو میدان امامت,51.42251216,35.68397201,
5221,شهدا,51.44872742,35.68972364,
5285,دهقان,51.47861212,35.69232026,
5283,نجف پور,51.47719035,35.6960534,
5277,حسینیه,51.47968552,35.69737445,
5271,مدرسه,51.47940052,35.70024616,
5319,سوم,51.48141631,35.70124908,
5323,مسجد,51.48636201,35.7027639,
5203,مدرسه,51.48860622,35.70388088,
5265,پمپ بنزین,51.48755143,35.70779192,
5261,میدان امامت,51.49017611,35.71322924,
5259,میدان امامت  ناصرخسرو,51.48944187,35.71237127,
5263,پل,51.48841738,35.71007714,
5201,سه راه,51.48767045,35.70568947,
5287,پنجم,51.48485229,35.70270275,
5321,سوم,51.48199208,35.70147466,
5273,ابتدای اول,51.47935895,35.69986365,
5279,حسینیه,51.4797648,35.69601159,
5281,انتهای اول,51.48009008,35.69300009,
4957,میدان بهارستان,51.43243387,35.69064714,
4962,ناصرخسرو,51.4224969,35.68431284,
8405,پایانه دریاچه,51.19915877,35.74725586,
8228,تندرستی,51.19032227,35.74142856,
8364,مجتمع مسکونی چیتگر,51.17547198,35.75341235,
8230,گیاه شناسی,51.17059369,35.74479303,
8226,پژوهشگاه شیمی,51.16366128,35.74543255,
8235,مترو وردآورد,51.15226161,35.74433179,
8234,دانش,51.15566317,35.7461691,
8224,پژوهشگاه پلیمر,51.16405047,35.74520379,
8206,دانشکده کشاورزی,51.16822992,35.74049396,
8236,گیاه شناسی,51.17045471,35.74413127,
8232,سلامت,51.1905224,35.74129748,
7469,پایانه مترو شهرری پایانه مترو دولت آباد,51.42308143,35.59293244,
7397,سه راه ورامین,51.441121,35.59881598,
7395,ابن بابویه,51.44547175,35.60267561,
7421,فلکه دوم,51.45059723,35.61818578,
7419,فلکه سوم,51.45650499,35.61821374,
7227,پایانه مترو دولت آباد,51.46393999,35.61813829,
7417,فلکه سوم دولت آباد,51.45610241,35.6185048,
7423,فلکه دوم,51.45122691,35.61836016,
4986,شهید فیاض بخش وصال,51.41434957,35.68476773,
6313,حمام,51.40193092,35.63556478,
6361,داروخانه,51.39962268,35.63211637,
6391,سه راه,51.39864996,35.6305398,
6367,حمزه,51.40272191,35.6297332,
6395,شهید عباسی,51.40260273,35.62729977,
6399,عباسی اول,51.40634992,35.62690475,
6369,شهید شریعتی,51.40587958,35.62489307,
6373,ستاره,51.40443459,35.62171328,
6261,یاس,51.40405647,35.61731939,
6146,آتش نشانی,51.4073913,35.61604434,
6170,شهرک وصال,51.40536594,35.618448,
6116,پایانه وصال شهید فیاض بخش,51.40582295,35.61822002,
6375,ستاره,51.40462615,35.62192041,
6371,شهید شریعتی,51.40593127,35.62479361,
6283,عباسی اول,51.40650929,35.62696965,
6397,شهید عباسی,51.40285178,35.6273556,
6365,حمزه,51.40279879,35.6296367,
6393,سه راه,51.39898488,35.6305772,
6363,داروخانه,51.40017134,35.63264769,
1078,خیام,51.41447139,35.65931632,
3394,میدان شهدای هفتم تیر پایانه افشار,51.42636927,35.71800373,
3452,شهدای هفتم تیر,51.42661561,35.71634948,
3327,شهید مطهری,51.42411945,35.72645575,
3307,شهید بهشتی,51.42041927,35.73170083,
3341,مصلی,51.42178026,35.73528189,
2005,میرداماد,51.4210404,35.76167013,
2001,ظفر,51.42351633,35.76851273,
1087,الهیه,51.42309653,35.78441774,
1104,پایانه شهید افشارمقصد,51.41873643,35.79017225,
1091,پایانه شهید افشار  میدان شهدای هفتم تیر,51.4181045,35.79078536,
1089,آفریقا,51.42362835,35.78367448,
2003,ظفر,51.42217678,35.76631348,
2007,مدرس,51.42031831,35.76026394,
3309,شهید بهشتی,51.42035485,35.73097295,
3311,شهید مطهری,51.42467902,35.72461839,
3474,میدان شهدای هفتم تیر مقصد,51.42610347,35.71820305,
2745,شمیران نو,51.50536889,35.75632744,
2749,مدرسه,51.50329824,35.75413566,
2751,داروخانه,51.50106614,35.75220964,
2761,مسجد,51.50031438,35.75072368,
2757,اول شمیران نو,51.50223193,35.74910484,
2465,میدان الغدیر,51.50089712,35.74732043,
2010,میدان رسالت مقصد,51.4882058,35.73785204,
2617,میدان رسالت شمیران نو,51.48805817,35.73754139,
2548,پارک ولیعصرعج,51.48632048,35.74068559,
2464,هنگام,51.49154528,35.74000188,
2467,الغدیر,51.49954773,35.74625324,
2755,اول شمیران نو,51.50238362,35.74905237,
2759,مسجد,51.50047646,35.75066588,
2753,اسنوا,51.50081862,35.7518914,
2747,مدرسه,51.50337888,35.75413014,
2718,بازار روز,51.50546582,35.75649187,
3458,پایانه بیهقی  انتهای افریقا,51.41659391,35.7375597,
2033,کلانتری,51.41591009,35.76008674,
2029,میرداماد,51.41881899,35.76334303,
2025,ظفر,51.41956086,35.76655526,
2021,بلوار صبا,51.42067417,35.77140769,
2019,ارمغان,51.42154504,35.77504748,
2015,ناهید,51.42209244,35.77733271,
2013,سوپر جردن,51.42261809,35.77955874,
2009,انتهای آفریقا,51.42338613,35.78297302,
2017,ناهید,51.42194281,35.77724393,
2053,ارمغان,51.42132758,35.77462615,
2023,بلوار صبا,51.42021623,35.76986597,
2027,ظفر,51.41948187,35.76674014,
2018,دامن افشار,51.41789898,35.76068055,
2037,جهان کودک,51.4143167,35.75729946,
2039,بیمه,51.41479445,35.75300036,
3412,پل,51.41518262,35.7495049,
3303,هنرستان,51.41553418,35.74619332,
3337,پایانه بیهقی,51.41666606,35.73701664,
1688,تامین اجتماعی,51.35315558,35.79529802,
1987,کوهسار پنجم,51.35192851,35.79364821,
1993,الموت,51.35087962,35.79204681,
1995,فرهنگیان,51.35117858,35.78980418,
1999,ابتدای امام زاده,51.35094201,35.7874553,
1594,امام زاده,51.34760855,35.78854984,
1592,ابتدای امامزاده,51.35033671,35.78725741,
1624,البرز,51.35066939,35.78579651,
1565,فرحزاد,51.34518369,35.78399987,
1610,صحرا,51.34949981,35.77614362,
1727,سپیدار,51.35512616,35.78205983,
1733,تپه,51.35497703,35.77865045,
1737,تره بار,51.35612547,35.77648332,
1741,ارغوان,51.3588303,35.7715399,
1630,آتیه,51.36225024,35.76484463,
1612,مدرسه,51.36155853,35.75960801,
1757,میلاد نور,51.36202802,35.75468867,
1622,میدان صنعت,51.36767956,35.7536895,
1669,میدان صنعت,51.3675825,35.75452828,
1753,مدرسه,51.36148444,35.75757818,
1751,زرافشان,51.362072,35.76147264,
1749,آتیه,51.36224474,35.76545576,
1745,دریا,51.36023524,35.76929434,
1743,ارغوان,51.35868193,35.77216671,
1739,تره بار,51.35629667,35.77652612,
1735,تپه,51.35550859,35.7780032,
1729,آسمانها,51.3554074,35.78263013,
1636,صحرا,51.35001821,35.77636999,
1819,کوهستان,51.34550124,35.77560743,
1567,فرحزاد,51.34706983,35.78448132,
1563,میدان حسنک,51.35304716,35.78397941,
1634,بانک مسکن,51.35076519,35.78558278,
1590,ابتدای امامزاده,51.3502744,35.78739431,
1502,امام زاده,51.35113051,35.78783247,
1997,فرهنگیان,51.35127784,35.7897231,
1991,الموت,51.35097931,35.79209536,
1989,کوهسار پنجم,51.35186881,35.79357573,
1985,تامین اجتماعی,51.35326842,35.79507605,
4375,پایانه بوتان  خلیج فارس,51.34700724,35.66887691,
4233,شیر پاستوریزه,51.30452944,35.67604319,
4229,سردخانه,51.29800645,35.67627023,
4225,ایران گاز,51.28960183,35.67651942,
4221,ایران تانکر,51.28635008,35.67662269,
7889,قهوه خانه,51.27286055,35.67718273,
7895,شهرک آسمان,51.26687399,35.67785017,
7926,شهرک هواپیمایی,51.25482027,35.68428173,
7928,مسکن ویژه,51.25541962,35.6868892,
7876,مهر,51.25828085,35.68731461,
1178,کوچه هفتاد و پنج,51.26127939,35.6821374,
6655,آب کرج,51.26391456,35.66497625,
6659,چهارراه خلیج,51.26339482,35.6626459,
6663,خلیج فارس,51.26224762,35.65750113,
6814,المهدی,51.26212098,35.65609305,
6602,ابوسعید,51.2631972,35.661018,
6899,حسینیه,51.26604104,35.66216027,
6897,ورزشگاه پوریای ولی,51.26887813,35.66229238,
6636,سوم,51.27063633,35.6606804,
6889,ورزشگاه الزهرا,51.26990534,35.65711921,
6774,شهرک مفید,51.26947935,35.65529709,
6762,خلیج فارس پایانه بوتان,51.2693976,35.65496161,
6642,ورزشگاه الزهرا,51.27011209,35.65792215,
6885,سوم,51.27065413,35.66077437,
7893,ویتانا,51.26746691,35.67734926,
7891,قهوه خانه,51.27211493,35.67681592,
4223,صنایع غذایی,51.28470888,35.67625705,
4227,ایران گاز,51.29172339,35.67602856,
4231,سردخانه,51.2981136,35.67581516,
4235,شیر پاستوریزه,51.30290795,35.67569081,
2910,پایانه آزادی خلیج فارس,51.33617175,35.7027141,
6644,شهرک مفید,51.26933885,35.65472259,
4634,پایانه کاوه میدان خراسان,51.38697783,35.700512,
3363,میدان انقلاب,51.39400776,35.70093236,
3627,دانشگاه,51.39791849,35.70204017,
3308,قدس,51.39827803,35.70496062,
3310,فلسطین,51.40244866,35.70614119,
3316,شرکت نفت,51.40882238,35.70656128,
3318,حافظ,51.41294883,35.70666693,
3326,ویلا,51.41638547,35.70675247,
3324,هلال احمر,51.42047528,35.70683895,
3929,میدان سپاه,51.43919255,35.70677019,
4931,میدان خراسان,51.4456616,35.66642416,
3931,سپاه,51.440108,35.7069432,
3925,سه راه شهید طالقانی,51.43289389,35.70716637,
3919,بهار,51.42799519,35.70706479,
3328,شهید مفتح,51.42462602,35.7069932,
3322,ایرانشهر,51.42004918,35.70690694,
3320,ویلا,51.41420662,35.70675893,
3314,شرکت نفت,51.40853858,35.70661336,
3312,میدان فلسطین,51.40376492,35.70662352,
3306,دبستان فردوسی,51.39981671,35.70547829,
3469,نصرت,51.39035632,35.70643381,
4202,پایانه بوتان  یافت آباد,51.3469263,35.66873586,
6848,پایانه یافت آباد پایانه بوتان,51.30222222,35.63848297,
6671,میدان الغدیر,51.31097584,35.64960596,
3383,پایانه شهرک والفجر  پایانه معین,51.39452505,35.74892737,
3400,خیابان یازدهم,51.39312185,35.7438193,
3399,تره بار,51.3910758,35.7431813,
3393,تره بار,51.39092146,35.74780687,
3395,انتهای کارگر,51.38905174,35.74662497,
3403,انرژی اتمی,51.38614047,35.73874243,
3433,دانشکده فیزیک,51.38641479,35.73464871,
3439,شانزدهم,51.38692558,35.73216002,
3441,خاک شناسی,51.38745203,35.73013268,
3447,مخابرات,51.38805661,35.72776313,
3449,دانشکده فنی,51.38848056,35.7258935,
3465,اتکا,51.38968493,35.71169528,
3609,میدان انقلاب اسلامی,51.39089593,35.70252208,
4613,میدان انقلاب,51.39132085,35.69944724,
4649,میدان قزوین,51.39469093,35.67405974,
4655,میدان رازی,51.39541601,35.66866143,
4657,مختاری,51.395979,35.66451721,
4642,پایانه معین مقصد,51.39579975,35.66060693,
4638,پایانه معین  پایانه شهرک والفجر,51.39559909,35.65986853,
4659,مختاری,51.39618558,35.66379996,
3607,فرصت,51.3907695,35.70383972,
3467,نصرت,51.39042548,35.70637206,
3463,موزه,51.38968727,35.7122964,
3451,دانشکده فنی,51.38844728,35.72652659,
3445,مخابرات,51.38800007,35.72845847,
3443,خاک شناسی,51.3875912,35.73013991,
3437,شانزدهم,51.38710354,35.73192849,
3435,دانشکده فیزیک,51.38660488,35.73504823,
3405,انرژی اتمی,51.3862256,35.7392256,
3397,انتهای کارگر,51.38874357,35.74586592,
3352,خیابان نهم,51.39125653,35.74701401,
3369,تره بار,51.39051447,35.74357805,
3402,خیابان یازدهم مقصد,51.39330105,35.74416792,
5219,میدان شهدا  پایانه خاوران,51.44939211,35.68978486,
5509,داروخانه,51.47911058,35.68803583,
5513,سیزده آبان,51.47951414,35.68432785,
5519,ائمه اطهار,51.47995425,35.68057515,
5523,صاحب الزمان,51.48032074,35.67748049,
5525,میدان نبرد,51.48070286,35.67384885,
5439,نبرد,51.47856578,35.66837472,
5539,گلستان,51.47970443,35.65893587,
5849,گلستان هجده,51.47859124,35.65374567,
5855,گلستان,51.4778388,35.65021052,
5716,پل ششم,51.48202686,35.64877729,
5871,گلگشت,51.48198081,35.64548932,
5938,پایانه خاوران مقصد,51.47715758,35.64214638,
5786,پایانه خاوران  میدان شهدا,51.47679814,35.64252501,
5857,نبرد,51.47699688,35.6462271,
5853,گلچین,51.47804345,35.65024144,
5851,شهید احمدوند,51.47862688,35.65295063,
5847,آهنگ,51.47932169,35.65622145,
5537,زمزم,51.48037446,35.66122063,
5527,میدان نبرد,51.480845,35.67414636,
5521,صاحب الزمان,51.48050571,35.67657977,
5517,ائمه اطهار,51.48000525,35.68078751,
5515,سیزده آبان,51.47962798,35.68411942,
5511,شهید داوود آبادی,51.47927911,35.68693308,
5589,نسترن,51.48071148,35.6884039,
4998,میدان شهدا مقصد,51.44796369,35.68968257,
6112,مترو علی آباد  مرتضی گرد,51.41807243,35.62940961,
7071,نانوایی,51.3648083,35.60646834,
6920,گلریز,51.36315064,35.60690678,
7069,مدرسه شرقی,51.36327706,35.60869667,
6913,آزادگان,51.35870201,35.61047881,
6915,انتهای دولتخواه,51.35075746,35.6085605,
6914,علی آباد قاجار,51.3320903,35.61254283,
6946,مدرسه,51.35105627,35.60633044,
6948,راهنمایی,51.34888916,35.60264636,
6950,ستایش,51.34641868,35.59933342,
6990,مدرسه,51.34509609,35.58703775,
6986,شهرداری,51.35565463,35.58551684,
6934,امامزاده علی اکبر,51.36059944,35.58580763,
6909,امامزاده علی اکبر,51.36098874,35.58562361,
6919,شهرداری,51.35385329,35.5855442,
6932,مدرسه,51.34490592,35.58706857,
6940,ستایش,51.34681692,35.59988567,
6942,فرهمند غربی,51.3488283,35.60252376,
6944,بهداشت,51.35083948,35.60534571,
7055,شهرک گلریز,51.36247227,35.60690077,
6279,مترو علی آباد,51.41768534,35.62985555,
4652,پایانه کاوه  خانی‌آبادنو,51.38712917,35.70060408,
4615,میدان انقلاب,51.39140458,35.69876598,
6305,جنگل,51.39875667,35.64127861,
6303,بیمارستان,51.39497779,35.64167119,
6281,بهمنیار,51.39297671,35.63792101,
6949,بیست متری,51.38762235,35.63389226,
6953,مسجد,51.38889665,35.63154119,
6957,فلکه,51.38816922,35.62869411,
6959,بزرگراه,51.3903909,35.62557463,
6939,تعمیرگاه,51.39305719,35.62176365,
6963,شهید حسنی,51.39583294,35.62037818,
6967,خانی آباد نو,51.39741188,35.61688802,
6971,خانی آبادنو پایانه کاوه,51.39813487,35.61695972,
6961,شهید حسنی,51.39598678,35.62021306,
6937,تعمیرگاه,51.39315512,35.62178898,
6935,بزرگراه,51.39018708,35.62594016,
6955,فلکه,51.39033564,35.62896899,
6951,مسجد,51.38882551,35.63173524,
6947,بیست متری,51.38741287,35.63432646,
6945,آموزش و پرورش,51.39330064,35.63756935,
6956,بیمارستان,51.39152987,35.64067057,
6188,سردخانه,51.39642804,35.6478854,
6124,مدرسه,51.3912102,35.64775536,
6122,بوستان ولایت,51.38752193,35.65111129,
6123,درمانگاه,51.38288288,35.65414934,
4974,پایانه شهیدفیاض بخش پایانه شهید سروری,51.41424362,35.68505565,
5049,گلوبندک,51.41503961,35.67857696,
7049,پایانه شهید سروری  فیاض دبخش,51.35975475,35.63646788,
7273,شهرک وردآورد مترو وردآورد,51.12336724,35.7376061,
7860,پارک خبرنگار,51.12648559,35.73726821,
7828,چهارراه ولیعصر,51.12908389,35.73784213,
7862,مدرسه,51.13187866,35.73835496,
7820,مسجد,51.13322311,35.7385867,
7274,انقلاب,51.13568288,35.73848537,
7284,سرای محله,51.13943124,35.73803229,
7287,شصت و سوم,51.14751983,35.73720603,
8065,نیروی انتظامی,51.15167694,35.7359725,
8067,نگین,51.15054386,35.73192837,
7291,اردیبهشت,51.15176565,35.73559383,
7293,دوم,51.15272802,35.73896998,
7282,آتی شهر,51.15333482,35.74676018,
8335,مترو وردآورد شهرک وردآورد,51.15208898,35.74432206,
8061,اردیبهشت دوم,51.15282363,35.73984026,
8069,داروپخش,51.14972145,35.72896044,
7883,چاپخانه,51.14350741,35.72860502,
7885,ملک,51.13896848,35.7294675,
7887,بازیافت,51.13437068,35.73034371,
8073,سر وردآورد,51.13003524,35.73204759,
1176,طالقانی,51.13259845,35.73544672,
7864,بانک,51.13407633,35.7374527,
7822,مسجد,51.13295101,35.73858698,
7824,مدرسه,51.13191198,35.73841449,
7826,چهارراه ولیعصر,51.12892137,35.73787487,
7830,پارک خبرنگار,51.12706805,35.73746718,
7908,امام حسین ع,51.1230756,35.73772989,
4963,بهارستان شهرک والفجر,51.43238216,35.68903568,
5112,ائمه اطهار,51.49246889,35.68013279,
5108,قصر فیروزه,51.49231539,35.67540621,
5110,شهید محلاتی,51.49164718,35.66608794,
5114,زمزم,51.49006813,35.66138879,
6009,زنبق,51.49318842,35.66155497,
5999,خیابان سی و سه,51.49154423,35.65680165,
5706,پانزده متری دوم,51.49224683,35.65459182,
5710,سوم افسریه,51.49562594,35.65381154,
5714,پانزده متری چهارم,51.49862176,35.65312581,
5794,یاس,51.49832464,35.64077135,
5970,صبا,51.49951366,35.63678972,
5974,کوهسار,51.50116929,35.64038611,
5792,شهرک والفجر کوهسار بهارستان,51.50087158,35.64114189,
5984,شهید آیت الله دستغیب,51.50177322,35.63731589,
5968,کیان,51.49939258,35.63793444,
5788,والفجر,51.498096,35.64123329,
5712,ابتدای بیست متری,51.4985103,35.65319283,
5708,پانزده متری سوم,51.49594179,35.65378619,
5997,خیابان سی و سه,51.49423942,35.65592485,
5995,خیابان چها و سه,51.49590324,35.66073042,
5104,شهید فهمیده,51.49203311,35.66572182,
5106,شهید شجاعی,51.49255185,35.67436654,
5102,بیمارستان بعثت,51.4929554,35.67979519,
5866,پایانه خاوران  پایانه رضویه,51.47817734,35.64130249,
5947,بوعلی شرقی,51.4871241,35.62199209,
5959,فنی و حرفه ای شهید چمران,51.49239015,35.61623057,
6039,شهرک رضویه,51.49222608,35.61371129,
6043,ده متری رسالت,51.49404591,35.61222839,
6049,شهید جابری,51.49754266,35.60943013,
6051,صاحب الزمان,51.49923302,35.60808746,
5950,پایانه رضویه مقصد,51.50139026,35.60676959,
6053,پایانه رضویه,51.50109451,35.60689867,
6047,کوهسار,51.49732055,35.60960862,
6045,البرز,51.49538184,35.61116214,
6041,رضویه,51.49208138,35.61382012,
5957,هنرستان,51.49243077,35.61636492,
5951,دانش,51.48918029,35.61991887,
5949,شهید صالحی,51.4865834,35.62276765,
5945,پامچال,51.48474921,35.62477673,
5943,پردیس بانوان,51.47596651,35.63274299,
5787,میدان بسیج,51.47882515,35.636704,
3270,دانشگاه علوم و تحقیقات,51.31651025,35.78066127,
1485,پایانه شهید افشار پایانه لاله,51.4180651,35.79073453,
1085,دستور,51.44130235,35.78502611,
1081,بهار,51.44822107,35.78698463,
1077,قیطریه,51.4571347,35.79168264,
1073,شهید دیباجی,51.46536018,35.79215423,
1071,اختیاریه,51.47140071,35.79084062,
1134,نوبنیاد,51.47935301,35.79027804,
1065,شهرک شهید رجایی,51.48674061,35.7873072,
1036,گلچین,51.49136337,35.78932961,
1325,شهید ازگلی,51.49961164,35.79907034,
1152,پایانه لاله,51.53079583,35.79199372,
1130,پایانه لاله پایانه شهید افشار,51.53117194,35.79193371,
1094,شهرک شهید رجایی,51.48864726,35.78708167,
1132,نوبنیاد,51.47927766,35.79053667,
1069,اختیاریه,51.47011213,35.79144439,
1075,شهید دیباجی,51.46355997,35.79291972,
1257,قیطریه,51.45691076,35.79201131,
1079,بهار,51.44767137,35.78704778,
1083,دستور,51.44122261,35.7852138,
2982,پایانه ارم سبز شهران,51.30040623,35.71822326,
2948,بهنوش,51.31076672,35.74684737,
2944,یاسمن,51.30749178,35.74673317,
2938,سمرقند,51.30452121,35.74677497,
2950,دوم,51.29992505,35.74684034,
3032,کانون,51.29103681,35.74884394,
2842,شهران,51.29608922,35.77394115,
3254,شهران,51.29623938,35.77421824,
3082,شقایق,51.29869039,35.74673689,
2954,شهید ابراهیمی,51.30214745,35.74668241,
2946,شانزده متری,51.30651682,35.74662057,
2940,شهید مجاهد,51.31128168,35.74673431,
2291,بیمارستان قلب,51.41066003,35.77184685,
2045,شهرک فجر,51.40319501,35.77745873,
2049,مجتمع نور,51.39927063,35.77716088,
1629,خیابان شانزده,51.37563726,35.77995902,
1805,میدان کاج,51.37293551,35.78152532,
1809,میدان شهرداری,51.36670909,35.78010654,
1813,چهارراه سرو,51.36325391,35.77911025,
1715,سرو,51.36251399,35.77780117,
1719,دریا,51.36407695,35.77194716,
1723,شهید دادمان,51.36573157,35.76809368,
1657,میدان صنعت آیت الله هاشمی رفسنجانی,51.36741496,35.75484572,
1725,شهید دادمان,51.3660402,35.76796203,
1721,دریا,51.36474072,35.77022306,
1717,گل آذین,51.36424949,35.7719126,
2047,شهرک فجر,51.40250039,35.77734385,
2293,بیمارستان قلب,51.40950411,35.77290075,
8367,مترو چیتگر  پایانه دریاچه,51.24511256,35.71800971,
8163,مجتمع شهید اردستانی,51.24859788,35.73235689,
8159,خاتم الانبیا,51.25023016,35.73596496,
8319,طاها,51.25332464,35.74276993,
8355,یاس,51.25078744,35.74397325,
8141,پایانه دریاچه  مترو چیتگر,51.19938492,35.74716886,
8357,یاس,51.25063324,35.74387943,
8155,یاسین,51.25321281,35.74279181,
8157,کوثر,51.24995713,35.73569703,
8161,شهید اردستانی,51.24839474,35.73216607,
3897,خیابان معلم میدان هروی,51.45280323,35.72799261,
4187,شانزده متری مجیدیه,51.46855678,35.73315043,
4185,ورزشگاه,51.46952038,35.73532037,
4183,پارک,51.47070479,35.73797132,
2364,رسالت,51.47188101,35.74061191,
2362,تره بار,51.47371137,35.74521194,
2360,آتش نشانی,51.47363551,35.74957351,
2487,سه راه پیاله,51.47427286,35.75185538,
2483,میدان ملت,51.47710139,35.75484731,
2479,شهید طاهری,51.47871169,35.75758747,
2310,شهید شریفی,51.48045588,35.76224453,
2308,تپه شمس آباد,51.48201369,35.76492572,
2466,میدان هروی مقصد,51.47621643,35.76699231,
2320,میدان هروی خیابان معلم,51.47590642,35.7661078,
2306,تپه شمس آباد,51.48201012,35.76491952,
2312,شهید شریفی,51.48051162,35.76233956,
2514,شهید صالحی,51.47870844,35.75770509,
2485,میدان ملت,51.47701297,35.75507168,
2354,شهید محمدی,51.47995404,35.75238878,
2356,شهید بهشتی,51.47848364,35.75087142,
2358,سه راه پیاله,51.47477025,35.75218136,
2489,سرباز,51.47243439,35.74972844,
2797,مخابرات,51.47014122,35.74768162,
2491,پارک,51.46949023,35.74545152,
2495,چهارراه مجیدیه,51.46774851,35.74199023,
3745,پل,51.46535264,35.73826593,
3747,سه راه ارامنه,51.46255546,35.73483365,
3749,چهارده متری لشگر,51.46041739,35.73232812,
3774,خیابان معلم مقصد,51.45251189,35.72798239,
2900,پایانه آزادی شهرک دانشگاه,51.33659713,35.70313458,
8031,ورودی شهرک,51.20689082,35.71505489,
7808,مسجد,51.20346028,35.7109288,
8037,فاز دو,51.20512593,35.71381826,
7943,مدرسه,51.20187818,35.71349654,
8041,فاز شش,51.19921339,35.71177833,
8043,مخابرات,51.19799179,35.70841946,
8047,فاز هفت,51.19785244,35.70510303,
7866,شهرک دانشگاه,51.19729443,35.70400762,
8051,شهرک دانشگاه  پایانه آزادی,51.19672137,35.70335551,
8049,فاز هفت,51.19875751,35.70667084,
7814,فاز دانشجوئی,51.20057646,35.7070138,
8045,مخابرات,51.19815037,35.70823967,
7812,فاز شش,51.19943978,35.71131851,
7941,مدرسه,51.20174352,35.71334075,
8035,فاز دو درمانگاه,51.20501115,35.71374233,
8039,فاز سه,51.20377504,35.711654,
7810,مسجد,51.20339947,35.71012194,
8033,شهرک,51.20695341,35.71504521,
2331,پایانه علم و صنعت  شهید محلاتی,51.50752312,35.73452332,
2607,مسجد,51.50374396,35.7353548,
2595,خاور,51.50389509,35.7383349,
2593,ولیعصر عج,51.5084542,35.73773352,
2589,سراج,51.51282016,35.73715914,
2526,مدرسه,51.51571493,35.74119583,
2437,دلاوران,51.51697107,35.74447154,
2450,سی متری اول,51.51838692,35.74823521,
2448,شهید ممنونی,51.51889791,35.74957536,
2429,شهید نجاری,51.52147619,35.75547113,
2582,شهید محمدی,51.52262219,35.75796028,
2313,شکوفه,51.52408357,35.75829714,
2315,کوی گلستان,51.52330591,35.75856518,
2319,کوهستان,51.52053586,35.75917289,
2540,گلستان,51.5148516,35.75869984,
2536,شیان,51.51316185,35.76649147,
2453,لویزان یک,51.51775753,35.77648849,
1055,لویزان سه,51.51434612,35.78236448,
1457,فروشگاه اتکا لویزان,51.51855349,35.78730597,
1277,مخابرات,51.51940766,35.79039584,
1283,ابتدای لویزان,51.52052341,35.79392549,
1333,شاهد,51.50980736,35.79939713,
1329,میدان مادر,51.51254272,35.80053543,
1323,صاحب الزمان عج,51.51597746,35.80337532,
1327,میدان صاحب زمان عج,51.51541363,35.80318288,
1331,مجتمع تجاری زیتون,51.5116189,35.80032542,
1281,ابتدای لویزان,51.52051673,35.79390531,
1279,مخابرات,51.51892244,35.7906412,
1459,فروشگاه اتکا لویزان,51.51777276,35.78649881,
1059,هوانیروز,51.50859323,35.78422024,
1061,شهید فلاحی,51.50287186,35.78511231,
1057,لویزان یک درب شمالی,51.51665968,35.78001926,
2455,لویزان یک,51.51527729,35.77593924,
2538,شیان,51.51327133,35.76549299,
2542,گلستان,51.5144172,35.7584495,
2317,کوهستان,51.51890553,35.75932549,
2576,شانزدهم,51.52228056,35.75752361,
2427,شهید نجاری,51.52138735,35.75557311,
2431,شهید صالحی,51.5186099,35.7491852,
2433,سی متری اول,51.5176863,35.74674121,
2524,دلاوران,51.51679321,35.74438038,
2439,دوازده متری,51.5158554,35.7419252,
2500,فرجام,51.51423026,35.73760705,
2470,پایانه علم و صنعت شمالی,51.50683487,35.73447243,
4123,چهارراه تهرانپارس حکیمیه,51.51994908,35.72368763,
4028,پارس دارو,51.52892518,35.72655914,
4104,ناحیه یک شهرداری,51.53346447,35.72886832,
4102,شاهد چهارم,51.53518933,35.72838465,
2395,شهید اسدی,51.53657313,35.73085706,
2389,سید الشهدا ع,51.53744223,35.73249858,
2622,شهید سیری,51.55099335,35.72663225,
2623,شهید موسوی,51.55415717,35.73060965,
2624,تعویض پلاک احسان,51.55877322,35.73320999,
2626,کوچه هشتم غربی,51.56124243,35.73465563,
2628,کوچه دوازدهم غربی,51.56480815,35.73677633,
2641,بهشت غربی,51.56770022,35.73857692,
2642,کوچه بیستم,51.57165149,35.740877,
2644,دانشگاه آزاد اسلامی,51.57609847,35.7441202,
2402,ارکیده,51.59053788,35.74224433,
2398,دانش,51.59397363,35.74293011,
2496,میدان لاله,51.59792777,35.74368961,
2394,میدان لاله,51.59743323,35.7438039,
2396,دانش,51.59444105,35.74304038,
2400,ارکیده,51.5906141,35.74288207,
2334,دانشگاه آزاد اسلامی,51.5759807,35.74425634,
2336,بیست ویکم غربی,51.57152195,35.74096732,
2338,بهشت شرقی,51.56680495,35.73814327,
2344,شهید زارعی,51.56495189,35.73701183,
2352,شهید مرتضوی,51.56095623,35.73462906,
2366,تعویض پلاک احسان,51.55810313,35.73295398,
2368,شهید موسوی,51.55426294,35.73082702,
2384,شهید نباتی,51.55259779,35.72996413,
2620,شهید میوه,51.55142651,35.72869365,
2391,سید الشهدا ع,51.53763158,35.7330677,
2393,شهید اسدی,51.53641414,35.73080872,
4100,ناحیه یک شهرداری,51.53224542,35.72837235,
4030,پارس دارو,51.52910463,35.72675707,
4150,چهارراه تهرانپارس,51.52092948,35.72377129,
3313,هفتم تیر,51.42564405,35.71303628,
4903,مسجد سنگی,51.442337,35.67413634,
5465,باغ فرید,51.44915098,35.67299638,
5461,شهید مخبر,51.45297183,35.67214716,
5459,شاهین,51.45826638,35.67147595,
1118,امام علی,51.46239307,35.67088778,
5449,اصفهانک,51.46807792,35.66973788,
5443,پارک سوار,51.47492312,35.6687268,
5471,ارغوان,51.47717778,35.65791996,
5653,بلوار کوثر,51.47644204,35.65995012,
5420,پایانه شهید محلاتی,51.47367456,35.66749184,
5649,پایانه محلاتی  م هفت تیر,51.47499667,35.66793455,
5650,شهرک گلها,51.47967361,35.66528337,
5652,اداره پست,51.47748185,35.66106432,
5475,دانشگاه,51.47326459,35.65846764,
5469,شاهد,51.47732313,35.65765406,
5858,نبرد,51.48042703,35.65723512,
5445,پمپ گاز,51.47329166,35.66915199,
5447,اصفهانک,51.46886128,35.66978922,
5453,بانک,51.45812234,35.67166933,
5457,شهید مخبر,51.45370147,35.67216752,
5463,باغ فرید,51.4509829,35.67277552,
1598,بام تهران,51.35919017,35.79970754,
1606,برج سامان,51.35822893,35.79788519,
1977,سی و نهم,51.357941,35.79527785,
1679,سی و سوم,51.35846645,35.79291219,
1691,میدان بهرود,51.35837943,35.7912714,
1695,دانش,51.36026998,35.79094196,
1699,شهروند,51.36108173,35.7889358,
1701,ماهان,51.36107151,35.78712514,
1709,مدرسه,51.36146929,35.7819212,
1294,میدان صنعت مقصد,51.36772889,35.75487431,
1655,میدان صنعت بام تهران,51.36733346,35.7555541,
1584,پست برق,51.36756232,35.76358245,
1713,سرو,51.36220227,35.77966203,
1711,مدرسه,51.36173923,35.78163523,
1707,هنرستان,51.3615234,35.78247677,
1703,ماهان,51.36120866,35.78724022,
1697,شهروند,51.36125155,35.78898037,
1693,دانش,51.35973747,35.7913018,
1983,میدان بهرود,51.35804412,35.7915678,
1981,سی و یکم,51.35854316,35.79290934,
1975,سی و هشتم,51.35803753,35.79524656,
1604,برج سامان,51.35851096,35.79807588,
1814,بام تهران مقصد,51.35944536,35.80030489,
1825,پل مدیریت,51.38601281,35.77094666,
1617,دانشگاه امام صادق,51.38394361,35.77168013,
1626,یاسمین,51.38477908,35.77504161,
1613,برج آبی,51.38520861,35.77716465,
1609,دبیرستان,51.38518268,35.77983828,
1605,میدان فرهنگ,51.38485847,35.78354732,
1799,علامه,51.38059098,35.78323725,
1596,امام زاده مقصد,51.34648206,35.7889952,
1656,میدان کتاب,51.35706083,35.77745039,
1811,چهارراه سرو,51.36346063,35.77904305,
1807,شهرداری,51.36753267,35.78015843,
1803,میدان کاج,51.3737968,35.78159889,
1801,علامه,51.38073696,35.78314817,
1603,میدان فرهنگ,51.38462954,35.78271084,
1615,مدرسه,51.3849792,35.78021477,
1611,قیصری,51.38509967,35.77741982,
1638,سی و یکم,51.38462521,35.77484214,
1619,دانشگاه امام صادق,51.38375964,35.77166922,
4875,میدان راه آهن,51.40057453,35.65889964,
7113,حاجیان,51.41836964,35.60004819,
7119,امامزاده ابوالحسن,51.41910374,35.59721762,
7123,شهدای هفتم تیر,51.42024656,35.59296674,
7125,پل شهید آوینی,51.42120201,35.5854128,
7454,پارکینگ شهرری,51.43196379,35.58882763,
7461,پارکینگ شهرری میدان را آهن,51.43071233,35.589372,
7365,شهرداری,51.42571665,35.58966496,
7121,شهدای هفتم تیر,51.42055075,35.59307904,
7117,امامزاده ابوالحسن,51.4194041,35.59732353,
7115,بهاران,51.41859236,35.6003777,
4208,پایانه بوتان شهرک گلدسته,51.34730407,35.66869048,
6607,آتش نشانی,51.34533084,35.65975687,
6611,آموزش و پرورش,51.34646881,35.65680788,
6615,سه راه ولیعصر,51.34884936,35.65099949,
6637,مترو آزادگان,51.33552419,35.62808952,
6639,کمربندی,51.32125363,35.61863142,
6662,شهید مطهری,51.31074562,35.61145757,
6871,چهاردانگه,51.30758623,35.60855181,
6883,مصلی چهار دانگه,51.29956827,35.60024878,
6648,دوازدهم فروردین,51.2867712,35.58877847,
6658,اورژانس,51.2783699,35.60267129,
6887,سه راه گلدسته,51.27681264,35.60556444,
6770,شهرک گلدسته مقصد,51.26984801,35.60554191,
6610,شهرک گلدسته پایانه بوتان,51.26954802,35.60581438,
6606,سروش,51.27316887,35.60530802,
6638,سه راه گلدسته,51.27694385,35.60525,
6646,شهرداری,51.27851892,35.60245216,
6640,سر شاطره,51.28572606,35.58838557,
6634,پل مکانیزه,51.28599439,35.58815251,
6632,شهرک صنعتی,51.30033927,35.60074545,
6664,شهرک مطهری,51.31055903,35.61098755,
6656,مترو آزادگان,51.33547505,35.62756059,
6627,نعمت آباد,51.34923617,35.63461122,
6617,سه راه ولیعصر,51.3494728,35.65046971,
6609,سه راه فلاح,51.34687227,35.65683787,
6605,چهارراه یافت آباد,51.34530287,35.66072713,
4990,شهید فیاض بخش پایانه ابریشم,51.41423905,35.68475761,
6150,تره بار,51.42214579,35.62433733,
6152,شهید فلاحتی,51.42415628,35.6254716,
6154,مدرسه,51.42437923,35.62871409,
6351,پارک ابریشم,51.42931848,35.63249239,
6349,شهرک,51.4294926,35.63496808,
6343,بوستان سیلن,51.42812414,35.63712408,
6120,بلوار ابریشم,51.42655013,35.63060199,
6273,بلوار ابریشم,51.42585077,35.63086076,
6345,بوستان سیلن,51.42815335,35.63706801,
6347,شهرک,51.42940441,35.63498954,
6353,پارک ابریشم,51.42909133,35.63112827,
6241,پمپ گاز,51.42307768,35.63263435,
6355,بلورسازی,51.40298982,35.64821657,
6357,هزار دستگاه,51.40434496,35.6449153,
6941,بیست متری,51.38588514,35.63470774,
6943,حمام,51.38086378,35.63466212,
6983,دارالقرآن,51.37758862,35.63655147,
6979,پمپ گاز,51.37406837,35.63981341,
6973,ورزشگاه,51.36929954,35.6437512,
6621,وصفنارد,51.3521599,35.64403114,
6901,شهید کاظمی,51.359922,35.62903619,
7043,دردشت,51.35752354,35.62594312,
6984,شهید ورامینی,51.35298277,35.62390719,
7743,شفق,51.35185062,35.62678757,
6972,میدان سهیل,51.35161228,35.62919643,
6988,مسجد,51.34943253,35.63186182,
6922,سهیل,51.34853483,35.63309567,
6975,مجتمع سهیل,51.35056665,35.63014567,
6976,شفق,51.35174819,35.62658805,
6672,شهید محمودی,51.3426095,35.62241873,
6684,بوستان باران,51.34526902,35.61904833,
6704,شهرک شهید شریفی,51.34416114,35.61487811,
6931,میدان بهاران,51.3429455,35.61551061,
6929,مدرسه,51.34263662,35.61763993,
6927,مسجد,51.34249116,35.6187718,
6925,شهید ابراهیمی,51.34212742,35.62129739,
6923,مجتمع خلیج فارس,51.34176308,35.62415211,
6921,پارک نرگس,51.34145613,35.6262718,
7057,پارک مرجان,51.33821905,35.62615436,
7059,درمانگاه,51.33548645,35.62621714,
6912,سر دولتخواه,51.34084166,35.63011027,
6806,مترو نعمت آباد,51.34730197,35.6335581,
6974,سهیل,51.34842922,35.63301896,
6978,شهید میرزایی,51.35359486,35.62390788,
6980,دردشت,51.35766563,35.62586709,
7012,مترو شریعتی,51.36951478,35.64350098,
6962,ورزشگاه,51.37081614,35.64245567,
6977,پمپ گاز,51.37390165,35.63984198,
6981,دارالقرآن,51.37664066,35.63729511,
6985,رهایی,51.37958195,35.63264678,
7053,پارک بیست و دو بهمن,51.38176761,35.63013701,
7051,شهرداری,51.38395152,35.63069507,
6864,شهید کوهی,51.38692708,35.63050767,
6865,شقایق,51.38884406,35.62927834,
6285,دخانیات,51.39951997,35.6374236,
6200,میدان بازار دوم,51.40174604,35.63902296,
6190,میدان بهمن,51.39882657,35.64833202,
5010,پایانه شهید فیاض بخش سید خندان,51.41424663,35.68525252,
3909,بهار شیراز,51.429394,35.71868335,
3743,سهروردی,51.43395422,35.71865336,
3739,مسجد,51.43462889,35.72218409,
3735,کیهان,51.4358038,35.72630088,
3733,شهید بهشتی,51.43837006,35.7306378,
3723,هویزه,51.43996197,35.73304063,
3729,خرمشهر,51.44155445,35.73538683,
3711,بی سیم,51.44644306,35.73966824,
3726,سید خندان,51.44477556,35.74203698,
3877,سید خندان پایانه شهید فیاض بخش,51.44400024,35.74224398,
3727,منبع آب,51.442571,35.73694997,
3722,هویزه,51.43978171,35.73299745,
3731,شهید بهشتی,51.43799431,35.73019974,
3737,کیهان,51.43558647,35.72616748,
3741,مسجد,51.43522658,35.72331181,
3979,شهید ملایری پور,51.43318062,35.71992821,
3913,امیر اتابک,51.4304285,35.72215969,
3392,شهدای هفتم تیر,51.4269728,35.71799981,
1120,شهید طالقانی,51.42562038,35.70812106,
3072,پایانه مترو ارم سبز پایانه جنت آباد,51.30050836,35.7182286,
3064,طالقانی شرقی,51.31031596,35.74849445,
2960,شهید همت شرقی,51.31097179,35.75192041,
3002,بهار,51.31100715,35.75514343,
2998,گلستان,51.31105061,35.75812383,
3080,شهید بصارتی,51.31110708,35.7609009,
3086,سوسن,51.31116291,35.76368663,
2978,نیلوفر,51.311206,35.76593535,
3121,شهریار,51.30986971,35.76955918,
3244,بهاران سوم,51.30801419,35.7710904,
3242,سماء,51.30984358,35.77509677,
3240,میلاد,51.31302709,35.77732407,
2836,انصارالمهدی,51.31242297,35.77715174,
3230,ارکیده شرقی,51.30952603,35.77469184,
3232,ایرانشهر,51.30809955,35.77210598,
3234,گلنار,51.30872712,35.77028926,
3236,میثاق,51.31271853,35.76986809,
2976,خرمشاد,51.31086112,35.75731921,
3028,شهید همت غربی,51.31082537,35.75480037,
3088,شهید پژوهنده,51.31075546,35.75203975,
2980,طالقانی غربی,51.31029356,35.7487063,
2886,پایانه آزادی شهرک استقلال,51.33667508,35.70320539,
7892,بیست و یکم,51.26516538,35.69483551,
7894,شاهد,51.26412727,35.69096955,
7983,یاس,51.26230122,35.68685758,
7896,مدرسه,51.25854123,35.68740999,
7898,تهرانسر,51.2544171,35.68804132,
7923,مالک اشتر,51.25156905,35.68847556,
7900,بوستان میثاق,51.24883583,35.68889592,
8013,تره بار,51.24836748,35.6907064,
8213,مطهری,51.24557206,35.69182733,
8027,اول عبیدی,51.24188323,35.69555541,
7838,پارک,51.24264137,35.69848863,
8025,دهم,51.24312608,35.70041606,
8021,هشتم,51.24358888,35.70219857,
8019,دوم,51.24475129,35.70666,
7914,پایانه استقلال,51.2503239,35.70723953,
7818,پایانه استقلال  پایانه آزادی,51.25037772,35.70745523,
7834,بسیج,51.24373261,35.7034851,
8023,شهرک استقلال,51.24311463,35.70099847,
7842,کوثر,51.24246488,35.69841527,
8029,بیمارستان,51.24162467,35.6951484,
8211,بهشتی,51.24595301,35.69164274,
7925,پارک لاله,51.24819395,35.69049389,
7872,شهید رجایی,51.24883574,35.68879243,
7916,نیایش,51.25100064,35.68844714,
7987,مدرسه شهید طاهریان,51.25425318,35.68792831,
7878,المهدی  عج,51.26354878,35.68823479,
7880,شاهد,51.26449143,35.69170162,
7882,بوستان گلها,51.26535179,35.69490556,
5123,بهارستان,51.4291523,35.69042854,
5541,شکوفه,51.45132613,35.68719461,
5637,جابری,51.45688157,35.68468526,
5631,باغچه بیدی,51.46278948,35.68583904,
5629,آیت الله بروجردی,51.46669698,35.68562492,
5695,فروشگاه,51.47154941,35.68463205,
5603,شیوا,51.47365891,35.68157663,
5621,نبی اکرم,51.47916943,35.67985829,
5625,صاحب الزمان,51.48360532,35.67735851,
5595,تاکسیرانی,51.48549864,35.67823615,
5412,پرستار,51.4827903,35.68421478,
5591,مدرسه,51.48546812,35.68011493,
5436,پایانه ائمه اطهار,51.49053754,35.68015903,
5408,پایانه ائمه اطهار,51.49191349,35.68001119,
5593,مدرسه,51.48540748,35.68021431,
5507,میدان سیزده آبان,51.48344143,35.68410035,
5597,تاکسیرانی,51.48538158,35.67846005,
5623,صاحب الزمان,51.48198456,35.67723951,
5619,نبی اکرم,51.47887068,35.67991081,
5605,شیوا,51.47371371,35.68149547,
5601,فروشگاه,51.47130599,35.68497326,
5627,آیت الله بروجردی,51.46716612,35.68707242,
5599,مسجد یاسین,51.46557969,35.68924702,
5633,چرم سازی,51.46127045,35.68740613,
3140,ملت  مقصد,51.42764539,35.68954047,
4628,پایانه کاوه  کوی نصر,51.38678593,35.70059313,
3589,دژبان,51.38321265,35.71287243,
1548,کوی نصر,51.37687865,35.73580513,
2621,میدان رسالت میدان صنعت,51.48796642,35.73765349,
1694,میدان صنعت,51.36910799,35.75324222,
1539,بلوارپاکنژاد,51.36726977,35.75519553,
2882,پایانه آزادی  پایانه کوهسار,51.33571959,35.70232328,
3160,ترمینال غرب,51.33135056,35.70221588,
2875,ایرانپارس شمالی,51.28810059,35.76300736,
2971,پایانه کوهسار,51.27211269,35.76953195,
2926,پایانه کوهسار  پایانه آزادی,51.27211357,35.76994127,
2877,ایرانپارس جنوبی,51.28909244,35.76275964,
3130,پایانه صادقیه,51.3312378,35.71667999,
2918,آپادانا,51.33016467,35.71103378,
3116,دانش,51.33525053,35.70698105,
1665,میدان صنعت پایانه کوهسار,51.36973806,35.75218451,
8212,فجرصادق,51.33315691,35.75424703,
8214,شهید صفاریان,51.33451903,35.7578493,
3285,بوستان شمالی,51.33213496,35.76067999,
3281,پاک,51.32778805,35.76176653,
2885,مبعث,51.30318272,35.76420814,
2881,شهران شمالی,51.29234039,35.7630973,
2902,شیخ الاسلام,51.28569552,35.76510257,
3217,کوهسار   میدان صنعت,51.27200816,35.76992791,
2903,یکم شهران,51.28571708,35.76502007,
2879,شهران جنوبی,51.29114405,35.76283559,
3279,گلها,51.32715102,35.76177543,
3283,بوستان جنوبی,51.33226095,35.76052001,
2824,بیست و دو بهمن,51.33085015,35.75003925,
2817,شهید اکبری,51.3271889,35.75091607,
1861,پست خانه,51.35797922,35.75499267,
1541,میدان صنعت,51.36942478,35.75254878,
2868,پایانه مترو صادقیه  دهکده المپیک,51.33046406,35.7167927,
2907,شهر زیبا دو,51.28726745,35.74690896,
8105,دهکده المپیک,51.26496872,35.75832591,
8251,دهکده المپیک  پایانه مترو صادقیه,51.26529519,35.75817162,
3323,پایانه بیهقی ابتدای فردوسی,51.41666716,35.7375643,
3545,پارک,51.41362481,35.73383803,
3549,شهر فرنگ,51.41500243,35.72981422,
3555,شهید مطهری,51.41611455,35.72307782,
3559,پمپ بنزین,51.41557632,35.71956343,
3563,کریمخان,51.4177026,35.7139823,
3569,ویلا,51.41796819,35.71112476,
3573,آیت الله طالقانی,51.41826587,35.70816672,
3577,میدان فردوسی,51.41884588,35.70239749,
1117,شهید ضرابی,51.41919563,35.70067713,
5031,کوشک,51.41936897,35.69894163,
5036,جمهوری اسلامی,51.41971052,35.69504656,
5037,بانک مرکزی,51.41993669,35.69246774,
1202,بانک مسکن,51.4202268,35.6892743,
5060,ابتدای فردوسی,51.42030843,35.68599121,
5039,ابتدای فردوسی پایانه بیهقی,51.42049084,35.68694995,
5035,موزه بانک ملی ایران,51.41992088,35.69266788,
5033,منوچهری,51.41958941,35.69636721,
5029,میدان فردوسی,51.41916624,35.70092677,
3575,آیت الله طالقانی,51.41843018,35.70740862,
3571,ویلا,51.41823638,35.70943907,
3567,کریمخان,51.41778759,35.71390142,
3551,شهید مطهری,51.41614189,35.72536782,
3547,شهر فرنگ,51.41493826,35.7303369,
2442,شهرک پارس پل خاقانی,51.54213669,35.7630724,
2727,مدرسه,51.5406589,35.75937898,
2342,شهرک امید,51.53091589,35.75901286,
2309,مسجد,51.52903317,35.75880743,
2605,دانشگاه علم و صنعت,51.49972243,35.74219182,
2765,سه راه فرجام,51.49917589,35.73942018,
2611,سید,51.49533775,35.73868255,
2615,مترو سرسبز,51.49485398,35.73620972,
2638,میدان رسالت,51.48927388,35.73681994,
4181,دیبا,51.49899288,35.73425207,
4014,گلبرگ,51.49801066,35.72918124,
4016,شهید حاجی صادقی,51.49715625,35.72486269,
4129,پل خاقانی شهرک پارس,51.5016119,35.71894746,
4037,دفتر,51.50199622,35.7236245,
4029,مدرسه,51.50273422,35.72742608,
2613,مترو سرسبز,51.49501281,35.73649763,
2609,سید,51.4954222,35.73854562,
2767,سه راه فرجام,51.49917237,35.73940231,
4142,خیابان علم وصنعت,51.49975173,35.74234043,
2311,مسجد کوثر,51.52894905,35.75868461,
2346,شهرک امید,51.53112139,35.75891428,
2729,مدرسه,51.54051213,35.75875154,
2534,ستاد بحران,51.54151103,35.76101925,
2725,شهرک پارس,51.54194036,35.76230011,
4989,شهید فیاض بخش بهاران,51.41424264,35.68499177,
4722,تشکیلات,51.40242236,35.66729931,
4793,بانک,51.39037269,35.66402922,
4660,رباط کریم,51.38763028,35.6624001,
4885,شیخ محمدی,51.3776008,35.6661797,
6422,مترو زمزم,51.37367983,35.65249764,
6475,میدان ابوذر,51.36098426,35.65780091,
6479,شهید البرز,51.35522908,35.65834236,
6497,پارک صبا,51.35311647,35.65607232,
4724,شهید احمدی روشن,51.35436852,35.65233215,
6503,میدان بهاران,51.35601447,35.65008602,
6406,بهاران,51.35645126,35.64793096,
6404,بهاران پایانه شهید فیاض بخش,51.35648306,35.64739593,
6501,میدان بهاران,51.3550706,35.65072735,
6419,حسینیه,51.35404996,35.65376202,
6499,مسجد علویان,51.35322579,35.65619943,
6477,پارک شقایق,51.35529306,35.6582484,
6473,میدان ابوذر,51.36172591,35.65764769,
6483,شهید فتحی,51.3645221,35.65134813,
4787,رباط کریم,51.38638494,35.66104782,
4751,پل امیر بهادر,51.39924592,35.67557348,
2161,امانیه,51.41559906,35.78821787,
2165,خبرنگاران,51.41456207,35.78347472,
2169,پارک ملت,51.41337535,35.77810112,
2173,نیایش,51.41205801,35.77212356,
2177,ظفر,51.41132454,35.76878415,
2181,میرداماد,51.41015723,35.76346165,
2185,میدان ونک,51.40950829,35.75916031,
2187,میدان ونک,51.41030421,35.75561498,
3409,شهید همت,51.41133524,35.75099098,
3413,توانیر,51.41159674,35.74761488,
3415,سی و دوم,51.40971174,35.74069933,
3421,آبشار,51.40924654,35.73661711,
3450,پله سوم,51.41069754,35.73319065,
3423,پله اول,51.41289174,35.72863053,
3429,شهید مطهری,51.41111186,35.72455722,
3503,قدس,51.40823825,35.71918706,
3410,میدان ولیعصرعجل الله تعالی فرجه شریف,51.40712858,35.71278255,
3509,دمشق,51.40661049,35.70978982,
3513,آیت الله طالقانی,51.40611953,35.70700069,
3517,چهارراه ولیعصرعجل الله فرجه شریف,51.40517531,35.70162253,
4617,جمهوری اسلامی,51.40414148,35.69577651,
4679,جامی,51.40328339,35.69089775,
4683,امام خمینی رضوان الله تعالی علیه,51.40268259,35.68747417,
4687,میدان منیریه,51.40174049,35.68207902,
4691,فرهنگ,51.40116439,35.67882726,
4693,پل امیر بهادر,51.40065975,35.67596786,
4699,شهید مدرس,51.40016448,35.67250418,
4701,مولوی,51.39944432,35.6680636,
4705,دلبخواه,51.39864953,35.66324817,
4707,میدان راه آهن,51.39812497,35.66005594,
3844,پایانه معین,51.39450758,35.66014357,
3845,شوش,51.39694141,35.65935013,
4590,مختاری,51.39853677,35.66258502,
4703,مولوی,51.3992275,35.66677388,
4697,شهید مدرس,51.40008021,35.67197248,
4695,پل امیربهادر,51.40052413,35.67506656,
4689,میدان منیریه,51.40144678,35.68046796,
4685,امام خمینی رضوان الله تعالی علیه,51.40254721,35.68674497,
4681,جامی,51.40337555,35.69144037,
4677,جمهوری اسلامی,51.40402458,35.6951689,
4644,انقلاب اسلامی,51.40500731,35.70069893,
3515,آیت الله طالقانی,51.40597439,35.70619696,
3511,میدان ولیعصرعجل الله تعالی فرجه شریف,51.40678013,35.7107589,
3507,میدان ولیعصرعجل الله تعالی فرجه شریف,51.4073741,35.71381185,
3505,قدس,51.40809757,35.7179905,
3401,شهید مطهری,51.41133769,35.724753,
3427,شهید بهشتی,51.41339829,35.72720058,
3425,پله اول,51.41190513,35.73065021,
3419,آبشار,51.40980625,35.73520863,
3417,سی و دوم,51.4099328,35.74147868,
3411,توانیر,51.41137024,35.74662212,
3407,شهید همت,51.41150717,35.750185,
2287,میدان ونک,51.41006091,35.75660813,
3253,میدان ونک,51.40966578,35.75844009,
2183,میرداماد,51.41003507,35.76292198,
2179,ظفر,51.41099488,35.76728201,
2175,نیایش,51.4118245,35.77105753,
2171,پارک ملت,51.41297671,35.77627485,
2167,خبرنگاران,51.41431791,35.78236552,
2163,امانیه,51.41507563,35.78582588,
2157,پارک وی,51.41598289,35.78995793,
3691,میدان ولیعصرپایانه شهید براری,51.41002573,35.71241311,
3426,وصال شیرازی,51.39973259,35.70261135,
3428,نظری,51.40027578,35.69960856,
5347,پایانه شهید براری میدان ولیعصر,51.49160445,35.69306907,
3628,نظری,51.39814155,35.69962886,
2914,پایانه آزادی شهرک ولیعصر,51.33606918,35.70261505,
6783,دادسرا,51.32985553,35.6576523,
6785,سازمان آب,51.3313841,35.65513583,
6789,طالقانی,51.33350739,35.65201982,
6793,قنادی,51.33561358,35.64891983,
6807,حیدری جنوبی,51.34151235,35.64122994,
6809,زاهدی,51.33566549,35.63961712,
6776,شهرک ولیعصر عج,51.32742279,35.64376977,
6702,شهرک ولیعصر عج,51.32713019,35.64432461,
6708,مجتمع ولیعصر,51.32469918,35.64864668,
6706,بوستان بانوان,51.3282914,35.64684249,
6795,قنادی,51.3358133,35.64880684,
6791,طالقانی,51.33364196,35.65198739,
6787,سازمان آب,51.33192649,35.6544777,
4623,میدان انقلاب,51.39148171,35.69816792,
4597,امام زاده معصوم,51.37636839,35.66875095,
4591,پمپ بنزین,51.37045642,35.66725909,
6449,دوراهی قپان,51.36677365,35.66690426,
6416,دوازده متری,51.36374255,35.66619251,
6453,هشت متری,51.36170903,35.66542043,
6455,امام زاده حسن,51.35667892,35.66440645,
6436,باغ راه حضرت فاطمه زهرا,51.34992176,35.66478474,
6459,یافت آباد,51.35137445,35.66279091,
6507,بوعلی,51.34910923,35.66106293,
6509,مسجد,51.3517074,35.6589158,
6491,شهید بهبودی,51.35856595,35.65748635,
6493,میدان جلیلی,51.36102631,35.65318774,
6413,پایانه شهید برزو,51.36381838,35.64836498,
6414,پایانه شهید برزو,51.3636681,35.6481388,
6415,میدان جلیلی,51.36128205,35.65325027,
6495,سجاد شمالی,51.35381738,35.65889623,
6489,سجاد,51.35705992,35.66255221,
6457,شهید احمدی,51.36273257,35.66220503,
6451,هشت متری,51.3666263,35.6620435,
6447,دو راهی قپان,51.36510203,35.66667983,
4422,امامزاده معصوم,51.37461766,35.66810332,
3456,پل کریمخان,51.41744642,35.7148966,
4753,میدان جمهوری,51.37921018,35.69691361,
4755,میدان جمهوری,51.3806326,35.69677274,
7673,ندامتگاه تهران بزرگ,51.31958666,35.36670358,
7456,پایانه مترو شاهد,51.38136233,35.545746,
7658,پایانه مترو شاهد,51.38188463,35.54575176,
7674,ندامتگاه تهران بزرگ,51.31914816,35.36779525,
2905,پایانه آزادی دانشگاه علوم و تحقیقات,51.33681969,35.70332577,
3260,دانشگاه علوم و تحقیقات,51.31732479,35.78176316,
7022,پایانه مترو شهرری فیروزآباد,51.42321826,35.59309567,
7416,فرهنگسرای ولا,51.43930253,35.59819249,
7267,معلم,51.45408911,35.59192689,
7412,سه راه تقی آباد,51.45815743,35.58520544,
7413,مهستان,51.46029083,35.58105484,
7414,شهرک گلستان,51.46237137,35.57689923,
7023,عباس آباد,51.46540304,35.57085804,
7362,شهرداری,51.46666325,35.56836084,
7356,جاده نظامی,51.46816916,35.56450315,
7026,پمپ بنزین,51.46983179,35.55968255,
7473,فیروز آباد مقصد,51.46669243,35.53358819,
7374,فیروز آباد,51.46707915,35.53369744,
7338,دانش,51.47934412,35.54202252,
7382,بهداری,51.48342081,35.54201134,
7024,دهیاری,51.48086677,35.54477233,
7386,پمپ بنزین,51.47003844,35.55967841,
